{
  "type": "FeatureCollection",
  "generator": "overpass-turbo",
  "copyright": "The data included in this document is from www.openstreetmap.org. The data is made available under ODbL.",
  "timestamp": "2025-11-04T19:08:25Z",
  "features": [
    {
      "type": "Feature",
      "properties": {
        "@id": "relation/4034977",
        "addr:city": "Yopougon",
        "addr:country": "CI",
        "addr:state": "Abidjan",
        "addr:suburb": "Maroc",
        "amenity": "hospital",
        "description": "Accouchement Assistance sociale, soutien social Conseil et dépistage volontaire (CDV) Consultation",
        "healthcare": "hospital",
        "name": "Dispensaire diocésain Sœur Catherine",
        "opening_hours": "24/7",
        "operator:type": "public",
        "phone": "+225 07 09 04 31 25",
        "project:geoloc_unicef": "yes",
        "project:geoloc_unicef:id": "ABJ_269",
        "type": "multipolygon"
      },
      "geometry": {
        "type": "Polygon",
        "coordinates": [
          [
            [
              -4.0979084,
              5.3392268
            ],
            [
              -4.0982772,
              5.3394845
            ],
            [
              -4.098469,
              5.3392656
            ],
            [
              -4.0984717,
              5.339096
            ],
            [
              -4.0984717,
              5.3390559
            ],
            [
              -4.0984636,
              5.3387248
            ],
            [
              -4.0979097,
              5.3387301
            ],
            [
              -4.0979084,
              5.3392268
            ]
          ]
        ]
      },
      "id": "relation/4034977"
    },
    {
      "type": "Feature",
      "properties": {
        "@id": "way/91273250",
        "addr:suburb": "Yopougon",
        "amenity": "hospital",
        "barrier": "wall",
        "contact:phone": "+22523537575",
        "description": "Accouchement Assistance sociale, soutien social Conseil et dépistage volontaire (CDV) Conseil,",
        "designation": "Centre Hospitalier Universitaire de Yopougon",
        "emergency": "yes",
        "healthcare": "hospital",
        "name": "Centre Hospitalier Universitaire de Yopougon",
        "opening_hours": "24/7",
        "operator:type": "public",
        "project:geoloc_unicef": "yes",
        "project:geoloc_unicef:id": "ABJ_203",
        "short_name": "CHU Yopougon"
      },
      "geometry": {
        "type": "Polygon",
        "coordinates": [
          [
            [
              -4.0874682,
              5.3578154
            ],
            [
              -4.0876427,
              5.3581522
            ],
            [
              -4.0876985,
              5.3583218
            ],
            [
              -4.0877031,
              5.3585953
            ],
            [
              -4.0875754,
              5.3594297
            ],
            [
              -4.0876924,
              5.3595234
            ],
            [
              -4.0890824,
              5.3606369
            ],
            [
              -4.0894441,
              5.3609601
            ],
            [
              -4.0895278,
              5.3606262
            ],
            [
              -4.0897776,
              5.3601696
            ],
            [
              -4.090098,
              5.3597717
            ],
            [
              -4.0901977,
              5.3596857
            ],
            [
              -4.0903101,
              5.3595888
            ],
            [
              -4.0911906,
              5.3588389
            ],
            [
              -4.0916951,
              5.3584404
            ],
            [
              -4.0916803,
              5.3584057
            ],
            [
              -4.0922051,
              5.3579749
            ],
            [
              -4.0920131,
              5.3577048
            ],
            [
              -4.0921905,
              5.3575889
            ],
            [
              -4.0919875,
              5.3572741
            ],
            [
              -4.091954,
              5.3572928
            ],
            [
              -4.0919331,
              5.3572521
            ],
            [
              -4.0919988,
              5.3572113
            ],
            [
              -4.0919754,
              5.3571746
            ],
            [
              -4.0919479,
              5.3571279
            ],
            [
              -4.0919123,
              5.3571506
            ],
            [
              -4.0917971,
              5.356987
            ],
            [
              -4.0916891,
              5.3567881
            ],
            [
              -4.0915148,
              5.3568933
            ],
            [
              -4.0911385,
              5.356292
            ],
            [
              -4.0909441,
              5.356324
            ],
            [
              -4.0908225,
              5.3561511
            ],
            [
              -4.0906624,
              5.3558856
            ],
            [
              -4.0904349,
              5.3559419
            ],
            [
              -4.0895526,
              5.3564914
            ],
            [
              -4.0895674,
              5.3565153
            ],
            [
              -4.0889313,
              5.3569083
            ],
            [
              -4.0889226,
              5.3568948
            ],
            [
              -4.0888698,
              5.3569285
            ],
            [
              -4.0887383,
              5.3570126
            ],
            [
              -4.0887512,
              5.3570326
            ],
            [
              -4.0887235,
              5.3570501
            ],
            [
              -4.0879481,
              5.3575418
            ],
            [
              -4.0879286,
              5.3575178
            ],
            [
              -4.0874682,
              5.3578154
            ]
          ]
        ]
      },
      "id": "way/91273250"
    },
    {
      "type": "Feature",
      "properties": {
        "@id": "way/91274323",
        "amenity": "hospital",
        "healthcare": "hospital",
        "name": "Centre Hospitalier Universitaire de Treichville",
        "short_name": "CHU de Treichville",
        "website": "https://www.chu-treichville.com/",
        "wikidata": "Q2945775",
        "wikipedia": "fr:Centre hospitalier universitaire de Treichville"
      },
      "geometry": {
        "type": "Polygon",
        "coordinates": [
          [
            [
              -4.0029745,
              5.294773
            ],
            [
              -4.0031124,
              5.2948042
            ],
            [
              -4.0033068,
              5.2947855
            ],
            [
              -4.0036087,
              5.2947233
            ],
            [
              -4.0036391,
              5.2946981
            ],
            [
              -4.003657,
              5.2946712
            ],
            [
              -4.003665,
              5.2946245
            ],
            [
              -4.0036644,
              5.2945278
            ],
            [
              -4.0037327,
              5.2945288
            ],
            [
              -4.0037844,
              5.2945296
            ],
            [
              -4.003836,
              5.2945302
            ],
            [
              -4.003842,
              5.2946178
            ],
            [
              -4.0038648,
              5.2946725
            ],
            [
              -4.003917,
              5.2947297
            ],
            [
              -4.0041878,
              5.294865
            ],
            [
              -4.0043449,
              5.2949277
            ],
            [
              -4.004546,
              5.2949505
            ],
            [
              -4.0046699,
              5.2949092
            ],
            [
              -4.0054883,
              5.2945904
            ],
            [
              -4.006226,
              5.2943031
            ],
            [
              -4.0063746,
              5.2942452
            ],
            [
              -4.0064353,
              5.2941438
            ],
            [
              -4.0064408,
              5.2935664
            ],
            [
              -4.0064743,
              5.2900414
            ],
            [
              -4.0051372,
              5.2884538
            ],
            [
              -4.0049885,
              5.2882875
            ],
            [
              -4.0046088,
              5.2882784
            ],
            [
              -4.0029732,
              5.28822
            ],
            [
              -4.0028448,
              5.2882157
            ],
            [
              -4.0025872,
              5.2885153
            ],
            [
              -4.0025684,
              5.2885408
            ],
            [
              -4.0023537,
              5.2887903
            ],
            [
              -4.002108,
              5.2890757
            ],
            [
              -4.0018975,
              5.2893202
            ],
            [
              -4.0016527,
              5.2896046
            ],
            [
              -4.0014184,
              5.2898768
            ],
            [
              -4.0011645,
              5.2901718
            ],
            [
              -4.0006674,
              5.2907753
            ],
            [
              -4.000665,
              5.2916041
            ],
            [
              -4.0006639,
              5.2919768
            ],
            [
              -4.0011068,
              5.2919806
            ],
            [
              -4.0011048,
              5.2922083
            ],
            [
              -4.0011032,
              5.2923871
            ],
            [
              -4.0011028,
              5.2924311
            ],
            [
              -4.0011909,
              5.2924319
            ],
            [
              -4.0011879,
              5.2927694
            ],
            [
              -4.0010979,
              5.2927686
            ],
            [
              -4.0010897,
              5.2937051
            ],
            [
              -4.0010931,
              5.2938155
            ],
            [
              -4.0014873,
              5.2938142
            ],
            [
              -4.0021861,
              5.2938119
            ],
            [
              -4.0022278,
              5.2938299
            ],
            [
              -4.0027262,
              5.2938245
            ],
            [
              -4.0027389,
              5.2945872
            ],
            [
              -4.0029745,
              5.294773
            ]
          ]
        ]
      },
      "id": "way/91274323"
    },
    {
      "type": "Feature",
      "properties": {
        "@id": "way/205660285",
        "amenity": "hospital",
        "healthcare": "hospital",
        "name": "Hôpital de police du Plateau"
      },
      "geometry": {
        "type": "Polygon",
        "coordinates": [
          [
            [
              -4.0233606,
              5.3360597
            ],
            [
              -4.0228187,
              5.3360553
            ],
            [
              -4.0228133,
              5.3367253
            ],
            [
              -4.0233553,
              5.3367296
            ],
            [
              -4.0233572,
              5.3364972
            ],
            [
              -4.0233604,
              5.3360901
            ],
            [
              -4.0233606,
              5.3360597
            ]
          ]
        ]
      },
      "id": "way/205660285"
    },
    {
      "type": "Feature",
      "properties": {
        "@id": "way/263969281",
        "amenity": "clinic",
        "building": "yes",
        "healthcare": "clinic",
        "name": "Centre Medical et d'Imagerie Diagnostique (CMIDA)"
      },
      "geometry": {
        "type": "Polygon",
        "coordinates": [
          [
            [
              -3.9805096,
              5.2952765
            ],
            [
              -3.9806383,
              5.2950454
            ],
            [
              -3.980506,
              5.2949729
            ],
            [
              -3.9803779,
              5.2952048
            ],
            [
              -3.9805096,
              5.2952765
            ]
          ]
        ]
      },
      "id": "way/263969281"
    },
    {
      "type": "Feature",
      "properties": {
        "@id": "way/286247735",
        "amenity": "clinic",
        "healthcare": "clinic",
        "name": "Clinique les Grâces"
      },
      "geometry": {
        "type": "Polygon",
        "coordinates": [
          [
            [
              -3.9781102,
              5.2881426
            ],
            [
              -3.9783796,
              5.2876445
            ],
            [
              -3.978236,
              5.2875675
            ],
            [
              -3.9783597,
              5.2873388
            ],
            [
              -3.9778078,
              5.2870429
            ],
            [
              -3.9774147,
              5.2877697
            ],
            [
              -3.9781102,
              5.2881426
            ]
          ]
        ]
      },
      "id": "way/286247735"
    },
    {
      "type": "Feature",
      "properties": {
        "@id": "way/311508525",
        "amenity": "doctors",
        "building": "yes",
        "healthcare": "doctor",
        "name": "Infirmerie"
      },
      "geometry": {
        "type": "Polygon",
        "coordinates": [
          [
            [
              -4.0125059,
              5.4282658
            ],
            [
              -4.012505,
              5.4281546
            ],
            [
              -4.0123719,
              5.4281557
            ],
            [
              -4.0123729,
              5.4282669
            ],
            [
              -4.0125059,
              5.4282658
            ]
          ]
        ]
      },
      "id": "way/311508525"
    },
    {
      "type": "Feature",
      "properties": {
        "@id": "way/326163566",
        "addr:city": "Cocody",
        "addr:country": "CI",
        "addr:housename": "Polyclinique Internationale Sainte Anne-Marie (PISAM)",
        "addr:state": "Abidjan",
        "addr:street": "Avenue Joseph Blohorn",
        "addr:suburb": "Vieux Cocody",
        "amenity": "hospital",
        "barrier": "wall",
        "emergency": "yes",
        "healthcare": "hospital",
        "internet_access": "wlan",
        "is_in": "Vieux Cocody;Cocody;Abidjan;Côte d'Ivoire",
        "name": "Polyclinique Internationale Sainte Anne-Marie (PISAM)",
        "phone": "+225-22.48.31.31",
        "short_name": "PISAM",
        "website": "http://www.pisam.ci/"
      },
      "geometry": {
        "type": "Polygon",
        "coordinates": [
          [
            [
              -4.0137398,
              5.3378285
            ],
            [
              -4.0137914,
              5.3374773
            ],
            [
              -4.013861,
              5.3374622
            ],
            [
              -4.0139074,
              5.3372143
            ],
            [
              -4.0139213,
              5.3370011
            ],
            [
              -4.0138886,
              5.3366499
            ],
            [
              -4.0137817,
              5.336315
            ],
            [
              -4.0135861,
              5.3358121
            ],
            [
              -4.0135422,
              5.3358415
            ],
            [
              -4.0135023,
              5.3358631
            ],
            [
              -4.0130804,
              5.3360314
            ],
            [
              -4.0128235,
              5.3361871
            ],
            [
              -4.0127818,
              5.3363666
            ],
            [
              -4.0129411,
              5.3367983
            ],
            [
              -4.0130918,
              5.3375843
            ],
            [
              -4.0132241,
              5.3378696
            ],
            [
              -4.0132786,
              5.3378634
            ],
            [
              -4.0133214,
              5.3378601
            ],
            [
              -4.0137398,
              5.3378285
            ]
          ]
        ]
      },
      "id": "way/326163566"
    },
    {
      "type": "Feature",
      "properties": {
        "@id": "way/327402561",
        "addr:city": "Cocody",
        "addr:country": "CI",
        "addr:state": "Abidjan",
        "addr:street": "Boulevard de l'Université",
        "addr:suburb": "RTI",
        "amenity": "hospital",
        "contact:phone": "+22522445353",
        "description": "Accouchement Assistance sociale, soutien social Conseil et dépistage volontaire (CDV) Conseil,",
        "emergency": "yes",
        "healthcare": "hospital",
        "is_in": "RTI;Cocody;Abidjan;Côte d'Ivoire",
        "name": "Centre hospitalier universitaire de Cocody (CHU de Cocody)",
        "name:en": "University Hospital of Cocody (CHU de Cocody)",
        "name:fr": "Centre hospitalier universitaire de Cocody (CHU de Cocody)",
        "opening_hours": "24/7",
        "operator:type": "public",
        "project:geoloc_unicef": "yes",
        "project:geoloc_unicef:id": "ABJ_002",
        "source": "DigitalGlobe Standard; survey",
        "source:date": "2019-06-14"
      },
      "geometry": {
        "type": "Polygon",
        "coordinates": [
          [
            [
              -3.9932329,
              5.3459204
            ],
            [
              -3.9932352,
              5.345887
            ],
            [
              -3.9932419,
              5.3458596
            ],
            [
              -3.9933425,
              5.3458075
            ],
            [
              -3.993362,
              5.3457401
            ],
            [
              -3.9934147,
              5.3457299
            ],
            [
              -3.9935149,
              5.3457346
            ],
            [
              -3.9934437,
              5.3459057
            ],
            [
              -3.9934417,
              5.346074
            ],
            [
              -3.9940195,
              5.3461598
            ],
            [
              -3.9940874,
              5.3461639
            ],
            [
              -3.9941584,
              5.3461865
            ],
            [
              -3.9941803,
              5.3462375
            ],
            [
              -3.9943851,
              5.3462957
            ],
            [
              -3.9946525,
              5.3463379
            ],
            [
              -3.9947703,
              5.3463564
            ],
            [
              -3.9948354,
              5.346452
            ],
            [
              -3.9949882,
              5.3464672
            ],
            [
              -3.9950011,
              5.3463387
            ],
            [
              -3.9951728,
              5.3463596
            ],
            [
              -3.9952286,
              5.3463661
            ],
            [
              -3.9953236,
              5.3464184
            ],
            [
              -3.9953935,
              5.3464575
            ],
            [
              -3.9953902,
              5.3465017
            ],
            [
              -3.9955045,
              5.34651
            ],
            [
              -3.9957063,
              5.3465239
            ],
            [
              -3.9958112,
              5.3465239
            ],
            [
              -3.9959257,
              5.3464802
            ],
            [
              -3.9960232,
              5.3464341
            ],
            [
              -3.9961841,
              5.3463054
            ],
            [
              -3.9967447,
              5.3457377
            ],
            [
              -3.9961948,
              5.3451358
            ],
            [
              -3.9961687,
              5.3449081
            ],
            [
              -3.9961437,
              5.3446185
            ],
            [
              -3.9961035,
              5.344254
            ],
            [
              -3.9964427,
              5.343616
            ],
            [
              -3.9962621,
              5.343277
            ],
            [
              -3.9960747,
              5.3415845
            ],
            [
              -3.9949949,
              5.3404149
            ],
            [
              -3.9949086,
              5.3403215
            ],
            [
              -3.9939182,
              5.3398162
            ],
            [
              -3.9936944,
              5.3395999
            ],
            [
              -3.993387,
              5.3393673
            ],
            [
              -3.9917628,
              5.3381587
            ],
            [
              -3.9916972,
              5.3381693
            ],
            [
              -3.9917191,
              5.3386547
            ],
            [
              -3.9914778,
              5.339179
            ],
            [
              -3.9913466,
              5.3396162
            ],
            [
              -3.9909561,
              5.3409168
            ],
            [
              -3.9909627,
              5.3409809
            ],
            [
              -3.9910439,
              5.3417687
            ],
            [
              -3.9911337,
              5.3423752
            ],
            [
              -3.9913315,
              5.3433633
            ],
            [
              -3.9917155,
              5.3444571
            ],
            [
              -3.9918425,
              5.3447707
            ],
            [
              -3.9919589,
              5.3451106
            ],
            [
              -3.9920963,
              5.3455424
            ],
            [
              -3.9920406,
              5.3458767
            ],
            [
              -3.992013,
              5.3460242
            ],
            [
              -3.9919904,
              5.346143
            ],
            [
              -3.9931443,
              5.3462739
            ],
            [
              -3.9931663,
              5.345939
            ],
            [
              -3.9932329,
              5.3459204
            ]
          ]
        ]
      },
      "id": "way/327402561"
    },
    {
      "type": "Feature",
      "properties": {
        "@id": "way/355534059",
        "amenity": "clinic",
        "building": "university",
        "healthcare": "clinic",
        "name": "centre medical social",
        "operator": "UNA"
      },
      "geometry": {
        "type": "Polygon",
        "coordinates": [
          [
            [
              -4.0166591,
              5.3904892
            ],
            [
              -4.0166882,
              5.3903645
            ],
            [
              -4.0165385,
              5.39033
            ],
            [
              -4.0165216,
              5.3904026
            ],
            [
              -4.0164105,
              5.3903769
            ],
            [
              -4.0163984,
              5.390429
            ],
            [
              -4.0166591,
              5.3904892
            ]
          ]
        ]
      },
      "id": "way/355534059"
    },
    {
      "type": "Feature",
      "properties": {
        "@id": "way/362268589",
        "amenity": "clinic",
        "building": "yes",
        "healthcare": "clinic",
        "name": "Clinique Saint-Michel"
      },
      "geometry": {
        "type": "Polygon",
        "coordinates": [
          [
            [
              -4.0877392,
              5.3472033
            ],
            [
              -4.0877383,
              5.3471044
            ],
            [
              -4.0876128,
              5.3471056
            ],
            [
              -4.0876137,
              5.3472044
            ],
            [
              -4.0877392,
              5.3472033
            ]
          ]
        ]
      },
      "id": "way/362268589"
    },
    {
      "type": "Feature",
      "properties": {
        "@id": "way/392621415",
        "addr:city": "Yopougon",
        "addr:country": "CI",
        "addr:state": "Abidjan",
        "addr:street": "Rue Cité Caféier",
        "addr:suburb": "Caféier",
        "amenity": "clinic",
        "building": "yes",
        "healthcare": "clinic",
        "opening_hours": "open"
      },
      "geometry": {
        "type": "Polygon",
        "coordinates": [
          [
            [
              -4.1072565,
              5.3259453
            ],
            [
              -4.1072887,
              5.3258599
            ],
            [
              -4.1071881,
              5.3258158
            ],
            [
              -4.1071505,
              5.3258999
            ],
            [
              -4.1072565,
              5.3259453
            ]
          ]
        ]
      },
      "id": "way/392621415"
    },
    {
      "type": "Feature",
      "properties": {
        "@id": "way/397667611",
        "amenity": "clinic",
        "building:levels": "3",
        "healthcare": "clinic",
        "name": "Polyclinique Le Panthéon Médical"
      },
      "geometry": {
        "type": "Polygon",
        "coordinates": [
          [
            [
              -3.9575045,
              5.3534053
            ],
            [
              -3.957516,
              5.3534047
            ],
            [
              -3.9575317,
              5.3534052
            ],
            [
              -3.9576872,
              5.3534098
            ],
            [
              -3.9576926,
              5.3531901
            ],
            [
              -3.9575247,
              5.3531859
            ],
            [
              -3.9573925,
              5.3531825
            ],
            [
              -3.9573481,
              5.3531814
            ],
            [
              -3.9573447,
              5.3533125
            ],
            [
              -3.9573418,
              5.353427
            ],
            [
              -3.9573415,
              5.3534404
            ],
            [
              -3.9573535,
              5.3534407
            ],
            [
              -3.9573635,
              5.3534405
            ],
            [
              -3.9574967,
              5.3534427
            ],
            [
              -3.9575035,
              5.3534445
            ],
            [
              -3.9575045,
              5.3534053
            ]
          ]
        ]
      },
      "id": "way/397667611"
    },
    {
      "type": "Feature",
      "properties": {
        "@id": "way/426830439",
        "addr:city": "Plateau",
        "addr:housenumber": "26",
        "addr:street": "Avenue Chardy",
        "amenity": "hospital",
        "building": "yes",
        "elevator": "2ème étage",
        "healthcare": "hospital",
        "name": "Centre Médical Chardy",
        "note": "centremedicalchardy@hotmail.fr",
        "operator": "Dr Hussein Chalhoub",
        "phone": "+225 20 33 90 00"
      },
      "geometry": {
        "type": "Polygon",
        "coordinates": [
          [
            [
              -4.0160624,
              5.323868
            ],
            [
              -4.0162604,
              5.32379
            ],
            [
              -4.0162245,
              5.3236998
            ],
            [
              -4.0160265,
              5.3237778
            ],
            [
              -4.0160624,
              5.323868
            ]
          ]
        ]
      },
      "id": "way/426830439"
    },
    {
      "type": "Feature",
      "properties": {
        "@id": "way/447047873",
        "amenity": "clinic",
        "building": "yes",
        "healthcare": "clinic",
        "name": "Clinique Sainte Rita de Cascia"
      },
      "geometry": {
        "type": "Polygon",
        "coordinates": [
          [
            [
              -4.0875453,
              5.3409228
            ],
            [
              -4.0876525,
              5.3409234
            ],
            [
              -4.0876533,
              5.3407932
            ],
            [
              -4.0877881,
              5.340794
            ],
            [
              -4.0877887,
              5.3406886
            ],
            [
              -4.0875467,
              5.3406872
            ],
            [
              -4.0875453,
              5.3409228
            ]
          ]
        ]
      },
      "id": "way/447047873"
    },
    {
      "type": "Feature",
      "properties": {
        "@id": "way/447285101",
        "addr:city": "Marcory",
        "addr:country": "CI",
        "addr:state": "Abidjan",
        "amenity": "hospital",
        "building": "yes",
        "building:levels": "6",
        "healthcare": "hospital",
        "name": "Nouvelle Clinique Farah",
        "phone": "+225 21 26 00 93",
        "website": "http://www.cliniquefarah.com/"
      },
      "geometry": {
        "type": "Polygon",
        "coordinates": [
          [
            [
              -3.9861817,
              5.3107787
            ],
            [
              -3.9864725,
              5.3109442
            ],
            [
              -3.9864937,
              5.3109563
            ],
            [
              -3.9865994,
              5.3107722
            ],
            [
              -3.9867186,
              5.3105646
            ],
            [
              -3.9865885,
              5.3104906
            ],
            [
              -3.9863788,
              5.3103712
            ],
            [
              -3.9862747,
              5.3105524
            ],
            [
              -3.9863026,
              5.3105682
            ],
            [
              -3.9861817,
              5.3107787
            ]
          ]
        ]
      },
      "id": "way/447285101"
    },
    {
      "type": "Feature",
      "properties": {
        "@id": "way/481819538",
        "amenity": "clinic",
        "building": "yes",
        "building:levels": "3",
        "email": "info@clinique-procrea.com",
        "healthcare": "clinic",
        "healthcare:speciality": "maternity",
        "internet_access": "wlan",
        "name": "Clinique Procréa",
        "phone": "+225-22 49 01 09",
        "website": "https://www.clinique-procrea.com/"
      },
      "geometry": {
        "type": "Polygon",
        "coordinates": [
          [
            [
              -3.9430227,
              5.326784
            ],
            [
              -3.9425859,
              5.3267852
            ],
            [
              -3.9425863,
              5.3269268
            ],
            [
              -3.9425866,
              5.3270563
            ],
            [
              -3.9426432,
              5.3270562
            ],
            [
              -3.9426434,
              5.3271068
            ],
            [
              -3.942779,
              5.3271064
            ],
            [
              -3.9429307,
              5.327106
            ],
            [
              -3.9430235,
              5.3271058
            ],
            [
              -3.943023,
              5.3269149
            ],
            [
              -3.9430227,
              5.326784
            ]
          ]
        ]
      },
      "id": "way/481819538"
    },
    {
      "type": "Feature",
      "properties": {
        "@id": "way/491070550",
        "amenity": "clinic",
        "healthcare": "clinic",
        "name": "Agefosyn"
      },
      "geometry": {
        "type": "Polygon",
        "coordinates": [
          [
            [
              -4.0905027,
              5.3242216
            ],
            [
              -4.0899983,
              5.3242221
            ],
            [
              -4.089999,
              5.3248744
            ],
            [
              -4.0905034,
              5.3248739
            ],
            [
              -4.0905027,
              5.3242216
            ]
          ]
        ]
      },
      "id": "way/491070550"
    },
    {
      "type": "Feature",
      "properties": {
        "@id": "way/533143498",
        "amenity": "hospital",
        "barrier": "wall",
        "email": "info@hme.ci",
        "healthcare": "hospital",
        "name": "Hôpital Mère-Enfant de Bingerville",
        "opening_hours": "24/7",
        "phone": "+225-22 51 15 00",
        "start_date": "2018-03-16",
        "website": "https://hmebingerville.ci/"
      },
      "geometry": {
        "type": "Polygon",
        "coordinates": [
          [
            [
              -3.8841239,
              5.3611369
            ],
            [
              -3.8839529,
              5.3611585
            ],
            [
              -3.8839195,
              5.3611626
            ],
            [
              -3.8839106,
              5.3611638
            ],
            [
              -3.8838632,
              5.3611674
            ],
            [
              -3.8831286,
              5.3612585
            ],
            [
              -3.8831603,
              5.3623192
            ],
            [
              -3.8831643,
              5.3623854
            ],
            [
              -3.8831702,
              5.3626264
            ],
            [
              -3.8833751,
              5.3626428
            ],
            [
              -3.8834931,
              5.3626487
            ],
            [
              -3.8835684,
              5.3626519
            ],
            [
              -3.8836767,
              5.3626659
            ],
            [
              -3.8840725,
              5.3627008
            ],
            [
              -3.8841013,
              5.3627004
            ],
            [
              -3.8841281,
              5.3627031
            ],
            [
              -3.884587,
              5.3627553
            ],
            [
              -3.8845971,
              5.3626157
            ],
            [
              -3.8847245,
              5.3610654
            ],
            [
              -3.8842206,
              5.3611262
            ],
            [
              -3.8841756,
              5.3611317
            ],
            [
              -3.8841656,
              5.3611329
            ],
            [
              -3.8841239,
              5.3611369
            ]
          ]
        ]
      },
      "id": "way/533143498"
    },
    {
      "type": "Feature",
      "properties": {
        "@id": "way/533386257",
        "amenity": "hospital",
        "building": "hospital",
        "healthcare": "hospital",
        "name": "PMI Bingerville"
      },
      "geometry": {
        "type": "Polygon",
        "coordinates": [
          [
            [
              -3.8909438,
              5.3562533
            ],
            [
              -3.8909468,
              5.3561999
            ],
            [
              -3.8908985,
              5.3561972
            ],
            [
              -3.8908955,
              5.3562506
            ],
            [
              -3.8909438,
              5.3562533
            ]
          ]
        ]
      },
      "id": "way/533386257"
    },
    {
      "type": "Feature",
      "properties": {
        "@id": "way/590880206",
        "amenity": "hospital",
        "healthcare": "hospital",
        "name": "Centre hospitalier"
      },
      "geometry": {
        "type": "Polygon",
        "coordinates": [
          [
            [
              -3.9746622,
              5.4573521
            ],
            [
              -3.9744888,
              5.4568588
            ],
            [
              -3.9741632,
              5.4569046
            ],
            [
              -3.974188,
              5.4573979
            ],
            [
              -3.9746622,
              5.4573521
            ]
          ]
        ]
      },
      "id": "way/590880206"
    },
    {
      "type": "Feature",
      "properties": {
        "@id": "way/615962999",
        "amenity": "doctors",
        "building": "yes",
        "healthcare": "doctor",
        "name": "Infirmerie Scolaire"
      },
      "geometry": {
        "type": "Polygon",
        "coordinates": [
          [
            [
              -3.9777609,
              5.3075308
            ],
            [
              -3.9777609,
              5.307456
            ],
            [
              -3.9776657,
              5.307456
            ],
            [
              -3.9776657,
              5.3075308
            ],
            [
              -3.9777609,
              5.3075308
            ]
          ]
        ]
      },
      "id": "way/615962999"
    },
    {
      "type": "Feature",
      "properties": {
        "@id": "way/685903763",
        "amenity": "clinic",
        "barrier": "wall",
        "healthcare": "clinic",
        "name": "Centre Hospitalier Charismatique Eugene 1er"
      },
      "geometry": {
        "type": "Polygon",
        "coordinates": [
          [
            [
              -3.959545,
              5.3053295
            ],
            [
              -3.9600248,
              5.3052704
            ],
            [
              -3.96003,
              5.3046658
            ],
            [
              -3.9596906,
              5.3046629
            ],
            [
              -3.9595508,
              5.3046617
            ],
            [
              -3.959545,
              5.3053295
            ]
          ]
        ]
      },
      "id": "way/685903763"
    },
    {
      "type": "Feature",
      "properties": {
        "@id": "way/756627371",
        "amenity": "pharmacy",
        "building": "yes",
        "healthcare": "pharmacy",
        "name": "Pharmacie Du Golf"
      },
      "geometry": {
        "type": "Polygon",
        "coordinates": [
          [
            [
              -3.9777173,
              5.3394423
            ],
            [
              -3.9778115,
              5.3392248
            ],
            [
              -3.9776747,
              5.339166
            ],
            [
              -3.9775805,
              5.3393835
            ],
            [
              -3.9777173,
              5.3394423
            ]
          ]
        ]
      },
      "id": "way/756627371"
    },
    {
      "type": "Feature",
      "properties": {
        "@id": "way/785813537",
        "addr:suburb": "Adjame",
        "amenity": "hospital",
        "contact:phone": "+22520213361",
        "description": "Accouchement Assistance sociale, soutien social Conseil et dépistage volontaire (CDV) Conseil,",
        "healthcare": "hospital",
        "name": "Hôpital Militaire d'Abidjan",
        "opening_hours": "24/7",
        "operator:type": "public",
        "project:geoloc_unicef": "yes",
        "project:geoloc_unicef:id": "ABJ_314",
        "short_name": "HMA",
        "source": "DigitalGlobe Standard; survey",
        "source:date": "2019-06-14"
      },
      "geometry": {
        "type": "Polygon",
        "coordinates": [
          [
            [
              -4.0075349,
              5.3824231
            ],
            [
              -4.0082258,
              5.3809379
            ],
            [
              -4.0082492,
              5.3808326
            ],
            [
              -4.0084066,
              5.3808226
            ],
            [
              -4.0082302,
              5.3797291
            ],
            [
              -4.007513,
              5.3797628
            ],
            [
              -4.0068801,
              5.3796677
            ],
            [
              -4.0064461,
              5.3828901
            ],
            [
              -4.0064387,
              5.3829452
            ],
            [
              -4.0064902,
              5.3829574
            ],
            [
              -4.0065705,
              5.3829763
            ],
            [
              -4.0069854,
              5.3824208
            ],
            [
              -4.0075349,
              5.3824231
            ]
          ]
        ]
      },
      "id": "way/785813537"
    },
    {
      "type": "Feature",
      "properties": {
        "@id": "way/785830346",
        "addr:suburb": "Port Bouet",
        "amenity": "hospital",
        "contact:phone": "+22521278500",
        "description": "Accouchement Consultation prénatale Consultation Dépistage VIH, IST Pédiatrie gynéco-obstétriques",
        "healthcare": "hospital",
        "name": "Hôpital général de Port-Bouët",
        "opening_hours": "24/7",
        "operator:type": "public",
        "project:geoloc_unicef": "yes",
        "project:geoloc_unicef:id": "ABJ_155",
        "short_name": "HG Port-Bouët"
      },
      "geometry": {
        "type": "Polygon",
        "coordinates": [
          [
            [
              -3.962758,
              5.2641431
            ],
            [
              -3.9630486,
              5.2631107
            ],
            [
              -3.9630908,
              5.2632017
            ],
            [
              -3.9633708,
              5.2619475
            ],
            [
              -3.9618786,
              5.2616203
            ],
            [
              -3.9615229,
              5.2619565
            ],
            [
              -3.9612486,
              5.2623078
            ],
            [
              -3.9609893,
              5.2629051
            ],
            [
              -3.9608771,
              5.2632822
            ],
            [
              -3.9609286,
              5.2634539
            ],
            [
              -3.961058,
              5.2635491
            ],
            [
              -3.9614563,
              5.2637513
            ],
            [
              -3.9620304,
              5.2639795
            ],
            [
              -3.962758,
              5.2641431
            ]
          ]
        ]
      },
      "id": "way/785830346"
    },
    {
      "type": "Feature",
      "properties": {
        "@id": "way/785843158",
        "addr:suburb": "Abobo",
        "amenity": "hospital",
        "contact:email": "hopitalabobosud@yahoo.fr",
        "contact:mobile": "+22509846848",
        "contact:phone": "+22521015738",
        "description": "Accouchement Conseil et dépistage volontaire (CDV) Consultation Consultation prénatale Contraceptifs",
        "emergency": "yes",
        "healthcare": "hospital",
        "healthcare:speciality": "maternity",
        "name": "Hopital Général d'Abobo",
        "opening_hours": "24/7",
        "operator": "Ministère de la Santé et de L'Hygiène Publique",
        "operator:type": "public",
        "project:geoloc_unicef": "yes",
        "project:geoloc_unicef:id": "ABJ_343",
        "source": "DigitalGlobe Standard; survey",
        "source:date": "2019-06-14"
      },
      "geometry": {
        "type": "Polygon",
        "coordinates": [
          [
            [
              -4.0170957,
              5.423426
            ],
            [
              -4.016213,
              5.4229477
            ],
            [
              -4.015627,
              5.4240195
            ],
            [
              -4.0165097,
              5.4244977
            ],
            [
              -4.0170957,
              5.423426
            ]
          ]
        ]
      },
      "id": "way/785843158"
    },
    {
      "type": "Feature",
      "properties": {
        "@id": "way/785849320",
        "addr:city": "Yopougon",
        "addr:country": "CI",
        "addr:state": "Abidjan",
        "addr:street": "Avenue Marie-Thérèse-Houphouët-Boigny",
        "amenity": "hospital",
        "contact:phone": "+22523454390",
        "description": "Accouchement Assistance sociale, soutien social Conseil et dépistage volontaire (CDV) Conseil,",
        "healthcare": "hospital",
        "name": "Hôpital général de Yopougon-Attié",
        "old_name": "PMI de Yopougon",
        "opening_hours": "24/7",
        "operator": "Ministère de la Santé et de la lutte contre le sida",
        "operator:type": "public",
        "phone": "+225 23454390",
        "project:geoloc_unicef": "yes",
        "project:geoloc_unicef:id": "ABJ_231",
        "short_name": "HG Yopougon Attie",
        "source": "DigitalGlobe Standard;survey",
        "source:date": "2019-06-14"
      },
      "geometry": {
        "type": "Polygon",
        "coordinates": [
          [
            [
              -4.0803267,
              5.3421687
            ],
            [
              -4.0803276,
              5.3420229
            ],
            [
              -4.0803376,
              5.3415909
            ],
            [
              -4.0803671,
              5.3415161
            ],
            [
              -4.0803936,
              5.3414732
            ],
            [
              -4.080416,
              5.3414415
            ],
            [
              -4.0804971,
              5.3414272
            ],
            [
              -4.0804766,
              5.3407237
            ],
            [
              -4.0795994,
              5.3407046
            ],
            [
              -4.0796058,
              5.3421623
            ],
            [
              -4.0803267,
              5.3421687
            ]
          ]
        ]
      },
      "id": "way/785849320"
    },
    {
      "type": "Feature",
      "properties": {
        "@id": "way/785855885",
        "addr:suburb": "Abobo",
        "amenity": "hospital",
        "contact:email": "hôpitalgénéral.abobonord@gmail.com",
        "contact:mobile": "+22524391552",
        "contact:phone": "+22524391290",
        "description": "Accouchement Consultation Consultation prénatale Pédiatrie gynéco-obstétriques",
        "healthcare": "hospital",
        "name": "Hôpital Houphouët-Boigny",
        "opening_hours": "24/7",
        "operator:type": "public",
        "project:geoloc_unicef": "yes",
        "project:geoloc_unicef:id": "ABJ_376",
        "source": "DigitalGlobe Standard; survey",
        "source:date": "2019-06-14"
      },
      "geometry": {
        "type": "Polygon",
        "coordinates": [
          [
            [
              -4.0066983,
              5.4427529
            ],
            [
              -4.007375,
              5.4436125
            ],
            [
              -4.0087581,
              5.4435395
            ],
            [
              -4.0087107,
              5.4426178
            ],
            [
              -4.0067141,
              5.4427059
            ],
            [
              -4.0066983,
              5.4427529
            ]
          ]
        ]
      },
      "id": "way/785855885"
    },
    {
      "type": "Feature",
      "properties": {
        "@id": "way/785870625",
        "addr:city": "Le Plateau",
        "addr:housenumber": "4",
        "addr:street": "Boulevard de L'indénié",
        "amenity": "hospital",
        "building": "hospital",
        "emergency": "yes",
        "healthcare": "hospital",
        "layer": "1",
        "name": "Polyclinique de l'Indenié",
        "website": "http://www.polycliniqueindenie.ci/"
      },
      "geometry": {
        "type": "Polygon",
        "coordinates": [
          [
            [
              -4.0191726,
              5.3385158
            ],
            [
              -4.0191743,
              5.3382526
            ],
            [
              -4.0189632,
              5.3382513
            ],
            [
              -4.0189616,
              5.338511
            ],
            [
              -4.0191726,
              5.3385158
            ]
          ]
        ]
      },
      "id": "way/785870625"
    },
    {
      "type": "Feature",
      "properties": {
        "@id": "way/785874777",
        "amenity": "hospital",
        "healthcare": "hospital",
        "name": "Hôpital général de Bingerville"
      },
      "geometry": {
        "type": "Polygon",
        "coordinates": [
          [
            [
              -3.8855187,
              5.3609776
            ],
            [
              -3.8856538,
              5.3609889
            ],
            [
              -3.8857795,
              5.3610027
            ],
            [
              -3.8858005,
              5.3609085
            ],
            [
              -3.8858251,
              5.3607874
            ],
            [
              -3.8858325,
              5.360763
            ],
            [
              -3.8858909,
              5.3604581
            ],
            [
              -3.8860537,
              5.3596597
            ],
            [
              -3.8860178,
              5.359658
            ],
            [
              -3.8853609,
              5.3596036
            ],
            [
              -3.8847143,
              5.359554
            ],
            [
              -3.8845294,
              5.360892
            ],
            [
              -3.8855187,
              5.3609776
            ]
          ]
        ]
      },
      "id": "way/785874777"
    },
    {
      "type": "Feature",
      "properties": {
        "@id": "way/785875845",
        "amenity": "hospital",
        "healthcare": "hospital",
        "healthcare:speciality": "psychiatry",
        "name": "Hôpital psychiatrique de Bingerville"
      },
      "geometry": {
        "type": "Polygon",
        "coordinates": [
          [
            [
              -3.8839988,
              5.3604971
            ],
            [
              -3.8839826,
              5.3597377
            ],
            [
              -3.8839494,
              5.3596957
            ],
            [
              -3.8839325,
              5.3596775
            ],
            [
              -3.8839848,
              5.3596377
            ],
            [
              -3.8839969,
              5.3594983
            ],
            [
              -3.8841283,
              5.3594976
            ],
            [
              -3.8841688,
              5.3591079
            ],
            [
              -3.8837071,
              5.3590795
            ],
            [
              -3.8833341,
              5.3594636
            ],
            [
              -3.8831354,
              5.3595335
            ],
            [
              -3.8829833,
              5.3595269
            ],
            [
              -3.8829387,
              5.3594952
            ],
            [
              -3.882682,
              5.3595137
            ],
            [
              -3.8826018,
              5.3596261
            ],
            [
              -3.8824785,
              5.3596997
            ],
            [
              -3.8822482,
              5.3609527
            ],
            [
              -3.8823451,
              5.3611031
            ],
            [
              -3.8829743,
              5.3610809
            ],
            [
              -3.883701,
              5.3607157
            ],
            [
              -3.8839988,
              5.3604971
            ]
          ]
        ]
      },
      "id": "way/785875845"
    },
    {
      "type": "Feature",
      "properties": {
        "@id": "way/785909051",
        "amenity": "hospital",
        "healthcare": "hospital",
        "name": "Polyclinique Groupe Médical du Plateau",
        "short_name": "GMP"
      },
      "geometry": {
        "type": "Polygon",
        "coordinates": [
          [
            [
              -4.0136549,
              5.3211526
            ],
            [
              -4.0147868,
              5.3208308
            ],
            [
              -4.0146554,
              5.3202459
            ],
            [
              -4.0134899,
              5.3205771
            ],
            [
              -4.0136549,
              5.3211526
            ]
          ]
        ]
      },
      "id": "way/785909051"
    },
    {
      "type": "Feature",
      "properties": {
        "@id": "way/786183151",
        "amenity": "hospital",
        "healthcare": "hospital",
        "healthcare:speciality": "clinic",
        "name": "Polyclinique internationale Divine grâc;Polyclinique internationale Divine grâce",
        "note": "chez Romuald"
      },
      "geometry": {
        "type": "Polygon",
        "coordinates": [
          [
            [
              -3.9524668,
              5.3687949
            ],
            [
              -3.9518808,
              5.3684701
            ],
            [
              -3.9517764,
              5.3686155
            ],
            [
              -3.9523075,
              5.3690461
            ],
            [
              -3.9524668,
              5.3687949
            ]
          ]
        ]
      },
      "id": "way/786183151"
    },
    {
      "type": "Feature",
      "properties": {
        "@id": "way/786190373",
        "addr:suburb": "Abobo",
        "amenity": "hospital",
        "contact:mobile": "+22509867225",
        "contact:phone": "+22505009587",
        "description": "Accouchement Assistance sociale, soutien social Conseil et dépistage volontaire (CDV) Conseil,",
        "healthcare": "hospital",
        "name": "Hôpital Henriette Bédié l'Avocatier",
        "opening_hours": "24/7",
        "operator:type": "public",
        "project:geoloc_unicef": "yes",
        "project:geoloc_unicef:id": "ABJ_347",
        "source": "DigitalGlobe Standard; survey",
        "source:date": "2019-06-14"
      },
      "geometry": {
        "type": "Polygon",
        "coordinates": [
          [
            [
              -4.0237656,
              5.4384111
            ],
            [
              -4.0237496,
              5.4389097
            ],
            [
              -4.0245279,
              5.4390303
            ],
            [
              -4.0246252,
              5.4385572
            ],
            [
              -4.0237656,
              5.4384111
            ]
          ]
        ]
      },
      "id": "way/786190373"
    },
    {
      "type": "Feature",
      "properties": {
        "@id": "way/787165311",
        "addr:suburb": "Marcory",
        "amenity": "hospital",
        "contact:mobile": "+22521265949",
        "description": "Accouchement Assistance sociale, soutien social Conseil et dépistage volontaire (CDV) Conseil,",
        "healthcare": "hospital",
        "name": "Hôpital général de Marcory",
        "old_name": "PMI",
        "opening_hours": "24/7",
        "operator:type": "public",
        "project:geoloc_unicef": "yes",
        "project:geoloc_unicef:id": "ABJ_093",
        "source": "DigitalGlobe Standard; survey",
        "source:date": "2019-06-14"
      },
      "geometry": {
        "type": "Polygon",
        "coordinates": [
          [
            [
              -3.9825957,
              5.3010146
            ],
            [
              -3.9833847,
              5.301449
            ],
            [
              -3.9839954,
              5.3003423
            ],
            [
              -3.983177,
              5.2999314
            ],
            [
              -3.9825957,
              5.3010146
            ]
          ]
        ]
      },
      "id": "way/787165311"
    },
    {
      "type": "Feature",
      "properties": {
        "@id": "way/787166374",
        "addr:suburb": "Port Bouet",
        "amenity": "hospital",
        "contact:phone": "+22521271398",
        "description": "Accouchement Conseil et dépistage volontaire (CDV) Consultation Consultation prénatale Contraceptifs",
        "healthcare": "hospital",
        "name": "Hôpital municipal de Vridi",
        "opening_hours": "24/7",
        "operator:type": "public",
        "project:geoloc_unicef": "yes",
        "project:geoloc_unicef:id": "ABJ_151",
        "source": "DigitalGlobe Standard; survey",
        "source:date": "2019-06-14"
      },
      "geometry": {
        "type": "Polygon",
        "coordinates": [
          [
            [
              -3.9850615,
              5.2640561
            ],
            [
              -3.9848877,
              5.2642531
            ],
            [
              -3.9848733,
              5.2642705
            ],
            [
              -3.9852178,
              5.2645755
            ],
            [
              -3.9853981,
              5.2643738
            ],
            [
              -3.9850615,
              5.2640561
            ]
          ]
        ]
      },
      "id": "way/787166374"
    },
    {
      "type": "Feature",
      "properties": {
        "@id": "way/787168126",
        "addr:suburb": "Treichville",
        "amenity": "hospital",
        "contact:phone": "+22521246871",
        "description": "Accouchement Consultation Consultation prénatale Contraceptifs Dépistage VIH, IST",
        "healthcare": "hospital",
        "name": "Hôpital Général de Treichville",
        "opening_hours": "24/7",
        "operator:type": "public",
        "project:geoloc_unicef": "yes",
        "project:geoloc_unicef:id": "ABJ_073",
        "short_name": "HG de Treichville",
        "source": "DigitalGlobe Standard; survey",
        "source:date": "2019-06-14"
      },
      "geometry": {
        "type": "Polygon",
        "coordinates": [
          [
            [
              -4.0077252,
              5.3116104
            ],
            [
              -4.0085088,
              5.3113109
            ],
            [
              -4.0082706,
              5.3105967
            ],
            [
              -4.0074681,
              5.3108863
            ],
            [
              -4.0077252,
              5.3116104
            ]
          ]
        ]
      },
      "id": "way/787168126"
    },
    {
      "type": "Feature",
      "properties": {
        "@id": "way/787170663",
        "addr:suburb": "Koumassi",
        "amenity": "hospital",
        "contact:phone": "+22521362156",
        "description": "Accouchement Conseil, informations sur la santé sexuelle et reproductive Consultation",
        "healthcare": "hospital",
        "name": "Hôpital général de Koumassi",
        "opening_hours": "24/7",
        "operator:type": "public",
        "project:geoloc_unicef": "yes",
        "project:geoloc_unicef:id": "ABJ_112",
        "short_name": "HG Koumassi"
      },
      "geometry": {
        "type": "Polygon",
        "coordinates": [
          [
            [
              -3.9691211,
              5.2879293
            ],
            [
              -3.9700121,
              5.2877257
            ],
            [
              -3.9700207,
              5.2876795
            ],
            [
              -3.970075,
              5.287378
            ],
            [
              -3.9700938,
              5.2872714
            ],
            [
              -3.9698777,
              5.2866692
            ],
            [
              -3.9688869,
              5.2868879
            ],
            [
              -3.9691211,
              5.2879293
            ]
          ]
        ]
      },
      "id": "way/787170663"
    },
    {
      "type": "Feature",
      "properties": {
        "@id": "way/787171481",
        "addr:country": "CI",
        "addr:state": "Abidjan",
        "addr:street": "Rue C16",
        "addr:suburb": "Adjame",
        "amenity": "hospital",
        "contact:phone": "+22509385918",
        "description": "Accouchement Assistance sociale, soutien social Conseil et dépistage volontaire (CDV) Conseil,",
        "healthcare": "hospital",
        "name": "Hôpital général d'Adjamé",
        "opening_hours": "24/7",
        "operator:type": "public",
        "project:geoloc_unicef": "yes",
        "project:geoloc_unicef:id": "ABJ_318",
        "source": "DigitalGlobe Standard; survey",
        "source:date": "2019-06-14"
      },
      "geometry": {
        "type": "Polygon",
        "coordinates": [
          [
            [
              -4.0246429,
              5.3482536
            ],
            [
              -4.0246251,
              5.3484562
            ],
            [
              -4.024493,
              5.3484495
            ],
            [
              -4.0240265,
              5.3484111
            ],
            [
              -4.0240275,
              5.3485693
            ],
            [
              -4.0240378,
              5.348662
            ],
            [
              -4.0240376,
              5.3489745
            ],
            [
              -4.0240379,
              5.3490627
            ],
            [
              -4.023943,
              5.3490627
            ],
            [
              -4.0239252,
              5.349293
            ],
            [
              -4.0239751,
              5.3493396
            ],
            [
              -4.0245018,
              5.3493671
            ],
            [
              -4.0245346,
              5.3493693
            ],
            [
              -4.025153,
              5.3494105
            ],
            [
              -4.0252709,
              5.3494198
            ],
            [
              -4.0253356,
              5.348458
            ],
            [
              -4.0250614,
              5.3484397
            ],
            [
              -4.0250706,
              5.3482847
            ],
            [
              -4.0246429,
              5.3482536
            ]
          ]
        ]
      },
      "id": "way/787171481"
    },
    {
      "type": "Feature",
      "properties": {
        "@id": "way/787172786",
        "addr:suburb": "Cocody",
        "amenity": "hospital",
        "contact:phone": "+22522496400",
        "description": "Pédiatrie, gynéco-obstétriques, Accouchement, Assistance sociale, soutien social",
        "healthcare": "hospital",
        "name": "CHU d'Angré",
        "official_name": "Centre Hospitalier Universitaire d'Angré",
        "old_name": "Hôpital Général d'Angré",
        "opening_hours": "24/7",
        "operator:type": "public",
        "project:geoloc_unicef": "yes",
        "project:geoloc_unicef:id": "ABJ_412",
        "source": "DigitalGlobe Standard; survey",
        "source:date": "2019-06-14"
      },
      "geometry": {
        "type": "Polygon",
        "coordinates": [
          [
            [
              -3.9562989,
              5.4015474
            ],
            [
              -3.9578175,
              5.4017577
            ],
            [
              -3.9579823,
              5.4018493
            ],
            [
              -3.9588139,
              5.4004834
            ],
            [
              -3.9583776,
              5.4002059
            ],
            [
              -3.9565834,
              5.3999454
            ],
            [
              -3.9565379,
              5.4000385
            ],
            [
              -3.9562989,
              5.4015474
            ]
          ]
        ]
      },
      "id": "way/787172786"
    },
    {
      "type": "Feature",
      "properties": {
        "@id": "way/787175701",
        "addr:suburb": "Yopougon",
        "amenity": "hospital",
        "contact:mobile": "+225 27 23 46 19 86",
        "contact:phone": "+225 27 23 46 19 80",
        "description": "Vaccination, Centre anti fabrique, Hygiène er assainissement, Lutte anti vectorielle , Contrôle sanitaire",
        "healthcare": "hospital",
        "name": "Institut national d’hygiène publique Antenne Yopougon",
        "office": "ngo",
        "opening_hours": "Mo-Fr 07:30-17:00",
        "operator:type": "public",
        "project:geoloc_unicef": "yes",
        "project:geoloc_unicef:id": "ABJ_235",
        "short_name": "INHP Antenne Yopougon"
      },
      "geometry": {
        "type": "Polygon",
        "coordinates": [
          [
            [
              -4.0570299,
              5.326145
            ],
            [
              -4.0573625,
              5.3258352
            ],
            [
              -4.0571694,
              5.3253465
            ],
            [
              -4.0566866,
              5.3258005
            ],
            [
              -4.0570299,
              5.326145
            ]
          ]
        ]
      },
      "id": "way/787175701"
    },
    {
      "type": "Feature",
      "properties": {
        "@id": "way/787190655",
        "amenity": "hospital",
        "healthcare": "hospital",
        "name": "PMI Bingerville"
      },
      "geometry": {
        "type": "Polygon",
        "coordinates": [
          [
            [
              -3.8912582,
              5.3564129
            ],
            [
              -3.8912848,
              5.3562222
            ],
            [
              -3.8912392,
              5.3561504
            ],
            [
              -3.891171,
              5.3561315
            ],
            [
              -3.8911577,
              5.3559484
            ],
            [
              -3.8908182,
              5.3559049
            ],
            [
              -3.8907992,
              5.356343
            ],
            [
              -3.8908675,
              5.3563827
            ],
            [
              -3.8912582,
              5.3564129
            ]
          ]
        ]
      },
      "id": "way/787190655"
    },
    {
      "type": "Feature",
      "properties": {
        "@id": "way/859581927",
        "amenity": "hospital",
        "healthcare": "hospital"
      },
      "geometry": {
        "type": "Polygon",
        "coordinates": [
          [
            [
              -3.9367072,
              5.3806124
            ],
            [
              -3.9366652,
              5.3804266
            ],
            [
              -3.9364552,
              5.380473
            ],
            [
              -3.9365159,
              5.3806588
            ],
            [
              -3.9367072,
              5.3806124
            ]
          ]
        ]
      },
      "id": "way/859581927"
    },
    {
      "type": "Feature",
      "properties": {
        "@id": "way/1220703456",
        "amenity": "clinic",
        "building": "yes",
        "healthcare": "clinic",
        "name": "Cimedic",
        "website": "https://cimedic-app.com"
      },
      "geometry": {
        "type": "Polygon",
        "coordinates": [
          [
            [
              -3.9888053,
              5.2955252
            ],
            [
              -3.9888089,
              5.2953488
            ],
            [
              -3.9885801,
              5.2953442
            ],
            [
              -3.9885765,
              5.2955206
            ],
            [
              -3.9888053,
              5.2955252
            ]
          ]
        ]
      },
      "id": "way/1220703456"
    },
    {
      "type": "Feature",
      "properties": {
        "@id": "way/1262350116",
        "amenity": "clinic",
        "building": "yes",
        "healthcare": "clinic",
        "name": "Pôle Mère-Enfant du Chu de Cocody"
      },
      "geometry": {
        "type": "Polygon",
        "coordinates": [
          [
            [
              -3.9940856,
              5.3460409
            ],
            [
              -3.9942002,
              5.3458585
            ],
            [
              -3.9942215,
              5.3456543
            ],
            [
              -3.9936435,
              5.3455945
            ],
            [
              -3.9936383,
              5.3456446
            ],
            [
              -3.9935705,
              5.3456376
            ],
            [
              -3.9935492,
              5.3458417
            ],
            [
              -3.993519,
              5.3458386
            ],
            [
              -3.9935083,
              5.3459407
            ],
            [
              -3.9935432,
              5.3459443
            ],
            [
              -3.993539,
              5.345984
            ],
            [
              -3.9940856,
              5.3460409
            ]
          ]
        ]
      },
      "id": "way/1262350116"
    },
    {
      "type": "Feature",
      "properties": {
        "@id": "way/1262350125",
        "alt_name": "CNRAO",
        "amenity": "clinic",
        "healthcare": "clinic",
        "name": "Centre National de Radiothérapie Alassane Ouattara"
      },
      "geometry": {
        "type": "Polygon",
        "coordinates": [
          [
            [
              -3.9936096,
              5.3418002
            ],
            [
              -3.9935929,
              5.3406519
            ],
            [
              -3.9929121,
              5.3406618
            ],
            [
              -3.9927712,
              5.3406638
            ],
            [
              -3.9927858,
              5.3416587
            ],
            [
              -3.9928196,
              5.3416582
            ],
            [
              -3.9928204,
              5.341713
            ],
            [
              -3.9928218,
              5.3418115
            ],
            [
              -3.9929071,
              5.3418103
            ],
            [
              -3.9929686,
              5.3418094
            ],
            [
              -3.9930131,
              5.3418088
            ],
            [
              -3.9930839,
              5.3418077
            ],
            [
              -3.9936096,
              5.3418002
            ]
          ]
        ]
      },
      "id": "way/1262350125"
    },
    {
      "type": "Feature",
      "properties": {
        "@id": "way/1285923390",
        "amenity": "clinic",
        "healthcare": "clinic",
        "name": "Institut de Médecine Nucléaire d'Abidjan",
        "short_name": "IMENA"
      },
      "geometry": {
        "type": "Polygon",
        "coordinates": [
          [
            [
              -3.9940215,
              5.3435084
            ],
            [
              -3.9940138,
              5.3430286
            ],
            [
              -3.9940123,
              5.3429354
            ],
            [
              -3.9935818,
              5.3429422
            ],
            [
              -3.9935909,
              5.3435152
            ],
            [
              -3.9940215,
              5.3435084
            ]
          ]
        ]
      },
      "id": "way/1285923390"
    },
    {
      "type": "Feature",
      "properties": {
        "@id": "way/1286109308",
        "addr:suburb": "Port Bouet",
        "amenity": "clinic",
        "contact:email": "Inhp.portbouet@live.fr",
        "contact:mobile": "+22521587278",
        "contact:phone": "+22521587273",
        "description": "Dépistage VIH, IST Traitement IST (gono, chaude pisse), Consultation, Centre de vaccination internationale",
        "healthcare": "clinic",
        "name": "Institut National de l'Hygiène Publique",
        "opening_hours": "Mo-Fr 07:30-12:00, 14:30-17:00",
        "operator:type": "public",
        "project:geoloc_unicef": "yes",
        "project:geoloc_unicef:id": "ABJ_166",
        "short_name": "INHP Port Bouet"
      },
      "geometry": {
        "type": "Polygon",
        "coordinates": [
          [
            [
              -3.8960916,
              5.2410885
            ],
            [
              -3.896226,
              5.2404128
            ],
            [
              -3.8957434,
              5.2403161
            ],
            [
              -3.8956058,
              5.2410176
            ],
            [
              -3.8960916,
              5.2410885
            ]
          ]
        ]
      },
      "id": "way/1286109308"
    },
    {
      "type": "Feature",
      "properties": {
        "@id": "way/1290550140",
        "addr:suburb": "Cocody",
        "amenity": "hospital",
        "contact:phone": "+22522488311",
        "description": "Accouchement Consultation Consultation prénatale gynéco-obstétriques Pédiatrie Pansement",
        "healthcare": "hospital",
        "name": "Complexe Sanitaire Henriette Konan Bédié de Blockhaus",
        "opening_hours": "24/7",
        "operator:type": "public",
        "project:geoloc_unicef": "yes",
        "project:geoloc_unicef:id": "ABJ_030",
        "project:opencities_abidjan": "yes",
        "short_name": "CSHKB"
      },
      "geometry": {
        "type": "Polygon",
        "coordinates": [
          [
            [
              -4.0015006,
              5.3250206
            ],
            [
              -4.0015336,
              5.3250281
            ],
            [
              -4.0015477,
              5.3249661
            ],
            [
              -4.0015984,
              5.3247035
            ],
            [
              -4.0017398,
              5.3241787
            ],
            [
              -4.0017743,
              5.3240572
            ],
            [
              -4.0015,
              5.3240166
            ],
            [
              -4.0013716,
              5.3241129
            ],
            [
              -4.0012666,
              5.3241853
            ],
            [
              -4.0011905,
              5.3242372
            ],
            [
              -4.0011747,
              5.3242605
            ],
            [
              -4.0011276,
              5.3244257
            ],
            [
              -4.0011051,
              5.3244197
            ],
            [
              -4.0010767,
              5.3245243
            ],
            [
              -4.0010444,
              5.3246413
            ],
            [
              -4.001018,
              5.3247475
            ],
            [
              -4.0010725,
              5.3249175
            ],
            [
              -4.0012215,
              5.3249534
            ],
            [
              -4.0012846,
              5.3249686
            ],
            [
              -4.0015006,
              5.3250206
            ]
          ]
        ]
      },
      "id": "way/1290550140"
    },
    {
      "type": "Feature",
      "properties": {
        "@id": "way/1318226655",
        "amenity": "pharmacy",
        "building": "yes",
        "healthcare": "pharmacy",
        "name": "Pharmacie Santé de Vie"
      },
      "geometry": {
        "type": "Polygon",
        "coordinates": [
          [
            [
              -3.9977627,
              5.3874734
            ],
            [
              -3.997775,
              5.3873722
            ],
            [
              -3.9976748,
              5.3873553
            ],
            [
              -3.9976656,
              5.3874581
            ],
            [
              -3.9977627,
              5.3874734
            ]
          ]
        ]
      },
      "id": "way/1318226655"
    },
    {
      "type": "Feature",
      "properties": {
        "@id": "way/1376750615",
        "alt_name": "Hôpital Didier Drogba",
        "amenity": "clinic",
        "description": "Santé de la femme et de l’enfant",
        "healthcare": "clinic",
        "name": "Centre de Santé Laurent Pokou"
      },
      "geometry": {
        "type": "Polygon",
        "coordinates": [
          [
            [
              -4.0415812,
              5.3569465
            ],
            [
              -4.0412934,
              5.3562217
            ],
            [
              -4.0409826,
              5.3558035
            ],
            [
              -4.0406684,
              5.3558052
            ],
            [
              -4.0406023,
              5.356011
            ],
            [
              -4.0404948,
              5.3561608
            ],
            [
              -4.0405052,
              5.3562723
            ],
            [
              -4.0405518,
              5.3565879
            ],
            [
              -4.0406533,
              5.3565772
            ],
            [
              -4.0407016,
              5.3570301
            ],
            [
              -4.0415812,
              5.3569465
            ]
          ]
        ]
      },
      "id": "way/1376750615"
    },
    {
      "type": "Feature",
      "properties": {
        "@id": "way/1395193883",
        "amenity": "hospital",
        "healthcare": "hospital",
        "name": "Hôpital Général d'Anyama"
      },
      "geometry": {
        "type": "Polygon",
        "coordinates": [
          [
            [
              -4.0466716,
              5.5019753
            ],
            [
              -4.0466199,
              5.5016286
            ],
            [
              -4.0465549,
              5.5012551
            ],
            [
              -4.0464733,
              5.500786
            ],
            [
              -4.0463082,
              5.4999395
            ],
            [
              -4.046295,
              5.4999102
            ],
            [
              -4.0454118,
              5.5000064
            ],
            [
              -4.0450035,
              5.4999815
            ],
            [
              -4.0449569,
              5.5020682
            ],
            [
              -4.045925,
              5.5020914
            ],
            [
              -4.0466716,
              5.5019753
            ]
          ]
        ]
      },
      "id": "way/1395193883"
    },
    {
      "type": "Feature",
      "properties": {
        "@id": "way/1395193888",
        "amenity": "hospital",
        "healthcare": "hospital",
        "name": "Centre Médical Don Orione"
      },
      "geometry": {
        "type": "Polygon",
        "coordinates": [
          [
            [
              -4.0495966,
              5.5001907
            ],
            [
              -4.0492746,
              5.4990543
            ],
            [
              -4.0485232,
              5.4992653
            ],
            [
              -4.0486875,
              5.4998447
            ],
            [
              -4.0487076,
              5.4999154
            ],
            [
              -4.0488454,
              5.5004017
            ],
            [
              -4.0494707,
              5.5002261
            ],
            [
              -4.0495966,
              5.5001907
            ]
          ]
        ]
      },
      "id": "way/1395193888"
    },
    {
      "type": "Feature",
      "properties": {
        "@id": "relation/4034977",
        "addr:city": "Yopougon",
        "addr:country": "CI",
        "addr:state": "Abidjan",
        "addr:suburb": "Maroc",
        "amenity": "hospital",
        "description": "Accouchement Assistance sociale, soutien social Conseil et dépistage volontaire (CDV) Consultation",
        "healthcare": "hospital",
        "name": "Dispensaire diocésain Sœur Catherine",
        "opening_hours": "24/7",
        "operator:type": "public",
        "phone": "+225 07 09 04 31 25",
        "project:geoloc_unicef": "yes",
        "project:geoloc_unicef:id": "ABJ_269",
        "type": "multipolygon",
        "@geometry": "center"
      },
      "geometry": {
        "type": "Point",
        "coordinates": [
          -4.09819,
          5.3391046
        ]
      },
      "id": "relation/4034977"
    },
    {
      "type": "Feature",
      "properties": {
        "@id": "way/91273250",
        "addr:suburb": "Yopougon",
        "amenity": "hospital",
        "barrier": "wall",
        "contact:phone": "+22523537575",
        "description": "Accouchement Assistance sociale, soutien social Conseil et dépistage volontaire (CDV) Conseil,",
        "designation": "Centre Hospitalier Universitaire de Yopougon",
        "emergency": "yes",
        "healthcare": "hospital",
        "name": "Centre Hospitalier Universitaire de Yopougon",
        "opening_hours": "24/7",
        "operator:type": "public",
        "project:geoloc_unicef": "yes",
        "project:geoloc_unicef:id": "ABJ_203",
        "short_name": "CHU Yopougon",
        "@geometry": "center"
      },
      "geometry": {
        "type": "Point",
        "coordinates": [
          -4.0898367,
          5.3584228
        ]
      },
      "id": "way/91273250"
    },
    {
      "type": "Feature",
      "properties": {
        "@id": "way/91274323",
        "amenity": "hospital",
        "healthcare": "hospital",
        "name": "Centre Hospitalier Universitaire de Treichville",
        "short_name": "CHU de Treichville",
        "website": "https://www.chu-treichville.com/",
        "wikidata": "Q2945775",
        "wikipedia": "fr:Centre hospitalier universitaire de Treichville",
        "@geometry": "center"
      },
      "geometry": {
        "type": "Point",
        "coordinates": [
          -4.0035691,
          5.2915831
        ]
      },
      "id": "way/91274323"
    },
    {
      "type": "Feature",
      "properties": {
        "@id": "way/205660285",
        "amenity": "hospital",
        "healthcare": "hospital",
        "name": "Hôpital de police du Plateau",
        "@geometry": "center"
      },
      "geometry": {
        "type": "Point",
        "coordinates": [
          -4.0230869,
          5.3363924
        ]
      },
      "id": "way/205660285"
    },
    {
      "type": "Feature",
      "properties": {
        "@id": "way/263969281",
        "amenity": "clinic",
        "building": "yes",
        "healthcare": "clinic",
        "name": "Centre Medical et d'Imagerie Diagnostique (CMIDA)",
        "@geometry": "center"
      },
      "geometry": {
        "type": "Point",
        "coordinates": [
          -3.9805081,
          5.2951247
        ]
      },
      "id": "way/263969281"
    },
    {
      "type": "Feature",
      "properties": {
        "@id": "way/286247735",
        "amenity": "clinic",
        "healthcare": "clinic",
        "name": "Clinique les Grâces",
        "@geometry": "center"
      },
      "geometry": {
        "type": "Point",
        "coordinates": [
          -3.9778971,
          5.2875928
        ]
      },
      "id": "way/286247735"
    },
    {
      "type": "Feature",
      "properties": {
        "@id": "way/311508525",
        "amenity": "doctors",
        "building": "yes",
        "healthcare": "doctor",
        "name": "Infirmerie",
        "@geometry": "center"
      },
      "geometry": {
        "type": "Point",
        "coordinates": [
          -4.0124389,
          5.4282107
        ]
      },
      "id": "way/311508525"
    },
    {
      "type": "Feature",
      "properties": {
        "@id": "way/326163566",
        "addr:city": "Cocody",
        "addr:country": "CI",
        "addr:housename": "Polyclinique Internationale Sainte Anne-Marie (PISAM)",
        "addr:state": "Abidjan",
        "addr:street": "Avenue Joseph Blohorn",
        "addr:suburb": "Vieux Cocody",
        "amenity": "hospital",
        "barrier": "wall",
        "emergency": "yes",
        "healthcare": "hospital",
        "internet_access": "wlan",
        "is_in": "Vieux Cocody;Cocody;Abidjan;Côte d'Ivoire",
        "name": "Polyclinique Internationale Sainte Anne-Marie (PISAM)",
        "phone": "+225-22.48.31.31",
        "short_name": "PISAM",
        "website": "http://www.pisam.ci/",
        "@geometry": "center"
      },
      "geometry": {
        "type": "Point",
        "coordinates": [
          -4.0133515,
          5.3368409
        ]
      },
      "id": "way/326163566"
    },
    {
      "type": "Feature",
      "properties": {
        "@id": "way/327402561",
        "addr:city": "Cocody",
        "addr:country": "CI",
        "addr:state": "Abidjan",
        "addr:street": "Boulevard de l'Université",
        "addr:suburb": "RTI",
        "amenity": "hospital",
        "contact:phone": "+22522445353",
        "description": "Accouchement Assistance sociale, soutien social Conseil et dépistage volontaire (CDV) Conseil,",
        "emergency": "yes",
        "healthcare": "hospital",
        "is_in": "RTI;Cocody;Abidjan;Côte d'Ivoire",
        "name": "Centre hospitalier universitaire de Cocody (CHU de Cocody)",
        "name:en": "University Hospital of Cocody (CHU de Cocody)",
        "name:fr": "Centre hospitalier universitaire de Cocody (CHU de Cocody)",
        "opening_hours": "24/7",
        "operator:type": "public",
        "project:geoloc_unicef": "yes",
        "project:geoloc_unicef:id": "ABJ_002",
        "source": "DigitalGlobe Standard; survey",
        "source:date": "2019-06-14",
        "@geometry": "center"
      },
      "geometry": {
        "type": "Point",
        "coordinates": [
          -3.9938504,
          5.3423413
        ]
      },
      "id": "way/327402561"
    },
    {
      "type": "Feature",
      "properties": {
        "@id": "way/355534059",
        "amenity": "clinic",
        "building": "university",
        "healthcare": "clinic",
        "name": "centre medical social",
        "operator": "UNA",
        "@geometry": "center"
      },
      "geometry": {
        "type": "Point",
        "coordinates": [
          -4.0165433,
          5.3904096
        ]
      },
      "id": "way/355534059"
    },
    {
      "type": "Feature",
      "properties": {
        "@id": "way/362268589",
        "amenity": "clinic",
        "building": "yes",
        "healthcare": "clinic",
        "name": "Clinique Saint-Michel",
        "@geometry": "center"
      },
      "geometry": {
        "type": "Point",
        "coordinates": [
          -4.087676,
          5.3471544
        ]
      },
      "id": "way/362268589"
    },
    {
      "type": "Feature",
      "properties": {
        "@id": "way/392621415",
        "addr:city": "Yopougon",
        "addr:country": "CI",
        "addr:state": "Abidjan",
        "addr:street": "Rue Cité Caféier",
        "addr:suburb": "Caféier",
        "amenity": "clinic",
        "building": "yes",
        "healthcare": "clinic",
        "opening_hours": "open",
        "@geometry": "center"
      },
      "geometry": {
        "type": "Point",
        "coordinates": [
          -4.1072196,
          5.3258806
        ]
      },
      "id": "way/392621415"
    },
    {
      "type": "Feature",
      "properties": {
        "@id": "way/397667611",
        "amenity": "clinic",
        "building:levels": "3",
        "healthcare": "clinic",
        "name": "Polyclinique Le Panthéon Médical",
        "@geometry": "center"
      },
      "geometry": {
        "type": "Point",
        "coordinates": [
          -3.957517,
          5.3533129
        ]
      },
      "id": "way/397667611"
    },
    {
      "type": "Feature",
      "properties": {
        "@id": "way/426830439",
        "addr:city": "Plateau",
        "addr:housenumber": "26",
        "addr:street": "Avenue Chardy",
        "amenity": "hospital",
        "building": "yes",
        "elevator": "2ème étage",
        "healthcare": "hospital",
        "name": "Centre Médical Chardy",
        "note": "centremedicalchardy@hotmail.fr",
        "operator": "Dr Hussein Chalhoub",
        "phone": "+225 20 33 90 00",
        "@geometry": "center"
      },
      "geometry": {
        "type": "Point",
        "coordinates": [
          -4.0161434,
          5.3237839
        ]
      },
      "id": "way/426830439"
    },
    {
      "type": "Feature",
      "properties": {
        "@id": "way/447047873",
        "amenity": "clinic",
        "building": "yes",
        "healthcare": "clinic",
        "name": "Clinique Sainte Rita de Cascia",
        "@geometry": "center"
      },
      "geometry": {
        "type": "Point",
        "coordinates": [
          -4.087667,
          5.3408053
        ]
      },
      "id": "way/447047873"
    },
    {
      "type": "Feature",
      "properties": {
        "@id": "way/447285101",
        "addr:city": "Marcory",
        "addr:country": "CI",
        "addr:state": "Abidjan",
        "amenity": "hospital",
        "building": "yes",
        "building:levels": "6",
        "healthcare": "hospital",
        "name": "Nouvelle Clinique Farah",
        "phone": "+225 21 26 00 93",
        "website": "http://www.cliniquefarah.com/",
        "@geometry": "center"
      },
      "geometry": {
        "type": "Point",
        "coordinates": [
          -3.9864502,
          5.3106638
        ]
      },
      "id": "way/447285101"
    },
    {
      "type": "Feature",
      "properties": {
        "@id": "node/452867024",
        "amenity": "pharmacy",
        "healthcare": "pharmacy",
        "name": "Pharmacie Saint-Pierre des Rosées"
      },
      "geometry": {
        "type": "Point",
        "coordinates": [
          -3.9578942,
          5.3537127
        ]
      },
      "id": "node/452867024"
    },
    {
      "type": "Feature",
      "properties": {
        "@id": "node/452867033",
        "amenity": "pharmacy",
        "healthcare": "pharmacy",
        "name": "Pharmacie Sainte-Agathe"
      },
      "geometry": {
        "type": "Point",
        "coordinates": [
          -3.9612958,
          5.3552841
        ]
      },
      "id": "node/452867033"
    },
    {
      "type": "Feature",
      "properties": {
        "@id": "node/452870824",
        "amenity": "pharmacy",
        "healthcare": "pharmacy",
        "name": "Pharmacie Sainte-Famille"
      },
      "geometry": {
        "type": "Point",
        "coordinates": [
          -3.9673062,
          5.3557089
        ]
      },
      "id": "node/452870824"
    },
    {
      "type": "Feature",
      "properties": {
        "@id": "node/454153807",
        "amenity": "doctors",
        "emergency": "no",
        "healthcare": "doctor",
        "name": "Centre médical Victoria de la Riviera"
      },
      "geometry": {
        "type": "Point",
        "coordinates": [
          -3.9654195,
          5.3573151
        ]
      },
      "id": "node/454153807"
    },
    {
      "type": "Feature",
      "properties": {
        "@id": "node/454155316",
        "amenity": "pharmacy",
        "healthcare": "pharmacy",
        "name": "Pharmacie Boulevard Mitterand"
      },
      "geometry": {
        "type": "Point",
        "coordinates": [
          -3.964647,
          5.3583662
        ]
      },
      "id": "node/454155316"
    },
    {
      "type": "Feature",
      "properties": {
        "@id": "node/454166819",
        "access": "private",
        "amenity": "doctors",
        "healthcare": "doctor",
        "name": "Centre Médical Joëlle C"
      },
      "geometry": {
        "type": "Point",
        "coordinates": [
          -3.9537051,
          5.3539965
        ]
      },
      "id": "node/454166819"
    },
    {
      "type": "Feature",
      "properties": {
        "@id": "node/454167530",
        "amenity": "doctors",
        "healthcare": "doctor",
        "name": "Centre d'Acumpuncture Chinois"
      },
      "geometry": {
        "type": "Point",
        "coordinates": [
          -3.9565789,
          5.3540375
        ]
      },
      "id": "node/454167530"
    },
    {
      "type": "Feature",
      "properties": {
        "@id": "node/454179919",
        "amenity": "pharmacy",
        "healthcare": "pharmacy",
        "name": "Pharmacie Riviera III"
      },
      "geometry": {
        "type": "Point",
        "coordinates": [
          -3.9535001,
          5.3483678
        ]
      },
      "id": "node/454179919"
    },
    {
      "type": "Feature",
      "properties": {
        "@id": "way/481819538",
        "amenity": "clinic",
        "building": "yes",
        "building:levels": "3",
        "email": "info@clinique-procrea.com",
        "healthcare": "clinic",
        "healthcare:speciality": "maternity",
        "internet_access": "wlan",
        "name": "Clinique Procréa",
        "phone": "+225-22 49 01 09",
        "website": "https://www.clinique-procrea.com/",
        "@geometry": "center"
      },
      "geometry": {
        "type": "Point",
        "coordinates": [
          -3.9428047,
          5.3269454
        ]
      },
      "id": "way/481819538"
    },
    {
      "type": "Feature",
      "properties": {
        "@id": "way/491070550",
        "amenity": "clinic",
        "healthcare": "clinic",
        "name": "Agefosyn",
        "@geometry": "center"
      },
      "geometry": {
        "type": "Point",
        "coordinates": [
          -4.0902509,
          5.324548
        ]
      },
      "id": "way/491070550"
    },
    {
      "type": "Feature",
      "properties": {
        "@id": "way/533143498",
        "amenity": "hospital",
        "barrier": "wall",
        "email": "info@hme.ci",
        "healthcare": "hospital",
        "name": "Hôpital Mère-Enfant de Bingerville",
        "opening_hours": "24/7",
        "phone": "+225-22 51 15 00",
        "start_date": "2018-03-16",
        "website": "https://hmebingerville.ci/",
        "@geometry": "center"
      },
      "geometry": {
        "type": "Point",
        "coordinates": [
          -3.8839265,
          5.3619104
        ]
      },
      "id": "way/533143498"
    },
    {
      "type": "Feature",
      "properties": {
        "@id": "way/533386257",
        "amenity": "hospital",
        "building": "hospital",
        "healthcare": "hospital",
        "name": "PMI Bingerville",
        "@geometry": "center"
      },
      "geometry": {
        "type": "Point",
        "coordinates": [
          -3.8909212,
          5.3562253
        ]
      },
      "id": "way/533386257"
    },
    {
      "type": "Feature",
      "properties": {
        "@id": "way/590880206",
        "amenity": "hospital",
        "healthcare": "hospital",
        "name": "Centre hospitalier",
        "@geometry": "center"
      },
      "geometry": {
        "type": "Point",
        "coordinates": [
          -3.9744127,
          5.4571284
        ]
      },
      "id": "way/590880206"
    },
    {
      "type": "Feature",
      "properties": {
        "@id": "way/615962999",
        "amenity": "doctors",
        "building": "yes",
        "healthcare": "doctor",
        "name": "Infirmerie Scolaire",
        "@geometry": "center"
      },
      "geometry": {
        "type": "Point",
        "coordinates": [
          -3.9777133,
          5.3074934
        ]
      },
      "id": "way/615962999"
    },
    {
      "type": "Feature",
      "properties": {
        "@id": "way/685903763",
        "amenity": "clinic",
        "barrier": "wall",
        "healthcare": "clinic",
        "name": "Centre Hospitalier Charismatique Eugene 1er",
        "@geometry": "center"
      },
      "geometry": {
        "type": "Point",
        "coordinates": [
          -3.9597875,
          5.3049956
        ]
      },
      "id": "way/685903763"
    },
    {
      "type": "Feature",
      "properties": {
        "@id": "way/756627371",
        "amenity": "pharmacy",
        "building": "yes",
        "healthcare": "pharmacy",
        "name": "Pharmacie Du Golf",
        "@geometry": "center"
      },
      "geometry": {
        "type": "Point",
        "coordinates": [
          -3.977696,
          5.3393042
        ]
      },
      "id": "way/756627371"
    },
    {
      "type": "Feature",
      "properties": {
        "@id": "node/768587449",
        "addr:city": "Yopougon",
        "addr:country": "CI",
        "addr:state": "Abidjan",
        "addr:street": "Rue O111",
        "amenity": "pharmacy",
        "healthcare": "pharmacy",
        "name": "Pharmacie Akadjoba"
      },
      "geometry": {
        "type": "Point",
        "coordinates": [
          -4.0807644,
          5.3245002
        ]
      },
      "id": "node/768587449"
    },
    {
      "type": "Feature",
      "properties": {
        "@id": "node/768587563",
        "addr:city": "Yopougon",
        "addr:country": "CI",
        "addr:state": "Abidjan",
        "addr:street": "Rue O13",
        "amenity": "pharmacy",
        "healthcare": "pharmacy",
        "name": "Pharmacie Wakouboué"
      },
      "geometry": {
        "type": "Point",
        "coordinates": [
          -4.0736017,
          5.3397977
        ]
      },
      "id": "node/768587563"
    },
    {
      "type": "Feature",
      "properties": {
        "@id": "node/768587606",
        "addr:city": "Yopougon",
        "addr:country": "CI",
        "addr:state": "Abidjan",
        "addr:street": "Rue O13",
        "amenity": "pharmacy",
        "healthcare": "pharmacy",
        "name": "Pharmacie Keneya"
      },
      "geometry": {
        "type": "Point",
        "coordinates": [
          -4.0731625,
          5.3468317
        ]
      },
      "id": "node/768587606"
    },
    {
      "type": "Feature",
      "properties": {
        "@id": "node/768587666",
        "amenity": "pharmacy",
        "healthcare": "pharmacy",
        "name": "Pharmacie Siporex",
        "operator": "Pharmacie Siporex"
      },
      "geometry": {
        "type": "Point",
        "coordinates": [
          -4.074345,
          5.3555133
        ]
      },
      "id": "node/768587666"
    },
    {
      "type": "Feature",
      "properties": {
        "@id": "node/773848800",
        "amenity": "pharmacy",
        "healthcare": "pharmacy",
        "name": "Pharmacie de la Djibi"
      },
      "geometry": {
        "type": "Point",
        "coordinates": [
          -3.9805265,
          5.4053782
        ]
      },
      "id": "node/773848800"
    },
    {
      "type": "Feature",
      "properties": {
        "@id": "node/773849057",
        "amenity": "pharmacy",
        "healthcare": "pharmacy",
        "name": "Pharmacie Sainte Harmony"
      },
      "geometry": {
        "type": "Point",
        "coordinates": [
          -3.9808899,
          5.4030657
        ]
      },
      "id": "node/773849057"
    },
    {
      "type": "Feature",
      "properties": {
        "@id": "node/773849141",
        "amenity": "pharmacy",
        "healthcare": "pharmacy",
        "name": "Sainte Marte"
      },
      "geometry": {
        "type": "Point",
        "coordinates": [
          -3.9850849,
          5.4036228
        ]
      },
      "id": "node/773849141"
    },
    {
      "type": "Feature",
      "properties": {
        "@id": "node/773849163",
        "amenity": "pharmacy",
        "healthcare": "pharmacy",
        "name": "8e Tranche"
      },
      "geometry": {
        "type": "Point",
        "coordinates": [
          -3.9778985,
          5.4010592
        ]
      },
      "id": "node/773849163"
    },
    {
      "type": "Feature",
      "properties": {
        "@id": "node/775786939",
        "addr:suburb": "Cocody",
        "amenity": "doctors",
        "contact:email": "csucomrivpalm@gmail.com",
        "contact:phone": "+22522472678",
        "description": "Accouchement Conseil et dépistage volontaire (CDV) Conseil, informations sur la santé sexuelle et reproductive",
        "emergency": "no",
        "healthcare": "doctor",
        "name": "Centre de Santé Urbain à Base Communautaire de la Palmeraie",
        "opening_hours": "24/7",
        "operator:type": "public",
        "project:geoloc_unicef": "yes",
        "project:geoloc_unicef:id": "ABJ_410"
      },
      "geometry": {
        "type": "Point",
        "coordinates": [
          -3.9623724,
          5.3633112
        ]
      },
      "id": "node/775786939"
    },
    {
      "type": "Feature",
      "properties": {
        "@id": "way/785813537",
        "addr:suburb": "Adjame",
        "amenity": "hospital",
        "contact:phone": "+22520213361",
        "description": "Accouchement Assistance sociale, soutien social Conseil et dépistage volontaire (CDV) Conseil,",
        "healthcare": "hospital",
        "name": "Hôpital Militaire d'Abidjan",
        "opening_hours": "24/7",
        "operator:type": "public",
        "project:geoloc_unicef": "yes",
        "project:geoloc_unicef:id": "ABJ_314",
        "short_name": "HMA",
        "source": "DigitalGlobe Standard; survey",
        "source:date": "2019-06-14",
        "@geometry": "center"
      },
      "geometry": {
        "type": "Point",
        "coordinates": [
          -4.0074227,
          5.381322
        ]
      },
      "id": "way/785813537"
    },
    {
      "type": "Feature",
      "properties": {
        "@id": "way/785830346",
        "addr:suburb": "Port Bouet",
        "amenity": "hospital",
        "contact:phone": "+22521278500",
        "description": "Accouchement Consultation prénatale Consultation Dépistage VIH, IST Pédiatrie gynéco-obstétriques",
        "healthcare": "hospital",
        "name": "Hôpital général de Port-Bouët",
        "opening_hours": "24/7",
        "operator:type": "public",
        "project:geoloc_unicef": "yes",
        "project:geoloc_unicef:id": "ABJ_155",
        "short_name": "HG Port-Bouët",
        "@geometry": "center"
      },
      "geometry": {
        "type": "Point",
        "coordinates": [
          -3.9621239,
          5.2628817
        ]
      },
      "id": "way/785830346"
    },
    {
      "type": "Feature",
      "properties": {
        "@id": "way/785843158",
        "addr:suburb": "Abobo",
        "amenity": "hospital",
        "contact:email": "hopitalabobosud@yahoo.fr",
        "contact:mobile": "+22509846848",
        "contact:phone": "+22521015738",
        "description": "Accouchement Conseil et dépistage volontaire (CDV) Consultation Consultation prénatale Contraceptifs",
        "emergency": "yes",
        "healthcare": "hospital",
        "healthcare:speciality": "maternity",
        "name": "Hopital Général d'Abobo",
        "opening_hours": "24/7",
        "operator": "Ministère de la Santé et de L'Hygiène Publique",
        "operator:type": "public",
        "project:geoloc_unicef": "yes",
        "project:geoloc_unicef:id": "ABJ_343",
        "source": "DigitalGlobe Standard; survey",
        "source:date": "2019-06-14",
        "@geometry": "center"
      },
      "geometry": {
        "type": "Point",
        "coordinates": [
          -4.0163614,
          5.4237227
        ]
      },
      "id": "way/785843158"
    },
    {
      "type": "Feature",
      "properties": {
        "@id": "way/785849320",
        "addr:city": "Yopougon",
        "addr:country": "CI",
        "addr:state": "Abidjan",
        "addr:street": "Avenue Marie-Thérèse-Houphouët-Boigny",
        "amenity": "hospital",
        "contact:phone": "+22523454390",
        "description": "Accouchement Assistance sociale, soutien social Conseil et dépistage volontaire (CDV) Conseil,",
        "healthcare": "hospital",
        "name": "Hôpital général de Yopougon-Attié",
        "old_name": "PMI de Yopougon",
        "opening_hours": "24/7",
        "operator": "Ministère de la Santé et de la lutte contre le sida",
        "operator:type": "public",
        "phone": "+225 23454390",
        "project:geoloc_unicef": "yes",
        "project:geoloc_unicef:id": "ABJ_231",
        "short_name": "HG Yopougon Attie",
        "source": "DigitalGlobe Standard;survey",
        "source:date": "2019-06-14",
        "@geometry": "center"
      },
      "geometry": {
        "type": "Point",
        "coordinates": [
          -4.0800482,
          5.3414366
        ]
      },
      "id": "way/785849320"
    },
    {
      "type": "Feature",
      "properties": {
        "@id": "way/785855885",
        "addr:suburb": "Abobo",
        "amenity": "hospital",
        "contact:email": "hôpitalgénéral.abobonord@gmail.com",
        "contact:mobile": "+22524391552",
        "contact:phone": "+22524391290",
        "description": "Accouchement Consultation Consultation prénatale Pédiatrie gynéco-obstétriques",
        "healthcare": "hospital",
        "name": "Hôpital Houphouët-Boigny",
        "opening_hours": "24/7",
        "operator:type": "public",
        "project:geoloc_unicef": "yes",
        "project:geoloc_unicef:id": "ABJ_376",
        "source": "DigitalGlobe Standard; survey",
        "source:date": "2019-06-14",
        "@geometry": "center"
      },
      "geometry": {
        "type": "Point",
        "coordinates": [
          -4.0077282,
          5.4431151
        ]
      },
      "id": "way/785855885"
    },
    {
      "type": "Feature",
      "properties": {
        "@id": "way/785870625",
        "addr:city": "Le Plateau",
        "addr:housenumber": "4",
        "addr:street": "Boulevard de L'indénié",
        "amenity": "hospital",
        "building": "hospital",
        "emergency": "yes",
        "healthcare": "hospital",
        "layer": "1",
        "name": "Polyclinique de l'Indenié",
        "website": "http://www.polycliniqueindenie.ci/",
        "@geometry": "center"
      },
      "geometry": {
        "type": "Point",
        "coordinates": [
          -4.019068,
          5.3383835
        ]
      },
      "id": "way/785870625"
    },
    {
      "type": "Feature",
      "properties": {
        "@id": "way/785874777",
        "amenity": "hospital",
        "healthcare": "hospital",
        "name": "Hôpital général de Bingerville",
        "@geometry": "center"
      },
      "geometry": {
        "type": "Point",
        "coordinates": [
          -3.8852915,
          5.3602784
        ]
      },
      "id": "way/785874777"
    },
    {
      "type": "Feature",
      "properties": {
        "@id": "way/785875845",
        "amenity": "hospital",
        "healthcare": "hospital",
        "healthcare:speciality": "psychiatry",
        "name": "Hôpital psychiatrique de Bingerville",
        "@geometry": "center"
      },
      "geometry": {
        "type": "Point",
        "coordinates": [
          -3.8832085,
          5.3600913
        ]
      },
      "id": "way/785875845"
    },
    {
      "type": "Feature",
      "properties": {
        "@id": "way/785909051",
        "amenity": "hospital",
        "healthcare": "hospital",
        "name": "Polyclinique Groupe Médical du Plateau",
        "short_name": "GMP",
        "@geometry": "center"
      },
      "geometry": {
        "type": "Point",
        "coordinates": [
          -4.0141383,
          5.3206993
        ]
      },
      "id": "way/785909051"
    },
    {
      "type": "Feature",
      "properties": {
        "@id": "way/786183151",
        "amenity": "hospital",
        "healthcare": "hospital",
        "healthcare:speciality": "clinic",
        "name": "Polyclinique internationale Divine grâc;Polyclinique internationale Divine grâce",
        "note": "chez Romuald",
        "@geometry": "center"
      },
      "geometry": {
        "type": "Point",
        "coordinates": [
          -3.9521216,
          5.3687581
        ]
      },
      "id": "way/786183151"
    },
    {
      "type": "Feature",
      "properties": {
        "@id": "way/786190373",
        "addr:suburb": "Abobo",
        "amenity": "hospital",
        "contact:mobile": "+22509867225",
        "contact:phone": "+22505009587",
        "description": "Accouchement Assistance sociale, soutien social Conseil et dépistage volontaire (CDV) Conseil,",
        "healthcare": "hospital",
        "name": "Hôpital Henriette Bédié l'Avocatier",
        "opening_hours": "24/7",
        "operator:type": "public",
        "project:geoloc_unicef": "yes",
        "project:geoloc_unicef:id": "ABJ_347",
        "source": "DigitalGlobe Standard; survey",
        "source:date": "2019-06-14",
        "@geometry": "center"
      },
      "geometry": {
        "type": "Point",
        "coordinates": [
          -4.0241874,
          5.4387207
        ]
      },
      "id": "way/786190373"
    },
    {
      "type": "Feature",
      "properties": {
        "@id": "way/787165311",
        "addr:suburb": "Marcory",
        "amenity": "hospital",
        "contact:mobile": "+22521265949",
        "description": "Accouchement Assistance sociale, soutien social Conseil et dépistage volontaire (CDV) Conseil,",
        "healthcare": "hospital",
        "name": "Hôpital général de Marcory",
        "old_name": "PMI",
        "opening_hours": "24/7",
        "operator:type": "public",
        "project:geoloc_unicef": "yes",
        "project:geoloc_unicef:id": "ABJ_093",
        "source": "DigitalGlobe Standard; survey",
        "source:date": "2019-06-14",
        "@geometry": "center"
      },
      "geometry": {
        "type": "Point",
        "coordinates": [
          -3.9832956,
          5.3006902
        ]
      },
      "id": "way/787165311"
    },
    {
      "type": "Feature",
      "properties": {
        "@id": "way/787166374",
        "addr:suburb": "Port Bouet",
        "amenity": "hospital",
        "contact:phone": "+22521271398",
        "description": "Accouchement Conseil et dépistage volontaire (CDV) Consultation Consultation prénatale Contraceptifs",
        "healthcare": "hospital",
        "name": "Hôpital municipal de Vridi",
        "opening_hours": "24/7",
        "operator:type": "public",
        "project:geoloc_unicef": "yes",
        "project:geoloc_unicef:id": "ABJ_151",
        "source": "DigitalGlobe Standard; survey",
        "source:date": "2019-06-14",
        "@geometry": "center"
      },
      "geometry": {
        "type": "Point",
        "coordinates": [
          -3.9851357,
          5.2643158
        ]
      },
      "id": "way/787166374"
    },
    {
      "type": "Feature",
      "properties": {
        "@id": "way/787168126",
        "addr:suburb": "Treichville",
        "amenity": "hospital",
        "contact:phone": "+22521246871",
        "description": "Accouchement Consultation Consultation prénatale Contraceptifs Dépistage VIH, IST",
        "healthcare": "hospital",
        "name": "Hôpital Général de Treichville",
        "opening_hours": "24/7",
        "operator:type": "public",
        "project:geoloc_unicef": "yes",
        "project:geoloc_unicef:id": "ABJ_073",
        "short_name": "HG de Treichville",
        "source": "DigitalGlobe Standard; survey",
        "source:date": "2019-06-14",
        "@geometry": "center"
      },
      "geometry": {
        "type": "Point",
        "coordinates": [
          -4.0079885,
          5.3111036
        ]
      },
      "id": "way/787168126"
    },
    {
      "type": "Feature",
      "properties": {
        "@id": "way/787170663",
        "addr:suburb": "Koumassi",
        "amenity": "hospital",
        "contact:phone": "+22521362156",
        "description": "Accouchement Conseil, informations sur la santé sexuelle et reproductive Consultation",
        "healthcare": "hospital",
        "name": "Hôpital général de Koumassi",
        "opening_hours": "24/7",
        "operator:type": "public",
        "project:geoloc_unicef": "yes",
        "project:geoloc_unicef:id": "ABJ_112",
        "short_name": "HG Koumassi",
        "@geometry": "center"
      },
      "geometry": {
        "type": "Point",
        "coordinates": [
          -3.9694904,
          5.2872993
        ]
      },
      "id": "way/787170663"
    },
    {
      "type": "Feature",
      "properties": {
        "@id": "way/787171481",
        "addr:country": "CI",
        "addr:state": "Abidjan",
        "addr:street": "Rue C16",
        "addr:suburb": "Adjame",
        "amenity": "hospital",
        "contact:phone": "+22509385918",
        "description": "Accouchement Assistance sociale, soutien social Conseil et dépistage volontaire (CDV) Conseil,",
        "healthcare": "hospital",
        "name": "Hôpital général d'Adjamé",
        "opening_hours": "24/7",
        "operator:type": "public",
        "project:geoloc_unicef": "yes",
        "project:geoloc_unicef:id": "ABJ_318",
        "source": "DigitalGlobe Standard; survey",
        "source:date": "2019-06-14",
        "@geometry": "center"
      },
      "geometry": {
        "type": "Point",
        "coordinates": [
          -4.0246304,
          5.3488367
        ]
      },
      "id": "way/787171481"
    },
    {
      "type": "Feature",
      "properties": {
        "@id": "way/787172786",
        "addr:suburb": "Cocody",
        "amenity": "hospital",
        "contact:phone": "+22522496400",
        "description": "Pédiatrie, gynéco-obstétriques, Accouchement, Assistance sociale, soutien social",
        "healthcare": "hospital",
        "name": "CHU d'Angré",
        "official_name": "Centre Hospitalier Universitaire d'Angré",
        "old_name": "Hôpital Général d'Angré",
        "opening_hours": "24/7",
        "operator:type": "public",
        "project:geoloc_unicef": "yes",
        "project:geoloc_unicef:id": "ABJ_412",
        "source": "DigitalGlobe Standard; survey",
        "source:date": "2019-06-14",
        "@geometry": "center"
      },
      "geometry": {
        "type": "Point",
        "coordinates": [
          -3.9575564,
          5.4008973
        ]
      },
      "id": "way/787172786"
    },
    {
      "type": "Feature",
      "properties": {
        "@id": "way/787175701",
        "addr:suburb": "Yopougon",
        "amenity": "hospital",
        "contact:mobile": "+225 27 23 46 19 86",
        "contact:phone": "+225 27 23 46 19 80",
        "description": "Vaccination, Centre anti fabrique, Hygiène er assainissement, Lutte anti vectorielle , Contrôle sanitaire",
        "healthcare": "hospital",
        "name": "Institut national d’hygiène publique Antenne Yopougon",
        "office": "ngo",
        "opening_hours": "Mo-Fr 07:30-17:00",
        "operator:type": "public",
        "project:geoloc_unicef": "yes",
        "project:geoloc_unicef:id": "ABJ_235",
        "short_name": "INHP Antenne Yopougon",
        "@geometry": "center"
      },
      "geometry": {
        "type": "Point",
        "coordinates": [
          -4.0570245,
          5.3257457
        ]
      },
      "id": "way/787175701"
    },
    {
      "type": "Feature",
      "properties": {
        "@id": "way/787190655",
        "amenity": "hospital",
        "healthcare": "hospital",
        "name": "PMI Bingerville",
        "@geometry": "center"
      },
      "geometry": {
        "type": "Point",
        "coordinates": [
          -3.891042,
          5.3561589
        ]
      },
      "id": "way/787190655"
    },
    {
      "type": "Feature",
      "properties": {
        "@id": "node/844756662",
        "addr:city": "Cocody",
        "addr:country": "CI",
        "addr:state": "Abidjan",
        "addr:suburb": "Deux Plateaux",
        "amenity": "pharmacy",
        "healthcare": "pharmacy",
        "name": "Pharmacie Espace Santé"
      },
      "geometry": {
        "type": "Point",
        "coordinates": [
          -3.9977536,
          5.3777505
        ]
      },
      "id": "node/844756662"
    },
    {
      "type": "Feature",
      "properties": {
        "@id": "node/845980478",
        "amenity": "pharmacy",
        "healthcare": "pharmacy",
        "name": "Pharmacie Les Tulipes"
      },
      "geometry": {
        "type": "Point",
        "coordinates": [
          -3.9930822,
          5.3829382
        ]
      },
      "id": "node/845980478"
    },
    {
      "type": "Feature",
      "properties": {
        "@id": "way/859581927",
        "amenity": "hospital",
        "healthcare": "hospital",
        "@geometry": "center"
      },
      "geometry": {
        "type": "Point",
        "coordinates": [
          -3.9365812,
          5.3805427
        ]
      },
      "id": "way/859581927"
    },
    {
      "type": "Feature",
      "properties": {
        "@id": "way/1220703456",
        "amenity": "clinic",
        "building": "yes",
        "healthcare": "clinic",
        "name": "Cimedic",
        "website": "https://cimedic-app.com",
        "@geometry": "center"
      },
      "geometry": {
        "type": "Point",
        "coordinates": [
          -3.9886927,
          5.2954347
        ]
      },
      "id": "way/1220703456"
    },
    {
      "type": "Feature",
      "properties": {
        "@id": "way/1262350116",
        "amenity": "clinic",
        "building": "yes",
        "healthcare": "clinic",
        "name": "Pôle Mère-Enfant du Chu de Cocody",
        "@geometry": "center"
      },
      "geometry": {
        "type": "Point",
        "coordinates": [
          -3.9938649,
          5.3458177
        ]
      },
      "id": "way/1262350116"
    },
    {
      "type": "Feature",
      "properties": {
        "@id": "way/1262350125",
        "alt_name": "CNRAO",
        "amenity": "clinic",
        "healthcare": "clinic",
        "name": "Centre National de Radiothérapie Alassane Ouattara",
        "@geometry": "center"
      },
      "geometry": {
        "type": "Point",
        "coordinates": [
          -3.9931904,
          5.3412317
        ]
      },
      "id": "way/1262350125"
    },
    {
      "type": "Feature",
      "properties": {
        "@id": "way/1285923390",
        "amenity": "clinic",
        "healthcare": "clinic",
        "name": "Institut de Médecine Nucléaire d'Abidjan",
        "short_name": "IMENA",
        "@geometry": "center"
      },
      "geometry": {
        "type": "Point",
        "coordinates": [
          -3.9938016,
          5.3432253
        ]
      },
      "id": "way/1285923390"
    },
    {
      "type": "Feature",
      "properties": {
        "@id": "way/1286109308",
        "addr:suburb": "Port Bouet",
        "amenity": "clinic",
        "contact:email": "Inhp.portbouet@live.fr",
        "contact:mobile": "+22521587278",
        "contact:phone": "+22521587273",
        "description": "Dépistage VIH, IST Traitement IST (gono, chaude pisse), Consultation, Centre de vaccination internationale",
        "healthcare": "clinic",
        "name": "Institut National de l'Hygiène Publique",
        "opening_hours": "Mo-Fr 07:30-12:00, 14:30-17:00",
        "operator:type": "public",
        "project:geoloc_unicef": "yes",
        "project:geoloc_unicef:id": "ABJ_166",
        "short_name": "INHP Port Bouet",
        "@geometry": "center"
      },
      "geometry": {
        "type": "Point",
        "coordinates": [
          -3.8959159,
          5.2407023
        ]
      },
      "id": "way/1286109308"
    },
    {
      "type": "Feature",
      "properties": {
        "@id": "way/1290550140",
        "addr:suburb": "Cocody",
        "amenity": "hospital",
        "contact:phone": "+22522488311",
        "description": "Accouchement Consultation Consultation prénatale gynéco-obstétriques Pédiatrie Pansement",
        "healthcare": "hospital",
        "name": "Complexe Sanitaire Henriette Konan Bédié de Blockhaus",
        "opening_hours": "24/7",
        "operator:type": "public",
        "project:geoloc_unicef": "yes",
        "project:geoloc_unicef:id": "ABJ_030",
        "project:opencities_abidjan": "yes",
        "short_name": "CSHKB",
        "@geometry": "center"
      },
      "geometry": {
        "type": "Point",
        "coordinates": [
          -4.0013961,
          5.3245223
        ]
      },
      "id": "way/1290550140"
    },
    {
      "type": "Feature",
      "properties": {
        "@id": "way/1318226655",
        "amenity": "pharmacy",
        "building": "yes",
        "healthcare": "pharmacy",
        "name": "Pharmacie Santé de Vie",
        "@geometry": "center"
      },
      "geometry": {
        "type": "Point",
        "coordinates": [
          -3.9977203,
          5.3874144
        ]
      },
      "id": "way/1318226655"
    },
    {
      "type": "Feature",
      "properties": {
        "@id": "node/1332317307",
        "amenity": "pharmacy",
        "healthcare": "pharmacy",
        "name": "Pharmacie Luminance K"
      },
      "geometry": {
        "type": "Point",
        "coordinates": [
          -3.9836909,
          5.4076938
        ]
      },
      "id": "node/1332317307"
    },
    {
      "type": "Feature",
      "properties": {
        "@id": "way/1376750615",
        "alt_name": "Hôpital Didier Drogba",
        "amenity": "clinic",
        "description": "Santé de la femme et de l’enfant",
        "healthcare": "clinic",
        "name": "Centre de Santé Laurent Pokou",
        "@geometry": "center"
      },
      "geometry": {
        "type": "Point",
        "coordinates": [
          -4.041038,
          5.3564168
        ]
      },
      "id": "way/1376750615"
    },
    {
      "type": "Feature",
      "properties": {
        "@id": "way/1395193883",
        "amenity": "hospital",
        "healthcare": "hospital",
        "name": "Hôpital Général d'Anyama",
        "@geometry": "center"
      },
      "geometry": {
        "type": "Point",
        "coordinates": [
          -4.0458142,
          5.5010008
        ]
      },
      "id": "way/1395193883"
    },
    {
      "type": "Feature",
      "properties": {
        "@id": "way/1395193888",
        "amenity": "hospital",
        "healthcare": "hospital",
        "name": "Centre Médical Don Orione",
        "@geometry": "center"
      },
      "geometry": {
        "type": "Point",
        "coordinates": [
          -4.0490599,
          5.499728
        ]
      },
      "id": "way/1395193888"
    },
    {
      "type": "Feature",
      "properties": {
        "@id": "node/1723096996",
        "amenity": "pharmacy",
        "dispensing": "no",
        "healthcare": "pharmacy",
        "name": "Pharmacie de la République"
      },
      "geometry": {
        "type": "Point",
        "coordinates": [
          -4.0179993,
          5.3176661
        ]
      },
      "id": "node/1723096996"
    },
    {
      "type": "Feature",
      "properties": {
        "@id": "node/1723096997",
        "addr:street": "Avenue A8 Noguès",
        "amenity": "pharmacy",
        "dispensing": "no",
        "healthcare": "pharmacy",
        "name": "Pharmacie de la Gare-Sud"
      },
      "geometry": {
        "type": "Point",
        "coordinates": [
          -4.0182668,
          5.3158307
        ]
      },
      "id": "node/1723096997"
    },
    {
      "type": "Feature",
      "properties": {
        "@id": "node/1951803422",
        "addr:pobox": "11 BP 280 Abidjan 11",
        "addr:postcode": "11",
        "amenity": "pharmacy",
        "healthcare": "pharmacy",
        "name": "Pharmacie Sainte Thérèse",
        "source": "Abidjan Boussole"
      },
      "geometry": {
        "type": "Point",
        "coordinates": [
          -3.9877577,
          5.303775
        ]
      },
      "id": "node/1951803422"
    },
    {
      "type": "Feature",
      "properties": {
        "@id": "node/1951820175",
        "addr:city": "Marcory",
        "addr:country": "CI",
        "addr:state": "Abidjan",
        "addr:street": "Boulevard du Gabon",
        "amenity": "pharmacy",
        "healthcare": "pharmacy",
        "name": "Pharmacie Massarana"
      },
      "geometry": {
        "type": "Point",
        "coordinates": [
          -3.9848761,
          5.299279
        ]
      },
      "id": "node/1951820175"
    },
    {
      "type": "Feature",
      "properties": {
        "@id": "node/1951868956",
        "addr:city": "Abidjan",
        "addr:country": "CI",
        "addr:postcode": "BP 1307 Abidjan 18",
        "addr:street": "Rue de la Paix",
        "addr:suburb": "Marcory Residentiel",
        "amenity": "pharmacy",
        "healthcare": "pharmacy",
        "name": "Pharmacie des Lagunes",
        "phone": "+225 21 26 12 40"
      },
      "geometry": {
        "type": "Point",
        "coordinates": [
          -3.994634,
          5.3072654
        ]
      },
      "id": "node/1951868956"
    },
    {
      "type": "Feature",
      "properties": {
        "@id": "node/1951889687",
        "addr:city": "Marcory",
        "addr:country": "CI",
        "addr:state": "Abidjan",
        "addr:street": "Avenue de la T.S.F.",
        "amenity": "pharmacy",
        "healthcare": "pharmacy",
        "name": "Pharmacie TSF"
      },
      "geometry": {
        "type": "Point",
        "coordinates": [
          -3.985621,
          5.3068044
        ]
      },
      "id": "node/1951889687"
    },
    {
      "type": "Feature",
      "properties": {
        "@id": "node/1987355313",
        "amenity": "pharmacy",
        "healthcare": "pharmacy",
        "name": "Pharmacie M'Pouto - CIAD"
      },
      "geometry": {
        "type": "Point",
        "coordinates": [
          -3.9489492,
          5.3285036
        ]
      },
      "id": "node/1987355313"
    },
    {
      "type": "Feature",
      "properties": {
        "@id": "node/2082702548",
        "addr:city": "Plateau",
        "addr:country": "CI",
        "addr:postcode": "01 BP 872 Abidjan",
        "addr:state": "Abidjan",
        "addr:street": "Rue Gourgas",
        "amenity": "pharmacy",
        "healthcare": "pharmacy",
        "name": "Pharmacie Niacadie"
      },
      "geometry": {
        "type": "Point",
        "coordinates": [
          -4.0188051,
          5.3221398
        ]
      },
      "id": "node/2082702548"
    },
    {
      "type": "Feature",
      "properties": {
        "@id": "node/2082702551",
        "amenity": "pharmacy",
        "healthcare": "pharmacy",
        "name": "Pharmacie Centrale"
      },
      "geometry": {
        "type": "Point",
        "coordinates": [
          -4.0178124,
          5.3220646
        ]
      },
      "id": "node/2082702551"
    },
    {
      "type": "Feature",
      "properties": {
        "@id": "node/2082702564",
        "amenity": "pharmacy",
        "healthcare": "pharmacy",
        "name": "Pharmacie Mazuet"
      },
      "geometry": {
        "type": "Point",
        "coordinates": [
          -4.0171472,
          5.3154968
        ]
      },
      "id": "node/2082702564"
    },
    {
      "type": "Feature",
      "properties": {
        "@id": "node/2381344497",
        "amenity": "pharmacy",
        "healthcare": "pharmacy",
        "name": "Pharmacie Aimess"
      },
      "geometry": {
        "type": "Point",
        "coordinates": [
          -4.0261642,
          5.368952
        ]
      },
      "id": "node/2381344497"
    },
    {
      "type": "Feature",
      "properties": {
        "@id": "node/2381472149",
        "amenity": "pharmacy",
        "healthcare": "pharmacy",
        "name": "Pharmacie Williamsville"
      },
      "geometry": {
        "type": "Point",
        "coordinates": [
          -4.0205371,
          5.3658535
        ]
      },
      "id": "node/2381472149"
    },
    {
      "type": "Feature",
      "properties": {
        "@id": "node/2381472152",
        "amenity": "pharmacy",
        "healthcare": "pharmacy",
        "name": "Pharmacie du Progres",
        "operator": "Pharmacie du Progres",
        "phone": "20371525"
      },
      "geometry": {
        "type": "Point",
        "coordinates": [
          -4.021636,
          5.3672283
        ]
      },
      "id": "node/2381472152"
    },
    {
      "type": "Feature",
      "properties": {
        "@id": "node/2381546282",
        "amenity": "doctors",
        "emergency": "no",
        "healthcare": "doctor",
        "name": "Croix Bleue"
      },
      "geometry": {
        "type": "Point",
        "coordinates": [
          -4.0178162,
          5.3632813
        ]
      },
      "id": "node/2381546282"
    },
    {
      "type": "Feature",
      "properties": {
        "@id": "node/2382090539",
        "amenity": "clinic",
        "emergency": "no",
        "healthcare": "clinic",
        "name": "Maternité Urbaine de Williamsville"
      },
      "geometry": {
        "type": "Point",
        "coordinates": [
          -4.0232747,
          5.3672232
        ]
      },
      "id": "node/2382090539"
    },
    {
      "type": "Feature",
      "properties": {
        "@id": "node/2382127906",
        "amenity": "pharmacy",
        "healthcare": "pharmacy",
        "name": "Pharmacie Makissi"
      },
      "geometry": {
        "type": "Point",
        "coordinates": [
          -4.0163607,
          5.3537077
        ]
      },
      "id": "node/2382127906"
    },
    {
      "type": "Feature",
      "properties": {
        "@id": "node/2382468257",
        "amenity": "pharmacy",
        "healthcare": "pharmacy",
        "name": "Pharmacie le Belier",
        "operator": "Pharmacie le Belier"
      },
      "geometry": {
        "type": "Point",
        "coordinates": [
          -4.0172334,
          5.3503866
        ]
      },
      "id": "node/2382468257"
    },
    {
      "type": "Feature",
      "properties": {
        "@id": "node/2385915173",
        "addr:city": "Attécoubé",
        "addr:country": "CI",
        "addr:state": "Abidjan",
        "amenity": "pharmacy",
        "healthcare": "pharmacy",
        "name": "Fatima"
      },
      "geometry": {
        "type": "Point",
        "coordinates": [
          -4.0370177,
          5.3475083
        ]
      },
      "id": "node/2385915173"
    },
    {
      "type": "Feature",
      "properties": {
        "@id": "node/2388866090",
        "amenity": "pharmacy",
        "healthcare": "pharmacy",
        "name": "Pharmacie l'Emmanuel",
        "operator": "Pharmacie l'Emmanuel"
      },
      "geometry": {
        "type": "Point",
        "coordinates": [
          -4.0164336,
          5.364705
        ]
      },
      "id": "node/2388866090"
    },
    {
      "type": "Feature",
      "properties": {
        "@id": "node/2407403822",
        "addr:city": "Attécoubé",
        "addr:country": "CI",
        "addr:state": "Abidjan",
        "amenity": "pharmacy",
        "dispensing": "no",
        "healthcare": "pharmacy",
        "name": "Montana"
      },
      "geometry": {
        "type": "Point",
        "coordinates": [
          -4.0345663,
          5.3453334
        ]
      },
      "id": "node/2407403822"
    },
    {
      "type": "Feature",
      "properties": {
        "@id": "node/2407407721",
        "addr:city": "Attécoubé",
        "addr:country": "CI",
        "addr:state": "Abidjan",
        "amenity": "doctors",
        "healthcare": "doctor",
        "name": "Diya (Maternité privée)"
      },
      "geometry": {
        "type": "Point",
        "coordinates": [
          -4.0345748,
          5.3454678
        ]
      },
      "id": "node/2407407721"
    },
    {
      "type": "Feature",
      "properties": {
        "@id": "node/2407423453",
        "addr:city": "Attécoubé",
        "addr:country": "CI",
        "addr:state": "Abidjan",
        "amenity": "doctors",
        "contact:phone": "0022505845603",
        "healthcare": "doctor",
        "name": "Infirmerie du Terminus"
      },
      "geometry": {
        "type": "Point",
        "coordinates": [
          -4.0337435,
          5.3434054
        ]
      },
      "id": "node/2407423453"
    },
    {
      "type": "Feature",
      "properties": {
        "@id": "node/2407423454",
        "addr:city": "Attécoubé",
        "addr:country": "CI",
        "addr:state": "Abidjan",
        "amenity": "pharmacy",
        "dispensing": "no",
        "healthcare": "pharmacy",
        "name": "Pharmacie du Rond Point"
      },
      "geometry": {
        "type": "Point",
        "coordinates": [
          -4.0337071,
          5.3432042
        ]
      },
      "id": "node/2407423454"
    },
    {
      "type": "Feature",
      "properties": {
        "@id": "node/2427130119",
        "addr:city": "Attécoubé",
        "addr:country": "CI",
        "addr:state": "Abidjan",
        "addr:suburb": "Atecoube",
        "amenity": "doctors",
        "contact:phone": "+22520376636",
        "description": "Accouchement Consultation Consultation prénatale Dépistage VIH, IST Contraceptifs Distribution de Préservatifs",
        "healthcare": "doctor",
        "name": "Protection Maternelle et Infantile Attecoubé",
        "opening_hours": "24/7",
        "operator:type": "public",
        "project:geoloc_unicef": "yes",
        "project:geoloc_unicef:id": "ABJ_291",
        "short_name": "PMI Attecoubé"
      },
      "geometry": {
        "type": "Point",
        "coordinates": [
          -4.0330162,
          5.3497622
        ]
      },
      "id": "node/2427130119"
    },
    {
      "type": "Feature",
      "properties": {
        "@id": "node/2427131501",
        "addr:city": "Attécoubé",
        "addr:country": "CI",
        "addr:state": "Abidjan",
        "amenity": "pharmacy",
        "dispensing": "yes",
        "healthcare": "pharmacy",
        "name": "Pharmacie d'Attécoubé",
        "opening_hours": "Mo-Fr 07:30-20:00"
      },
      "geometry": {
        "type": "Point",
        "coordinates": [
          -4.0317393,
          5.3508986
        ]
      },
      "id": "node/2427131501"
    },
    {
      "type": "Feature",
      "properties": {
        "@id": "node/2434350774",
        "amenity": "pharmacy",
        "healthcare": "pharmacy",
        "name": "Pharmacie Roma d'Anoumabo"
      },
      "geometry": {
        "type": "Point",
        "coordinates": [
          -3.9770997,
          5.3085936
        ]
      },
      "id": "node/2434350774"
    },
    {
      "type": "Feature",
      "properties": {
        "@id": "node/2440424263",
        "amenity": "pharmacy",
        "healthcare": "pharmacy",
        "name": "Pharmacie Pierre & Marie Curie"
      },
      "geometry": {
        "type": "Point",
        "coordinates": [
          -3.9826212,
          5.2912762
        ]
      },
      "id": "node/2440424263"
    },
    {
      "type": "Feature",
      "properties": {
        "@id": "node/2443198521",
        "addr:city": "Treichville",
        "addr:country": "CI",
        "addr:state": "Abidjan",
        "addr:street": "Boulevard de Marseille",
        "amenity": "pharmacy",
        "healthcare": "pharmacy",
        "name": "Pharmacie Illman"
      },
      "geometry": {
        "type": "Point",
        "coordinates": [
          -3.9977545,
          5.2926887
        ]
      },
      "id": "node/2443198521"
    },
    {
      "type": "Feature",
      "properties": {
        "@id": "node/2444120004",
        "addr:city": "Adjamé",
        "addr:country": "CI",
        "addr:state": "Abidjan",
        "amenity": "pharmacy",
        "healthcare": "pharmacy",
        "is_in": "Adjamé;Abidjan;Côte d'Ivoire",
        "name": "Pharmacie de la Providence",
        "operator": "Pharmacie la Providence"
      },
      "geometry": {
        "type": "Point",
        "coordinates": [
          -4.0168001,
          5.3486342
        ]
      },
      "id": "node/2444120004"
    },
    {
      "type": "Feature",
      "properties": {
        "@id": "node/2444655347",
        "amenity": "pharmacy",
        "healthcare": "pharmacy",
        "name": "Pharmacie Sarah",
        "operator": "Pharmacie Sarah"
      },
      "geometry": {
        "type": "Point",
        "coordinates": [
          -4.0156957,
          5.3569827
        ]
      },
      "id": "node/2444655347"
    },
    {
      "type": "Feature",
      "properties": {
        "@id": "node/2445138436",
        "amenity": "pharmacy",
        "healthcare": "pharmacy",
        "name": "Pharmacie les Remblais"
      },
      "geometry": {
        "type": "Point",
        "coordinates": [
          -3.963643,
          5.3070916
        ]
      },
      "id": "node/2445138436"
    },
    {
      "type": "Feature",
      "properties": {
        "@id": "node/2446130571",
        "addr:city": "Yopougon",
        "addr:country": "CI",
        "addr:state": "Abidjan",
        "amenity": "pharmacy",
        "dispensing": "no",
        "healthcare": "pharmacy",
        "name": "Pharmacie Afia"
      },
      "geometry": {
        "type": "Point",
        "coordinates": [
          -4.0531533,
          5.3457189
        ]
      },
      "id": "node/2446130571"
    },
    {
      "type": "Feature",
      "properties": {
        "@id": "node/2446130572",
        "addr:city": "Yopougon",
        "addr:country": "CI",
        "addr:state": "Abidjan",
        "amenity": "pharmacy",
        "dispensing": "no",
        "healthcare": "pharmacy",
        "name": "Pharmacie Awale"
      },
      "geometry": {
        "type": "Point",
        "coordinates": [
          -4.067955,
          5.3406652
        ]
      },
      "id": "node/2446130572"
    },
    {
      "type": "Feature",
      "properties": {
        "@id": "node/2446130573",
        "addr:city": "Yopougon",
        "addr:country": "CI",
        "addr:state": "Abidjan",
        "addr:street": "Rue P152 / Princesse",
        "amenity": "pharmacy",
        "dispensing": "no",
        "healthcare": "pharmacy",
        "name": "Pharmacie Bel-Air"
      },
      "geometry": {
        "type": "Point",
        "coordinates": [
          -4.0635961,
          5.3468205
        ]
      },
      "id": "node/2446130573"
    },
    {
      "type": "Feature",
      "properties": {
        "@id": "node/2446130574",
        "addr:city": "Yopougon",
        "addr:country": "CI",
        "addr:state": "Abidjan",
        "addr:street": "Rue P134",
        "amenity": "pharmacy",
        "dispensing": "no",
        "healthcare": "pharmacy",
        "name": "Pharmacie du lavage"
      },
      "geometry": {
        "type": "Point",
        "coordinates": [
          -4.0724302,
          5.3406874
        ]
      },
      "id": "node/2446130574"
    },
    {
      "type": "Feature",
      "properties": {
        "@id": "node/2446130575",
        "addr:city": "Yopougon",
        "addr:country": "CI",
        "addr:state": "Abidjan",
        "amenity": "pharmacy",
        "dispensing": "no",
        "healthcare": "pharmacy",
        "name": "Pharmacie de la Mairie"
      },
      "geometry": {
        "type": "Point",
        "coordinates": [
          -4.0659433,
          5.341204
        ]
      },
      "id": "node/2446130575"
    },
    {
      "type": "Feature",
      "properties": {
        "@id": "node/2446130576",
        "addr:city": "Yopougon",
        "addr:country": "CI",
        "addr:state": "Abidjan",
        "addr:street": "Rue O130",
        "amenity": "pharmacy",
        "dispensing": "no",
        "healthcare": "pharmacy",
        "name": "Pharmacie Les Beatitudes"
      },
      "geometry": {
        "type": "Point",
        "coordinates": [
          -4.0587784,
          5.3405566
        ]
      },
      "id": "node/2446130576"
    },
    {
      "type": "Feature",
      "properties": {
        "@id": "node/2446130577",
        "amenity": "pharmacy",
        "dispensing": "no",
        "healthcare": "pharmacy",
        "name": "Pharmacie Les Oliviers"
      },
      "geometry": {
        "type": "Point",
        "coordinates": [
          -4.0640554,
          5.3530726
        ]
      },
      "id": "node/2446130577"
    },
    {
      "type": "Feature",
      "properties": {
        "@id": "node/2446130578",
        "amenity": "pharmacy",
        "dispensing": "no",
        "healthcare": "pharmacy",
        "name": "Pharmacie Nikibel",
        "old_name": "Pharmacie Nissi"
      },
      "geometry": {
        "type": "Point",
        "coordinates": [
          -4.0603536,
          5.3464597
        ]
      },
      "id": "node/2446130578"
    },
    {
      "type": "Feature",
      "properties": {
        "@id": "node/2446130579",
        "amenity": "pharmacy",
        "dispensing": "no",
        "healthcare": "pharmacy",
        "name": "Pharmacie Nouveau Quartier"
      },
      "geometry": {
        "type": "Point",
        "coordinates": [
          -4.0625105,
          5.3386512
        ]
      },
      "id": "node/2446130579"
    },
    {
      "type": "Feature",
      "properties": {
        "@id": "node/2446130580",
        "amenity": "pharmacy",
        "dispensing": "no",
        "healthcare": "pharmacy",
        "name": "Pharmacie Sainte Rita"
      },
      "geometry": {
        "type": "Point",
        "coordinates": [
          -4.0662476,
          5.355793
        ]
      },
      "id": "node/2446130580"
    },
    {
      "type": "Feature",
      "properties": {
        "@id": "node/2446130581",
        "amenity": "pharmacy",
        "dispensing": "no",
        "healthcare": "pharmacy",
        "name": "Pharmacie Segaï"
      },
      "geometry": {
        "type": "Point",
        "coordinates": [
          -4.0677294,
          5.3520975
        ]
      },
      "id": "node/2446130581"
    },
    {
      "type": "Feature",
      "properties": {
        "@id": "node/2446130582",
        "amenity": "pharmacy",
        "dispensing": "no",
        "healthcare": "pharmacy",
        "name": "Pharmacie Selmer"
      },
      "geometry": {
        "type": "Point",
        "coordinates": [
          -4.0686105,
          5.34362
        ]
      },
      "id": "node/2446130582"
    },
    {
      "type": "Feature",
      "properties": {
        "@id": "node/2446130583",
        "amenity": "pharmacy",
        "dispensing": "no",
        "healthcare": "pharmacy",
        "name": "Pharmacie Wassakara"
      },
      "geometry": {
        "type": "Point",
        "coordinates": [
          -4.0681782,
          5.3465153
        ]
      },
      "id": "node/2446130583"
    },
    {
      "type": "Feature",
      "properties": {
        "@id": "node/2446130584",
        "addr:city": "Yopougon",
        "addr:country": "CI",
        "addr:state": "Abidjan",
        "addr:street": "Rue P134",
        "amenity": "pharmacy",
        "dispensing": "no",
        "healthcare": "pharmacy",
        "name": "Pharmacie William-Ponty"
      },
      "geometry": {
        "type": "Point",
        "coordinates": [
          -4.0727649,
          5.3436131
        ]
      },
      "id": "node/2446130584"
    },
    {
      "type": "Feature",
      "properties": {
        "@id": "node/2452125558",
        "amenity": "doctors",
        "emergency": "no",
        "healthcare": "doctor",
        "name": "Cabinet dentaire",
        "phone": "20372431"
      },
      "geometry": {
        "type": "Point",
        "coordinates": [
          -4.0168178,
          5.3487426
        ]
      },
      "id": "node/2452125558"
    },
    {
      "type": "Feature",
      "properties": {
        "@id": "node/2459018206",
        "amenity": "pharmacy",
        "healthcare": "pharmacy",
        "name": "Pharmacie Leila"
      },
      "geometry": {
        "type": "Point",
        "coordinates": [
          -3.9655638,
          5.3116512
        ]
      },
      "id": "node/2459018206"
    },
    {
      "type": "Feature",
      "properties": {
        "@id": "node/2461273777",
        "addr:city": "Marcory",
        "addr:country": "CI",
        "addr:state": "Abidjan",
        "addr:street": "Rue E 7",
        "amenity": "clinic",
        "emergency": "no",
        "healthcare": "clinic",
        "name": "Clinique médicale Koko"
      },
      "geometry": {
        "type": "Point",
        "coordinates": [
          -3.9734755,
          5.3114387
        ]
      },
      "id": "node/2461273777"
    },
    {
      "type": "Feature",
      "properties": {
        "@id": "node/2461281843",
        "addr:city": "Marcory",
        "addr:country": "CI",
        "addr:state": "Abidjan",
        "addr:street": "Boulevard du Cameroun",
        "amenity": "pharmacy",
        "healthcare": "pharmacy",
        "name": "Pharmacie Le Meridien"
      },
      "geometry": {
        "type": "Point",
        "coordinates": [
          -3.9797412,
          5.3026733
        ]
      },
      "id": "node/2461281843"
    },
    {
      "type": "Feature",
      "properties": {
        "@id": "node/2461283324",
        "amenity": "pharmacy",
        "healthcare": "pharmacy",
        "name": "Pharmacie du Grand Marché"
      },
      "geometry": {
        "type": "Point",
        "coordinates": [
          -3.9745835,
          5.300093
        ]
      },
      "id": "node/2461283324"
    },
    {
      "type": "Feature",
      "properties": {
        "@id": "node/2462838228",
        "addr:city": "Yopougon",
        "addr:country": "CI",
        "addr:state": "Abidjan",
        "addr:street": "Rue O130",
        "amenity": "pharmacy",
        "healthcare": "pharmacy",
        "name": "Pharmacie Sacré-cœur"
      },
      "geometry": {
        "type": "Point",
        "coordinates": [
          -4.0548596,
          5.3364327
        ]
      },
      "id": "node/2462838228"
    },
    {
      "type": "Feature",
      "properties": {
        "@id": "node/2465270506",
        "addr:city": "Yopougon",
        "addr:country": "CI",
        "addr:state": "Abidjan",
        "addr:street": "Rue O13",
        "amenity": "pharmacy",
        "healthcare": "pharmacy",
        "name": "Pharmacie principale"
      },
      "geometry": {
        "type": "Point",
        "coordinates": [
          -4.0735112,
          5.3500715
        ]
      },
      "id": "node/2465270506"
    },
    {
      "type": "Feature",
      "properties": {
        "@id": "node/2468263080",
        "amenity": "pharmacy",
        "healthcare": "pharmacy",
        "name": "Pharmacie Santé"
      },
      "geometry": {
        "type": "Point",
        "coordinates": [
          -4.0153688,
          5.4237619
        ]
      },
      "id": "node/2468263080"
    },
    {
      "type": "Feature",
      "properties": {
        "@id": "node/2468282590",
        "amenity": "pharmacy",
        "healthcare": "pharmacy",
        "name": "Pharmacie La Mé"
      },
      "geometry": {
        "type": "Point",
        "coordinates": [
          -4.018439,
          5.4231124
        ]
      },
      "id": "node/2468282590"
    },
    {
      "type": "Feature",
      "properties": {
        "@id": "node/2468289176",
        "amenity": "pharmacy",
        "healthcare": "pharmacy",
        "name": "Pharmacie de La Mairie"
      },
      "geometry": {
        "type": "Point",
        "coordinates": [
          -4.0155111,
          5.419834
        ]
      },
      "id": "node/2468289176"
    },
    {
      "type": "Feature",
      "properties": {
        "@id": "node/2468291470",
        "amenity": "pharmacy",
        "healthcare": "pharmacy",
        "name": "Kann’Sy"
      },
      "geometry": {
        "type": "Point",
        "coordinates": [
          -4.0113874,
          5.4217279
        ]
      },
      "id": "node/2468291470"
    },
    {
      "type": "Feature",
      "properties": {
        "@id": "node/2468312981",
        "amenity": "pharmacy",
        "healthcare": "pharmacy",
        "name": "Pharmacie de l'Étoile",
        "project:opencities_abidjan": "yes",
        "source": "survey",
        "source:date": "02/03/2021"
      },
      "geometry": {
        "type": "Point",
        "coordinates": [
          -4.0198186,
          5.426908
        ]
      },
      "id": "node/2468312981"
    },
    {
      "type": "Feature",
      "properties": {
        "@id": "node/2468321691",
        "amenity": "pharmacy",
        "healthcare": "pharmacy",
        "name": "Nouvelle Pharmacie Miria"
      },
      "geometry": {
        "type": "Point",
        "coordinates": [
          -4.0119324,
          5.4175208
        ]
      },
      "id": "node/2468321691"
    },
    {
      "type": "Feature",
      "properties": {
        "@id": "node/2468323096",
        "amenity": "pharmacy",
        "healthcare": "pharmacy",
        "name": "Pharmacie Notre-Dame de Fatima"
      },
      "geometry": {
        "type": "Point",
        "coordinates": [
          -4.0014965,
          5.3997462
        ]
      },
      "id": "node/2468323096"
    },
    {
      "type": "Feature",
      "properties": {
        "@id": "node/2469422240",
        "addr:city": "Marcory",
        "addr:country": "CI",
        "addr:state": "Abidjan",
        "amenity": "pharmacy",
        "healthcare": "pharmacy",
        "name": "Pharmacie Bagoué"
      },
      "geometry": {
        "type": "Point",
        "coordinates": [
          -3.9712851,
          5.2979063
        ]
      },
      "id": "node/2469422240"
    },
    {
      "type": "Feature",
      "properties": {
        "@id": "node/2469468308",
        "addr:city": "Abidjan",
        "addr:country": "CI",
        "amenity": "pharmacy",
        "healthcare": "pharmacy",
        "name": "Pharmacie des Sables"
      },
      "geometry": {
        "type": "Point",
        "coordinates": [
          -3.9622715,
          5.3034734
        ]
      },
      "id": "node/2469468308"
    },
    {
      "type": "Feature",
      "properties": {
        "@id": "node/2471276473",
        "addr:city": "Yopougon",
        "addr:country": "CI",
        "addr:state": "Abidjan",
        "addr:street": "Rue O130",
        "amenity": "pharmacy",
        "healthcare": "pharmacy",
        "name": "Pharmacie Toits-Rouges"
      },
      "geometry": {
        "type": "Point",
        "coordinates": [
          -4.0555269,
          5.3316324
        ]
      },
      "id": "node/2471276473"
    },
    {
      "type": "Feature",
      "properties": {
        "@id": "node/2475558245",
        "amenity": "pharmacy",
        "healthcare": "pharmacy",
        "name": "Pharmacie Saint François"
      },
      "geometry": {
        "type": "Point",
        "coordinates": [
          -3.9599025,
          5.2951872
        ]
      },
      "id": "node/2475558245"
    },
    {
      "type": "Feature",
      "properties": {
        "@id": "node/2475561024",
        "amenity": "pharmacy",
        "healthcare": "pharmacy",
        "name": "Pharmacie In Challah"
      },
      "geometry": {
        "type": "Point",
        "coordinates": [
          -3.9631907,
          5.3011363
        ]
      },
      "id": "node/2475561024"
    },
    {
      "type": "Feature",
      "properties": {
        "@id": "node/2476370029",
        "amenity": "pharmacy",
        "healthcare": "pharmacy",
        "name": "Pharmacie Khaira"
      },
      "geometry": {
        "type": "Point",
        "coordinates": [
          -3.9675638,
          5.2964218
        ]
      },
      "id": "node/2476370029"
    },
    {
      "type": "Feature",
      "properties": {
        "@id": "node/2484690751",
        "amenity": "pharmacy",
        "healthcare": "pharmacy",
        "name": "Pharmacie du Marais",
        "operator": "Prive"
      },
      "geometry": {
        "type": "Point",
        "coordinates": [
          -3.9576197,
          5.3012296
        ]
      },
      "id": "node/2484690751"
    },
    {
      "type": "Feature",
      "properties": {
        "@id": "node/2489420736",
        "addr:city": "Cocody",
        "addr:country": "CI",
        "addr:pobox": "01 BP 1224 Abidjan 01",
        "addr:postcode": "01",
        "addr:state": "Abidjan",
        "addr:street": "Rue L130",
        "addr:suburb": "Angré",
        "amenity": "doctors",
        "contact:mobile": "+22502007711",
        "contact:phone": "+22522427182",
        "description": "Consultation, Consultation prénatale Pédiatrie Pansement, Médecine générale, gynécologie, diabetologie,",
        "healthcare": "doctor",
        "name": "Centre médical nimatoullah",
        "opening_hours": "24/7",
        "operator": "Fondation Dr. Javad Nurbakhsh",
        "operator:type": "private",
        "project:geoloc_unicef": "yes",
        "project:geoloc_unicef:id": "ABJ_457"
      },
      "geometry": {
        "type": "Point",
        "coordinates": [
          -3.9939118,
          5.3987428
        ]
      },
      "id": "node/2489420736"
    },
    {
      "type": "Feature",
      "properties": {
        "@id": "node/2493219528",
        "addr:city": "Adjamé",
        "addr:country": "CI",
        "addr:state": "Abidjan",
        "addr:street": "Boulevard Nangui Abrogroua",
        "amenity": "doctors",
        "emergency": "no",
        "healthcare": "doctor",
        "name": "Centre Medico-social",
        "phone": "+225 20224433"
      },
      "geometry": {
        "type": "Point",
        "coordinates": [
          -4.0260969,
          5.3412228
        ]
      },
      "id": "node/2493219528"
    },
    {
      "type": "Feature",
      "properties": {
        "@id": "node/2493725120",
        "amenity": "pharmacy",
        "healthcare": "pharmacy",
        "name": "Pharmacie Prodomo"
      },
      "geometry": {
        "type": "Point",
        "coordinates": [
          -3.9528813,
          5.2991259
        ]
      },
      "id": "node/2493725120"
    },
    {
      "type": "Feature",
      "properties": {
        "@id": "node/2493733854",
        "amenity": "pharmacy",
        "healthcare": "pharmacy",
        "name": "Pharmacie Saint Sauveur"
      },
      "geometry": {
        "type": "Point",
        "coordinates": [
          -3.9540893,
          5.2973883
        ]
      },
      "id": "node/2493733854"
    },
    {
      "type": "Feature",
      "properties": {
        "@id": "node/2493734633",
        "amenity": "pharmacy",
        "healthcare": "pharmacy",
        "name": "Pharmacie Beniabie"
      },
      "geometry": {
        "type": "Point",
        "coordinates": [
          -3.955755,
          5.2939123
        ]
      },
      "id": "node/2493734633"
    },
    {
      "type": "Feature",
      "properties": {
        "@id": "node/2493737349",
        "amenity": "clinic",
        "healthcare": "clinic",
        "name": "Clinique Axe optique"
      },
      "geometry": {
        "type": "Point",
        "coordinates": [
          -3.9558489,
          5.2939016
        ]
      },
      "id": "node/2493737349"
    },
    {
      "type": "Feature",
      "properties": {
        "@id": "node/2499821737",
        "addr:city": "Cocody",
        "addr:country": "CI",
        "addr:state": "Abidjan",
        "addr:street": "Boulevard des Martyrs",
        "amenity": "pharmacy",
        "healthcare": "pharmacy",
        "name": "Pharmacie Saint-Jean de Cocody",
        "phone": "+225 22 44 62 49"
      },
      "geometry": {
        "type": "Point",
        "coordinates": [
          -4.0035477,
          5.3372554
        ]
      },
      "id": "node/2499821737"
    },
    {
      "type": "Feature",
      "properties": {
        "@id": "node/2508539314",
        "addr:city": "Cocody",
        "addr:country": "CI",
        "addr:state": "Abidjan",
        "addr:street": "Boulevard Latrille",
        "addr:suburb": "Deux Plateaux",
        "amenity": "pharmacy",
        "healthcare": "pharmacy",
        "is_in": "Deux Plateaux;Cocody;Abidjan;Côte d'Ivoire",
        "name": "Pharmacie Latrille",
        "source": "InnovAfrica.org"
      },
      "geometry": {
        "type": "Point",
        "coordinates": [
          -3.997705,
          5.3617174
        ]
      },
      "id": "node/2508539314"
    },
    {
      "type": "Feature",
      "properties": {
        "@id": "node/2508541673",
        "addr:city": "Cocody",
        "addr:country": "CI",
        "addr:state": "Abidjan",
        "addr:suburb": "Deux Plateaux",
        "amenity": "pharmacy",
        "healthcare": "pharmacy",
        "name": "Pharmacie Orchid"
      },
      "geometry": {
        "type": "Point",
        "coordinates": [
          -3.9972212,
          5.3656722
        ]
      },
      "id": "node/2508541673"
    },
    {
      "type": "Feature",
      "properties": {
        "@id": "node/2513699725",
        "amenity": "pharmacy",
        "healthcare": "pharmacy",
        "name": "Pharmacie de Niangon Lokoa",
        "phone": "+225 23 450780"
      },
      "geometry": {
        "type": "Point",
        "coordinates": [
          -4.100041,
          5.3148424
        ]
      },
      "id": "node/2513699725"
    },
    {
      "type": "Feature",
      "properties": {
        "@id": "node/2513699726",
        "amenity": "pharmacy",
        "healthcare": "pharmacy",
        "name": "Pharmacie des Espérances"
      },
      "geometry": {
        "type": "Point",
        "coordinates": [
          -4.099369,
          5.3189766
        ]
      },
      "id": "node/2513699726"
    },
    {
      "type": "Feature",
      "properties": {
        "@id": "node/2550498686",
        "addr:city": "Adjamé",
        "addr:country": "CI",
        "addr:state": "Abidjan",
        "addr:street": "Boulevard Nangui Abrogroua",
        "amenity": "pharmacy",
        "healthcare": "pharmacy",
        "name": "Pharmacie d'Adjamé-Santé"
      },
      "geometry": {
        "type": "Point",
        "coordinates": [
          -4.0263818,
          5.340781
        ]
      },
      "id": "node/2550498686"
    },
    {
      "type": "Feature",
      "properties": {
        "@id": "node/2575163567",
        "addr:city": "Cocody",
        "addr:country": "CI",
        "addr:state": "Abidjan",
        "amenity": "pharmacy",
        "dispensing": "yes",
        "healthcare": "pharmacy",
        "name": "Pharmacie de la palmeraie"
      },
      "geometry": {
        "type": "Point",
        "coordinates": [
          -3.9594942,
          5.3634869
        ]
      },
      "id": "node/2575163567"
    },
    {
      "type": "Feature",
      "properties": {
        "@id": "node/2604141815",
        "amenity": "clinic",
        "healthcare": "clinic",
        "name": "Clinique Liring"
      },
      "geometry": {
        "type": "Point",
        "coordinates": [
          -3.9707658,
          5.2981314
        ]
      },
      "id": "node/2604141815"
    },
    {
      "type": "Feature",
      "properties": {
        "@id": "node/2678433328",
        "amenity": "pharmacy",
        "healthcare": "pharmacy",
        "name": "Pharmacie Niangon Nord"
      },
      "geometry": {
        "type": "Point",
        "coordinates": [
          -4.1026381,
          5.3293434
        ]
      },
      "id": "node/2678433328"
    },
    {
      "type": "Feature",
      "properties": {
        "@id": "node/2684196799",
        "amenity": "doctors",
        "healthcare": "doctor",
        "name": "Clinique médicale Sainte Marie"
      },
      "geometry": {
        "type": "Point",
        "coordinates": [
          -4.1047591,
          5.3229474
        ]
      },
      "id": "node/2684196799"
    },
    {
      "type": "Feature",
      "properties": {
        "@id": "node/2696374105",
        "amenity": "pharmacy",
        "healthcare": "pharmacy",
        "name": "Pharmacie Lagoma"
      },
      "geometry": {
        "type": "Point",
        "coordinates": [
          -4.1088047,
          5.3236882
        ]
      },
      "id": "node/2696374105"
    },
    {
      "type": "Feature",
      "properties": {
        "@id": "node/2745345968",
        "amenity": "pharmacy",
        "healthcare": "pharmacy",
        "name": "Pharmacie de Gesco"
      },
      "geometry": {
        "type": "Point",
        "coordinates": [
          -4.0976411,
          5.3632605
        ]
      },
      "id": "node/2745345968"
    },
    {
      "type": "Feature",
      "properties": {
        "@id": "node/2760759391",
        "amenity": "doctors",
        "healthcare": "doctor",
        "name": "Centre Médico Social"
      },
      "geometry": {
        "type": "Point",
        "coordinates": [
          -3.9477124,
          5.3101063
        ]
      },
      "id": "node/2760759391"
    },
    {
      "type": "Feature",
      "properties": {
        "@id": "node/2761139134",
        "amenity": "pharmacy",
        "healthcare": "pharmacy",
        "name": "Pharmacie Saint-Paul"
      },
      "geometry": {
        "type": "Point",
        "coordinates": [
          -3.9496891,
          5.3092429
        ]
      },
      "id": "node/2761139134"
    },
    {
      "type": "Feature",
      "properties": {
        "@id": "node/2762278869",
        "amenity": "pharmacy",
        "healthcare": "pharmacy",
        "name": "Phamacie Fanny"
      },
      "geometry": {
        "type": "Point",
        "coordinates": [
          -3.947683,
          5.3102325
        ]
      },
      "id": "node/2762278869"
    },
    {
      "type": "Feature",
      "properties": {
        "@id": "node/2763889791",
        "amenity": "pharmacy",
        "healthcare": "pharmacy",
        "name": "Pharmacie campement"
      },
      "geometry": {
        "type": "Point",
        "coordinates": [
          -3.9451578,
          5.3045042
        ]
      },
      "id": "node/2763889791"
    },
    {
      "type": "Feature",
      "properties": {
        "@id": "node/2778059474",
        "addr:city": "Cocody",
        "addr:country": "CI",
        "addr:state": "Abidjan",
        "addr:street": "Boulevard de France",
        "amenity": "pharmacy",
        "healthcare": "pharmacy",
        "name": "Pharmacie du Boulevard de France"
      },
      "geometry": {
        "type": "Point",
        "coordinates": [
          -4.0019693,
          5.3354868
        ]
      },
      "id": "node/2778059474"
    },
    {
      "type": "Feature",
      "properties": {
        "@id": "node/2804426641",
        "addr:city": "Yopougon",
        "addr:country": "CI",
        "addr:state": "Abidjan",
        "addr:street": "Avenue Marie-Thérèse-Houphouët-Boigny",
        "amenity": "pharmacy",
        "designation": "Pharmacie Uniquement",
        "emergency": "no",
        "healthcare": "pharmacy",
        "name": "Pharmacie Saint-André"
      },
      "geometry": {
        "type": "Point",
        "coordinates": [
          -4.0747959,
          5.3423827
        ]
      },
      "id": "node/2804426641"
    },
    {
      "type": "Feature",
      "properties": {
        "@id": "node/2864434305",
        "amenity": "pharmacy",
        "healthcare": "pharmacy",
        "name": "Pharmacie Christ Stella",
        "phone": "+225-20 37 90 85"
      },
      "geometry": {
        "type": "Point",
        "coordinates": [
          -4.0348825,
          5.3573711
        ]
      },
      "id": "node/2864434305"
    },
    {
      "type": "Feature",
      "properties": {
        "@id": "node/2898894066",
        "addr:city": "Cocody",
        "addr:country": "CI",
        "addr:state": "Abidjan",
        "addr:suburb": "Deux Plateaux",
        "amenity": "pharmacy",
        "healthcare": "pharmacy",
        "name": "Pharmacie des 2 Plateaux"
      },
      "geometry": {
        "type": "Point",
        "coordinates": [
          -3.9978189,
          5.3693487
        ]
      },
      "id": "node/2898894066"
    },
    {
      "type": "Feature",
      "properties": {
        "@id": "node/2898937205",
        "addr:city": "Cocody",
        "addr:country": "CI",
        "addr:state": "Abidjan",
        "addr:suburb": "Deux Plateaux",
        "amenity": "pharmacy",
        "healthcare": "pharmacy",
        "name": "Pharmacie Saint Gabriel"
      },
      "geometry": {
        "type": "Point",
        "coordinates": [
          -3.9924989,
          5.3878642
        ]
      },
      "id": "node/2898937205"
    },
    {
      "type": "Feature",
      "properties": {
        "@id": "node/2899056622",
        "amenity": "clinic",
        "healthcare": "clinic",
        "name": "Clinique centrale d'Abobo"
      },
      "geometry": {
        "type": "Point",
        "coordinates": [
          -4.006872,
          5.4109278
        ]
      },
      "id": "node/2899056622"
    },
    {
      "type": "Feature",
      "properties": {
        "@id": "node/2899068224",
        "amenity": "pharmacy",
        "healthcare": "pharmacy",
        "name": "Pharmacie Plateau Dokui"
      },
      "geometry": {
        "type": "Point",
        "coordinates": [
          -4.0065582,
          5.4052375
        ]
      },
      "id": "node/2899068224"
    },
    {
      "type": "Feature",
      "properties": {
        "@id": "node/2899084831",
        "amenity": "pharmacy",
        "healthcare": "pharmacy",
        "name": "Pharmacie Saint François Xavier"
      },
      "geometry": {
        "type": "Point",
        "coordinates": [
          -4.0147336,
          5.4327675
        ]
      },
      "id": "node/2899084831"
    },
    {
      "type": "Feature",
      "properties": {
        "@id": "node/2899086939",
        "amenity": "pharmacy",
        "healthcare": "pharmacy",
        "name": "Pharmacie de la Sogefiha",
        "note": "« Sogefiha » est une abréviation pour « Société de Gestion Financière de l’Habitat »."
      },
      "geometry": {
        "type": "Point",
        "coordinates": [
          -4.0124778,
          5.4339744
        ]
      },
      "id": "node/2899086939"
    },
    {
      "type": "Feature",
      "properties": {
        "@id": "node/2902884110",
        "addr:city": "Adjamé",
        "addr:country": "CI",
        "addr:state": "Abidjan",
        "addr:street": "Rue C20",
        "addr:suburb": "Adjame",
        "amenity": "doctors",
        "contact:phone": "+22520370421",
        "description": "Accouchement Assistance sociale, soutien social Conseil et dépistage volontaire (CDV) Conseil,",
        "healthcare": "doctor",
        "name": "Formation Sanitaire Urbaine Thérèse-Houphouët-Boigny",
        "opening_hours": "24/7",
        "operator:type": "public",
        "phone": "20370421",
        "project:geoloc_unicef": "yes",
        "project:geoloc_unicef:id": "ABJ_312",
        "short_name": "FSU Marie Thérèse Houphouët Boigny 220 logements"
      },
      "geometry": {
        "type": "Point",
        "coordinates": [
          -4.0182707,
          5.3486371
        ]
      },
      "id": "node/2902884110"
    },
    {
      "type": "Feature",
      "properties": {
        "@id": "node/2902905787",
        "amenity": "pharmacy",
        "healthcare": "pharmacy",
        "name": "Pharmacie Adjamé Latin"
      },
      "geometry": {
        "type": "Point",
        "coordinates": [
          -4.0200109,
          5.3587165
        ]
      },
      "id": "node/2902905787"
    },
    {
      "type": "Feature",
      "properties": {
        "@id": "node/2915038071",
        "addr:city": "Yopougon",
        "addr:country": "CI",
        "addr:state": "Abidjan",
        "addr:suburb": "Maroc Anador",
        "amenity": "pharmacy",
        "healthcare": "pharmacy",
        "name": "Pharmacie Maroc",
        "opening_hours": "07:00-19:00",
        "shop": "chemist"
      },
      "geometry": {
        "type": "Point",
        "coordinates": [
          -4.1005786,
          5.3400239
        ]
      },
      "id": "node/2915038071"
    },
    {
      "type": "Feature",
      "properties": {
        "@id": "node/2924123675",
        "amenity": "pharmacy",
        "healthcare": "pharmacy",
        "name": "Pharmacie Espoir"
      },
      "geometry": {
        "type": "Point",
        "coordinates": [
          -4.0192937,
          5.349435
        ]
      },
      "id": "node/2924123675"
    },
    {
      "type": "Feature",
      "properties": {
        "@id": "node/2936645343",
        "addr:suburb": "Adjame",
        "amenity": "doctors",
        "contact:mobile": "+22520379050",
        "contact:phone": "+22520373938",
        "description": "Accouchement Assistance sociale, soutien social",
        "healthcare": "doctor",
        "name": "Formation sanitaire urbaine de Williamsville",
        "opening_hours": "24/7",
        "operator:type": "public",
        "project:geoloc_unicef": "yes",
        "project:geoloc_unicef:id": "ABJ_350"
      },
      "geometry": {
        "type": "Point",
        "coordinates": [
          -4.0231827,
          5.3676041
        ]
      },
      "id": "node/2936645343"
    },
    {
      "type": "Feature",
      "properties": {
        "@id": "node/2938824916",
        "amenity": "pharmacy",
        "healthcare": "pharmacy",
        "name": "Pharmacie du Carrefour"
      },
      "geometry": {
        "type": "Point",
        "coordinates": [
          -3.9895663,
          5.2997742
        ]
      },
      "id": "node/2938824916"
    },
    {
      "type": "Feature",
      "properties": {
        "@id": "node/2948303658",
        "amenity": "pharmacy",
        "healthcare": "pharmacy",
        "name": "Pharmacie du Progres"
      },
      "geometry": {
        "type": "Point",
        "coordinates": [
          -4.0993671,
          5.3467909
        ]
      },
      "id": "node/2948303658"
    },
    {
      "type": "Feature",
      "properties": {
        "@id": "node/2960508954",
        "amenity": "pharmacy",
        "healthcare": "pharmacy",
        "name": "Pharmacie Principale de Bingerville"
      },
      "geometry": {
        "type": "Point",
        "coordinates": [
          -3.8879569,
          5.3573049
        ]
      },
      "id": "node/2960508954"
    },
    {
      "type": "Feature",
      "properties": {
        "@id": "node/2989750715",
        "amenity": "pharmacy",
        "dispensing": "yes",
        "healthcare": "pharmacy",
        "name": "Pharmacie Saint Ange"
      },
      "geometry": {
        "type": "Point",
        "coordinates": [
          -3.9782585,
          5.3572365
        ]
      },
      "id": "node/2989750715"
    },
    {
      "type": "Feature",
      "properties": {
        "@id": "node/3015620991",
        "addr:city": "Treichville",
        "addr:country": "CI",
        "addr:state": "Abidjan",
        "addr:street": "Rue 12",
        "amenity": "clinic",
        "healthcare": "clinic",
        "name": "Clinique Harmonie"
      },
      "geometry": {
        "type": "Point",
        "coordinates": [
          -4.0116529,
          5.3055632
        ]
      },
      "id": "node/3015620991"
    },
    {
      "type": "Feature",
      "properties": {
        "@id": "node/3015620992",
        "amenity": "clinic",
        "email": "mascot@yahoo.fr",
        "healthcare": "clinic",
        "name": "Clinique La Mascotte",
        "phone": "21242417"
      },
      "geometry": {
        "type": "Point",
        "coordinates": [
          -4.0138728,
          5.3070421
        ]
      },
      "id": "node/3015620992"
    },
    {
      "type": "Feature",
      "properties": {
        "@id": "node/3015621028",
        "addr:city": "Treichville",
        "addr:country": "CI",
        "addr:state": "Abidjan",
        "addr:street": "Avenue de la reine Pokou",
        "amenity": "pharmacy",
        "healthcare": "pharmacy",
        "name": "Pharmacie Alpha 16"
      },
      "geometry": {
        "type": "Point",
        "coordinates": [
          -4.0091424,
          5.3045163
        ]
      },
      "id": "node/3015621028"
    },
    {
      "type": "Feature",
      "properties": {
        "@id": "node/3015621029",
        "amenity": "pharmacy",
        "healthcare": "pharmacy",
        "name": "Pharmacie d'Arras"
      },
      "geometry": {
        "type": "Point",
        "coordinates": [
          -4.0028159,
          5.3001693
        ]
      },
      "id": "node/3015621029"
    },
    {
      "type": "Feature",
      "properties": {
        "@id": "node/3015621030",
        "amenity": "pharmacy",
        "healthcare": "pharmacy",
        "name": "Pharmacie Flora"
      },
      "geometry": {
        "type": "Point",
        "coordinates": [
          -4.0143854,
          5.3066198
        ]
      },
      "id": "node/3015621030"
    },
    {
      "type": "Feature",
      "properties": {
        "@id": "node/3015621031",
        "amenity": "pharmacy",
        "healthcare": "pharmacy",
        "name": "Pharmacie La Grâce"
      },
      "geometry": {
        "type": "Point",
        "coordinates": [
          -4.0113095,
          5.3045428
        ]
      },
      "id": "node/3015621031"
    },
    {
      "type": "Feature",
      "properties": {
        "@id": "node/3015621032",
        "addr:city": "Treichville",
        "addr:country": "CI",
        "addr:state": "Abidjan",
        "addr:street": "Avenue de la reine Pokou",
        "amenity": "pharmacy",
        "healthcare": "pharmacy",
        "name": "Pharmacie Merouane"
      },
      "geometry": {
        "type": "Point",
        "coordinates": [
          -4.005677,
          5.305654
        ]
      },
      "id": "node/3015621032"
    },
    {
      "type": "Feature",
      "properties": {
        "@id": "node/3015623533",
        "addr:city": "Treichville",
        "addr:country": "CI",
        "addr:state": "Abidjan",
        "addr:street": "Avenue Ouézzin Coulibaly",
        "amenity": "pharmacy",
        "health": "medicine",
        "healthcare": "pharmacy",
        "name": "Pharmacie Notre-Dame"
      },
      "geometry": {
        "type": "Point",
        "coordinates": [
          -4.0040667,
          5.3038611
        ]
      },
      "id": "node/3015623533"
    },
    {
      "type": "Feature",
      "properties": {
        "@id": "node/3015623534",
        "amenity": "pharmacy",
        "healthcare": "pharmacy",
        "name": "Pharmacie Ode"
      },
      "geometry": {
        "type": "Point",
        "coordinates": [
          -4.003838,
          5.3010543
        ]
      },
      "id": "node/3015623534"
    },
    {
      "type": "Feature",
      "properties": {
        "@id": "node/3015623535",
        "addr:city": "Treichville",
        "addr:country": "CI",
        "addr:state": "Abidjan",
        "addr:street": "Rue 12",
        "amenity": "pharmacy",
        "healthcare": "pharmacy",
        "name": "Pharmacie Rue 12"
      },
      "geometry": {
        "type": "Point",
        "coordinates": [
          -4.0120687,
          5.3059906
        ]
      },
      "id": "node/3015623535"
    },
    {
      "type": "Feature",
      "properties": {
        "@id": "node/3017000109",
        "amenity": "doctors",
        "description": "consultation pediatrie gynecologie obstetrique",
        "healthcare": "doctor",
        "name": "Cabinet de soins Marie Therese",
        "phone": "66069495"
      },
      "geometry": {
        "type": "Point",
        "coordinates": [
          -4.0175222,
          5.3494615
        ]
      },
      "id": "node/3017000109"
    },
    {
      "type": "Feature",
      "properties": {
        "@id": "node/3017000111",
        "addr:suburb": "Adjame",
        "amenity": "doctors",
        "contact:phone": "+22553261094",
        "description": "Consultation gynéco-obstétriques Accouchement Pansement Consultation prénatale Pédiatrie Soins bucco-dentaires",
        "healthcare": "doctor",
        "name": "Centre medical de la cite de l'enfance croix rouge",
        "opening_hours": "24/7",
        "operator:type": "public",
        "project:geoloc_unicef": "yes",
        "project:geoloc_unicef:id": "ABJ_326"
      },
      "geometry": {
        "type": "Point",
        "coordinates": [
          -4.0186871,
          5.349176
        ]
      },
      "id": "node/3017000111"
    },
    {
      "type": "Feature",
      "properties": {
        "@id": "node/3017000112",
        "amenity": "doctors",
        "description": "consultation opthamologie orl gynecologie dermatologie ...",
        "healthcare": "doctor",
        "name": "centre medico-socio evangelique amour universel",
        "phone": "40318162"
      },
      "geometry": {
        "type": "Point",
        "coordinates": [
          -4.0203925,
          5.3529671
        ]
      },
      "id": "node/3017000112"
    },
    {
      "type": "Feature",
      "properties": {
        "@id": "node/3017000124",
        "addr:pobox": "08 BP 2450 Abidjan 08",
        "addr:postcode": "08 BP 2450 Abidjan 08",
        "amenity": "doctors",
        "description": "consultation opthamologie orl gynecologie dermatologie fibroendescopie imagerie medicale dentaire ...",
        "email": "hallmedinri@aviso.ci",
        "healthcare": "doctor",
        "name": "Hall médical INRI de la fraternité",
        "phone": "20383418 20390065"
      },
      "geometry": {
        "type": "Point",
        "coordinates": [
          -4.0220272,
          5.3491343
        ]
      },
      "id": "node/3017000124"
    },
    {
      "type": "Feature",
      "properties": {
        "@id": "node/3017000439",
        "addr:city": "Adjamé",
        "addr:country": "CI",
        "addr:state": "Abidjan",
        "addr:street": "Avenue de la Mé",
        "amenity": "pharmacy",
        "healthcare": "pharmacy",
        "name": "Pharmacie du marché"
      },
      "geometry": {
        "type": "Point",
        "coordinates": [
          -4.026204,
          5.3444314
        ]
      },
      "id": "node/3017000439"
    },
    {
      "type": "Feature",
      "properties": {
        "@id": "node/3017000440",
        "addr:city": "Adjamé",
        "addr:country": "CI",
        "addr:state": "Abidjan",
        "addr:street": "Avenue de la Comoé",
        "amenity": "pharmacy",
        "healthcare": "pharmacy",
        "name": "Pharmacie du forum"
      },
      "geometry": {
        "type": "Point",
        "coordinates": [
          -4.026625,
          5.345772
        ]
      },
      "id": "node/3017000440"
    },
    {
      "type": "Feature",
      "properties": {
        "@id": "node/3017000441",
        "amenity": "pharmacy",
        "healthcare": "pharmacy",
        "name": "Pharmacie Koro",
        "phone": "20386851"
      },
      "geometry": {
        "type": "Point",
        "coordinates": [
          -4.0205309,
          5.3526715
        ]
      },
      "id": "node/3017000441"
    },
    {
      "type": "Feature",
      "properties": {
        "@id": "node/3017000442",
        "addr:city": "Adjamé",
        "addr:country": "CI",
        "addr:state": "Abidjan",
        "addr:street": "Avenue 13",
        "amenity": "pharmacy",
        "healthcare": "pharmacy",
        "name": "Pharmacie Marché Gouro"
      },
      "geometry": {
        "type": "Point",
        "coordinates": [
          -4.0227042,
          5.3490948
        ]
      },
      "id": "node/3017000442"
    },
    {
      "type": "Feature",
      "properties": {
        "@id": "node/3017000443",
        "addr:city": "Adjamé",
        "addr:country": "CI",
        "addr:state": "Abidjan",
        "addr:street": "Rue C12",
        "amenity": "pharmacy",
        "healthcare": "pharmacy",
        "name": "Pharmacie Sainte-Marie"
      },
      "geometry": {
        "type": "Point",
        "coordinates": [
          -4.0250954,
          5.3466992
        ]
      },
      "id": "node/3017000443"
    },
    {
      "type": "Feature",
      "properties": {
        "@id": "node/3017000444",
        "amenity": "pharmacy",
        "healthcare": "pharmacy",
        "name": "Pharmacie Sénève",
        "phone": "20387411"
      },
      "geometry": {
        "type": "Point",
        "coordinates": [
          -4.0217197,
          5.3511811
        ]
      },
      "id": "node/3017000444"
    },
    {
      "type": "Feature",
      "properties": {
        "@id": "node/3025219733",
        "addr:city": "Marcory",
        "addr:country": "CI",
        "addr:state": "Abidjan",
        "addr:street": "Rue Pierre et Marie Curie",
        "amenity": "pharmacy",
        "healthcare": "pharmacy",
        "name": "Pharmacie Lanvia"
      },
      "geometry": {
        "type": "Point",
        "coordinates": [
          -3.9824791,
          5.2870905
        ]
      },
      "id": "node/3025219733"
    },
    {
      "type": "Feature",
      "properties": {
        "@id": "node/3047090555",
        "addr:city": "Koumassi",
        "addr:country": "CI",
        "addr:postcode": "225",
        "addr:state": "Abidjan",
        "amenity": "pharmacy",
        "healthcare": "pharmacy",
        "name": "Pharmacie du Canal"
      },
      "geometry": {
        "type": "Point",
        "coordinates": [
          -3.9684052,
          5.2999326
        ]
      },
      "id": "node/3047090555"
    },
    {
      "type": "Feature",
      "properties": {
        "@id": "node/3047090557",
        "amenity": "doctors",
        "healthcare": "doctor",
        "name": "Centre Medico Social El Kabod"
      },
      "geometry": {
        "type": "Point",
        "coordinates": [
          -3.9688102,
          5.3045865
        ]
      },
      "id": "node/3047090557"
    },
    {
      "type": "Feature",
      "properties": {
        "@id": "node/3067775397",
        "addr:city": "Yopougon",
        "addr:country": "CI",
        "addr:state": "Abidjan",
        "addr:street": "Rue O111",
        "amenity": "pharmacy",
        "healthcare": "pharmacy",
        "name": "Pharmacie LEM"
      },
      "geometry": {
        "type": "Point",
        "coordinates": [
          -4.0770513,
          5.3315946
        ]
      },
      "id": "node/3067775397"
    },
    {
      "type": "Feature",
      "properties": {
        "@id": "node/3069866010",
        "amenity": "pharmacy",
        "healthcare": "pharmacy",
        "name": "Pharmacie Saint François De Danga",
        "project:opencities_abidjan": "yes",
        "source": "survey",
        "source:date": "22/02/2021"
      },
      "geometry": {
        "type": "Point",
        "coordinates": [
          -4.0040769,
          5.3432671
        ]
      },
      "id": "node/3069866010"
    },
    {
      "type": "Feature",
      "properties": {
        "@id": "node/3131355370",
        "amenity": "pharmacy",
        "dispensing": "yes",
        "healthcare": "pharmacy",
        "name": "Pharmacie Belle Cité",
        "opening_hours": "24/7"
      },
      "geometry": {
        "type": "Point",
        "coordinates": [
          -4.0206899,
          5.4463775
        ]
      },
      "id": "node/3131355370"
    },
    {
      "type": "Feature",
      "properties": {
        "@id": "node/3132898939",
        "amenity": "pharmacy",
        "healthcare": "pharmacy",
        "name": "Sainte-Marie des Béatitudes"
      },
      "geometry": {
        "type": "Point",
        "coordinates": [
          -3.9630857,
          5.3767269
        ]
      },
      "id": "node/3132898939"
    },
    {
      "type": "Feature",
      "properties": {
        "@id": "node/3136899564",
        "amenity": "pharmacy",
        "healthcare": "pharmacy",
        "name": "Pharmacie Saint-Paul"
      },
      "geometry": {
        "type": "Point",
        "coordinates": [
          -3.9652039,
          5.3716977
        ]
      },
      "id": "node/3136899564"
    },
    {
      "type": "Feature",
      "properties": {
        "@id": "node/3139543320",
        "amenity": "pharmacy",
        "healthcare": "pharmacy",
        "name": "Pharmacie Les Rosiers"
      },
      "geometry": {
        "type": "Point",
        "coordinates": [
          -3.9645366,
          5.3807781
        ]
      },
      "id": "node/3139543320"
    },
    {
      "type": "Feature",
      "properties": {
        "@id": "node/3142600531",
        "amenity": "pharmacy",
        "healthcare": "pharmacy",
        "name": "Pharmacie Sainte-Jeanne"
      },
      "geometry": {
        "type": "Point",
        "coordinates": [
          -4.0145841,
          5.303974
        ]
      },
      "id": "node/3142600531"
    },
    {
      "type": "Feature",
      "properties": {
        "@id": "node/3142600541",
        "amenity": "pharmacy",
        "healthcare": "pharmacy",
        "name": "Pharmacie Rosiers"
      },
      "geometry": {
        "type": "Point",
        "coordinates": [
          -3.9618248,
          5.3735824
        ]
      },
      "id": "node/3142600541"
    },
    {
      "type": "Feature",
      "properties": {
        "@id": "node/3144239848",
        "amenity": "pharmacy",
        "healthcare": "pharmacy",
        "name": "Pharmacie Les Archanges"
      },
      "geometry": {
        "type": "Point",
        "coordinates": [
          -4.0056693,
          5.2960541
        ]
      },
      "id": "node/3144239848"
    },
    {
      "type": "Feature",
      "properties": {
        "@id": "node/3144240806",
        "amenity": "pharmacy",
        "healthcare": "pharmacy",
        "name": "Pharmacie de la Corniche"
      },
      "geometry": {
        "type": "Point",
        "coordinates": [
          -4.0154251,
          5.3414057
        ]
      },
      "id": "node/3144240806"
    },
    {
      "type": "Feature",
      "properties": {
        "@id": "node/3144241936",
        "amenity": "clinic",
        "healthcare": "clinic",
        "name": "Clinique Médicale Sainte-Philomène"
      },
      "geometry": {
        "type": "Point",
        "coordinates": [
          -3.9795361,
          5.3569692
        ]
      },
      "id": "node/3144241936"
    },
    {
      "type": "Feature",
      "properties": {
        "@id": "node/3144242204",
        "amenity": "pharmacy",
        "healthcare": "pharmacy",
        "name": "Pharmacie du Grand Marché"
      },
      "geometry": {
        "type": "Point",
        "coordinates": [
          -4.0117676,
          5.3072073
        ]
      },
      "id": "node/3144242204"
    },
    {
      "type": "Feature",
      "properties": {
        "@id": "node/3144242208",
        "amenity": "pharmacy",
        "healthcare": "pharmacy",
        "name": "Pharmacie du Lycée Technique"
      },
      "geometry": {
        "type": "Point",
        "coordinates": [
          -4.0115003,
          5.3442107
        ]
      },
      "id": "node/3144242208"
    },
    {
      "type": "Feature",
      "properties": {
        "@id": "node/3145395508",
        "addr:city": "Cocody",
        "addr:country": "CI",
        "addr:state": "Abidjan",
        "addr:suburb": "Deux Plateaux",
        "amenity": "pharmacy",
        "dispensing": "yes",
        "healthcare": "pharmacy",
        "name": "Pharmacie Sainte Cécile"
      },
      "geometry": {
        "type": "Point",
        "coordinates": [
          -3.9927496,
          5.3773579
        ]
      },
      "id": "node/3145395508"
    },
    {
      "type": "Feature",
      "properties": {
        "@id": "node/3145725168",
        "alt_name": "Pharmacie Bonoumin",
        "amenity": "pharmacy",
        "healthcare": "pharmacy",
        "name": "Pharmacie de Bounounim"
      },
      "geometry": {
        "type": "Point",
        "coordinates": [
          -3.9712148,
          5.3609637
        ]
      },
      "id": "node/3145725168"
    },
    {
      "type": "Feature",
      "properties": {
        "@id": "node/3145728775",
        "amenity": "doctors",
        "healthcare": "doctor",
        "name": "Centre Médical Inter-Entreprises"
      },
      "geometry": {
        "type": "Point",
        "coordinates": [
          -3.9989478,
          5.2924043
        ]
      },
      "id": "node/3145728775"
    },
    {
      "type": "Feature",
      "properties": {
        "@id": "node/3147059045",
        "addr:city": "Cocody",
        "addr:country": "CI",
        "addr:state": "Abidjan",
        "addr:suburb": "Deux Plateaux",
        "amenity": "pharmacy",
        "healthcare": "pharmacy",
        "name": "Pharmacie Les Sept Lys"
      },
      "geometry": {
        "type": "Point",
        "coordinates": [
          -3.9874968,
          5.3858352
        ]
      },
      "id": "node/3147059045"
    },
    {
      "type": "Feature",
      "properties": {
        "@id": "node/3149011613",
        "amenity": "doctors",
        "healthcare": "doctor",
        "name": "Centre National de Transfusion Sanguine"
      },
      "geometry": {
        "type": "Point",
        "coordinates": [
          -3.9966532,
          5.2916283
        ]
      },
      "id": "node/3149011613"
    },
    {
      "type": "Feature",
      "properties": {
        "@id": "node/3157661251",
        "amenity": "pharmacy",
        "healthcare": "pharmacy",
        "name": "Nouvelle Pharmacie Nanan Yamoussou"
      },
      "geometry": {
        "type": "Point",
        "coordinates": [
          -4.0052566,
          5.3071442
        ]
      },
      "id": "node/3157661251"
    },
    {
      "type": "Feature",
      "properties": {
        "@id": "node/3161306363",
        "amenity": "pharmacy",
        "healthcare": "pharmacy",
        "name": "Pharmacie du Bonheur"
      },
      "geometry": {
        "type": "Point",
        "coordinates": [
          -3.9590591,
          5.3695041
        ]
      },
      "id": "node/3161306363"
    },
    {
      "type": "Feature",
      "properties": {
        "@id": "node/3163279429",
        "amenity": "pharmacy",
        "dispensing": "yes",
        "healthcare": "pharmacy",
        "name": "Pharmacie Grand marché de Marcory"
      },
      "geometry": {
        "type": "Point",
        "coordinates": [
          -3.9767776,
          5.3008106
        ]
      },
      "id": "node/3163279429"
    },
    {
      "type": "Feature",
      "properties": {
        "@id": "node/3163359848",
        "amenity": "pharmacy",
        "dispensing": "yes",
        "healthcare": "pharmacy",
        "name": "Pharmacie Bethel"
      },
      "geometry": {
        "type": "Point",
        "coordinates": [
          -3.9789846,
          5.3639608
        ]
      },
      "id": "node/3163359848"
    },
    {
      "type": "Feature",
      "properties": {
        "@id": "node/3163363578",
        "addr:city": "Abidjan",
        "addr:postcode": "225",
        "addr:street": "Rue C23",
        "amenity": "pharmacy",
        "dispensing": "yes",
        "healthcare": "pharmacy",
        "name": "Pharmacie St Bernard"
      },
      "geometry": {
        "type": "Point",
        "coordinates": [
          -3.979422,
          5.3672069
        ]
      },
      "id": "node/3163363578"
    },
    {
      "type": "Feature",
      "properties": {
        "@id": "node/3163381220",
        "amenity": "pharmacy",
        "dispensing": "yes",
        "healthcare": "pharmacy",
        "name": "Pharmacie Belle Epine"
      },
      "geometry": {
        "type": "Point",
        "coordinates": [
          -3.9808177,
          5.3488336
        ]
      },
      "id": "node/3163381220"
    },
    {
      "type": "Feature",
      "properties": {
        "@id": "node/3163382546",
        "amenity": "pharmacy",
        "dispensing": "yes",
        "healthcare": "pharmacy",
        "name": "Pharmacie les Elias"
      },
      "geometry": {
        "type": "Point",
        "coordinates": [
          -3.9776064,
          5.3449235
        ]
      },
      "id": "node/3163382546"
    },
    {
      "type": "Feature",
      "properties": {
        "@id": "node/3170063464",
        "amenity": "pharmacy",
        "healthcare": "pharmacy",
        "name": "Pharmacie du Longchamp"
      },
      "geometry": {
        "type": "Point",
        "coordinates": [
          -4.022447,
          5.3254343
        ]
      },
      "id": "node/3170063464"
    },
    {
      "type": "Feature",
      "properties": {
        "@id": "node/3170460528",
        "amenity": "pharmacy",
        "healthcare": "pharmacy",
        "name": "Pharmacie Cellule Sainte"
      },
      "geometry": {
        "type": "Point",
        "coordinates": [
          -3.9791103,
          5.3931596
        ]
      },
      "id": "node/3170460528"
    },
    {
      "type": "Feature",
      "properties": {
        "@id": "node/3174960708",
        "addr:city": "Marcory",
        "addr:country": "CI",
        "addr:state": "Abidjan",
        "addr:street": "Boulevard Félix Houphouët Boigny (FHB)",
        "amenity": "pharmacy",
        "healthcare": "pharmacy",
        "name": "Pharmacie Elite"
      },
      "geometry": {
        "type": "Point",
        "coordinates": [
          -3.9784192,
          5.2939651
        ]
      },
      "id": "node/3174960708"
    },
    {
      "type": "Feature",
      "properties": {
        "@id": "node/3174960712",
        "amenity": "pharmacy",
        "healthcare": "pharmacy",
        "name": "Pont d'Anoumabo"
      },
      "geometry": {
        "type": "Point",
        "coordinates": [
          -3.9763351,
          5.3052437
        ]
      },
      "id": "node/3174960712"
    },
    {
      "type": "Feature",
      "properties": {
        "@id": "node/3177106079",
        "amenity": "pharmacy",
        "healthcare": "pharmacy",
        "name": "Quartier Ebrié"
      },
      "geometry": {
        "type": "Point",
        "coordinates": [
          -4.0207588,
          5.3552917
        ]
      },
      "id": "node/3177106079"
    },
    {
      "type": "Feature",
      "properties": {
        "@id": "node/3178557828",
        "amenity": "pharmacy",
        "healthcare": "pharmacy",
        "name": "Pharmacie Bel Horizon"
      },
      "geometry": {
        "type": "Point",
        "coordinates": [
          -3.9907671,
          5.4060263
        ]
      },
      "id": "node/3178557828"
    },
    {
      "type": "Feature",
      "properties": {
        "@id": "node/3193990990",
        "amenity": "doctors",
        "emergency": "yes",
        "fixme": "nom?? / name??",
        "healthcare": "doctor"
      },
      "geometry": {
        "type": "Point",
        "coordinates": [
          -4.0248754,
          5.3440088
        ]
      },
      "id": "node/3193990990"
    },
    {
      "type": "Feature",
      "properties": {
        "@id": "node/3194527904",
        "amenity": "doctors",
        "healthcare": "doctor"
      },
      "geometry": {
        "type": "Point",
        "coordinates": [
          -4.0063383,
          5.3938983
        ]
      },
      "id": "node/3194527904"
    },
    {
      "type": "Feature",
      "properties": {
        "@id": "node/3194527905",
        "amenity": "doctors",
        "healthcare": "doctor"
      },
      "geometry": {
        "type": "Point",
        "coordinates": [
          -4.0059563,
          5.3915916
        ]
      },
      "id": "node/3194527905"
    },
    {
      "type": "Feature",
      "properties": {
        "@id": "node/3198578945",
        "amenity": "doctors",
        "healthcare": "doctor",
        "name": "Saint Michel"
      },
      "geometry": {
        "type": "Point",
        "coordinates": [
          -3.9761642,
          5.3071386
        ]
      },
      "id": "node/3198578945"
    },
    {
      "type": "Feature",
      "properties": {
        "@id": "node/3198578950",
        "amenity": "clinic",
        "healthcare": "clinic",
        "name": "Clinique"
      },
      "geometry": {
        "type": "Point",
        "coordinates": [
          -3.9747036,
          5.3078008
        ]
      },
      "id": "node/3198578950"
    },
    {
      "type": "Feature",
      "properties": {
        "@id": "node/3202358723",
        "amenity": "doctors",
        "healthcare": "doctor",
        "name": "Ong Msici"
      },
      "geometry": {
        "type": "Point",
        "coordinates": [
          -3.9664962,
          5.3086699
        ]
      },
      "id": "node/3202358723"
    },
    {
      "type": "Feature",
      "properties": {
        "@id": "node/3207132436",
        "amenity": "pharmacy",
        "dispensing": "no",
        "healthcare": "pharmacy",
        "name": "Pharmacie Ebathe"
      },
      "geometry": {
        "type": "Point",
        "coordinates": [
          -3.9827492,
          5.3031843
        ]
      },
      "id": "node/3207132436"
    },
    {
      "type": "Feature",
      "properties": {
        "@id": "node/3207134520",
        "amenity": "pharmacy",
        "dispensing": "no",
        "healthcare": "pharmacy",
        "name": "Pharmacie J. Tiacoh"
      },
      "geometry": {
        "type": "Point",
        "coordinates": [
          -3.9807182,
          5.2971979
        ]
      },
      "id": "node/3207134520"
    },
    {
      "type": "Feature",
      "properties": {
        "@id": "node/3207134521",
        "amenity": "pharmacy",
        "dispensing": "yes",
        "healthcare": "pharmacy",
        "name": "Pharmacie PTT"
      },
      "geometry": {
        "type": "Point",
        "coordinates": [
          -3.9893694,
          5.3083043
        ]
      },
      "id": "node/3207134521"
    },
    {
      "type": "Feature",
      "properties": {
        "@id": "node/3218939368",
        "amenity": "pharmacy",
        "dispensing": "no",
        "healthcare": "pharmacy",
        "name": "Pharmacie Mesano"
      },
      "geometry": {
        "type": "Point",
        "coordinates": [
          -3.9475484,
          5.3008916
        ]
      },
      "id": "node/3218939368"
    },
    {
      "type": "Feature",
      "properties": {
        "@id": "node/3277255119",
        "amenity": "pharmacy",
        "dispensing": "no",
        "healthcare": "pharmacy",
        "name": "Pharmacie Roy"
      },
      "geometry": {
        "type": "Point",
        "coordinates": [
          -4.0128852,
          5.3083235
        ]
      },
      "id": "node/3277255119"
    },
    {
      "type": "Feature",
      "properties": {
        "@id": "node/3277401285",
        "amenity": "pharmacy",
        "dispensing": "yes",
        "healthcare": "pharmacy",
        "name": "Pharmacie Sainte Odile"
      },
      "geometry": {
        "type": "Point",
        "coordinates": [
          -4.004067,
          5.3964283
        ]
      },
      "id": "node/3277401285"
    },
    {
      "type": "Feature",
      "properties": {
        "@id": "node/3282137848",
        "addr:city": "Abobo",
        "addr:postcode": "13 BP 173 Abidjan 13",
        "amenity": "hospital",
        "healthcare": "hospital",
        "healthcare:speciality": "general;dentist;gynaecology;ophthalmology;oreille;nez_&_gorge;vaccination",
        "name": "Formation Sanitaire Urbaine à Base Communautaire Abobo Sagbe",
        "opening_hours": "24/7"
      },
      "geometry": {
        "type": "Point",
        "coordinates": [
          -4.0318186,
          5.4162938
        ]
      },
      "id": "node/3282137848"
    },
    {
      "type": "Feature",
      "properties": {
        "@id": "node/3282170098",
        "amenity": "doctors",
        "healthcare": "doctor"
      },
      "geometry": {
        "type": "Point",
        "coordinates": [
          -3.9955778,
          5.4130137
        ]
      },
      "id": "node/3282170098"
    },
    {
      "type": "Feature",
      "properties": {
        "@id": "node/3282236355",
        "amenity": "pharmacy",
        "dispensing": "no",
        "healthcare": "pharmacy",
        "name": "Pharmacie Actuelle"
      },
      "geometry": {
        "type": "Point",
        "coordinates": [
          -3.9948043,
          5.4133794
        ]
      },
      "id": "node/3282236355"
    },
    {
      "type": "Feature",
      "properties": {
        "@id": "node/3282322584",
        "amenity": "doctors",
        "healthcare": "doctor"
      },
      "geometry": {
        "type": "Point",
        "coordinates": [
          -3.9898318,
          5.4230333
        ]
      },
      "id": "node/3282322584"
    },
    {
      "type": "Feature",
      "properties": {
        "@id": "node/3282351225",
        "amenity": "pharmacy",
        "dispensing": "no",
        "healthcare": "pharmacy",
        "name": "Pharmacie Abobote"
      },
      "geometry": {
        "type": "Point",
        "coordinates": [
          -4.0062612,
          5.4106283
        ]
      },
      "id": "node/3282351225"
    },
    {
      "type": "Feature",
      "properties": {
        "@id": "node/3282351226",
        "amenity": "pharmacy",
        "dispensing": "no",
        "healthcare": "pharmacy",
        "name": "Pharmacie Abobo Grand Marché"
      },
      "geometry": {
        "type": "Point",
        "coordinates": [
          -4.0151934,
          5.4275419
        ]
      },
      "id": "node/3282351226"
    },
    {
      "type": "Feature",
      "properties": {
        "@id": "node/3282387370",
        "amenity": "pharmacy",
        "dispensing": "no",
        "healthcare": "pharmacy",
        "name": "Pharmacie Azur"
      },
      "geometry": {
        "type": "Point",
        "coordinates": [
          -4.0064229,
          5.3994623
        ]
      },
      "id": "node/3282387370"
    },
    {
      "type": "Feature",
      "properties": {
        "@id": "node/3284931349",
        "amenity": "clinic",
        "healthcare": "clinic",
        "name": "Clinique Fatima"
      },
      "geometry": {
        "type": "Point",
        "coordinates": [
          -4.015083,
          5.4203761
        ]
      },
      "id": "node/3284931349"
    },
    {
      "type": "Feature",
      "properties": {
        "@id": "node/3286057934",
        "addr:city": "Yopougon",
        "addr:country": "CI",
        "addr:state": "Abidjan",
        "amenity": "pharmacy",
        "dispensing": "yes",
        "healthcare": "pharmacy",
        "name": "Pharmacie Niangon sud",
        "old_name": "Pharmacie Asalam"
      },
      "geometry": {
        "type": "Point",
        "coordinates": [
          -4.091831,
          5.3156811
        ]
      },
      "id": "node/3286057934"
    },
    {
      "type": "Feature",
      "properties": {
        "@id": "node/3287700161",
        "addr:city": "Yopougon",
        "addr:country": "CI",
        "addr:state": "Abidjan",
        "amenity": "pharmacy",
        "dispensing": "yes",
        "healthcare": "pharmacy",
        "name": "Pharmacie Jean-Pierre"
      },
      "geometry": {
        "type": "Point",
        "coordinates": [
          -4.1031389,
          5.3220242
        ]
      },
      "id": "node/3287700161"
    },
    {
      "type": "Feature",
      "properties": {
        "@id": "node/3287708271",
        "addr:city": "Yopougon",
        "addr:country": "CI",
        "addr:state": "Abidjan",
        "amenity": "pharmacy",
        "dispensing": "yes",
        "healthcare": "pharmacy",
        "name": "Pharmacie des 3 Ponts"
      },
      "geometry": {
        "type": "Point",
        "coordinates": [
          -4.0802419,
          5.3425079
        ]
      },
      "id": "node/3287708271"
    },
    {
      "type": "Feature",
      "properties": {
        "@id": "node/3287874986",
        "addr:city": "Adjamé",
        "addr:country": "CI",
        "addr:state": "Abidjan",
        "amenity": "pharmacy",
        "dispensing": "no",
        "healthcare": "pharmacy",
        "is_in": "Adjamé;Abidjan;Côte d'Ivoire",
        "name": "Pharmacie St Uriel de pailler"
      },
      "geometry": {
        "type": "Point",
        "coordinates": [
          -4.0122651,
          5.371906
        ]
      },
      "id": "node/3287874986"
    },
    {
      "type": "Feature",
      "properties": {
        "@id": "node/3290882396",
        "amenity": "pharmacy",
        "dispensing": "no",
        "healthcare": "pharmacy",
        "name": "Pharmacie du Palais de Justice du Plateau"
      },
      "geometry": {
        "type": "Point",
        "coordinates": [
          -4.0207905,
          5.3311847
        ]
      },
      "id": "node/3290882396"
    },
    {
      "type": "Feature",
      "properties": {
        "@id": "node/3311880924",
        "amenity": "pharmacy",
        "healthcare": "pharmacy",
        "name": "Pharmacie Matene"
      },
      "geometry": {
        "type": "Point",
        "coordinates": [
          -4.0205277,
          5.438138
        ]
      },
      "id": "node/3311880924"
    },
    {
      "type": "Feature",
      "properties": {
        "@id": "node/3319166948",
        "amenity": "pharmacy",
        "healthcare": "pharmacy",
        "name": "Pharmacie Avenue Chardy"
      },
      "geometry": {
        "type": "Point",
        "coordinates": [
          -4.0169819,
          5.3235985
        ]
      },
      "id": "node/3319166948"
    },
    {
      "type": "Feature",
      "properties": {
        "@id": "node/3323397148",
        "amenity": "pharmacy",
        "dispensing": "no",
        "healthcare": "pharmacy",
        "name": "Pharmacie Beyniouah"
      },
      "geometry": {
        "type": "Point",
        "coordinates": [
          -4.0933656,
          5.3220028
        ]
      },
      "id": "node/3323397148"
    },
    {
      "type": "Feature",
      "properties": {
        "@id": "node/3326430680",
        "addr:city": "Cocody",
        "addr:country": "CI",
        "addr:state": "Abidjan",
        "addr:street": "Rue D33",
        "amenity": "pharmacy",
        "healthcare": "pharmacy",
        "name": "Pharmacie Saint Atanase"
      },
      "geometry": {
        "type": "Point",
        "coordinates": [
          -3.9756833,
          5.3478871
        ]
      },
      "id": "node/3326430680"
    },
    {
      "type": "Feature",
      "properties": {
        "@id": "node/3345581159",
        "amenity": "doctors",
        "healthcare": "doctor",
        "name": "Espace Biomedical Qhaoqi"
      },
      "geometry": {
        "type": "Point",
        "coordinates": [
          -3.9910061,
          5.4036458
        ]
      },
      "id": "node/3345581159"
    },
    {
      "type": "Feature",
      "properties": {
        "@id": "node/3345836067",
        "amenity": "doctors",
        "healthcare": "doctor",
        "name": "Centre Medical Ste Theresa"
      },
      "geometry": {
        "type": "Point",
        "coordinates": [
          -4.0558107,
          5.3232861
        ]
      },
      "id": "node/3345836067"
    },
    {
      "type": "Feature",
      "properties": {
        "@id": "node/3369197159",
        "amenity": "pharmacy",
        "dispensing": "no",
        "healthcare": "pharmacy",
        "name": "Phamacie Le Roc"
      },
      "geometry": {
        "type": "Point",
        "coordinates": [
          -3.9379082,
          5.3091312
        ]
      },
      "id": "node/3369197159"
    },
    {
      "type": "Feature",
      "properties": {
        "@id": "node/3369247647",
        "addr:suburb": "Koumassi",
        "amenity": "doctors",
        "contact:phone": "+22549749174",
        "description": "Conseil et dépistage volontaire (CDV) Consultation Consultation prénatale Contraceptifs Dépistage VIH, IST",
        "healthcare": "doctor",
        "name": "Centre de Santé Communautaire de la Cité Houphouët-Boigny",
        "opening_hours": "24/7",
        "operator:type": "public",
        "project:geoloc_unicef": "yes",
        "project:geoloc_unicef:id": "ABJ_113",
        "short_name": "FSU"
      },
      "geometry": {
        "type": "Point",
        "coordinates": [
          -3.9356406,
          5.3100302
        ]
      },
      "id": "node/3369247647"
    },
    {
      "type": "Feature",
      "properties": {
        "@id": "node/3375879267",
        "amenity": "doctors",
        "building": "hospital",
        "building:levels": "1",
        "healthcare": "doctor",
        "name": "Centre de santé Communautaire Henri Konan Bédié"
      },
      "geometry": {
        "type": "Point",
        "coordinates": [
          -4.0097234,
          5.4092982
        ]
      },
      "id": "node/3375879267"
    },
    {
      "type": "Feature",
      "properties": {
        "@id": "node/3393273193",
        "amenity": "pharmacy",
        "healthcare": "pharmacy",
        "name": "Pharmacie Dunia"
      },
      "geometry": {
        "type": "Point",
        "coordinates": [
          -3.9848065,
          5.3744748
        ]
      },
      "id": "node/3393273193"
    },
    {
      "type": "Feature",
      "properties": {
        "@id": "node/3396919784",
        "amenity": "pharmacy",
        "healthcare": "pharmacy",
        "name": "Pharmacie de Koumassi"
      },
      "geometry": {
        "type": "Point",
        "coordinates": [
          -3.968948,
          5.2883419
        ]
      },
      "id": "node/3396919784"
    },
    {
      "type": "Feature",
      "properties": {
        "@id": "node/3396931146",
        "amenity": "pharmacy",
        "healthcare": "pharmacy",
        "name": "Pharmacie M'Pike"
      },
      "geometry": {
        "type": "Point",
        "coordinates": [
          -3.9686657,
          5.2902309
        ]
      },
      "id": "node/3396931146"
    },
    {
      "type": "Feature",
      "properties": {
        "@id": "node/3401914231",
        "amenity": "pharmacy",
        "healthcare": "pharmacy",
        "name": "Pharmacie Phenix"
      },
      "geometry": {
        "type": "Point",
        "coordinates": [
          -4.0791509,
          5.347755
        ]
      },
      "id": "node/3401914231"
    },
    {
      "type": "Feature",
      "properties": {
        "@id": "node/3407617164",
        "amenity": "pharmacy",
        "healthcare": "pharmacy",
        "name": "Pharmacie Zeulayet"
      },
      "geometry": {
        "type": "Point",
        "coordinates": [
          -4.0975114,
          5.3400734
        ]
      },
      "id": "node/3407617164"
    },
    {
      "type": "Feature",
      "properties": {
        "@id": "node/3413371743",
        "amenity": "pharmacy",
        "healthcare": "pharmacy",
        "name": "Pharmacie Les Elysées"
      },
      "geometry": {
        "type": "Point",
        "coordinates": [
          -4.0964414,
          5.3437759
        ]
      },
      "id": "node/3413371743"
    },
    {
      "type": "Feature",
      "properties": {
        "@id": "node/3423832504",
        "amenity": "pharmacy",
        "healthcare": "pharmacy",
        "name": "Pharmacie Saint Hermann"
      },
      "geometry": {
        "type": "Point",
        "coordinates": [
          -4.0909532,
          5.335046
        ]
      },
      "id": "node/3423832504"
    },
    {
      "type": "Feature",
      "properties": {
        "@id": "node/3424767188",
        "amenity": "pharmacy",
        "healthcare": "pharmacy",
        "name": "Pharmacie du Rond-Point du CHU"
      },
      "geometry": {
        "type": "Point",
        "coordinates": [
          -4.0024833,
          5.2943489
        ]
      },
      "id": "node/3424767188"
    },
    {
      "type": "Feature",
      "properties": {
        "@id": "node/3441570823",
        "amenity": "pharmacy",
        "healthcare": "pharmacy",
        "name": "Pharmacie Notre-Dame de la paix"
      },
      "geometry": {
        "type": "Point",
        "coordinates": [
          -4.1263334,
          5.3375011
        ]
      },
      "id": "node/3441570823"
    },
    {
      "type": "Feature",
      "properties": {
        "@id": "node/3499189603",
        "amenity": "pharmacy",
        "healthcare": "pharmacy",
        "name": "Pharmacie Rapha"
      },
      "geometry": {
        "type": "Point",
        "coordinates": [
          -4.0267482,
          5.3716982
        ]
      },
      "id": "node/3499189603"
    },
    {
      "type": "Feature",
      "properties": {
        "@id": "node/3536036844",
        "addr:city": "Plateau",
        "addr:country": "CI",
        "addr:housename": "Immeuble Aniaman",
        "addr:state": "Abidjan",
        "addr:street": "Rue Alphonse Daudet",
        "amenity": "pharmacy",
        "dispensing": "yes",
        "healthcare": "pharmacy",
        "name": "Pharmacie Animan",
        "operator": "M. Dosso",
        "phone": "+225-20.32.12.29;+225-07.07.16.76"
      },
      "geometry": {
        "type": "Point",
        "coordinates": [
          -4.0167065,
          5.319949
        ]
      },
      "id": "node/3536036844"
    },
    {
      "type": "Feature",
      "properties": {
        "@id": "node/3577241558",
        "amenity": "pharmacy",
        "dispensing": "no",
        "healthcare": "pharmacy",
        "name": "Pharmacie Carrefour Koweit",
        "source": "Bing"
      },
      "geometry": {
        "type": "Point",
        "coordinates": [
          -4.0545224,
          5.3220859
        ]
      },
      "id": "node/3577241558"
    },
    {
      "type": "Feature",
      "properties": {
        "@id": "node/3588823043",
        "amenity": "pharmacy",
        "healthcare": "pharmacy",
        "name": "Pharmacie Sainte Rita"
      },
      "geometry": {
        "type": "Point",
        "coordinates": [
          -4.0964574,
          5.32746
        ]
      },
      "id": "node/3588823043"
    },
    {
      "type": "Feature",
      "properties": {
        "@id": "node/3600111038",
        "amenity": "pharmacy",
        "healthcare": "pharmacy",
        "name": "Pharmacie Arums"
      },
      "geometry": {
        "type": "Point",
        "coordinates": [
          -3.9770936,
          5.3955834
        ]
      },
      "id": "node/3600111038"
    },
    {
      "type": "Feature",
      "properties": {
        "@id": "node/3600355061",
        "amenity": "pharmacy",
        "healthcare": "pharmacy",
        "name": "Pharmacie New Life"
      },
      "geometry": {
        "type": "Point",
        "coordinates": [
          -3.9824185,
          5.4056726
        ]
      },
      "id": "node/3600355061"
    },
    {
      "type": "Feature",
      "properties": {
        "@id": "node/3607431018",
        "amenity": "doctors",
        "healthcare": "doctor",
        "name": "Centre Medico Social de l'UNA"
      },
      "geometry": {
        "type": "Point",
        "coordinates": [
          -4.0161518,
          5.3905695
        ]
      },
      "id": "node/3607431018"
    },
    {
      "type": "Feature",
      "properties": {
        "@id": "node/3609679334",
        "addr:city": "Yopougon",
        "addr:country": "CI",
        "addr:state": "Abidjan",
        "addr:street": "rue Principale du Maroc",
        "amenity": "doctors",
        "emergency": "yes",
        "healthcare": "doctor",
        "name": "Centre medical Grande Étoile"
      },
      "geometry": {
        "type": "Point",
        "coordinates": [
          -4.1005328,
          5.34214
        ]
      },
      "id": "node/3609679334"
    },
    {
      "type": "Feature",
      "properties": {
        "@id": "node/3615730909",
        "amenity": "pharmacy",
        "healthcare": "pharmacy",
        "name": "Pharmacie Akwaba"
      },
      "geometry": {
        "type": "Point",
        "coordinates": [
          -3.9330284,
          5.2544263
        ]
      },
      "id": "node/3615730909"
    },
    {
      "type": "Feature",
      "properties": {
        "@id": "node/3665101722",
        "amenity": "pharmacy",
        "dispensing": "no",
        "healthcare": "pharmacy",
        "name": "Pharmacie des Gares"
      },
      "geometry": {
        "type": "Point",
        "coordinates": [
          -4.0271856,
          5.355871
        ]
      },
      "id": "node/3665101722"
    },
    {
      "type": "Feature",
      "properties": {
        "@id": "node/3665823355",
        "amenity": "pharmacy",
        "healthcare": "pharmacy",
        "name": "Pharmacie du Banco"
      },
      "geometry": {
        "type": "Point",
        "coordinates": [
          -4.0256853,
          5.3502011
        ]
      },
      "id": "node/3665823355"
    },
    {
      "type": "Feature",
      "properties": {
        "@id": "node/3665865079",
        "amenity": "pharmacy",
        "healthcare": "pharmacy",
        "name": "Pharmacie Gbédé"
      },
      "geometry": {
        "type": "Point",
        "coordinates": [
          -4.0258829,
          5.3475397
        ]
      },
      "id": "node/3665865079"
    },
    {
      "type": "Feature",
      "properties": {
        "@id": "node/3665977478",
        "amenity": "pharmacy",
        "healthcare": "pharmacy",
        "name": "Pharmacie et laboratoire Maison Blanche"
      },
      "geometry": {
        "type": "Point",
        "coordinates": [
          -4.0824876,
          5.3476789
        ]
      },
      "id": "node/3665977478"
    },
    {
      "type": "Feature",
      "properties": {
        "@id": "node/3666023272",
        "amenity": "pharmacy",
        "healthcare": "pharmacy",
        "name": "Pharmacie Port-Bouët II"
      },
      "geometry": {
        "type": "Point",
        "coordinates": [
          -4.08758,
          5.347148
        ]
      },
      "id": "node/3666023272"
    },
    {
      "type": "Feature",
      "properties": {
        "@id": "node/3709521097",
        "amenity": "pharmacy",
        "healthcare": "pharmacy",
        "name": "Pharmacie Eau Vive"
      },
      "geometry": {
        "type": "Point",
        "coordinates": [
          -3.9250707,
          5.3575264
        ]
      },
      "id": "node/3709521097"
    },
    {
      "type": "Feature",
      "properties": {
        "@id": "node/3726790494",
        "addr:city": "Marcory",
        "addr:country": "CI",
        "addr:state": "Abidjan",
        "addr:street": "Rue E 7",
        "amenity": "pharmacy",
        "healthcare": "pharmacy",
        "name": "Pharmacie Miséricorde"
      },
      "geometry": {
        "type": "Point",
        "coordinates": [
          -3.9735443,
          5.3114348
        ]
      },
      "id": "node/3726790494"
    },
    {
      "type": "Feature",
      "properties": {
        "@id": "node/3745998064",
        "addr:city": "Koumassi",
        "addr:country": "CI",
        "addr:state": "Abidjan",
        "amenity": "pharmacy",
        "healthcare": "pharmacy",
        "name": "Pharmacie Babakan"
      },
      "geometry": {
        "type": "Point",
        "coordinates": [
          -3.940928,
          5.3072032
        ]
      },
      "id": "node/3745998064"
    },
    {
      "type": "Feature",
      "properties": {
        "@id": "node/3767289530",
        "addr:suburb": "Cocody",
        "amenity": "doctors",
        "contact:mobile": "+22507226558",
        "contact:phone": "+22507632159",
        "description": "Conseil et dépistage volontaire (CDV) Consultation Conseil,",
        "healthcare": "doctor",
        "name": "Centre médical du crou-A1 de l'université de Cocody",
        "opening_hours": "Mo-Fr 07:30-12:30, 13:30-16:30",
        "operator:type": "public",
        "project:geoloc_unicef": "yes",
        "project:geoloc_unicef:id": "ABJ_021"
      },
      "geometry": {
        "type": "Point",
        "coordinates": [
          -3.9898121,
          5.3424152
        ]
      },
      "id": "node/3767289530"
    },
    {
      "type": "Feature",
      "properties": {
        "@id": "node/3784306923",
        "amenity": "clinic",
        "healthcare": "clinic",
        "name": "Clinique externat saint paul"
      },
      "geometry": {
        "type": "Point",
        "coordinates": [
          -4.021561,
          5.3261325
        ]
      },
      "id": "node/3784306923"
    },
    {
      "type": "Feature",
      "properties": {
        "@id": "node/3784306925",
        "amenity": "pharmacy",
        "healthcare": "pharmacy",
        "name": "Pharmacie des finances"
      },
      "geometry": {
        "type": "Point",
        "coordinates": [
          -4.0203882,
          5.325871
        ]
      },
      "id": "node/3784306925"
    },
    {
      "type": "Feature",
      "properties": {
        "@id": "node/3784811221",
        "amenity": "clinic",
        "healthcare": "clinic",
        "name": "Polyclinique Saint-Jacques"
      },
      "geometry": {
        "type": "Point",
        "coordinates": [
          -4.0010603,
          5.3564204
        ]
      },
      "id": "node/3784811221"
    },
    {
      "type": "Feature",
      "properties": {
        "@id": "node/3788677913",
        "amenity": "pharmacy",
        "healthcare": "pharmacy",
        "name": "Pharmacie Santé Pour Tous"
      },
      "geometry": {
        "type": "Point",
        "coordinates": [
          -3.9154798,
          5.2426007
        ]
      },
      "id": "node/3788677913"
    },
    {
      "type": "Feature",
      "properties": {
        "@id": "node/3810933827",
        "amenity": "pharmacy",
        "healthcare": "pharmacy",
        "name": "Pharmacie Roxanne",
        "phone": "+225 23 457075",
        "source": "local knowledge"
      },
      "geometry": {
        "type": "Point",
        "coordinates": [
          -4.0892885,
          5.339245
        ]
      },
      "id": "node/3810933827"
    },
    {
      "type": "Feature",
      "properties": {
        "@id": "node/3848626007",
        "amenity": "pharmacy",
        "healthcare": "pharmacy",
        "name": "Pharmacie du memorial"
      },
      "geometry": {
        "type": "Point",
        "coordinates": [
          -4.0188864,
          5.3185549
        ]
      },
      "id": "node/3848626007"
    },
    {
      "type": "Feature",
      "properties": {
        "@id": "node/3870504806",
        "amenity": "pharmacy",
        "healthcare": "pharmacy",
        "name": "Pharmacie de la Cité"
      },
      "geometry": {
        "type": "Point",
        "coordinates": [
          -4.0150382,
          5.4362977
        ]
      },
      "id": "node/3870504806"
    },
    {
      "type": "Feature",
      "properties": {
        "@id": "node/3930469666",
        "addr:city": "Cocody",
        "addr:country": "CI",
        "addr:state": "Abidjan",
        "addr:suburb": "Deux Plateaux",
        "amenity": "clinic",
        "healthcare": "clinic",
        "name": "Clinique Médicale la Colombe"
      },
      "geometry": {
        "type": "Point",
        "coordinates": [
          -3.9859791,
          5.3832122
        ]
      },
      "id": "node/3930469666"
    },
    {
      "type": "Feature",
      "properties": {
        "@id": "node/3930702861",
        "amenity": "clinic",
        "healthcare": "clinic",
        "name": "Polyclinique de Yopougon"
      },
      "geometry": {
        "type": "Point",
        "coordinates": [
          -4.0544932,
          5.3224605
        ]
      },
      "id": "node/3930702861"
    },
    {
      "type": "Feature",
      "properties": {
        "@id": "node/3936423734",
        "amenity": "pharmacy",
        "healthcare": "pharmacy",
        "name": "Pharmacie Clinique Chinoise"
      },
      "geometry": {
        "type": "Point",
        "coordinates": [
          -4.0537253,
          5.3220701
        ]
      },
      "id": "node/3936423734"
    },
    {
      "type": "Feature",
      "properties": {
        "@id": "node/3950224766",
        "amenity": "pharmacy",
        "healthcare": "pharmacy",
        "name": "Pharmacie Paloma"
      },
      "geometry": {
        "type": "Point",
        "coordinates": [
          -4.0685296,
          5.3558837
        ]
      },
      "id": "node/3950224766"
    },
    {
      "type": "Feature",
      "properties": {
        "@id": "node/3951418443",
        "amenity": "pharmacy",
        "healthcare": "pharmacy",
        "name": "Pharmacie Nouram"
      },
      "geometry": {
        "type": "Point",
        "coordinates": [
          -4.0042078,
          5.4084656
        ]
      },
      "id": "node/3951418443"
    },
    {
      "type": "Feature",
      "properties": {
        "@id": "node/3953384725",
        "amenity": "pharmacy",
        "healthcare": "pharmacy",
        "name": "Pharmacie Canaan"
      },
      "geometry": {
        "type": "Point",
        "coordinates": [
          -3.9767631,
          5.2854984
        ]
      },
      "id": "node/3953384725"
    },
    {
      "type": "Feature",
      "properties": {
        "@id": "node/3971588958",
        "amenity": "doctors",
        "healthcare": "doctor",
        "name": "Centre Medical Homea"
      },
      "geometry": {
        "type": "Point",
        "coordinates": [
          -3.9669683,
          5.355103
        ]
      },
      "id": "node/3971588958"
    },
    {
      "type": "Feature",
      "properties": {
        "@id": "node/3974043657",
        "amenity": "pharmacy",
        "healthcare": "pharmacy",
        "name": "Pharmacie Aurore"
      },
      "geometry": {
        "type": "Point",
        "coordinates": [
          -3.9911651,
          5.3615428
        ]
      },
      "id": "node/3974043657"
    },
    {
      "type": "Feature",
      "properties": {
        "@id": "node/3974043658",
        "addr:street": "Rue de Jardins",
        "amenity": "pharmacy",
        "dispensing": "yes",
        "healthcare": "pharmacy",
        "name": "Pharmacie Saint Gil"
      },
      "geometry": {
        "type": "Point",
        "coordinates": [
          -3.9919395,
          5.3557648
        ]
      },
      "id": "node/3974043658"
    },
    {
      "type": "Feature",
      "properties": {
        "@id": "node/3975615115",
        "amenity": "pharmacy",
        "healthcare": "pharmacy",
        "name": "Pharmacie Nouvelle Pergola",
        "phone": "+225-21 24 48 27"
      },
      "geometry": {
        "type": "Point",
        "coordinates": [
          -3.9840437,
          5.2837256
        ]
      },
      "id": "node/3975615115"
    },
    {
      "type": "Feature",
      "properties": {
        "@id": "node/3978718027",
        "addr:city": "Cocody",
        "addr:country": "CI",
        "addr:pobox": "28 BP 1138 Abidjan 28",
        "addr:postcode": "28",
        "addr:state": "Abidjan",
        "addr:street": "Rue L237",
        "addr:suburb": "Angré",
        "amenity": "doctors",
        "contact:phone": "+22522525542",
        "description": "Accouchement Assistance sociale, soutien social Conseil et dépistage volontaire (CDV) Conseil,",
        "healthcare": "doctor",
        "name": "Centre de santé urbain d'Angré",
        "opening_hours": "24/7",
        "operator:type": "public",
        "phone": "00225 22525542",
        "project:geoloc_unicef": "yes",
        "project:geoloc_unicef:id": "ABJ_446",
        "short_name": "Csu com Angré"
      },
      "geometry": {
        "type": "Point",
        "coordinates": [
          -3.9846254,
          5.405196
        ]
      },
      "id": "node/3978718027"
    },
    {
      "type": "Feature",
      "properties": {
        "@id": "node/3978739725",
        "addr:city": "Cocody",
        "addr:country": "CI",
        "addr:postcode": "BP 51 Cidex 3 Abidjan",
        "addr:state": "Abidjan",
        "addr:street": "Rue I145",
        "addr:suburb": "Riviera Palmeraie",
        "amenity": "doctors",
        "healthcare": "doctor",
        "name": "Centre médical Mère Maria Elisa Adreoli",
        "phone": "+225 22490348"
      },
      "geometry": {
        "type": "Point",
        "coordinates": [
          -3.9590557,
          5.3648561
        ]
      },
      "id": "node/3978739725"
    },
    {
      "type": "Feature",
      "properties": {
        "@id": "node/3982237902",
        "addr:city": "Cocody",
        "addr:country": "CI",
        "addr:state": "Abidjan",
        "addr:street": "Rue K126",
        "addr:suburb": "Gendarmerie Agban",
        "amenity": "doctors",
        "healthcare": "doctor",
        "name": "Centre de Santé"
      },
      "geometry": {
        "type": "Point",
        "coordinates": [
          -4.0060247,
          5.3748913
        ]
      },
      "id": "node/3982237902"
    },
    {
      "type": "Feature",
      "properties": {
        "@id": "node/3984810557",
        "amenity": "doctors",
        "healthcare": "doctor",
        "name": "Espace Medial Ciad (EMC)",
        "opening_hours": "Sa, Su 00:00-00:00",
        "phone": "0022503465718"
      },
      "geometry": {
        "type": "Point",
        "coordinates": [
          -3.9493923,
          5.326298
        ]
      },
      "id": "node/3984810557"
    },
    {
      "type": "Feature",
      "properties": {
        "@id": "node/3992174028",
        "amenity": "clinic",
        "healthcare": "clinic",
        "name": "Clinique Médicale Rima"
      },
      "geometry": {
        "type": "Point",
        "coordinates": [
          -3.9768553,
          5.2855209
        ]
      },
      "id": "node/3992174028"
    },
    {
      "type": "Feature",
      "properties": {
        "@id": "node/3995475494",
        "amenity": "clinic",
        "healthcare": "clinic",
        "name": "Clinique johanna"
      },
      "geometry": {
        "type": "Point",
        "coordinates": [
          -3.9733355,
          5.3016554
        ]
      },
      "id": "node/3995475494"
    },
    {
      "type": "Feature",
      "properties": {
        "@id": "node/3995475512",
        "amenity": "pharmacy",
        "healthcare": "pharmacy",
        "name": "Pharmacie du Soleil"
      },
      "geometry": {
        "type": "Point",
        "coordinates": [
          -3.969992,
          5.2927935
        ]
      },
      "id": "node/3995475512"
    },
    {
      "type": "Feature",
      "properties": {
        "@id": "node/4000838263",
        "amenity": "pharmacy",
        "healthcare": "pharmacy",
        "name": "Pharmacie Saint Silvestre"
      },
      "geometry": {
        "type": "Point",
        "coordinates": [
          -3.91085,
          5.3720206
        ]
      },
      "id": "node/4000838263"
    },
    {
      "type": "Feature",
      "properties": {
        "@id": "node/4000853778",
        "amenity": "pharmacy",
        "healthcare": "pharmacy"
      },
      "geometry": {
        "type": "Point",
        "coordinates": [
          -3.8775397,
          5.3533067
        ]
      },
      "id": "node/4000853778"
    },
    {
      "type": "Feature",
      "properties": {
        "@id": "node/4000853783",
        "amenity": "pharmacy",
        "healthcare": "pharmacy",
        "name": "Pharmacie du Marché"
      },
      "geometry": {
        "type": "Point",
        "coordinates": [
          -3.8828222,
          5.3565631
        ]
      },
      "id": "node/4000853783"
    },
    {
      "type": "Feature",
      "properties": {
        "@id": "node/4003441155",
        "amenity": "pharmacy",
        "dispensing": "yes",
        "healthcare": "pharmacy",
        "name": "Pharmacie Las Palmas"
      },
      "geometry": {
        "type": "Point",
        "coordinates": [
          -3.9947496,
          5.3807086
        ]
      },
      "id": "node/4003441155"
    },
    {
      "type": "Feature",
      "properties": {
        "@id": "node/4003441191",
        "amenity": "pharmacy",
        "dispensing": "yes",
        "healthcare": "pharmacy",
        "name": "Pharmacie de la 7ᵉ Tranche"
      },
      "geometry": {
        "type": "Point",
        "coordinates": [
          -3.9884707,
          5.3911324
        ]
      },
      "id": "node/4003441191"
    },
    {
      "type": "Feature",
      "properties": {
        "@id": "node/4003470431",
        "amenity": "pharmacy",
        "dispensing": "yes",
        "healthcare": "pharmacy",
        "name": "Pharmacie Hermes"
      },
      "geometry": {
        "type": "Point",
        "coordinates": [
          -3.9739711,
          5.3853144
        ]
      },
      "id": "node/4003470431"
    },
    {
      "type": "Feature",
      "properties": {
        "@id": "node/4003509537",
        "amenity": "pharmacy",
        "dispensing": "yes",
        "healthcare": "pharmacy",
        "name": "Pharmacie Notre-Dame de l'Incarnation"
      },
      "geometry": {
        "type": "Point",
        "coordinates": [
          -3.9631243,
          5.3641459
        ]
      },
      "id": "node/4003509537"
    },
    {
      "type": "Feature",
      "properties": {
        "@id": "node/4006159273",
        "amenity": "pharmacy",
        "dispensing": "yes",
        "healthcare": "pharmacy",
        "name": "Pharmacie de Cocody"
      },
      "geometry": {
        "type": "Point",
        "coordinates": [
          -4.0000882,
          5.3369119
        ]
      },
      "id": "node/4006159273"
    },
    {
      "type": "Feature",
      "properties": {
        "@id": "node/4006546137",
        "amenity": "pharmacy",
        "healthcare": "pharmacy",
        "name": "Pharmacie Chigata"
      },
      "geometry": {
        "type": "Point",
        "coordinates": [
          -4.0582734,
          5.3268543
        ]
      },
      "id": "node/4006546137"
    },
    {
      "type": "Feature",
      "properties": {
        "@id": "node/4010726751",
        "amenity": "pharmacy",
        "dispensing": "yes",
        "healthcare": "pharmacy",
        "name": "Pharmacie Ocean"
      },
      "geometry": {
        "type": "Point",
        "coordinates": [
          -3.9612916,
          5.2569968
        ]
      },
      "id": "node/4010726751"
    },
    {
      "type": "Feature",
      "properties": {
        "@id": "node/4011580142",
        "addr:city": "Koumassi",
        "addr:country": "CI",
        "addr:state": "Abidjan",
        "addr:street": "Rue du 7 Décembre",
        "amenity": "pharmacy",
        "healthcare": "pharmacy",
        "name": "Nouvelle Pharmacie du Boulvard",
        "phone": "21243700"
      },
      "geometry": {
        "type": "Point",
        "coordinates": [
          -3.9716152,
          5.2884308
        ]
      },
      "id": "node/4011580142"
    },
    {
      "type": "Feature",
      "properties": {
        "@id": "node/4011580143",
        "addr:city": "Koumassi",
        "addr:country": "CI",
        "addr:state": "Abidjan",
        "amenity": "pharmacy",
        "healthcare": "pharmacy",
        "name": "Pharmacie Climbié",
        "source": "survey"
      },
      "geometry": {
        "type": "Point",
        "coordinates": [
          -3.9660246,
          5.2914254
        ]
      },
      "id": "node/4011580143"
    },
    {
      "type": "Feature",
      "properties": {
        "@id": "node/4013672698",
        "amenity": "pharmacy",
        "dispensing": "yes",
        "healthcare": "pharmacy",
        "name": "Pharmacie France-Afrique"
      },
      "geometry": {
        "type": "Point",
        "coordinates": [
          -4.0161018,
          5.3086684
        ]
      },
      "id": "node/4013672698"
    },
    {
      "type": "Feature",
      "properties": {
        "@id": "node/4013673298",
        "amenity": "pharmacy",
        "dispensing": "yes",
        "healthcare": "pharmacy"
      },
      "geometry": {
        "type": "Point",
        "coordinates": [
          -4.0095608,
          5.3109821
        ]
      },
      "id": "node/4013673298"
    },
    {
      "type": "Feature",
      "properties": {
        "@id": "node/4014277726",
        "amenity": "pharmacy",
        "dispensing": "yes",
        "healthcare": "pharmacy",
        "name": "Pharmacie des trois mosques"
      },
      "geometry": {
        "type": "Point",
        "coordinates": [
          -4.0080436,
          5.3085808
        ]
      },
      "id": "node/4014277726"
    },
    {
      "type": "Feature",
      "properties": {
        "@id": "node/4018839991",
        "amenity": "pharmacy",
        "dispensing": "yes",
        "healthcare": "pharmacy",
        "name": "Pharmacie St. Joseph"
      },
      "geometry": {
        "type": "Point",
        "coordinates": [
          -3.9740112,
          5.2847453
        ]
      },
      "id": "node/4018839991"
    },
    {
      "type": "Feature",
      "properties": {
        "@id": "node/4019333307",
        "amenity": "pharmacy",
        "dispensing": "yes",
        "healthcare": "pharmacy",
        "name": "Pharmacie Perusia"
      },
      "geometry": {
        "type": "Point",
        "coordinates": [
          -3.9767344,
          5.2806319
        ]
      },
      "id": "node/4019333307"
    },
    {
      "type": "Feature",
      "properties": {
        "@id": "node/4019811759",
        "amenity": "pharmacy",
        "healthcare": "pharmacy",
        "name": "Pharmacie Mahan diana"
      },
      "geometry": {
        "type": "Point",
        "coordinates": [
          -3.9736885,
          5.2985203
        ]
      },
      "id": "node/4019811759"
    },
    {
      "type": "Feature",
      "properties": {
        "@id": "node/4019811761",
        "addr:suburb": "Koumassi",
        "amenity": "doctors",
        "contact:phone": "+22542182423",
        "description": "Consultation Consultation prénatale Dépistage VIH, IST Pansement Test de grossesse Assistant social",
        "healthcare": "doctor",
        "name": "Centre médical municipal M.A.N.K",
        "opening_hours": "Mo-Fr 08:00-16:30",
        "operator:type": "public",
        "project:geoloc_unicef": "yes",
        "project:geoloc_unicef:id": "ABJ_143"
      },
      "geometry": {
        "type": "Point",
        "coordinates": [
          -3.9695492,
          5.2897259
        ]
      },
      "id": "node/4019811761"
    },
    {
      "type": "Feature",
      "properties": {
        "@id": "node/4019888798",
        "amenity": "clinic",
        "healthcare": "clinic",
        "name": "Centre de Santé El Rapha"
      },
      "geometry": {
        "type": "Point",
        "coordinates": [
          -4.0198537,
          5.404256
        ]
      },
      "id": "node/4019888798"
    },
    {
      "type": "Feature",
      "properties": {
        "@id": "node/4019911996",
        "addr:suburb": "Cocody",
        "amenity": "doctors",
        "contact:phone": "+22522465616",
        "description": "Accouchement Consultation Consultation prénatale Pansement Test de grossesse, Planning familial ; vaccination ;",
        "healthcare": "doctor",
        "name": "Centre de Santé Municipal de M'Badon",
        "opening_hours": "24/7",
        "operator:type": "public",
        "project:geoloc_unicef": "yes",
        "project:geoloc_unicef:id": "ABJ_424"
      },
      "geometry": {
        "type": "Point",
        "coordinates": [
          -3.9349913,
          5.3310283
        ]
      },
      "id": "node/4019911996"
    },
    {
      "type": "Feature",
      "properties": {
        "@id": "node/4027046836",
        "amenity": "pharmacy",
        "dispensing": "yes",
        "healthcare": "pharmacy",
        "name": "Pharmacie du Levant"
      },
      "geometry": {
        "type": "Point",
        "coordinates": [
          -4.0107623,
          5.3019649
        ]
      },
      "id": "node/4027046836"
    },
    {
      "type": "Feature",
      "properties": {
        "@id": "node/4029208090",
        "amenity": "doctors",
        "healthcare": "doctor",
        "healthcare:speciality": "radiology",
        "name": "Centre de Diagnostic Medical et Radiologique (CDR)",
        "phone": "+225-22.41.68.98;+225-22.41.44.99"
      },
      "geometry": {
        "type": "Point",
        "coordinates": [
          -3.9992195,
          5.3629228
        ]
      },
      "id": "node/4029208090"
    },
    {
      "type": "Feature",
      "properties": {
        "@id": "node/4063656141",
        "amenity": "pharmacy",
        "dispensing": "yes",
        "healthcare": "pharmacy",
        "name": "Pharmacie Sainte Marie"
      },
      "geometry": {
        "type": "Point",
        "coordinates": [
          -3.9980739,
          5.3350438
        ]
      },
      "id": "node/4063656141"
    },
    {
      "type": "Feature",
      "properties": {
        "@id": "node/4064423784",
        "amenity": "pharmacy",
        "dispensing": "yes",
        "healthcare": "pharmacy",
        "name": "Grande Pharmacie des Arts"
      },
      "geometry": {
        "type": "Point",
        "coordinates": [
          -3.9993238,
          5.3441371
        ]
      },
      "id": "node/4064423784"
    },
    {
      "type": "Feature",
      "properties": {
        "@id": "node/4064423785",
        "amenity": "pharmacy",
        "dispensing": "yes",
        "healthcare": "pharmacy",
        "name": "Pharmacie Mermoz",
        "phone": "+225-22.48.74.26;+225-22.48.87.20"
      },
      "geometry": {
        "type": "Point",
        "coordinates": [
          -4.0020301,
          5.3399377
        ]
      },
      "id": "node/4064423785"
    },
    {
      "type": "Feature",
      "properties": {
        "@id": "node/4084427768",
        "amenity": "pharmacy",
        "healthcare": "pharmacy",
        "name": "Pharmacie Peniel"
      },
      "geometry": {
        "type": "Point",
        "coordinates": [
          -4.1005749,
          5.358791
        ]
      },
      "id": "node/4084427768"
    },
    {
      "type": "Feature",
      "properties": {
        "@id": "node/4084772408",
        "amenity": "pharmacy",
        "healthcare": "pharmacy",
        "name": "Pharmacie Ananeraie"
      },
      "geometry": {
        "type": "Point",
        "coordinates": [
          -4.1001892,
          5.354724
        ]
      },
      "id": "node/4084772408"
    },
    {
      "type": "Feature",
      "properties": {
        "@id": "node/4107240195",
        "amenity": "pharmacy",
        "healthcare": "pharmacy",
        "name": "Pharmacie Notre-Dame d'Afrique"
      },
      "geometry": {
        "type": "Point",
        "coordinates": [
          -3.9755839,
          5.2732484
        ]
      },
      "id": "node/4107240195"
    },
    {
      "type": "Feature",
      "properties": {
        "@id": "node/4107240492",
        "addr:street": "Boulevard de Marseille",
        "amenity": "doctors",
        "email": "info@franceivoire.com",
        "healthcare": "doctor",
        "name": "Centre Médico-Chirurgical France Ivoire",
        "phone": "+225 21 25 25 60 / +225 24 24 72 78 / +225 21 35 62 47 / +225 07 08 26 26",
        "website": "www.franceivoire.com"
      },
      "geometry": {
        "type": "Point",
        "coordinates": [
          -3.9801536,
          5.2755606
        ]
      },
      "id": "node/4107240492"
    },
    {
      "type": "Feature",
      "properties": {
        "@id": "node/4107257189",
        "addr:street": "Boulevard de Marseille",
        "amenity": "pharmacy",
        "dispensing": "yes",
        "healthcare": "pharmacy",
        "name": "Pharmacie de Bietry"
      },
      "geometry": {
        "type": "Point",
        "coordinates": [
          -3.981225,
          5.2770149
        ]
      },
      "id": "node/4107257189"
    },
    {
      "type": "Feature",
      "properties": {
        "@id": "node/4191723264",
        "amenity": "pharmacy",
        "dispensing": "yes",
        "healthcare": "pharmacy",
        "name": "Pharmacie balnéaire",
        "name:fr": "Pharmacie balnéaire"
      },
      "geometry": {
        "type": "Point",
        "coordinates": [
          -3.9576195,
          5.2562845
        ]
      },
      "id": "node/4191723264"
    },
    {
      "type": "Feature",
      "properties": {
        "@id": "node/4203066967",
        "amenity": "pharmacy",
        "healthcare": "pharmacy",
        "name": "Pharmacie des allées"
      },
      "geometry": {
        "type": "Point",
        "coordinates": [
          -3.9870876,
          5.4090062
        ]
      },
      "id": "node/4203066967"
    },
    {
      "type": "Feature",
      "properties": {
        "@id": "node/4247045378",
        "amenity": "doctors",
        "healthcare": "doctor",
        "name": "Centre Médicale St Michel Archange"
      },
      "geometry": {
        "type": "Point",
        "coordinates": [
          -4.0190225,
          5.4340774
        ]
      },
      "id": "node/4247045378"
    },
    {
      "type": "Feature",
      "properties": {
        "@id": "node/4247072825",
        "amenity": "pharmacy",
        "healthcare": "pharmacy",
        "name": "Pharmacie de l'Antenne"
      },
      "geometry": {
        "type": "Point",
        "coordinates": [
          -4.0731359,
          5.334089
        ]
      },
      "id": "node/4247072825"
    },
    {
      "type": "Feature",
      "properties": {
        "@id": "node/4249745831",
        "amenity": "pharmacy",
        "healthcare": "pharmacy",
        "name": "Pharmacie Christ Stella"
      },
      "geometry": {
        "type": "Point",
        "coordinates": [
          -4.0343327,
          5.3572007
        ]
      },
      "id": "node/4249745831"
    },
    {
      "type": "Feature",
      "properties": {
        "@id": "node/4258317452",
        "amenity": "doctors",
        "healthcare": "doctor",
        "name": "La Renaissance"
      },
      "geometry": {
        "type": "Point",
        "coordinates": [
          -4.0673165,
          5.3526557
        ]
      },
      "id": "node/4258317452"
    },
    {
      "type": "Feature",
      "properties": {
        "@id": "node/4258348300",
        "amenity": "doctors",
        "healthcare": "doctor",
        "name": "Centre Médical le Phénix"
      },
      "geometry": {
        "type": "Point",
        "coordinates": [
          -4.0791911,
          5.3476239
        ]
      },
      "id": "node/4258348300"
    },
    {
      "type": "Feature",
      "properties": {
        "@id": "node/4258348302",
        "amenity": "pharmacy",
        "healthcare": "pharmacy",
        "name": "Pharmacie Gnimah"
      },
      "geometry": {
        "type": "Point",
        "coordinates": [
          -4.0876243,
          5.3519117
        ]
      },
      "id": "node/4258348302"
    },
    {
      "type": "Feature",
      "properties": {
        "@id": "node/4264532940",
        "amenity": "pharmacy",
        "dispensing": "no",
        "healthcare": "pharmacy",
        "name": "UFR Sciences Médicales d'Abidjan",
        "name:en": "Abidjan Medical School"
      },
      "geometry": {
        "type": "Point",
        "coordinates": [
          -3.9924683,
          5.3441817
        ]
      },
      "id": "node/4264532940"
    },
    {
      "type": "Feature",
      "properties": {
        "@id": "node/4265880289",
        "addr:street": "Rue Principale du Maroc",
        "amenity": "pharmacy",
        "healthcare": "pharmacy",
        "name": "Pharmacie Anador"
      },
      "geometry": {
        "type": "Point",
        "coordinates": [
          -4.101037,
          5.3364714
        ]
      },
      "id": "node/4265880289"
    },
    {
      "type": "Feature",
      "properties": {
        "@id": "node/4268416931",
        "amenity": "pharmacy",
        "healthcare": "pharmacy"
      },
      "geometry": {
        "type": "Point",
        "coordinates": [
          -4.0042951,
          5.2919384
        ]
      },
      "id": "node/4268416931"
    },
    {
      "type": "Feature",
      "properties": {
        "@id": "node/4272383301",
        "amenity": "pharmacy",
        "healthcare": "pharmacy",
        "name": "Pharmacie Schékina"
      },
      "geometry": {
        "type": "Point",
        "coordinates": [
          -4.0764077,
          5.3527445
        ]
      },
      "id": "node/4272383301"
    },
    {
      "type": "Feature",
      "properties": {
        "@id": "node/4273777743",
        "amenity": "pharmacy",
        "healthcare": "pharmacy"
      },
      "geometry": {
        "type": "Point",
        "coordinates": [
          -4.0903566,
          5.358022
        ]
      },
      "id": "node/4273777743"
    },
    {
      "type": "Feature",
      "properties": {
        "@id": "node/4285894613",
        "amenity": "doctors",
        "healthcare": "doctor",
        "name": "Centre médical Sainte Hélène"
      },
      "geometry": {
        "type": "Point",
        "coordinates": [
          -4.1066256,
          5.3236385
        ]
      },
      "id": "node/4285894613"
    },
    {
      "type": "Feature",
      "properties": {
        "@id": "node/4288757971",
        "alt_name": "Pharmacie St Laurent",
        "amenity": "pharmacy",
        "healthcare": "pharmacy",
        "name": "Pharmacie Saint Laurent",
        "source": "connaissance des lieux"
      },
      "geometry": {
        "type": "Point",
        "coordinates": [
          -4.0614837,
          5.3197316
        ]
      },
      "id": "node/4288757971"
    },
    {
      "type": "Feature",
      "properties": {
        "@id": "node/4294935516",
        "amenity": "pharmacy",
        "healthcare": "pharmacy",
        "name": "Pharmacie les phalènes"
      },
      "geometry": {
        "type": "Point",
        "coordinates": [
          -4.087749,
          5.3233563
        ]
      },
      "id": "node/4294935516"
    },
    {
      "type": "Feature",
      "properties": {
        "@id": "node/4294935703",
        "addr:suburb": "Yopougon",
        "amenity": "doctors",
        "contact:mobile": "+22545283485",
        "contact:phone": "+22544507918",
        "description": "Assistance sociale, soutien social Conseil et dépistage volontaire (CDV) Conseil,",
        "healthcare": "doctor",
        "name": "Centre médico-social La Victoire Yopougon",
        "opening_hours": "24/7",
        "operator:type": "public",
        "phone:1": "+225 45 283485",
        "project:geoloc_unicef": "yes",
        "project:geoloc_unicef:id": "ABJ_263"
      },
      "geometry": {
        "type": "Point",
        "coordinates": [
          -4.0875542,
          5.3231106
        ]
      },
      "id": "node/4294935703"
    },
    {
      "type": "Feature",
      "properties": {
        "@id": "node/4311532523",
        "addr:city": "Adjamé",
        "addr:street": "Rue C12, Avenue 13",
        "amenity": "pharmacy",
        "healthcare": "pharmacy",
        "name": "Pharmacie Saint-Michel"
      },
      "geometry": {
        "type": "Point",
        "coordinates": [
          -4.0226268,
          5.3464688
        ]
      },
      "id": "node/4311532523"
    },
    {
      "type": "Feature",
      "properties": {
        "@id": "node/4314450181",
        "amenity": "pharmacy",
        "healthcare": "pharmacy",
        "name": "Pharmacie Noya",
        "old_name": "Pharmacie Camp Militaire"
      },
      "geometry": {
        "type": "Point",
        "coordinates": [
          -4.065962,
          5.3207946
        ]
      },
      "id": "node/4314450181"
    },
    {
      "type": "Feature",
      "properties": {
        "@id": "node/4323521302",
        "amenity": "pharmacy",
        "healthcare": "pharmacy",
        "name": "Pharmacie Horeb"
      },
      "geometry": {
        "type": "Point",
        "coordinates": [
          -4.0819381,
          5.329263
        ]
      },
      "id": "node/4323521302"
    },
    {
      "type": "Feature",
      "properties": {
        "@id": "node/4331384616",
        "amenity": "doctors",
        "healthcare": "doctor",
        "name": "Clinique médicale El Shaddai"
      },
      "geometry": {
        "type": "Point",
        "coordinates": [
          -4.0793311,
          5.3553272
        ]
      },
      "id": "node/4331384616"
    },
    {
      "type": "Feature",
      "properties": {
        "@id": "node/4331384674",
        "amenity": "pharmacy",
        "healthcare": "pharmacy",
        "name": "Pharamaci Chigata"
      },
      "geometry": {
        "type": "Point",
        "coordinates": [
          -4.0601027,
          5.3272665
        ]
      },
      "id": "node/4331384674"
    },
    {
      "type": "Feature",
      "properties": {
        "@id": "node/4331386310",
        "amenity": "pharmacy",
        "healthcare": "pharmacy",
        "name": "Pharmacie Sainte Aude"
      },
      "geometry": {
        "type": "Point",
        "coordinates": [
          -4.078413,
          5.3553877
        ]
      },
      "id": "node/4331386310"
    },
    {
      "type": "Feature",
      "properties": {
        "@id": "node/4331386435",
        "amenity": "pharmacy",
        "healthcare": "pharmacy",
        "name": "Pharmacie Elkanah"
      },
      "geometry": {
        "type": "Point",
        "coordinates": [
          -4.0877614,
          5.3353825
        ]
      },
      "id": "node/4331386435"
    },
    {
      "type": "Feature",
      "properties": {
        "@id": "node/4331386460",
        "amenity": "pharmacy",
        "healthcare": "pharmacy",
        "name": "Pharmacie Laoulo"
      },
      "geometry": {
        "type": "Point",
        "coordinates": [
          -4.0625749,
          5.3332213
        ]
      },
      "id": "node/4331386460"
    },
    {
      "type": "Feature",
      "properties": {
        "@id": "node/4336716994",
        "amenity": "pharmacy",
        "dispensing": "yes",
        "healthcare": "pharmacy",
        "name": "Pharmacie des Entreprises"
      },
      "geometry": {
        "type": "Point",
        "coordinates": [
          -4.0026179,
          5.2667509
        ]
      },
      "id": "node/4336716994"
    },
    {
      "type": "Feature",
      "properties": {
        "@id": "node/4341074389",
        "amenity": "pharmacy",
        "healthcare": "pharmacy",
        "name": "Pharmacie Carrefour Songon Dagbé"
      },
      "geometry": {
        "type": "Point",
        "coordinates": [
          -4.2295211,
          5.3209681
        ]
      },
      "id": "node/4341074389"
    },
    {
      "type": "Feature",
      "properties": {
        "@id": "node/4342220589",
        "amenity": "pharmacy",
        "healthcare": "pharmacy",
        "name": "Pharmacie Ghandi"
      },
      "geometry": {
        "type": "Point",
        "coordinates": [
          -4.0588153,
          5.3234519
        ]
      },
      "id": "node/4342220589"
    },
    {
      "type": "Feature",
      "properties": {
        "@id": "node/4342868789",
        "amenity": "pharmacy",
        "healthcare": "pharmacy",
        "name": "Pharmacie Mandiana"
      },
      "geometry": {
        "type": "Point",
        "coordinates": [
          -3.9795055,
          5.3040049
        ]
      },
      "id": "node/4342868789"
    },
    {
      "type": "Feature",
      "properties": {
        "@id": "node/4344227839",
        "amenity": "clinic",
        "healthcare": "clinic",
        "name": "Clinique Béatitudes"
      },
      "geometry": {
        "type": "Point",
        "coordinates": [
          -3.9958218,
          5.3488038
        ]
      },
      "id": "node/4344227839"
    },
    {
      "type": "Feature",
      "properties": {
        "@id": "node/4346043372",
        "amenity": "pharmacy",
        "healthcare": "pharmacy",
        "name": "Pharmacie de la Cité Verte"
      },
      "geometry": {
        "type": "Point",
        "coordinates": [
          -4.1100323,
          5.3277181
        ]
      },
      "id": "node/4346043372"
    },
    {
      "type": "Feature",
      "properties": {
        "@id": "node/4346043528",
        "amenity": "pharmacy",
        "healthcare": "pharmacy",
        "name": "Pharmacie Le Jourdain"
      },
      "geometry": {
        "type": "Point",
        "coordinates": [
          -4.1082198,
          5.3315163
        ]
      },
      "id": "node/4346043528"
    },
    {
      "type": "Feature",
      "properties": {
        "@id": "node/4346566090",
        "amenity": "doctors",
        "healthcare": "doctor",
        "name": "Centre médicale Roche"
      },
      "geometry": {
        "type": "Point",
        "coordinates": [
          -4.0029696,
          5.2977667
        ]
      },
      "id": "node/4346566090"
    },
    {
      "type": "Feature",
      "properties": {
        "@id": "node/4355314895",
        "addr:street": "Rue des Brasseurs",
        "amenity": "pharmacy",
        "healthcare": "pharmacy",
        "name": "Pharmacie Megane",
        "name:fr": "Pharmacie Megane"
      },
      "geometry": {
        "type": "Point",
        "coordinates": [
          -4.0004085,
          5.2966188
        ]
      },
      "id": "node/4355314895"
    },
    {
      "type": "Feature",
      "properties": {
        "@id": "node/4361935207",
        "amenity": "pharmacy",
        "healthcare": "pharmacy",
        "name": "Pharmacie Divine grace"
      },
      "geometry": {
        "type": "Point",
        "coordinates": [
          -4.0864745,
          5.3553662
        ]
      },
      "id": "node/4361935207"
    },
    {
      "type": "Feature",
      "properties": {
        "@id": "node/4361936137",
        "amenity": "pharmacy",
        "healthcare": "pharmacy",
        "name": "Pharmacie du cenacle"
      },
      "geometry": {
        "type": "Point",
        "coordinates": [
          -4.0853855,
          5.3595776
        ]
      },
      "id": "node/4361936137"
    },
    {
      "type": "Feature",
      "properties": {
        "@id": "node/4362577090",
        "amenity": "pharmacy",
        "healthcare": "pharmacy",
        "name": "Pharmacie de la cité"
      },
      "geometry": {
        "type": "Point",
        "coordinates": [
          -4.059775,
          5.3295362
        ]
      },
      "id": "node/4362577090"
    },
    {
      "type": "Feature",
      "properties": {
        "@id": "node/4363722340",
        "amenity": "pharmacy",
        "healthcare": "pharmacy",
        "name": "Pharmacie Bien-être",
        "project:opencities_abidjan": "yes",
        "source": "survey",
        "source:date": "2021/02/25"
      },
      "geometry": {
        "type": "Point",
        "coordinates": [
          -3.9758868,
          5.391027
        ]
      },
      "id": "node/4363722340"
    },
    {
      "type": "Feature",
      "properties": {
        "@id": "node/4365089204",
        "amenity": "pharmacy",
        "healthcare": "pharmacy",
        "name": "Pharmarcie les Perles"
      },
      "geometry": {
        "type": "Point",
        "coordinates": [
          -3.9941112,
          5.3856259
        ]
      },
      "id": "node/4365089204"
    },
    {
      "type": "Feature",
      "properties": {
        "@id": "node/4368676895",
        "amenity": "pharmacy",
        "healthcare": "pharmacy",
        "name": "Pharmacie des Laureades"
      },
      "geometry": {
        "type": "Point",
        "coordinates": [
          -3.9861222,
          5.3975431
        ]
      },
      "id": "node/4368676895"
    },
    {
      "type": "Feature",
      "properties": {
        "@id": "node/4379454777",
        "amenity": "pharmacy",
        "healthcare": "pharmacy",
        "name": "Pharmacie Azito"
      },
      "geometry": {
        "type": "Point",
        "coordinates": [
          -4.0872609,
          5.3095708
        ]
      },
      "id": "node/4379454777"
    },
    {
      "type": "Feature",
      "properties": {
        "@id": "node/4381343508",
        "amenity": "pharmacy",
        "healthcare": "pharmacy",
        "name": "Aho",
        "name:fr": "Aho"
      },
      "geometry": {
        "type": "Point",
        "coordinates": [
          -3.9615438,
          5.257172
        ]
      },
      "id": "node/4381343508"
    },
    {
      "type": "Feature",
      "properties": {
        "@id": "node/4398951991",
        "addr:street": "Rue du Lycée Technique",
        "amenity": "clinic",
        "email": "contact@cliniquelaprovidence.net",
        "healthcare": "clinic",
        "name": "Clinique la Providence",
        "name:fr": "Clinique la Providence",
        "phone": "+22522449586",
        "website": "https://www.cliniquelaprovidence.net/"
      },
      "geometry": {
        "type": "Point",
        "coordinates": [
          -4.0095689,
          5.3473102
        ]
      },
      "id": "node/4398951991"
    },
    {
      "type": "Feature",
      "properties": {
        "@id": "node/4401411566",
        "amenity": "pharmacy",
        "dispensing": "yes",
        "healthcare": "pharmacy",
        "name": "Pharmacie de la Paix"
      },
      "geometry": {
        "type": "Point",
        "coordinates": [
          -3.9913654,
          5.3089427
        ]
      },
      "id": "node/4401411566"
    },
    {
      "type": "Feature",
      "properties": {
        "@id": "node/4401434841",
        "amenity": "pharmacy",
        "dispensing": "yes",
        "healthcare": "pharmacy",
        "name": "Pharmacie de la Vie"
      },
      "geometry": {
        "type": "Point",
        "coordinates": [
          -3.9931303,
          5.3137139
        ]
      },
      "id": "node/4401434841"
    },
    {
      "type": "Feature",
      "properties": {
        "@id": "node/4403254989",
        "addr:street": "Carrefour chapouli",
        "amenity": "pharmacy",
        "healthcare": "pharmacy",
        "name": "Pharmacie Beraca",
        "name:fr": "Pharmacie Beraca"
      },
      "geometry": {
        "type": "Point",
        "coordinates": [
          -4.064931,
          5.3183843
        ]
      },
      "id": "node/4403254989"
    },
    {
      "type": "Feature",
      "properties": {
        "@id": "node/4411562364",
        "amenity": "pharmacy",
        "healthcare": "pharmacy",
        "name": "Pharmacie Theodora"
      },
      "geometry": {
        "type": "Point",
        "coordinates": [
          -4.0948617,
          5.3187262
        ]
      },
      "id": "node/4411562364"
    },
    {
      "type": "Feature",
      "properties": {
        "@id": "node/4411568181",
        "amenity": "pharmacy",
        "healthcare": "pharmacy",
        "name": "Pharmacie d’Andokoi"
      },
      "geometry": {
        "type": "Point",
        "coordinates": [
          -4.0671186,
          5.3623259
        ]
      },
      "id": "node/4411568181"
    },
    {
      "type": "Feature",
      "properties": {
        "@id": "node/4411568293",
        "amenity": "pharmacy",
        "healthcare": "pharmacy",
        "name": "Pharmacie Angré",
        "name:fr": "Pharmacie Angré"
      },
      "geometry": {
        "type": "Point",
        "coordinates": [
          -3.9911143,
          5.3990215
        ]
      },
      "id": "node/4411568293"
    },
    {
      "type": "Feature",
      "properties": {
        "@id": "node/4431337543",
        "alt_name": "Pharmacie Carrefour Bouby",
        "amenity": "pharmacy",
        "healthcare": "pharmacy",
        "name": "Pharmacie Carrefour Boby"
      },
      "geometry": {
        "type": "Point",
        "coordinates": [
          -4.0909415,
          5.3311726
        ]
      },
      "id": "node/4431337543"
    },
    {
      "type": "Feature",
      "properties": {
        "@id": "node/4431345745",
        "amenity": "pharmacy",
        "healthcare": "pharmacy",
        "name": "Pharmacie Sénevé"
      },
      "geometry": {
        "type": "Point",
        "coordinates": [
          -4.0217391,
          5.3513327
        ]
      },
      "id": "node/4431345745"
    },
    {
      "type": "Feature",
      "properties": {
        "@id": "node/4449390538",
        "addr:street": "Boulevard François Mitterrand",
        "amenity": "pharmacy",
        "healthcare": "pharmacy",
        "name": "Les Catleyas",
        "opening_hours": "Mo-Sa 07:30-20:30"
      },
      "geometry": {
        "type": "Point",
        "coordinates": [
          -3.9287424,
          5.3724492
        ]
      },
      "id": "node/4449390538"
    },
    {
      "type": "Feature",
      "properties": {
        "@id": "node/4449400891",
        "alt_name": "Pharmacie du château d’eau",
        "amenity": "pharmacy",
        "healthcare": "pharmacy",
        "name": "Pharmacie du château Angré"
      },
      "geometry": {
        "type": "Point",
        "coordinates": [
          -3.9799911,
          5.413709
        ]
      },
      "id": "node/4449400891"
    },
    {
      "type": "Feature",
      "properties": {
        "@id": "node/4459062665",
        "amenity": "pharmacy",
        "healthcare": "pharmacy",
        "name": "Pharmacie Michel Archange"
      },
      "geometry": {
        "type": "Point",
        "coordinates": [
          -4.1131339,
          5.3308849
        ]
      },
      "id": "node/4459062665"
    },
    {
      "type": "Feature",
      "properties": {
        "@id": "node/4459062666",
        "amenity": "pharmacy",
        "healthcare": "pharmacy",
        "name": "Pharmacie Inox"
      },
      "geometry": {
        "type": "Point",
        "coordinates": [
          -4.1131731,
          5.3380256
        ]
      },
      "id": "node/4459062666"
    },
    {
      "type": "Feature",
      "properties": {
        "@id": "node/4463358635",
        "amenity": "pharmacy",
        "healthcare": "pharmacy"
      },
      "geometry": {
        "type": "Point",
        "coordinates": [
          -4.0140793,
          5.3099317
        ]
      },
      "id": "node/4463358635"
    },
    {
      "type": "Feature",
      "properties": {
        "@id": "node/4463359547",
        "amenity": "clinic",
        "healthcare": "clinic",
        "name": "Clinique médicale Les Oliviers"
      },
      "geometry": {
        "type": "Point",
        "coordinates": [
          -4.0620708,
          5.3330999
        ]
      },
      "id": "node/4463359547"
    },
    {
      "type": "Feature",
      "properties": {
        "@id": "node/4484088983",
        "amenity": "doctors",
        "healthcare": "doctor",
        "healthcare:speciality": "radiology",
        "name": "Centre d’imagerie médicale et diagnostic"
      },
      "geometry": {
        "type": "Point",
        "coordinates": [
          -4.0803818,
          5.3424821
        ]
      },
      "id": "node/4484088983"
    },
    {
      "type": "Feature",
      "properties": {
        "@id": "node/4485187391",
        "addr:street": "Boulevard Felix Houphouët Boigny",
        "amenity": "clinic",
        "healthcare": "clinic",
        "name": "Maternité d’Attecoubé"
      },
      "geometry": {
        "type": "Point",
        "coordinates": [
          -4.0347417,
          5.3530094
        ]
      },
      "id": "node/4485187391"
    },
    {
      "type": "Feature",
      "properties": {
        "@id": "node/4485187394",
        "amenity": "pharmacy",
        "healthcare": "pharmacy",
        "name": "Pharmacie Saint Emmanuel Adjamé Mirador"
      },
      "geometry": {
        "type": "Point",
        "coordinates": [
          -4.024193,
          5.3570937
        ]
      },
      "id": "node/4485187394"
    },
    {
      "type": "Feature",
      "properties": {
        "@id": "node/4485201597",
        "amenity": "pharmacy",
        "healthcare": "pharmacy",
        "name": "Pharmacie Agoua"
      },
      "geometry": {
        "type": "Point",
        "coordinates": [
          -4.0337579,
          5.3515046
        ]
      },
      "id": "node/4485201597"
    },
    {
      "type": "Feature",
      "properties": {
        "@id": "node/4485201599",
        "amenity": "pharmacy",
        "healthcare": "pharmacy",
        "name": "Nouvelle pharmacie des 220 logements"
      },
      "geometry": {
        "type": "Point",
        "coordinates": [
          -4.01814,
          5.3542799
        ]
      },
      "id": "node/4485201599"
    },
    {
      "type": "Feature",
      "properties": {
        "@id": "node/4485201605",
        "amenity": "doctors",
        "healthcare": "doctor",
        "name": "Centre Médico-Chirurgical De La Clémence Rahma"
      },
      "geometry": {
        "type": "Point",
        "coordinates": [
          -4.0238224,
          5.4296419
        ]
      },
      "id": "node/4485201605"
    },
    {
      "type": "Feature",
      "properties": {
        "@id": "node/4485218892",
        "amenity": "doctors",
        "healthcare": "doctor",
        "name": "Cité Médicale La Roseraie"
      },
      "geometry": {
        "type": "Point",
        "coordinates": [
          -4.025792,
          5.4328704
        ]
      },
      "id": "node/4485218892"
    },
    {
      "type": "Feature",
      "properties": {
        "@id": "node/4485218895",
        "amenity": "pharmacy",
        "healthcare": "pharmacy",
        "name": "Pharmacie Tehoua"
      },
      "geometry": {
        "type": "Point",
        "coordinates": [
          -4.0235615,
          5.4303502
        ]
      },
      "id": "node/4485218895"
    },
    {
      "type": "Feature",
      "properties": {
        "@id": "node/4485222094",
        "amenity": "pharmacy",
        "healthcare": "pharmacy",
        "name": "Pharmacie Route Akeikoi"
      },
      "geometry": {
        "type": "Point",
        "coordinates": [
          -4.0142266,
          5.4443899
        ]
      },
      "id": "node/4485222094"
    },
    {
      "type": "Feature",
      "properties": {
        "@id": "node/4485222095",
        "amenity": "pharmacy",
        "healthcare": "pharmacy",
        "name": "Pharmacie Yarapha"
      },
      "geometry": {
        "type": "Point",
        "coordinates": [
          -4.0139304,
          5.4385494
        ]
      },
      "id": "node/4485222095"
    },
    {
      "type": "Feature",
      "properties": {
        "@id": "node/4485222096",
        "amenity": "clinic",
        "healthcare": "clinic",
        "name": "Clinique médicale Les grâces"
      },
      "geometry": {
        "type": "Point",
        "coordinates": [
          -4.0399959,
          5.4388123
        ]
      },
      "id": "node/4485222096"
    },
    {
      "type": "Feature",
      "properties": {
        "@id": "node/4485222190",
        "addr:street": "Boulevard Felix Houphouët Boigny",
        "addr:suburb": "Attecoube",
        "amenity": "doctors",
        "contact:phone": "+22520370904",
        "description": "Accouchement Consultation Consultation prénatale Contraceptifs Dépistage VIH, IST Distribution de Préservatifs",
        "healthcare": "doctor",
        "name": "Centre Médical Les eleis Maternité",
        "opening_hours": "24/7",
        "operator:type": "private",
        "project:geoloc_unicef": "yes",
        "project:geoloc_unicef:id": "ABJ_283"
      },
      "geometry": {
        "type": "Point",
        "coordinates": [
          -4.0346342,
          5.3515094
        ]
      },
      "id": "node/4485222190"
    },
    {
      "type": "Feature",
      "properties": {
        "@id": "node/4485222197",
        "amenity": "pharmacy",
        "healthcare": "pharmacy",
        "name": "Pharmacie Magnificat"
      },
      "geometry": {
        "type": "Point",
        "coordinates": [
          -4.0308622,
          5.4371623
        ]
      },
      "id": "node/4485222197"
    },
    {
      "type": "Feature",
      "properties": {
        "@id": "node/4485222291",
        "amenity": "pharmacy",
        "healthcare": "pharmacy",
        "name": "Pharmacie du centre"
      },
      "geometry": {
        "type": "Point",
        "coordinates": [
          -4.0266186,
          5.434002
        ]
      },
      "id": "node/4485222291"
    },
    {
      "type": "Feature",
      "properties": {
        "@id": "node/4505731192",
        "amenity": "pharmacy",
        "healthcare": "pharmacy",
        "name": "Grande Pharmacie du Jubilé",
        "name:fr": "Grande Pharmacie du Jubilé"
      },
      "geometry": {
        "type": "Point",
        "coordinates": [
          -3.9854351,
          5.4065242
        ]
      },
      "id": "node/4505731192"
    },
    {
      "type": "Feature",
      "properties": {
        "@id": "node/4508496442",
        "addr:city": "Marcory",
        "addr:street": "Boulevard de Brazzaville",
        "amenity": "pharmacy",
        "healthcare": "pharmacy",
        "name": "Pharmacie du petit Marché"
      },
      "geometry": {
        "type": "Point",
        "coordinates": [
          -3.9852955,
          5.302539
        ]
      },
      "id": "node/4508496442"
    },
    {
      "type": "Feature",
      "properties": {
        "@id": "node/4520558181",
        "amenity": "pharmacy",
        "healthcare": "pharmacy",
        "name": "Pharmacie Alicia"
      },
      "geometry": {
        "type": "Point",
        "coordinates": [
          -4.1035456,
          5.3515943
        ]
      },
      "id": "node/4520558181"
    },
    {
      "type": "Feature",
      "properties": {
        "@id": "node/4520949559",
        "amenity": "pharmacy",
        "healthcare": "pharmacy",
        "name": "Pharmacie Saint Raphaël"
      },
      "geometry": {
        "type": "Point",
        "coordinates": [
          -4.0876109,
          5.3413892
        ]
      },
      "id": "node/4520949559"
    },
    {
      "type": "Feature",
      "properties": {
        "@id": "node/4544335198",
        "amenity": "doctors",
        "healthcare": "doctor",
        "name": "Centre Medical Chenal"
      },
      "geometry": {
        "type": "Point",
        "coordinates": [
          -4.0217504,
          5.3256533
        ]
      },
      "id": "node/4544335198"
    },
    {
      "type": "Feature",
      "properties": {
        "@id": "node/4547977891",
        "addr:city": "Cocody",
        "addr:street": "Rue J22",
        "amenity": "clinic",
        "fax": "+225 2722416359",
        "healthcare": "clinic",
        "name": "Clinique Médicale Latrille",
        "opening_hours": "24/7",
        "phone": "+225 2722416333;+225 2722416355;+225 0777238645",
        "wheelchair": "yes"
      },
      "geometry": {
        "type": "Point",
        "coordinates": [
          -3.999915,
          5.358161
        ]
      },
      "id": "node/4547977891"
    },
    {
      "type": "Feature",
      "properties": {
        "@id": "node/4565106891",
        "amenity": "clinic",
        "healthcare": "clinic",
        "name": "Poly Clinic Deux Plateaux",
        "name:fr": "poly clinic 2 platx"
      },
      "geometry": {
        "type": "Point",
        "coordinates": [
          -3.9991093,
          5.3632444
        ]
      },
      "id": "node/4565106891"
    },
    {
      "type": "Feature",
      "properties": {
        "@id": "node/4573176588",
        "amenity": "pharmacy",
        "dispensing": "yes",
        "healthcare": "pharmacy",
        "name": "Pharmacie de la place",
        "opening_hours": "Mo-Fr 09:00-19:30;Sa 09:00-20:00;Su,PH 10:30-19:00"
      },
      "geometry": {
        "type": "Point",
        "coordinates": [
          -3.9920732,
          5.3021703
        ]
      },
      "id": "node/4573176588"
    },
    {
      "type": "Feature",
      "properties": {
        "@id": "node/4587463191",
        "amenity": "doctors",
        "healthcare": "doctor",
        "name": "Clinique Hôtel Médical Maria",
        "name:fr": "Clinique Hôtel Médical Maria"
      },
      "geometry": {
        "type": "Point",
        "coordinates": [
          -4.0536392,
          5.3264162
        ]
      },
      "id": "node/4587463191"
    },
    {
      "type": "Feature",
      "properties": {
        "@id": "node/4587509992",
        "amenity": "pharmacy",
        "healthcare": "pharmacy",
        "name": "Pharmacie d’Agban"
      },
      "geometry": {
        "type": "Point",
        "coordinates": [
          -4.0306546,
          5.358428
        ]
      },
      "id": "node/4587509992"
    },
    {
      "type": "Feature",
      "properties": {
        "@id": "node/4614098914",
        "amenity": "pharmacy",
        "healthcare": "pharmacy",
        "name": "Pharmacie d'Attinguié"
      },
      "geometry": {
        "type": "Point",
        "coordinates": [
          -4.184962,
          5.4645774
        ]
      },
      "id": "node/4614098914"
    },
    {
      "type": "Feature",
      "properties": {
        "@id": "node/4665635390",
        "amenity": "pharmacy",
        "healthcare": "pharmacy",
        "name": "Pharmacie Kouté"
      },
      "geometry": {
        "type": "Point",
        "coordinates": [
          -4.073941,
          5.3303091
        ]
      },
      "id": "node/4665635390"
    },
    {
      "type": "Feature",
      "properties": {
        "@id": "node/4666233862",
        "amenity": "doctors",
        "healthcare": "doctor",
        "name": "Clinique médicale Saint Mathieu"
      },
      "geometry": {
        "type": "Point",
        "coordinates": [
          -4.1105577,
          5.331035
        ]
      },
      "id": "node/4666233862"
    },
    {
      "type": "Feature",
      "properties": {
        "@id": "node/4667798971",
        "amenity": "doctors",
        "email": "osteoroyer@hotmail.com",
        "healthcare": "doctor",
        "name": "École du dos",
        "phone": "+225-21253576;+225-05006824",
        "website": "http://www.ecoledudos.net/"
      },
      "geometry": {
        "type": "Point",
        "coordinates": [
          -3.9938919,
          5.2948955
        ]
      },
      "id": "node/4667798971"
    },
    {
      "type": "Feature",
      "properties": {
        "@id": "node/4683405614",
        "amenity": "pharmacy",
        "healthcare": "pharmacy",
        "name": "Pharmacie Andy"
      },
      "geometry": {
        "type": "Point",
        "coordinates": [
          -3.974954,
          5.339411
        ]
      },
      "id": "node/4683405614"
    },
    {
      "type": "Feature",
      "properties": {
        "@id": "node/4683436117",
        "amenity": "pharmacy",
        "healthcare": "pharmacy",
        "name": "Pharmacie Esther"
      },
      "geometry": {
        "type": "Point",
        "coordinates": [
          -4.1055513,
          5.3261522
        ]
      },
      "id": "node/4683436117"
    },
    {
      "type": "Feature",
      "properties": {
        "@id": "node/4685661491",
        "amenity": "pharmacy",
        "healthcare": "pharmacy",
        "name": "Pharmacie Sainte Agathe",
        "name:fr": "Pharmacie Sainte Agathe"
      },
      "geometry": {
        "type": "Point",
        "coordinates": [
          -3.9664062,
          5.3022359
        ]
      },
      "id": "node/4685661491"
    },
    {
      "type": "Feature",
      "properties": {
        "@id": "node/4712885589",
        "amenity": "doctors",
        "healthcare": "doctor",
        "name": "Neurologie Rhumatologie",
        "name:fr": "Neurologie Rhumatologie"
      },
      "geometry": {
        "type": "Point",
        "coordinates": [
          -4.0207389,
          5.3388562
        ]
      },
      "id": "node/4712885589"
    },
    {
      "type": "Feature",
      "properties": {
        "@id": "node/4748623762",
        "amenity": "pharmacy",
        "healthcare": "pharmacy",
        "name": "Pharmacie Aliodan"
      },
      "geometry": {
        "type": "Point",
        "coordinates": [
          -3.9643277,
          5.3066872
        ]
      },
      "id": "node/4748623762"
    },
    {
      "type": "Feature",
      "properties": {
        "@id": "node/4748628139",
        "addr:city": "Attécoubé",
        "addr:country": "CI",
        "addr:state": "Abidjan",
        "amenity": "pharmacy",
        "dispensing": "no",
        "healthcare": "pharmacy",
        "name": "Pharmacie Sebroko",
        "opening_hours": "Mo-Fr 08:30-20:00"
      },
      "geometry": {
        "type": "Point",
        "coordinates": [
          -4.0344216,
          5.3491947
        ]
      },
      "id": "node/4748628139"
    },
    {
      "type": "Feature",
      "properties": {
        "@id": "node/4754152406",
        "amenity": "clinic",
        "healthcare": "clinic",
        "name": "Clinique médicale Vie"
      },
      "geometry": {
        "type": "Point",
        "coordinates": [
          -4.0886864,
          5.3468227
        ]
      },
      "id": "node/4754152406"
    },
    {
      "type": "Feature",
      "properties": {
        "@id": "node/4791704054",
        "addr:city": "Cocody",
        "amenity": "pharmacy",
        "healthcare": "pharmacy",
        "name": "Pharmacie de la Riviera 2"
      },
      "geometry": {
        "type": "Point",
        "coordinates": [
          -3.9767253,
          5.3531145
        ]
      },
      "id": "node/4791704054"
    },
    {
      "type": "Feature",
      "properties": {
        "@id": "node/4791767109",
        "amenity": "doctors",
        "healthcare": "doctor",
        "name": "CHA"
      },
      "geometry": {
        "type": "Point",
        "coordinates": [
          -4.0066722,
          5.3988835
        ]
      },
      "id": "node/4791767109"
    },
    {
      "type": "Feature",
      "properties": {
        "@id": "node/4794214321",
        "amenity": "clinic",
        "healthcare": "clinic",
        "name": "La Nouvelle Clinique Remah",
        "name:fr": "La Nouvelle Clinique Remah",
        "opening_hours": "24/7"
      },
      "geometry": {
        "type": "Point",
        "coordinates": [
          -4.0005138,
          5.3643061
        ]
      },
      "id": "node/4794214321"
    },
    {
      "type": "Feature",
      "properties": {
        "@id": "node/4801940459",
        "amenity": "pharmacy",
        "healthcare": "pharmacy",
        "name": "Pharmacie Saint Viateur Palmeraie",
        "opening_hours": "08:00-20:00"
      },
      "geometry": {
        "type": "Point",
        "coordinates": [
          -3.9554631,
          5.3856678
        ]
      },
      "id": "node/4801940459"
    },
    {
      "type": "Feature",
      "properties": {
        "@id": "node/4834683322",
        "addr:housenumber": "4",
        "addr:street": "Rue F109",
        "amenity": "doctors",
        "healthcare": "doctor",
        "internet_access": "wlan",
        "name": "Centre Optique Bourgeois",
        "name:en": "Optical Center Bourgeois",
        "name:fr": "Centre Optique Bourgeois",
        "opening_hours": "Mo-Fr 08:00-18:00; Sa 09:00-16:00",
        "phone": "78026929"
      },
      "geometry": {
        "type": "Point",
        "coordinates": [
          -3.976445,
          5.3017611
        ]
      },
      "id": "node/4834683322"
    },
    {
      "type": "Feature",
      "properties": {
        "@id": "node/4838947123",
        "amenity": "pharmacy",
        "healthcare": "pharmacy",
        "name": "Route de Bassam",
        "name:fr": "Route de Bassam"
      },
      "geometry": {
        "type": "Point",
        "coordinates": [
          -3.9097661,
          5.2415206
        ]
      },
      "id": "node/4838947123"
    },
    {
      "type": "Feature",
      "properties": {
        "@id": "node/4880721123",
        "amenity": "pharmacy",
        "healthcare": "pharmacy",
        "name": "Saint Georges",
        "name:fr": "St Georges"
      },
      "geometry": {
        "type": "Point",
        "coordinates": [
          -3.9381812,
          5.3694454
        ]
      },
      "id": "node/4880721123"
    },
    {
      "type": "Feature",
      "properties": {
        "@id": "node/4893698922",
        "amenity": "clinic",
        "healthcare": "clinic",
        "name": "Clinique La Rochelle"
      },
      "geometry": {
        "type": "Point",
        "coordinates": [
          -4.0133739,
          5.3186864
        ]
      },
      "id": "node/4893698922"
    },
    {
      "type": "Feature",
      "properties": {
        "@id": "node/4914914258",
        "amenity": "pharmacy",
        "healthcare": "pharmacy",
        "name": "Pharmacie du marché"
      },
      "geometry": {
        "type": "Point",
        "coordinates": [
          -4.079124,
          5.3373893
        ]
      },
      "id": "node/4914914258"
    },
    {
      "type": "Feature",
      "properties": {
        "@id": "node/4914917873",
        "amenity": "doctors",
        "healthcare": "doctor",
        "name": "Espace médical Eden"
      },
      "geometry": {
        "type": "Point",
        "coordinates": [
          -4.1108118,
          5.336841
        ]
      },
      "id": "node/4914917873"
    },
    {
      "type": "Feature",
      "properties": {
        "@id": "node/4914920296",
        "alt_name": "Pharmacie Lea",
        "amenity": "pharmacy",
        "healthcare": "pharmacy",
        "name": "Pharmacie Le̓a"
      },
      "geometry": {
        "type": "Point",
        "coordinates": [
          -4.0922967,
          5.3271493
        ]
      },
      "id": "node/4914920296"
    },
    {
      "type": "Feature",
      "properties": {
        "@id": "node/4919002287",
        "amenity": "pharmacy",
        "healthcare": "pharmacy",
        "name": "Pharmacie Moaye",
        "name:fr": "Pharmacie Moayé"
      },
      "geometry": {
        "type": "Point",
        "coordinates": [
          -4.1087499,
          5.3427685
        ]
      },
      "id": "node/4919002287"
    },
    {
      "type": "Feature",
      "properties": {
        "@id": "node/4930944421",
        "addr:street": "Route de Dabou",
        "amenity": "clinic",
        "healthcare": "clinic",
        "name": "Clinique Medico-Churigical Le banco",
        "name:fr": "Clinique Medico-Churigical Le banco"
      },
      "geometry": {
        "type": "Point",
        "coordinates": [
          -4.0805634,
          5.3554649
        ]
      },
      "id": "node/4930944421"
    },
    {
      "type": "Feature",
      "properties": {
        "@id": "node/4964932648",
        "amenity": "clinic",
        "healthcare": "clinic",
        "name": "Maternité",
        "operator": "infirmier, sage femme"
      },
      "geometry": {
        "type": "Point",
        "coordinates": [
          -4.1906548,
          5.4694624
        ]
      },
      "id": "node/4964932648"
    },
    {
      "type": "Feature",
      "properties": {
        "@id": "node/4966432149",
        "amenity": "pharmacy",
        "healthcare": "pharmacy",
        "name": "Pharmacie Saint Clément"
      },
      "geometry": {
        "type": "Point",
        "coordinates": [
          -4.0891481,
          5.3564911
        ]
      },
      "id": "node/4966432149"
    },
    {
      "type": "Feature",
      "properties": {
        "@id": "node/4968548148",
        "addr:city": "Yopougon",
        "amenity": "doctors",
        "healthcare": "doctor",
        "name": "Infirmerie"
      },
      "geometry": {
        "type": "Point",
        "coordinates": [
          -4.0897449,
          5.3313688
        ]
      },
      "id": "node/4968548148"
    },
    {
      "type": "Feature",
      "properties": {
        "@id": "node/4971199726",
        "alt_name": "Pharmacie Nakoko",
        "amenity": "pharmacy",
        "healthcare": "pharmacy",
        "name": "Pharmacie Nankoko"
      },
      "geometry": {
        "type": "Point",
        "coordinates": [
          -4.0634071,
          5.3282155
        ]
      },
      "id": "node/4971199726"
    },
    {
      "type": "Feature",
      "properties": {
        "@id": "node/4973542923",
        "addr:suburb": "Cocody",
        "amenity": "doctors",
        "contact:email": "fsucocody1998@yahoo.fr",
        "contact:phone": "+22522442258",
        "description": "Accouchement Consultation Consultation prénatale Pédiatrie Test de grossesse, Médecine générale,",
        "healthcare": "doctor",
        "name": "Formation Sanitaire Urbain de Cocody - Dispensaire",
        "opening_hours": "24/7",
        "operator:type": "public",
        "project:geoloc_unicef": "yes",
        "project:geoloc_unicef:id": "ABJ_035",
        "project:opencities_abidjan": "yes",
        "source": "survey",
        "source:date": "22/02/2021"
      },
      "geometry": {
        "type": "Point",
        "coordinates": [
          -4.0047582,
          5.3386216
        ]
      },
      "id": "node/4973542923"
    },
    {
      "type": "Feature",
      "properties": {
        "@id": "node/4977476390",
        "amenity": "pharmacy",
        "healthcare": "pharmacy",
        "name": "Parmacie de Bietry"
      },
      "geometry": {
        "type": "Point",
        "coordinates": [
          -3.9775637,
          5.2739893
        ]
      },
      "id": "node/4977476390"
    },
    {
      "type": "Feature",
      "properties": {
        "@id": "node/4985719139",
        "amenity": "pharmacy",
        "healthcare": "pharmacy",
        "name": "Grande pharmacie de l’autoroute"
      },
      "geometry": {
        "type": "Point",
        "coordinates": [
          -4.1018952,
          5.3670411
        ]
      },
      "id": "node/4985719139"
    },
    {
      "type": "Feature",
      "properties": {
        "@id": "node/5037866222",
        "addr:suburb": "Port Bouet",
        "alt_name": "Centre de Santé Urbain Communautaire de Gonzagueville",
        "amenity": "clinic",
        "contact:phone": "+22502105922",
        "description": "Accouchement Assistance sociale, soutien social Conseil et dépistage volontaire (CDV)",
        "healthcare": "clinic",
        "name": "Centre de Santé Urbain de Gonzagueville",
        "opening_hours": "24/7",
        "operator:type": "public",
        "project:geoloc_unicef": "yes",
        "project:geoloc_unicef:id": "ABJ_164",
        "short_name": "CSU de Gonzagueville"
      },
      "geometry": {
        "type": "Point",
        "coordinates": [
          -3.8960646,
          5.2401663
        ]
      },
      "id": "node/5037866222"
    },
    {
      "type": "Feature",
      "properties": {
        "@id": "node/5041248821",
        "amenity": "doctors",
        "healthcare": "doctor",
        "name": "AIBEF",
        "name:fr": "AIBEF"
      },
      "geometry": {
        "type": "Point",
        "coordinates": [
          -4.0001251,
          5.2987912
        ]
      },
      "id": "node/5041248821"
    },
    {
      "type": "Feature",
      "properties": {
        "@id": "node/5043274523",
        "amenity": "pharmacy",
        "dispensing": "no",
        "drive_through": "no",
        "healthcare": "pharmacy",
        "old_name": "Pharmacie St Antoine",
        "opening_hours": "0/7"
      },
      "geometry": {
        "type": "Point",
        "coordinates": [
          -3.9780701,
          5.2893176
        ]
      },
      "id": "node/5043274523"
    },
    {
      "type": "Feature",
      "properties": {
        "@id": "node/5125512322",
        "amenity": "clinic",
        "healthcare": "clinic",
        "name": "Polyclinique Sacré-Cœur",
        "name:fr": "Polyclinique Sacré-Cœur",
        "phone": "+225 22 00 88 88"
      },
      "geometry": {
        "type": "Point",
        "coordinates": [
          -3.9798057,
          5.3646257
        ]
      },
      "id": "node/5125512322"
    },
    {
      "type": "Feature",
      "properties": {
        "@id": "node/5140443523",
        "amenity": "pharmacy",
        "healthcare": "pharmacy",
        "name": "Enica",
        "name:fr": "Enica"
      },
      "geometry": {
        "type": "Point",
        "coordinates": [
          -3.9528133,
          5.38018
        ]
      },
      "id": "node/5140443523"
    },
    {
      "type": "Feature",
      "properties": {
        "@id": "node/5141104070",
        "amenity": "pharmacy",
        "healthcare": "pharmacy",
        "name": "Pharmacie Ehilie"
      },
      "geometry": {
        "type": "Point",
        "coordinates": [
          -3.9600492,
          5.2928359
        ]
      },
      "id": "node/5141104070"
    },
    {
      "type": "Feature",
      "properties": {
        "@id": "node/5143754322",
        "addr:city": "Abidjan-Cocody",
        "addr:postcode": "08",
        "addr:street": "Rue E119",
        "amenity": "pharmacy",
        "healthcare": "pharmacy",
        "name": "Pharmacie Boaz"
      },
      "geometry": {
        "type": "Point",
        "coordinates": [
          -3.954167,
          5.3282274
        ]
      },
      "id": "node/5143754322"
    },
    {
      "type": "Feature",
      "properties": {
        "@id": "node/5143762421",
        "addr:city": "Abidjan -Cocody",
        "addr:postcode": "08",
        "addr:street": "Rue E36",
        "amenity": "pharmacy",
        "healthcare": "pharmacy",
        "name": "Pharmacie Les jardins d’Eden",
        "opening_hours": "Mo-Su 08:00-20:00"
      },
      "geometry": {
        "type": "Point",
        "coordinates": [
          -3.9432808,
          5.3282311
        ]
      },
      "id": "node/5143762421"
    },
    {
      "type": "Feature",
      "properties": {
        "@id": "node/5151231922",
        "amenity": "pharmacy",
        "healthcare": "pharmacy",
        "is_in": "Cocody Cité des arts",
        "name": "Pharmacie Comoe"
      },
      "geometry": {
        "type": "Point",
        "coordinates": [
          -3.9971112,
          5.3480743
        ]
      },
      "id": "node/5151231922"
    },
    {
      "type": "Feature",
      "properties": {
        "@id": "node/5155431746",
        "amenity": "pharmacy",
        "healthcare": "pharmacy",
        "name": "Pharmacie Les Arcades"
      },
      "geometry": {
        "type": "Point",
        "coordinates": [
          -3.976265,
          5.4035045
        ]
      },
      "id": "node/5155431746"
    },
    {
      "type": "Feature",
      "properties": {
        "@id": "node/5181889403",
        "amenity": "pharmacy",
        "healthcare": "pharmacy",
        "name": "Pharmacie Carrefour Santé"
      },
      "geometry": {
        "type": "Point",
        "coordinates": [
          -3.8942952,
          5.3616316
        ]
      },
      "id": "node/5181889403"
    },
    {
      "type": "Feature",
      "properties": {
        "@id": "node/5195756922",
        "addr:street": "Rue des Cannas",
        "amenity": "clinic",
        "healthcare": "clinic",
        "name": "Polyclinique Danga"
      },
      "geometry": {
        "type": "Point",
        "coordinates": [
          -4.0089224,
          5.3401418
        ]
      },
      "id": "node/5195756922"
    },
    {
      "type": "Feature",
      "properties": {
        "@id": "node/5205036163",
        "amenity": "pharmacy",
        "healthcare": "pharmacy",
        "name": "Pharmacie des plages"
      },
      "geometry": {
        "type": "Point",
        "coordinates": [
          -3.9226954,
          5.2436568
        ]
      },
      "id": "node/5205036163"
    },
    {
      "type": "Feature",
      "properties": {
        "@id": "node/5206662727",
        "addr:street": "Rue du Docteur Blanchard",
        "amenity": "doctors",
        "email": "Dr-abbas@hotmail.com",
        "healthcare": "doctor",
        "name": "cabinet Medical Imane",
        "opening_hours": "24/7",
        "phone": "07029782"
      },
      "geometry": {
        "type": "Point",
        "coordinates": [
          -3.9753011,
          5.2873562
        ]
      },
      "id": "node/5206662727"
    },
    {
      "type": "Feature",
      "properties": {
        "@id": "node/5217823421",
        "amenity": "pharmacy",
        "healthcare": "pharmacy",
        "name": "Pharmacie Eden"
      },
      "geometry": {
        "type": "Point",
        "coordinates": [
          -4.0496847,
          5.3227648
        ]
      },
      "id": "node/5217823421"
    },
    {
      "type": "Feature",
      "properties": {
        "@id": "node/5221604323",
        "amenity": "doctors",
        "healthcare": "doctor",
        "name": "Marie Tshibangu"
      },
      "geometry": {
        "type": "Point",
        "coordinates": [
          -3.9776308,
          5.3568095
        ]
      },
      "id": "node/5221604323"
    },
    {
      "type": "Feature",
      "properties": {
        "@id": "node/5221637323",
        "amenity": "doctors",
        "healthcare": "doctor",
        "name": "Chiropracteur Adèle N’ze"
      },
      "geometry": {
        "type": "Point",
        "coordinates": [
          -3.9542092,
          5.3444563
        ]
      },
      "id": "node/5221637323"
    },
    {
      "type": "Feature",
      "properties": {
        "@id": "node/5238045724",
        "amenity": "doctors",
        "healthcare": "doctor",
        "name": "La Rochelle",
        "name:fr": "La Rochelle"
      },
      "geometry": {
        "type": "Point",
        "coordinates": [
          -4.0146664,
          5.3176113
        ]
      },
      "id": "node/5238045724"
    },
    {
      "type": "Feature",
      "properties": {
        "@id": "node/5240532022",
        "amenity": "doctors",
        "healthcare": "doctor",
        "name": "Centre medical Saint Sauveur"
      },
      "geometry": {
        "type": "Point",
        "coordinates": [
          -4.0597007,
          5.346604
        ]
      },
      "id": "node/5240532022"
    },
    {
      "type": "Feature",
      "properties": {
        "@id": "node/5240534221",
        "amenity": "pharmacy",
        "healthcare": "pharmacy",
        "name": "Nouvelle Pharmacie Micao"
      },
      "geometry": {
        "type": "Point",
        "coordinates": [
          -4.0956285,
          5.3810587
        ]
      },
      "id": "node/5240534221"
    },
    {
      "type": "Feature",
      "properties": {
        "@id": "node/5246370233",
        "amenity": "pharmacy",
        "healthcare": "pharmacy",
        "name": "Pharmacie des Halles"
      },
      "geometry": {
        "type": "Point",
        "coordinates": [
          -3.9991867,
          5.3732618
        ]
      },
      "id": "node/5246370233"
    },
    {
      "type": "Feature",
      "properties": {
        "@id": "node/5254411022",
        "amenity": "pharmacy",
        "healthcare": "pharmacy",
        "name": "Nouvelle Pharmacie Abobo Belleville",
        "opening_hours": "Mo-Fr 08:00-20:00"
      },
      "geometry": {
        "type": "Point",
        "coordinates": [
          -3.9884733,
          5.4335283
        ]
      },
      "id": "node/5254411022"
    },
    {
      "type": "Feature",
      "properties": {
        "@id": "node/5280313721",
        "amenity": "pharmacy",
        "healthcare": "pharmacy",
        "name": "Pharmacie Sopim"
      },
      "geometry": {
        "type": "Point",
        "coordinates": [
          -3.9496259,
          5.3022168
        ]
      },
      "id": "node/5280313721"
    },
    {
      "type": "Feature",
      "properties": {
        "@id": "node/5287496421",
        "amenity": "doctors",
        "healthcare": "doctor",
        "name": "Espace Médical Concorde (EMC)",
        "opening_hours": "Mo, We 14:00-18:00; Tu, Th-Fr 09:00-18:00; Sa 09:00-13:00",
        "phone": "+22522437929"
      },
      "geometry": {
        "type": "Point",
        "coordinates": [
          -3.9781542,
          5.3398912
        ]
      },
      "id": "node/5287496421"
    },
    {
      "type": "Feature",
      "properties": {
        "@id": "node/5298481921",
        "amenity": "pharmacy",
        "healthcare": "pharmacy",
        "name": "Pharmacie La vierge du signe"
      },
      "geometry": {
        "type": "Point",
        "coordinates": [
          -4.0349656,
          5.4370167
        ]
      },
      "id": "node/5298481921"
    },
    {
      "type": "Feature",
      "properties": {
        "@id": "node/5342862126",
        "amenity": "clinic",
        "healthcare": "clinic",
        "name": "Clinique Centrale d'Abobo Centre"
      },
      "geometry": {
        "type": "Point",
        "coordinates": [
          -4.0142969,
          5.4236783
        ]
      },
      "id": "node/5342862126"
    },
    {
      "type": "Feature",
      "properties": {
        "@id": "node/5359355322",
        "amenity": "pharmacy",
        "healthcare": "pharmacy",
        "name": "Pharmacie Tizra",
        "name:fr": "Pharmacie Tizra"
      },
      "geometry": {
        "type": "Point",
        "coordinates": [
          -4.0501665,
          5.3299382
        ]
      },
      "id": "node/5359355322"
    },
    {
      "type": "Feature",
      "properties": {
        "@id": "node/5370700921",
        "amenity": "pharmacy",
        "healthcare": "pharmacy",
        "name": "Celia",
        "name:fr": "Celia"
      },
      "geometry": {
        "type": "Point",
        "coordinates": [
          -4.0826607,
          5.3553092
        ]
      },
      "id": "node/5370700921"
    },
    {
      "type": "Feature",
      "properties": {
        "@id": "node/5383119036",
        "amenity": "clinic",
        "healthcare": "clinic",
        "name": "Clinique médicale Sainte Thérèse d’Avila"
      },
      "geometry": {
        "type": "Point",
        "coordinates": [
          -4.0942472,
          5.3197331
        ]
      },
      "id": "node/5383119036"
    },
    {
      "type": "Feature",
      "properties": {
        "@id": "node/5383119074",
        "amenity": "doctors",
        "healthcare": "doctor",
        "name": "Espace médical Saint Simon"
      },
      "geometry": {
        "type": "Point",
        "coordinates": [
          -4.0673232,
          5.3323385
        ]
      },
      "id": "node/5383119074"
    },
    {
      "type": "Feature",
      "properties": {
        "@id": "node/5390264547",
        "addr:suburb": "Yopougon",
        "amenity": "doctors",
        "contact:phone": "+22523521882",
        "description": "Accouchement Consultation Consultation prénatale Conseil et dépistage volontaire (CDV)",
        "healthcare": "doctor",
        "name": "Centre de santé urbain de Yopougon Santé",
        "opening_hours": "24/7",
        "operator:type": "public",
        "project:geoloc_unicef": "yes",
        "project:geoloc_unicef:id": "ABJ_010"
      },
      "geometry": {
        "type": "Point",
        "coordinates": [
          -4.0445252,
          5.3106191
        ]
      },
      "id": "node/5390264547"
    },
    {
      "type": "Feature",
      "properties": {
        "@id": "node/5390465910",
        "addr:suburb": "Yopougon",
        "amenity": "doctors",
        "contact:phone": "+22507531004",
        "description": "Accouchement Conseil et dépistage volontaire (CDV) Consultation prénatale Consultation",
        "healthcare": "doctor",
        "name": "Formation Sanitaire Urbaine d' Abobodoumé-Locodjro",
        "opening_hours": "24/7",
        "operator:type": "public",
        "project:geoloc_unicef": "yes",
        "project:geoloc_unicef:id": "ABJ_017"
      },
      "geometry": {
        "type": "Point",
        "coordinates": [
          -4.0358877,
          5.3156737
        ]
      },
      "id": "node/5390465910"
    },
    {
      "type": "Feature",
      "properties": {
        "@id": "node/5390466023",
        "amenity": "pharmacy",
        "healthcare": "pharmacy",
        "name": "Pharmacie Saint Étienne"
      },
      "geometry": {
        "type": "Point",
        "coordinates": [
          -4.0376754,
          5.3094083
        ]
      },
      "id": "node/5390466023"
    },
    {
      "type": "Feature",
      "properties": {
        "@id": "node/5425049450",
        "amenity": "pharmacy",
        "healthcare": "pharmacy",
        "name": "Pharmacie Chenain"
      },
      "geometry": {
        "type": "Point",
        "coordinates": [
          -4.043815,
          5.3196357
        ]
      },
      "id": "node/5425049450"
    },
    {
      "type": "Feature",
      "properties": {
        "@id": "node/5427546521",
        "amenity": "pharmacy",
        "healthcare": "pharmacy",
        "name": "Pharmacie Mamy Adjoa"
      },
      "geometry": {
        "type": "Point",
        "coordinates": [
          -4.0953249,
          5.358571
        ]
      },
      "id": "node/5427546521"
    },
    {
      "type": "Feature",
      "properties": {
        "@id": "node/5446626873",
        "amenity": "pharmacy",
        "healthcare": "pharmacy",
        "name": "Nouvelle pharmacie Gabriel Gare"
      },
      "geometry": {
        "type": "Point",
        "coordinates": [
          -4.0714454,
          5.3549718
        ]
      },
      "id": "node/5446626873"
    },
    {
      "type": "Feature",
      "properties": {
        "@id": "node/5457856557",
        "amenity": "pharmacy",
        "healthcare": "pharmacy",
        "name": "Pharmacie Magnificat"
      },
      "geometry": {
        "type": "Point",
        "coordinates": [
          -3.9916868,
          5.3852734
        ]
      },
      "id": "node/5457856557"
    },
    {
      "type": "Feature",
      "properties": {
        "@id": "node/5457856710",
        "amenity": "doctors",
        "healthcare": "doctor",
        "name": "Centre médical Les archanges"
      },
      "geometry": {
        "type": "Point",
        "coordinates": [
          -4.1029358,
          5.353554
        ]
      },
      "id": "node/5457856710"
    },
    {
      "type": "Feature",
      "properties": {
        "@id": "node/5464912421",
        "amenity": "pharmacy",
        "healthcare": "pharmacy",
        "name": "Pharrmacie Tereza"
      },
      "geometry": {
        "type": "Point",
        "coordinates": [
          -4.0840613,
          5.3367586
        ]
      },
      "id": "node/5464912421"
    },
    {
      "type": "Feature",
      "properties": {
        "@id": "node/5469322821",
        "amenity": "clinic",
        "healthcare": "clinic",
        "name": "Maternité d'Attiekoi"
      },
      "geometry": {
        "type": "Point",
        "coordinates": [
          -3.9682524,
          5.5409266
        ]
      },
      "id": "node/5469322821"
    },
    {
      "type": "Feature",
      "properties": {
        "@id": "node/5469484322",
        "amenity": "doctors",
        "healthcare": "doctor",
        "name": "Centre médical Chenal"
      },
      "geometry": {
        "type": "Point",
        "coordinates": [
          -4.0217621,
          5.3266092
        ]
      },
      "id": "node/5469484322"
    },
    {
      "type": "Feature",
      "properties": {
        "@id": "node/5478647921",
        "amenity": "pharmacy",
        "healthcare": "pharmacy",
        "name": "Pharmacie Abya"
      },
      "geometry": {
        "type": "Point",
        "coordinates": [
          -3.9694931,
          5.3015084
        ]
      },
      "id": "node/5478647921"
    },
    {
      "type": "Feature",
      "properties": {
        "@id": "node/5478647922",
        "amenity": "doctors",
        "healthcare": "doctor",
        "name": "Centre Médical Rahinah"
      },
      "geometry": {
        "type": "Point",
        "coordinates": [
          -3.9645674,
          5.3029328
        ]
      },
      "id": "node/5478647922"
    },
    {
      "type": "Feature",
      "properties": {
        "@id": "node/5487338621",
        "amenity": "pharmacy",
        "healthcare": "pharmacy",
        "name": "Pharmacie Rahman"
      },
      "geometry": {
        "type": "Point",
        "coordinates": [
          -4.011986,
          5.4257959
        ]
      },
      "id": "node/5487338621"
    },
    {
      "type": "Feature",
      "properties": {
        "@id": "node/5494672321",
        "amenity": "pharmacy",
        "healthcare": "pharmacy",
        "name": "Mamy Adjoa"
      },
      "geometry": {
        "type": "Point",
        "coordinates": [
          -4.0955829,
          5.35869
        ]
      },
      "id": "node/5494672321"
    },
    {
      "type": "Feature",
      "properties": {
        "@id": "node/5498312004",
        "amenity": "doctors",
        "healthcare": "doctor",
        "name": "Espace Santé Eden"
      },
      "geometry": {
        "type": "Point",
        "coordinates": [
          -4.1070981,
          5.3692029
        ]
      },
      "id": "node/5498312004"
    },
    {
      "type": "Feature",
      "properties": {
        "@id": "node/5498314573",
        "amenity": "doctors",
        "healthcare": "doctor",
        "name": "Centre médical exsaucé"
      },
      "geometry": {
        "type": "Point",
        "coordinates": [
          -4.1063602,
          5.3237609
        ]
      },
      "id": "node/5498314573"
    },
    {
      "type": "Feature",
      "properties": {
        "@id": "node/5531949954",
        "amenity": "pharmacy",
        "dispensing": "yes",
        "healthcare": "pharmacy",
        "name": "Pharmacie Les Mimosnas"
      },
      "geometry": {
        "type": "Point",
        "coordinates": [
          -3.9995646,
          5.348803
        ]
      },
      "id": "node/5531949954"
    },
    {
      "type": "Feature",
      "properties": {
        "@id": "node/5545187921",
        "amenity": "clinic",
        "healthcare": "clinic",
        "name": "Clinique HMS Plateau"
      },
      "geometry": {
        "type": "Point",
        "coordinates": [
          -4.0128494,
          5.3205083
        ]
      },
      "id": "node/5545187921"
    },
    {
      "type": "Feature",
      "properties": {
        "@id": "node/5552652130",
        "amenity": "doctors",
        "healthcare": "doctor",
        "name": "Centre Médical Saint-Samuel"
      },
      "geometry": {
        "type": "Point",
        "coordinates": [
          -4.0682295,
          5.341551
        ]
      },
      "id": "node/5552652130"
    },
    {
      "type": "Feature",
      "properties": {
        "@id": "node/5552667633",
        "amenity": "doctors",
        "healthcare": "doctor",
        "name": "Centre Médical L'Ange du Secourisme"
      },
      "geometry": {
        "type": "Point",
        "coordinates": [
          -4.0680778,
          5.3415455
        ]
      },
      "id": "node/5552667633"
    },
    {
      "type": "Feature",
      "properties": {
        "@id": "node/5552692318",
        "amenity": "doctors",
        "healthcare": "doctor",
        "name": "Centre Médical SMGL"
      },
      "geometry": {
        "type": "Point",
        "coordinates": [
          -3.9961244,
          5.300874
        ]
      },
      "id": "node/5552692318"
    },
    {
      "type": "Feature",
      "properties": {
        "@id": "node/5554937294",
        "amenity": "pharmacy",
        "healthcare": "pharmacy",
        "name": "Pharmacie de la félicité"
      },
      "geometry": {
        "type": "Point",
        "coordinates": [
          -4.0937669,
          5.3394278
        ]
      },
      "id": "node/5554937294"
    },
    {
      "type": "Feature",
      "properties": {
        "@id": "node/5554937326",
        "amenity": "doctors",
        "healthcare": "doctor",
        "name": "Centre médical Missione futuro Songon M’brathé"
      },
      "geometry": {
        "type": "Point",
        "coordinates": [
          -4.2655767,
          5.3117017
        ]
      },
      "id": "node/5554937326"
    },
    {
      "type": "Feature",
      "properties": {
        "@id": "node/5599201713",
        "amenity": "pharmacy",
        "healthcare": "pharmacy",
        "name": "Pharmacie Sideci extension"
      },
      "geometry": {
        "type": "Point",
        "coordinates": [
          -4.0832999,
          5.3236628
        ]
      },
      "id": "node/5599201713"
    },
    {
      "type": "Feature",
      "properties": {
        "@id": "node/5599203446",
        "amenity": "pharmacy",
        "healthcare": "pharmacy",
        "name": "Pharmacie Olympique"
      },
      "geometry": {
        "type": "Point",
        "coordinates": [
          -4.0683042,
          5.4390365
        ]
      },
      "id": "node/5599203446"
    },
    {
      "type": "Feature",
      "properties": {
        "@id": "node/5599203448",
        "amenity": "pharmacy",
        "healthcare": "pharmacy",
        "name": "Pharmacie Monastère"
      },
      "geometry": {
        "type": "Point",
        "coordinates": [
          -4.000793,
          5.415265
        ]
      },
      "id": "node/5599203448"
    },
    {
      "type": "Feature",
      "properties": {
        "@id": "node/5614966166",
        "amenity": "doctors",
        "healthcare": "doctor",
        "name": "Centre médical Saint Theophile d’esperance"
      },
      "geometry": {
        "type": "Point",
        "coordinates": [
          -4.0788971,
          5.3190912
        ]
      },
      "id": "node/5614966166"
    },
    {
      "type": "Feature",
      "properties": {
        "@id": "node/5614966648",
        "amenity": "pharmacy",
        "healthcare": "pharmacy",
        "name": "Pharmacie de Sion"
      },
      "geometry": {
        "type": "Point",
        "coordinates": [
          -4.0796958,
          5.3188158
        ]
      },
      "id": "node/5614966648"
    },
    {
      "type": "Feature",
      "properties": {
        "@id": "node/5620097768",
        "amenity": "pharmacy",
        "healthcare": "pharmacy",
        "name": "Pharmacie Santa Caterina"
      },
      "geometry": {
        "type": "Point",
        "coordinates": [
          -4.0754011,
          5.3373614
        ]
      },
      "id": "node/5620097768"
    },
    {
      "type": "Feature",
      "properties": {
        "@id": "node/5677291223",
        "amenity": "pharmacy",
        "healthcare": "pharmacy",
        "name": "Notre dame du refuge"
      },
      "geometry": {
        "type": "Point",
        "coordinates": [
          -3.9518635,
          5.3642006
        ]
      },
      "id": "node/5677291223"
    },
    {
      "type": "Feature",
      "properties": {
        "@id": "node/5784518058",
        "amenity": "doctors",
        "healthcare": "doctor"
      },
      "geometry": {
        "type": "Point",
        "coordinates": [
          -3.9780325,
          5.3364112
        ]
      },
      "id": "node/5784518058"
    },
    {
      "type": "Feature",
      "properties": {
        "@id": "node/5859225387",
        "amenity": "doctors",
        "healthcare": "doctor",
        "healthcare:speciality": "ophthalmology",
        "level": "1",
        "name": "Résidence médicale Vision",
        "name:fr": "Résidence Vision"
      },
      "geometry": {
        "type": "Point",
        "coordinates": [
          -3.9807155,
          5.2825997
        ]
      },
      "id": "node/5859225387"
    },
    {
      "type": "Feature",
      "properties": {
        "@id": "node/5864438643",
        "amenity": "pharmacy",
        "healthcare": "pharmacy",
        "name": "Pharmacie Meydeba"
      },
      "geometry": {
        "type": "Point",
        "coordinates": [
          -4.0514091,
          5.4828537
        ]
      },
      "id": "node/5864438643"
    },
    {
      "type": "Feature",
      "properties": {
        "@id": "node/5905168521",
        "amenity": "doctors",
        "healthcare": "doctor",
        "name": "Clinique Saint Rafael"
      },
      "geometry": {
        "type": "Point",
        "coordinates": [
          -4.0998126,
          5.3437818
        ]
      },
      "id": "node/5905168521"
    },
    {
      "type": "Feature",
      "properties": {
        "@id": "node/5915382287",
        "amenity": "clinic",
        "healthcare": "clinic",
        "name": "Clinique Nouvelle Espérance"
      },
      "geometry": {
        "type": "Point",
        "coordinates": [
          -3.956465,
          5.3457952
        ]
      },
      "id": "node/5915382287"
    },
    {
      "type": "Feature",
      "properties": {
        "@id": "node/5919105988",
        "addr:street": "Route d'Abatta",
        "addr:suburb": "Cocody",
        "amenity": "doctors",
        "contact:mobile": "+22559506261",
        "contact:phone": "+22542383538",
        "description": "Consultation prénatale Consultation gynéco-obstétriques Pédiatrie Accouchement Pansement,",
        "healthcare": "doctor",
        "name": "Centre de santé communautaire d'Akouedo-Attie",
        "opening_hours": "24/7",
        "operator:type": "public",
        "project:geoloc_unicef": "yes",
        "project:geoloc_unicef:id": "ABJ_426",
        "short_name": "CSU d'akouedo attié"
      },
      "geometry": {
        "type": "Point",
        "coordinates": [
          -3.9264649,
          5.3561749
        ]
      },
      "id": "node/5919105988"
    },
    {
      "type": "Feature",
      "properties": {
        "@id": "node/5921917902",
        "amenity": "clinic",
        "healthcare": "clinic",
        "name": "Clinique Médicale St Jean Baptiste"
      },
      "geometry": {
        "type": "Point",
        "coordinates": [
          -4.0600035,
          5.3514417
        ]
      },
      "id": "node/5921917902"
    },
    {
      "type": "Feature",
      "properties": {
        "@id": "node/5922578774",
        "amenity": "doctors",
        "healthcare": "doctor",
        "name": "Diététicien"
      },
      "geometry": {
        "type": "Point",
        "coordinates": [
          -4.0606559,
          5.3459144
        ]
      },
      "id": "node/5922578774"
    },
    {
      "type": "Feature",
      "properties": {
        "@id": "node/5922707462",
        "amenity": "doctors",
        "healthcare": "doctor",
        "name": "Centre medical bein être"
      },
      "geometry": {
        "type": "Point",
        "coordinates": [
          -4.0616188,
          5.340869
        ]
      },
      "id": "node/5922707462"
    },
    {
      "type": "Feature",
      "properties": {
        "@id": "node/5922747950",
        "amenity": "doctors",
        "healthcare": "doctor",
        "name": "Cabinet De Santé"
      },
      "geometry": {
        "type": "Point",
        "coordinates": [
          -4.0635151,
          5.3487872
        ]
      },
      "id": "node/5922747950"
    },
    {
      "type": "Feature",
      "properties": {
        "@id": "node/5922760025",
        "amenity": "doctors",
        "healthcare": "doctor"
      },
      "geometry": {
        "type": "Point",
        "coordinates": [
          -4.0743533,
          5.3551784
        ]
      },
      "id": "node/5922760025"
    },
    {
      "type": "Feature",
      "properties": {
        "@id": "node/5922803762",
        "amenity": "doctors",
        "healthcare": "doctor",
        "name": "Cabinet Nutrithérapie: DIET CITY"
      },
      "geometry": {
        "type": "Point",
        "coordinates": [
          -4.0584947,
          5.3412195
        ]
      },
      "id": "node/5922803762"
    },
    {
      "type": "Feature",
      "properties": {
        "@id": "node/5922808017",
        "amenity": "doctors",
        "healthcare": "doctor",
        "name": "Prince Hop"
      },
      "geometry": {
        "type": "Point",
        "coordinates": [
          -4.0575358,
          5.3523864
        ]
      },
      "id": "node/5922808017"
    },
    {
      "type": "Feature",
      "properties": {
        "@id": "node/5923687543",
        "amenity": "clinic",
        "healthcare": "clinic",
        "name": "Clinique Médicale Spécialisée",
        "phone": "+225 22 41 72 96;+225 02 50 59 99"
      },
      "geometry": {
        "type": "Point",
        "coordinates": [
          -4.0009726,
          5.3632278
        ]
      },
      "id": "node/5923687543"
    },
    {
      "type": "Feature",
      "properties": {
        "@id": "node/5923974711",
        "amenity": "doctors",
        "healthcare": "doctor"
      },
      "geometry": {
        "type": "Point",
        "coordinates": [
          -4.0795413,
          5.3479981
        ]
      },
      "id": "node/5923974711"
    },
    {
      "type": "Feature",
      "properties": {
        "@id": "node/5923975081",
        "amenity": "doctors",
        "healthcare": "doctor",
        "name": "Maternité Monjos Vie"
      },
      "geometry": {
        "type": "Point",
        "coordinates": [
          -4.0817408,
          5.3480595
        ]
      },
      "id": "node/5923975081"
    },
    {
      "type": "Feature",
      "properties": {
        "@id": "node/5923989680",
        "amenity": "doctors",
        "healthcare": "doctor",
        "name": "Madaly santé"
      },
      "geometry": {
        "type": "Point",
        "coordinates": [
          -4.0012275,
          5.3634536
        ]
      },
      "id": "node/5923989680"
    },
    {
      "type": "Feature",
      "properties": {
        "@id": "node/5923989856",
        "amenity": "pharmacy",
        "healthcare": "pharmacy",
        "name": "Pharmacie des graces"
      },
      "geometry": {
        "type": "Point",
        "coordinates": [
          -4.006836,
          5.3682898
        ]
      },
      "id": "node/5923989856"
    },
    {
      "type": "Feature",
      "properties": {
        "@id": "node/5924041481",
        "amenity": "doctors",
        "healthcare": "doctor",
        "name": "Cabinet Chinois"
      },
      "geometry": {
        "type": "Point",
        "coordinates": [
          -4.0744726,
          5.3564696
        ]
      },
      "id": "node/5924041481"
    },
    {
      "type": "Feature",
      "properties": {
        "@id": "node/5924095744",
        "amenity": "doctors",
        "healthcare": "doctor",
        "name": "Cabinet Médical Saint André"
      },
      "geometry": {
        "type": "Point",
        "coordinates": [
          -4.0714062,
          5.3416689
        ]
      },
      "id": "node/5924095744"
    },
    {
      "type": "Feature",
      "properties": {
        "@id": "node/5924120820",
        "amenity": "doctors",
        "healthcare": "doctor",
        "name": "Centre de Soin"
      },
      "geometry": {
        "type": "Point",
        "coordinates": [
          -4.0763874,
          5.3525546
        ]
      },
      "id": "node/5924120820"
    },
    {
      "type": "Feature",
      "properties": {
        "@id": "node/5924126680",
        "amenity": "doctors",
        "healthcare": "doctor",
        "name": "Tradi praticien longue vie"
      },
      "geometry": {
        "type": "Point",
        "coordinates": [
          -4.0719944,
          5.3487259
        ]
      },
      "id": "node/5924126680"
    },
    {
      "type": "Feature",
      "properties": {
        "@id": "node/5924126683",
        "amenity": "doctors",
        "healthcare": "doctor",
        "name": "Medecine traditionnelle chez coulibaly"
      },
      "geometry": {
        "type": "Point",
        "coordinates": [
          -4.0724114,
          5.3487304
        ]
      },
      "id": "node/5924126683"
    },
    {
      "type": "Feature",
      "properties": {
        "@id": "node/5924196110",
        "amenity": "doctors",
        "healthcare": "doctor",
        "name": "cabinet Medical Le Social",
        "note": "Rez de Chausée"
      },
      "geometry": {
        "type": "Point",
        "coordinates": [
          -4.0522841,
          5.35491
        ]
      },
      "id": "node/5924196110"
    },
    {
      "type": "Feature",
      "properties": {
        "@id": "node/5924214407",
        "amenity": "doctors",
        "healthcare": "doctor",
        "name": "Maison de la santé",
        "operator": "medecine chinoise"
      },
      "geometry": {
        "type": "Point",
        "coordinates": [
          -4.0722585,
          5.3469539
        ]
      },
      "id": "node/5924214407"
    },
    {
      "type": "Feature",
      "properties": {
        "@id": "node/5924248422",
        "amenity": "doctors",
        "healthcare": "doctor",
        "name": "Maternité bethel"
      },
      "geometry": {
        "type": "Point",
        "coordinates": [
          -4.0690056,
          5.3510618
        ]
      },
      "id": "node/5924248422"
    },
    {
      "type": "Feature",
      "properties": {
        "@id": "node/5924248423",
        "amenity": "doctors",
        "healthcare": "doctor",
        "name": "centre de santé moderne"
      },
      "geometry": {
        "type": "Point",
        "coordinates": [
          -4.069125,
          5.3510772
        ]
      },
      "id": "node/5924248423"
    },
    {
      "type": "Feature",
      "properties": {
        "@id": "node/5924368016",
        "amenity": "doctors",
        "healthcare": "doctor",
        "name": "Cabinet Médical Chinois"
      },
      "geometry": {
        "type": "Point",
        "coordinates": [
          -4.0741561,
          5.3524548
        ]
      },
      "id": "node/5924368016"
    },
    {
      "type": "Feature",
      "properties": {
        "@id": "node/5924383764",
        "amenity": "pharmacy",
        "healthcare": "pharmacy",
        "name": "Pharmacie 2 plateaux agban"
      },
      "geometry": {
        "type": "Point",
        "coordinates": [
          -4.0081103,
          5.3666453
        ]
      },
      "id": "node/5924383764"
    },
    {
      "type": "Feature",
      "properties": {
        "@id": "node/5924383882",
        "amenity": "doctors",
        "healthcare": "doctor",
        "name": "Cabinet medical privé"
      },
      "geometry": {
        "type": "Point",
        "coordinates": [
          -4.0062533,
          5.3673825
        ]
      },
      "id": "node/5924383882"
    },
    {
      "type": "Feature",
      "properties": {
        "@id": "node/5924383951",
        "amenity": "doctors",
        "healthcare": "doctor",
        "name": "Cabinet medical privé"
      },
      "geometry": {
        "type": "Point",
        "coordinates": [
          -4.0058228,
          5.368249
        ]
      },
      "id": "node/5924383951"
    },
    {
      "type": "Feature",
      "properties": {
        "@id": "node/5924386278",
        "amenity": "doctors",
        "healthcare": "doctor",
        "name": "Infirmérie paramedical Sainte dominique"
      },
      "geometry": {
        "type": "Point",
        "coordinates": [
          -4.0730967,
          5.346813
        ]
      },
      "id": "node/5924386278"
    },
    {
      "type": "Feature",
      "properties": {
        "@id": "node/5924466548",
        "amenity": "doctors",
        "healthcare": "doctor"
      },
      "geometry": {
        "type": "Point",
        "coordinates": [
          -4.068548,
          5.3436391
        ]
      },
      "id": "node/5924466548"
    },
    {
      "type": "Feature",
      "properties": {
        "@id": "node/5924469804",
        "amenity": "doctors",
        "healthcare": "doctor",
        "name": "Cabinet De Naturothérapie"
      },
      "geometry": {
        "type": "Point",
        "coordinates": [
          -4.0679616,
          5.3413257
        ]
      },
      "id": "node/5924469804"
    },
    {
      "type": "Feature",
      "properties": {
        "@id": "node/5924510394",
        "amenity": "doctors",
        "healthcare": "doctor",
        "name": "Clinique Chinoise"
      },
      "geometry": {
        "type": "Point",
        "coordinates": [
          -4.0780628,
          5.3486149
        ]
      },
      "id": "node/5924510394"
    },
    {
      "type": "Feature",
      "properties": {
        "@id": "node/5924510498",
        "amenity": "doctors",
        "healthcare": "doctor",
        "name": "Centre de Santé Samana"
      },
      "geometry": {
        "type": "Point",
        "coordinates": [
          -4.0781339,
          5.3506729
        ]
      },
      "id": "node/5924510498"
    },
    {
      "type": "Feature",
      "properties": {
        "@id": "node/5924517971",
        "amenity": "doctors",
        "healthcare": "doctor",
        "name": "Cabinet medical Benevoles Sans Frontières"
      },
      "geometry": {
        "type": "Point",
        "coordinates": [
          -4.0628023,
          5.3502259
        ]
      },
      "id": "node/5924517971"
    },
    {
      "type": "Feature",
      "properties": {
        "@id": "node/5924540070",
        "amenity": "doctors",
        "healthcare": "doctor",
        "healthcare:speciality": "ophthalmology",
        "name": "Ophtalmologue",
        "note": "Specialiste des traitements des yeux"
      },
      "geometry": {
        "type": "Point",
        "coordinates": [
          -4.0641689,
          5.3532303
        ]
      },
      "id": "node/5924540070"
    },
    {
      "type": "Feature",
      "properties": {
        "@id": "node/5924540072",
        "amenity": "doctors",
        "healthcare": "doctor",
        "name": "Cabinet Medical Douce",
        "note": "Tradipraticien"
      },
      "geometry": {
        "type": "Point",
        "coordinates": [
          -4.0629137,
          5.3520432
        ]
      },
      "id": "node/5924540072"
    },
    {
      "type": "Feature",
      "properties": {
        "@id": "node/5924567991",
        "amenity": "doctors",
        "healthcare": "doctor",
        "name": "Cabinet Medical Privé CM2S"
      },
      "geometry": {
        "type": "Point",
        "coordinates": [
          -4.0654376,
          5.355579
        ]
      },
      "id": "node/5924567991"
    },
    {
      "type": "Feature",
      "properties": {
        "@id": "node/5924569812",
        "amenity": "doctors",
        "healthcare": "doctor",
        "name": "Le Messie"
      },
      "geometry": {
        "type": "Point",
        "coordinates": [
          -4.0729699,
          5.346385
        ]
      },
      "id": "node/5924569812"
    },
    {
      "type": "Feature",
      "properties": {
        "@id": "node/5924690677",
        "amenity": "pharmacy",
        "contact:email": "phciemeraude@gmail.com",
        "contact:facebook": "WalkerB",
        "contact:phone": "+225 22 46 54 31",
        "healthcare": "pharmacy",
        "name": "Pharmacie Emeraude",
        "website": "https://pharmacie-emeraude.business.site/"
      },
      "geometry": {
        "type": "Point",
        "coordinates": [
          -4.0014756,
          5.3714936
        ]
      },
      "id": "node/5924690677"
    },
    {
      "type": "Feature",
      "properties": {
        "@id": "node/5924690682",
        "amenity": "clinic",
        "healthcare": "clinic",
        "name": "Clinique le rocher"
      },
      "geometry": {
        "type": "Point",
        "coordinates": [
          -4.0011559,
          5.3709642
        ]
      },
      "id": "node/5924690682"
    },
    {
      "type": "Feature",
      "properties": {
        "@id": "node/5924692653",
        "amenity": "doctors",
        "healthcare": "doctor",
        "name": "Centre prenatal",
        "phone": "40730334"
      },
      "geometry": {
        "type": "Point",
        "coordinates": [
          -4.0054755,
          5.3688165
        ]
      },
      "id": "node/5924692653"
    },
    {
      "type": "Feature",
      "properties": {
        "@id": "node/5926282070",
        "amenity": "clinic",
        "healthcare": "clinic",
        "name": "Clinique Du Lavage"
      },
      "geometry": {
        "type": "Point",
        "coordinates": [
          -4.0723433,
          5.3408537
        ]
      },
      "id": "node/5926282070"
    },
    {
      "type": "Feature",
      "properties": {
        "@id": "node/5926480153",
        "amenity": "pharmacy",
        "healthcare": "pharmacy",
        "name": "Pharmacie Celia"
      },
      "geometry": {
        "type": "Point",
        "coordinates": [
          -4.0816113,
          5.35533
        ]
      },
      "id": "node/5926480153"
    },
    {
      "type": "Feature",
      "properties": {
        "@id": "node/5926480437",
        "amenity": "doctors",
        "healthcare": "doctor",
        "name": "Centre Médical"
      },
      "geometry": {
        "type": "Point",
        "coordinates": [
          -4.0838406,
          5.3534649
        ]
      },
      "id": "node/5926480437"
    },
    {
      "type": "Feature",
      "properties": {
        "@id": "node/5926480471",
        "amenity": "doctors",
        "healthcare": "doctor",
        "name": "Centre Médico Social Emmanuel"
      },
      "geometry": {
        "type": "Point",
        "coordinates": [
          -4.0823,
          5.3525072
        ]
      },
      "id": "node/5926480471"
    },
    {
      "type": "Feature",
      "properties": {
        "@id": "node/5926480501",
        "amenity": "pharmacy",
        "healthcare": "pharmacy",
        "name": "Pharmacie l'Amitié de Yopougon"
      },
      "geometry": {
        "type": "Point",
        "coordinates": [
          -4.0792637,
          5.3535932
        ]
      },
      "id": "node/5926480501"
    },
    {
      "type": "Feature",
      "properties": {
        "@id": "node/5926611645",
        "amenity": "doctors",
        "healthcare": "doctor",
        "name": "Cabinet medical privé"
      },
      "geometry": {
        "type": "Point",
        "coordinates": [
          -4.0019363,
          5.3685695
        ]
      },
      "id": "node/5926611645"
    },
    {
      "type": "Feature",
      "properties": {
        "@id": "node/5926805818",
        "amenity": "clinic",
        "healthcare": "clinic",
        "name": "Clinique Médicale Les Orchidées"
      },
      "geometry": {
        "type": "Point",
        "coordinates": [
          -4.08392,
          5.3383186
        ]
      },
      "id": "node/5926805818"
    },
    {
      "type": "Feature",
      "properties": {
        "@id": "node/5926954794",
        "amenity": "clinic",
        "healthcare": "clinic",
        "name": "Clinique Chinoise"
      },
      "geometry": {
        "type": "Point",
        "coordinates": [
          -4.0674459,
          5.3465293
        ]
      },
      "id": "node/5926954794"
    },
    {
      "type": "Feature",
      "properties": {
        "@id": "node/5926960356",
        "amenity": "doctors",
        "healthcare": "doctor",
        "name": "Centre medical de l'esperance"
      },
      "geometry": {
        "type": "Point",
        "coordinates": [
          -4.0561558,
          5.3423372
        ]
      },
      "id": "node/5926960356"
    },
    {
      "type": "Feature",
      "properties": {
        "@id": "node/5926971982",
        "amenity": "doctors",
        "healthcare": "doctor",
        "name": "Cabinet Médical Bio Pharma Afrique|Asie"
      },
      "geometry": {
        "type": "Point",
        "coordinates": [
          -4.0837142,
          5.3356287
        ]
      },
      "id": "node/5926971982"
    },
    {
      "type": "Feature",
      "properties": {
        "@id": "node/5927194825",
        "amenity": "doctors",
        "healthcare": "doctor"
      },
      "geometry": {
        "type": "Point",
        "coordinates": [
          -4.0763046,
          5.3477697
        ]
      },
      "id": "node/5927194825"
    },
    {
      "type": "Feature",
      "properties": {
        "@id": "node/5927195260",
        "amenity": "doctors",
        "healthcare": "doctor",
        "name": "Centre Médical St Jean Paul II"
      },
      "geometry": {
        "type": "Point",
        "coordinates": [
          -4.0792577,
          5.3469679
        ]
      },
      "id": "node/5927195260"
    },
    {
      "type": "Feature",
      "properties": {
        "@id": "node/5927195269",
        "amenity": "doctors",
        "healthcare": "doctor"
      },
      "geometry": {
        "type": "Point",
        "coordinates": [
          -4.0797221,
          5.345191
        ]
      },
      "id": "node/5927195269"
    },
    {
      "type": "Feature",
      "properties": {
        "@id": "node/5927195504",
        "amenity": "clinic",
        "healthcare": "clinic",
        "name": "Clinique AIBEF"
      },
      "geometry": {
        "type": "Point",
        "coordinates": [
          -4.0800758,
          5.3427685
        ]
      },
      "id": "node/5927195504"
    },
    {
      "type": "Feature",
      "properties": {
        "@id": "node/5927476323",
        "amenity": "pharmacy",
        "healthcare": "pharmacy",
        "name": "Pharmacie"
      },
      "geometry": {
        "type": "Point",
        "coordinates": [
          -3.9979318,
          5.3705136
        ]
      },
      "id": "node/5927476323"
    },
    {
      "type": "Feature",
      "properties": {
        "@id": "node/5927476324",
        "amenity": "doctors",
        "healthcare": "doctor",
        "name": "Laboratoire R+"
      },
      "geometry": {
        "type": "Point",
        "coordinates": [
          -3.9979378,
          5.3705636
        ]
      },
      "id": "node/5927476324"
    },
    {
      "type": "Feature",
      "properties": {
        "@id": "node/5927476492",
        "amenity": "doctors",
        "healthcare": "doctor",
        "name": "Laboratoire naturelle santé: Centre de bio medecine"
      },
      "geometry": {
        "type": "Point",
        "coordinates": [
          -3.9979348,
          5.368712
        ]
      },
      "id": "node/5927476492"
    },
    {
      "type": "Feature",
      "properties": {
        "@id": "node/5927563659",
        "amenity": "doctors",
        "healthcare": "doctor",
        "name": "Cabinet Médical Chinois"
      },
      "geometry": {
        "type": "Point",
        "coordinates": [
          -4.0671113,
          5.3571412
        ]
      },
      "id": "node/5927563659"
    },
    {
      "type": "Feature",
      "properties": {
        "@id": "node/5928588663",
        "amenity": "doctors",
        "healthcare": "doctor",
        "name": "Centre Médical"
      },
      "geometry": {
        "type": "Point",
        "coordinates": [
          -4.0772833,
          5.3380696
        ]
      },
      "id": "node/5928588663"
    },
    {
      "type": "Feature",
      "properties": {
        "@id": "node/5928589027",
        "amenity": "doctors",
        "healthcare": "doctor",
        "name": "Centre Médical La Grâce"
      },
      "geometry": {
        "type": "Point",
        "coordinates": [
          -4.0765869,
          5.3364132
        ]
      },
      "id": "node/5928589027"
    },
    {
      "type": "Feature",
      "properties": {
        "@id": "node/5928589068",
        "amenity": "doctors",
        "healthcare": "doctor",
        "name": "Centre Médical"
      },
      "geometry": {
        "type": "Point",
        "coordinates": [
          -4.0755945,
          5.3359078
        ]
      },
      "id": "node/5928589068"
    },
    {
      "type": "Feature",
      "properties": {
        "@id": "node/5928601279",
        "amenity": "doctors",
        "healthcare": "doctor",
        "name": "Cabinet Tradipraticien: Kinaya Lazare"
      },
      "geometry": {
        "type": "Point",
        "coordinates": [
          -4.0705345,
          5.3494605
        ]
      },
      "id": "node/5928601279"
    },
    {
      "type": "Feature",
      "properties": {
        "@id": "node/5928711305",
        "amenity": "doctors",
        "healthcare": "doctor",
        "name": "Centre spécialisé de phytotherapie"
      },
      "geometry": {
        "type": "Point",
        "coordinates": [
          -3.9973739,
          5.373644
        ]
      },
      "id": "node/5928711305"
    },
    {
      "type": "Feature",
      "properties": {
        "@id": "node/5928711353",
        "amenity": "doctors",
        "healthcare": "doctor",
        "name": "Cabinet dietetique katio"
      },
      "geometry": {
        "type": "Point",
        "coordinates": [
          -3.9974419,
          5.372245
        ]
      },
      "id": "node/5928711353"
    },
    {
      "type": "Feature",
      "properties": {
        "@id": "node/5928829770",
        "amenity": "doctors",
        "healthcare": "doctor",
        "name": "Centre Medico Social Saint Joseph"
      },
      "geometry": {
        "type": "Point",
        "coordinates": [
          -4.0685168,
          5.3441024
        ]
      },
      "id": "node/5928829770"
    },
    {
      "type": "Feature",
      "properties": {
        "@id": "node/5929090158",
        "amenity": "doctors",
        "healthcare": "doctor",
        "name": "Centre medical El rapha"
      },
      "geometry": {
        "type": "Point",
        "coordinates": [
          -4.0105918,
          5.3729757
        ]
      },
      "id": "node/5929090158"
    },
    {
      "type": "Feature",
      "properties": {
        "@id": "node/5929090176",
        "amenity": "doctors",
        "healthcare": "doctor",
        "name": "Centre medical st joseph"
      },
      "geometry": {
        "type": "Point",
        "coordinates": [
          -4.008269,
          5.3740182
        ]
      },
      "id": "node/5929090176"
    },
    {
      "type": "Feature",
      "properties": {
        "@id": "node/5929114809",
        "amenity": "pharmacy",
        "healthcare": "pharmacy",
        "name": "Pharmacie Shalom"
      },
      "geometry": {
        "type": "Point",
        "coordinates": [
          -4.0797298,
          5.3394663
        ]
      },
      "id": "node/5929114809"
    },
    {
      "type": "Feature",
      "properties": {
        "@id": "node/5929157086",
        "amenity": "doctors",
        "healthcare": "doctor",
        "name": "Centre de soin polyvalent des oliviers"
      },
      "geometry": {
        "type": "Point",
        "coordinates": [
          -4.0090287,
          5.3730785
        ]
      },
      "id": "node/5929157086"
    },
    {
      "type": "Feature",
      "properties": {
        "@id": "node/5929228685",
        "amenity": "pharmacy",
        "healthcare": "pharmacy",
        "name": "Pharmacie Zone Industrielle"
      },
      "geometry": {
        "type": "Point",
        "coordinates": [
          -4.0819768,
          5.3698974
        ]
      },
      "id": "node/5929228685"
    },
    {
      "type": "Feature",
      "properties": {
        "@id": "node/5929341617",
        "amenity": "doctors",
        "healthcare": "doctor",
        "name": "Clinique Le Social"
      },
      "geometry": {
        "type": "Point",
        "coordinates": [
          -4.0830537,
          5.3487825
        ]
      },
      "id": "node/5929341617"
    },
    {
      "type": "Feature",
      "properties": {
        "@id": "node/5929374956",
        "amenity": "doctors",
        "healthcare": "doctor",
        "name": "Centre de santé Saint Joseph des Olivier"
      },
      "geometry": {
        "type": "Point",
        "coordinates": [
          -4.0983597,
          5.3829503
        ]
      },
      "id": "node/5929374956"
    },
    {
      "type": "Feature",
      "properties": {
        "@id": "node/5929374978",
        "amenity": "doctors",
        "healthcare": "doctor",
        "name": "Infirmerie"
      },
      "geometry": {
        "type": "Point",
        "coordinates": [
          -4.0960725,
          5.3838362
        ]
      },
      "id": "node/5929374978"
    },
    {
      "type": "Feature",
      "properties": {
        "@id": "node/5929376287",
        "amenity": "clinic",
        "healthcare": "clinic",
        "name": "Clinique Gnanmiensa"
      },
      "geometry": {
        "type": "Point",
        "coordinates": [
          -4.0982551,
          5.3806438
        ]
      },
      "id": "node/5929376287"
    },
    {
      "type": "Feature",
      "properties": {
        "@id": "node/5931164961",
        "amenity": "doctors",
        "healthcare": "doctor",
        "name": "Centre De Santé Jouvenal"
      },
      "geometry": {
        "type": "Point",
        "coordinates": [
          -4.0898927,
          5.3866728
        ]
      },
      "id": "node/5931164961"
    },
    {
      "type": "Feature",
      "properties": {
        "@id": "node/5931188231",
        "amenity": "clinic",
        "healthcare": "clinic",
        "name": "Clinique espace médical micao"
      },
      "geometry": {
        "type": "Point",
        "coordinates": [
          -4.0956996,
          5.3819002
        ]
      },
      "id": "node/5931188231"
    },
    {
      "type": "Feature",
      "properties": {
        "@id": "node/5931188260",
        "amenity": "doctors",
        "healthcare": "doctor",
        "name": "Centre médical Saint Aude"
      },
      "geometry": {
        "type": "Point",
        "coordinates": [
          -4.0933795,
          5.3849858
        ]
      },
      "id": "node/5931188260"
    },
    {
      "type": "Feature",
      "properties": {
        "@id": "node/5931188262",
        "amenity": "hospital",
        "healthcare": "hospital",
        "name": "Hôpital Fermé",
        "operational_status": "closed"
      },
      "geometry": {
        "type": "Point",
        "coordinates": [
          -4.0932575,
          5.3845465
        ]
      },
      "id": "node/5931188262"
    },
    {
      "type": "Feature",
      "properties": {
        "@id": "node/5931188283",
        "amenity": "doctors",
        "healthcare": "doctor",
        "name": "Centre médical la bonne cause"
      },
      "geometry": {
        "type": "Point",
        "coordinates": [
          -4.0958995,
          5.3855346
        ]
      },
      "id": "node/5931188283"
    },
    {
      "type": "Feature",
      "properties": {
        "@id": "node/5931189988",
        "amenity": "doctors",
        "healthcare": "doctor",
        "name": "Centre médical Dieu Bénit"
      },
      "geometry": {
        "type": "Point",
        "coordinates": [
          -4.0963367,
          5.3847014
        ]
      },
      "id": "node/5931189988"
    },
    {
      "type": "Feature",
      "properties": {
        "@id": "node/5931189991",
        "amenity": "doctors",
        "healthcare": "doctor",
        "name": "Centre médical"
      },
      "geometry": {
        "type": "Point",
        "coordinates": [
          -4.0973613,
          5.3864185
        ]
      },
      "id": "node/5931189991"
    },
    {
      "type": "Feature",
      "properties": {
        "@id": "node/5931207664",
        "amenity": "doctors",
        "healthcare": "doctor",
        "name": "Bethasda"
      },
      "geometry": {
        "type": "Point",
        "coordinates": [
          -4.0048713,
          5.3749248
        ]
      },
      "id": "node/5931207664"
    },
    {
      "type": "Feature",
      "properties": {
        "@id": "node/5931330345",
        "amenity": "doctors",
        "healthcare": "doctor",
        "name": "Medecine traditionnelle"
      },
      "geometry": {
        "type": "Point",
        "coordinates": [
          -4.0043736,
          5.3759938
        ]
      },
      "id": "node/5931330345"
    },
    {
      "type": "Feature",
      "properties": {
        "@id": "node/5931331744",
        "amenity": "pharmacy",
        "healthcare": "pharmacy",
        "name": "Pharmacie Les Merveilles"
      },
      "geometry": {
        "type": "Point",
        "coordinates": [
          -4.077466,
          5.373909
        ]
      },
      "id": "node/5931331744"
    },
    {
      "type": "Feature",
      "properties": {
        "@id": "node/5931332635",
        "addr:suburb": "Yopougon",
        "amenity": "doctors",
        "contact:phone": "+225 07785397",
        "description": "Accouchement Conseil et dépistage volontaire (CDV) Consultation prénatale Consultation gynéco-obstétriques",
        "healthcare": "doctor",
        "name": "Centre médico-social Nazareen Yopougon Andokoi",
        "opening_hours": "24/7",
        "operator:type": "public",
        "project:geoloc_unicef": "yes",
        "project:geoloc_unicef:id": "ABJ_180"
      },
      "geometry": {
        "type": "Point",
        "coordinates": [
          -4.0730691,
          5.3672436
        ]
      },
      "id": "node/5931332635"
    },
    {
      "type": "Feature",
      "properties": {
        "@id": "node/5931332651",
        "amenity": "pharmacy",
        "healthcare": "pharmacy",
        "name": "Pharmacie Les Ecluses"
      },
      "geometry": {
        "type": "Point",
        "coordinates": [
          -4.0738434,
          5.365879
        ]
      },
      "id": "node/5931332651"
    },
    {
      "type": "Feature",
      "properties": {
        "@id": "node/5931332666",
        "amenity": "doctors",
        "healthcare": "doctor",
        "name": "Cabinet de Soins Natchia"
      },
      "geometry": {
        "type": "Point",
        "coordinates": [
          -4.0747516,
          5.3638047
        ]
      },
      "id": "node/5931332666"
    },
    {
      "type": "Feature",
      "properties": {
        "@id": "node/5931332723",
        "amenity": "pharmacy",
        "healthcare": "pharmacy",
        "name": "Paharmacie Degarde"
      },
      "geometry": {
        "type": "Point",
        "coordinates": [
          -4.0793382,
          5.3688806
        ]
      },
      "id": "node/5931332723"
    },
    {
      "type": "Feature",
      "properties": {
        "@id": "node/5931332753",
        "amenity": "doctors",
        "healthcare": "doctor",
        "name": "Pharmacopée"
      },
      "geometry": {
        "type": "Point",
        "coordinates": [
          -4.0810595,
          5.3670587
        ]
      },
      "id": "node/5931332753"
    },
    {
      "type": "Feature",
      "properties": {
        "@id": "node/5931554600",
        "amenity": "doctors",
        "healthcare": "doctor",
        "name": "Cabinet medicale st emmanuel"
      },
      "geometry": {
        "type": "Point",
        "coordinates": [
          -4.0019725,
          5.3736647
        ]
      },
      "id": "node/5931554600"
    },
    {
      "type": "Feature",
      "properties": {
        "@id": "node/5931559491",
        "amenity": "doctors",
        "healthcare": "doctor",
        "name": "Cabinet medical"
      },
      "geometry": {
        "type": "Point",
        "coordinates": [
          -4.0042732,
          5.3779307
        ]
      },
      "id": "node/5931559491"
    },
    {
      "type": "Feature",
      "properties": {
        "@id": "node/5931584775",
        "amenity": "doctors",
        "healthcare": "doctor",
        "name": "AMSU"
      },
      "geometry": {
        "type": "Point",
        "coordinates": [
          -4.0922932,
          5.3814696
        ]
      },
      "id": "node/5931584775"
    },
    {
      "type": "Feature",
      "properties": {
        "@id": "node/5931591509",
        "amenity": "doctors",
        "healthcare": "doctor",
        "name": "Cabinet Medical La Grâce de Dieu"
      },
      "geometry": {
        "type": "Point",
        "coordinates": [
          -4.0042403,
          5.377942
        ]
      },
      "id": "node/5931591509"
    },
    {
      "type": "Feature",
      "properties": {
        "@id": "node/5931591553",
        "amenity": "doctors",
        "healthcare": "doctor"
      },
      "geometry": {
        "type": "Point",
        "coordinates": [
          -4.004874,
          5.3750543
        ]
      },
      "id": "node/5931591553"
    },
    {
      "type": "Feature",
      "properties": {
        "@id": "node/5931639149",
        "amenity": "doctors",
        "healthcare": "doctor",
        "name": "traditionnel"
      },
      "geometry": {
        "type": "Point",
        "coordinates": [
          -4.0037857,
          5.3746214
        ]
      },
      "id": "node/5931639149"
    },
    {
      "type": "Feature",
      "properties": {
        "@id": "node/5931655205",
        "amenity": "doctors",
        "healthcare": "doctor",
        "name": "Cabinet soins infirmiers laraka"
      },
      "geometry": {
        "type": "Point",
        "coordinates": [
          -4.0046809,
          5.3731149
        ]
      },
      "id": "node/5931655205"
    },
    {
      "type": "Feature",
      "properties": {
        "@id": "node/5931829466",
        "amenity": "doctors",
        "healthcare": "doctor",
        "name": "Centre Médical Béthel"
      },
      "geometry": {
        "type": "Point",
        "coordinates": [
          -4.0769547,
          5.3404411
        ]
      },
      "id": "node/5931829466"
    },
    {
      "type": "Feature",
      "properties": {
        "@id": "node/5931830834",
        "amenity": "doctors",
        "healthcare": "doctor",
        "name": "Cabinet Médival Philantus"
      },
      "geometry": {
        "type": "Point",
        "coordinates": [
          -4.0793737,
          5.3419806
        ]
      },
      "id": "node/5931830834"
    },
    {
      "type": "Feature",
      "properties": {
        "@id": "node/5931896155",
        "amenity": "doctors",
        "healthcare": "doctor",
        "healthcare:speciality": "ophthalmology",
        "name": "Centre de Consultation Ophtamologique"
      },
      "geometry": {
        "type": "Point",
        "coordinates": [
          -4.0793053,
          5.3500323
        ]
      },
      "id": "node/5931896155"
    },
    {
      "type": "Feature",
      "properties": {
        "@id": "node/5934038330",
        "amenity": "doctors",
        "healthcare": "doctor",
        "name": "Centre de soins infirmiers Sainte Marie"
      },
      "geometry": {
        "type": "Point",
        "coordinates": [
          -4.0987238,
          5.3373939
        ]
      },
      "id": "node/5934038330"
    },
    {
      "type": "Feature",
      "properties": {
        "@id": "node/5934038690",
        "amenity": "clinic",
        "healthcare": "clinic",
        "name": "Clinique médicale Queen Latifat"
      },
      "geometry": {
        "type": "Point",
        "coordinates": [
          -4.0981646,
          5.3364405
        ]
      },
      "id": "node/5934038690"
    },
    {
      "type": "Feature",
      "properties": {
        "@id": "node/5934055260",
        "amenity": "doctors",
        "healthcare": "doctor",
        "name": "Centre de Santé Grâce"
      },
      "geometry": {
        "type": "Point",
        "coordinates": [
          -4.0993877,
          5.3689287
        ]
      },
      "id": "node/5934055260"
    },
    {
      "type": "Feature",
      "properties": {
        "@id": "node/5934055869",
        "amenity": "doctors",
        "healthcare": "doctor"
      },
      "geometry": {
        "type": "Point",
        "coordinates": [
          -4.0980888,
          5.3725044
        ]
      },
      "id": "node/5934055869"
    },
    {
      "type": "Feature",
      "properties": {
        "@id": "node/5934097884",
        "addr:suburb": "Yopougon",
        "amenity": "doctors",
        "contact:mobile": "+22507938913",
        "contact:phone": "+22506898715",
        "description": "Consultation gynéco-obstétriques Pédiatrie Assistance sociale, soutien social Pansement",
        "healthcare": "doctor",
        "name": "Centre médico-social Sainte Madeleine",
        "opening_hours": "24/7",
        "operator:type": "private",
        "project:geoloc_unicef": "yes",
        "project:geoloc_unicef:id": "ABJ_175"
      },
      "geometry": {
        "type": "Point",
        "coordinates": [
          -4.1079674,
          5.3418037
        ]
      },
      "id": "node/5934097884"
    },
    {
      "type": "Feature",
      "properties": {
        "@id": "node/5934121291",
        "amenity": "doctors",
        "healthcare": "doctor",
        "name": "Cabinet Medical Solidarité"
      },
      "geometry": {
        "type": "Point",
        "coordinates": [
          -4.0992254,
          5.3666815
        ]
      },
      "id": "node/5934121291"
    },
    {
      "type": "Feature",
      "properties": {
        "@id": "node/5934317228",
        "amenity": "doctors",
        "healthcare": "doctor",
        "name": "Centre de Santé Médecine Prophétique"
      },
      "geometry": {
        "type": "Point",
        "coordinates": [
          -4.1051497,
          5.3480525
        ]
      },
      "id": "node/5934317228"
    },
    {
      "type": "Feature",
      "properties": {
        "@id": "node/5934333139",
        "amenity": "doctors",
        "healthcare": "doctor",
        "name": "Tradi praticien"
      },
      "geometry": {
        "type": "Point",
        "coordinates": [
          -4.083686,
          5.344294
        ]
      },
      "id": "node/5934333139"
    },
    {
      "type": "Feature",
      "properties": {
        "@id": "node/5934459505",
        "amenity": "doctors",
        "healthcare": "doctor",
        "name": "Centre de Soins Polyvalent le jourdain"
      },
      "geometry": {
        "type": "Point",
        "coordinates": [
          -4.0803802,
          5.3655833
        ]
      },
      "id": "node/5934459505"
    },
    {
      "type": "Feature",
      "properties": {
        "@id": "node/5934479363",
        "amenity": "clinic",
        "healthcare": "clinic",
        "name": "Clinique Medicale Jean et Marie"
      },
      "geometry": {
        "type": "Point",
        "coordinates": [
          -4.0658145,
          5.3375435
        ]
      },
      "id": "node/5934479363"
    },
    {
      "type": "Feature",
      "properties": {
        "@id": "node/5934481543",
        "amenity": "doctors",
        "healthcare": "doctor",
        "name": "Cabinet Médical La Grâce"
      },
      "geometry": {
        "type": "Point",
        "coordinates": [
          -4.0837115,
          5.3410086
        ]
      },
      "id": "node/5934481543"
    },
    {
      "type": "Feature",
      "properties": {
        "@id": "node/5934481572",
        "amenity": "pharmacy",
        "healthcare": "pharmacy",
        "name": "Pharmacie St Anges Emmanuel"
      },
      "geometry": {
        "type": "Point",
        "coordinates": [
          -4.0839321,
          5.3404531
        ]
      },
      "id": "node/5934481572"
    },
    {
      "type": "Feature",
      "properties": {
        "@id": "node/5934489541",
        "amenity": "clinic",
        "healthcare": "clinic",
        "name": "Clinque le chandelier"
      },
      "geometry": {
        "type": "Point",
        "coordinates": [
          -4.0995634,
          5.3477971
        ]
      },
      "id": "node/5934489541"
    },
    {
      "type": "Feature",
      "properties": {
        "@id": "node/5934489570",
        "amenity": "clinic",
        "healthcare": "clinic",
        "name": "Clinique saint sauveur"
      },
      "geometry": {
        "type": "Point",
        "coordinates": [
          -4.1002312,
          5.3497746
        ]
      },
      "id": "node/5934489570"
    },
    {
      "type": "Feature",
      "properties": {
        "@id": "node/5934490145",
        "amenity": "doctors",
        "healthcare": "doctor",
        "name": "Cabinet kiné medical"
      },
      "geometry": {
        "type": "Point",
        "coordinates": [
          -4.1021866,
          5.3547097
        ]
      },
      "id": "node/5934490145"
    },
    {
      "type": "Feature",
      "properties": {
        "@id": "node/5934490389",
        "amenity": "pharmacy",
        "healthcare": "pharmacy",
        "name": "Pharmacie chinoise"
      },
      "geometry": {
        "type": "Point",
        "coordinates": [
          -4.0998081,
          5.3512307
        ]
      },
      "id": "node/5934490389"
    },
    {
      "type": "Feature",
      "properties": {
        "@id": "node/5934490970",
        "amenity": "doctors",
        "healthcare": "doctor",
        "name": "Centre medicale moiye"
      },
      "geometry": {
        "type": "Point",
        "coordinates": [
          -4.1001615,
          5.3556244
        ]
      },
      "id": "node/5934490970"
    },
    {
      "type": "Feature",
      "properties": {
        "@id": "node/5934609686",
        "amenity": "doctors",
        "healthcare": "doctor",
        "name": "Centre Médical la Foi"
      },
      "geometry": {
        "type": "Point",
        "coordinates": [
          -4.0996814,
          5.3753891
        ]
      },
      "id": "node/5934609686"
    },
    {
      "type": "Feature",
      "properties": {
        "@id": "node/5934643058",
        "amenity": "clinic",
        "healthcare": "clinic",
        "name": "Clinique Chinoise"
      },
      "geometry": {
        "type": "Point",
        "coordinates": [
          -4.1014161,
          5.3353002
        ]
      },
      "id": "node/5934643058"
    },
    {
      "type": "Feature",
      "properties": {
        "@id": "node/5934702067",
        "amenity": "doctors",
        "healthcare": "doctor",
        "name": "Cabinet Medical"
      },
      "geometry": {
        "type": "Point",
        "coordinates": [
          -4.0949412,
          5.366805
        ]
      },
      "id": "node/5934702067"
    },
    {
      "type": "Feature",
      "properties": {
        "@id": "node/5934881420",
        "amenity": "doctors",
        "healthcare": "doctor",
        "name": "Centre médical"
      },
      "geometry": {
        "type": "Point",
        "coordinates": [
          -4.1083221,
          5.3711191
        ]
      },
      "id": "node/5934881420"
    },
    {
      "type": "Feature",
      "properties": {
        "@id": "node/5934881434",
        "amenity": "pharmacy",
        "healthcare": "pharmacy",
        "name": "Pharmacie Sainte Plus"
      },
      "geometry": {
        "type": "Point",
        "coordinates": [
          -4.1000904,
          5.3669151
        ]
      },
      "id": "node/5934881434"
    },
    {
      "type": "Feature",
      "properties": {
        "@id": "node/5934881447",
        "amenity": "clinic",
        "healthcare": "clinic",
        "name": "Clinique"
      },
      "geometry": {
        "type": "Point",
        "coordinates": [
          -4.0949124,
          5.3667015
        ]
      },
      "id": "node/5934881447"
    },
    {
      "type": "Feature",
      "properties": {
        "@id": "node/5934881756",
        "amenity": "doctors",
        "healthcare": "doctor",
        "name": "Cabinet Chinois"
      },
      "geometry": {
        "type": "Point",
        "coordinates": [
          -4.1028471,
          5.3409742
        ]
      },
      "id": "node/5934881756"
    },
    {
      "type": "Feature",
      "properties": {
        "@id": "node/5936113658",
        "amenity": "doctors",
        "healthcare": "doctor",
        "name": "Centre de Santé"
      },
      "geometry": {
        "type": "Point",
        "coordinates": [
          -4.0823275,
          5.3373666
        ]
      },
      "id": "node/5936113658"
    },
    {
      "type": "Feature",
      "properties": {
        "@id": "node/5936242631",
        "amenity": "doctors",
        "healthcare": "doctor",
        "name": "Centre de Santé"
      },
      "geometry": {
        "type": "Point",
        "coordinates": [
          -4.080979,
          5.3390697
        ]
      },
      "id": "node/5936242631"
    },
    {
      "type": "Feature",
      "properties": {
        "@id": "node/5936513156",
        "amenity": "pharmacy",
        "healthcare": "pharmacy",
        "name": "Pharmacie Yacine"
      },
      "geometry": {
        "type": "Point",
        "coordinates": [
          -4.053534,
          5.3331157
        ]
      },
      "id": "node/5936513156"
    },
    {
      "type": "Feature",
      "properties": {
        "@id": "node/5936585981",
        "amenity": "pharmacy",
        "healthcare": "pharmacy",
        "name": "Pharmacie du Cinéma Boissy"
      },
      "geometry": {
        "type": "Point",
        "coordinates": [
          -4.0509725,
          5.3273178
        ]
      },
      "id": "node/5936585981"
    },
    {
      "type": "Feature",
      "properties": {
        "@id": "node/5936634527",
        "amenity": "pharmacy",
        "healthcare": "pharmacy",
        "name": "Pharmacie Baïty"
      },
      "geometry": {
        "type": "Point",
        "coordinates": [
          -4.0554913,
          5.3274226
        ]
      },
      "id": "node/5936634527"
    },
    {
      "type": "Feature",
      "properties": {
        "@id": "node/5936638125",
        "amenity": "doctors",
        "healthcare": "doctor",
        "name": "Laboratoire d'analyse médicale"
      },
      "geometry": {
        "type": "Point",
        "coordinates": [
          -4.1018003,
          5.3669879
        ]
      },
      "id": "node/5936638125"
    },
    {
      "type": "Feature",
      "properties": {
        "@id": "node/5936663486",
        "amenity": "clinic",
        "healthcare": "clinic",
        "name": "Clinique Chinoise"
      },
      "geometry": {
        "type": "Point",
        "coordinates": [
          -4.0558031,
          5.3316235
        ]
      },
      "id": "node/5936663486"
    },
    {
      "type": "Feature",
      "properties": {
        "@id": "node/5936663492",
        "amenity": "clinic",
        "healthcare": "clinic",
        "name": "Hopital Toit Rouge"
      },
      "geometry": {
        "type": "Point",
        "coordinates": [
          -4.0562068,
          5.3313364
        ]
      },
      "id": "node/5936663492"
    },
    {
      "type": "Feature",
      "properties": {
        "@id": "node/5936780342",
        "amenity": "doctors",
        "healthcare": "doctor",
        "name": "Centre de Santé"
      },
      "geometry": {
        "type": "Point",
        "coordinates": [
          -4.0824405,
          5.337233
        ]
      },
      "id": "node/5936780342"
    },
    {
      "type": "Feature",
      "properties": {
        "@id": "node/5936816281",
        "amenity": "pharmacy",
        "healthcare": "pharmacy",
        "name": "Pharmacie Alors"
      },
      "geometry": {
        "type": "Point",
        "coordinates": [
          -4.093812,
          5.347089
        ]
      },
      "id": "node/5936816281"
    },
    {
      "type": "Feature",
      "properties": {
        "@id": "node/5936816489",
        "amenity": "clinic",
        "healthcare": "clinic",
        "name": "Hôpital AFO Sud"
      },
      "geometry": {
        "type": "Point",
        "coordinates": [
          -4.0930738,
          5.3471662
        ]
      },
      "id": "node/5936816489"
    },
    {
      "type": "Feature",
      "properties": {
        "@id": "node/5936816548",
        "amenity": "doctors",
        "healthcare": "doctor",
        "name": "Centre de Santé la Passerelle"
      },
      "geometry": {
        "type": "Point",
        "coordinates": [
          -4.0930389,
          5.3457641
        ]
      },
      "id": "node/5936816548"
    },
    {
      "type": "Feature",
      "properties": {
        "@id": "node/5936875318",
        "amenity": "doctors",
        "healthcare": "doctor",
        "name": "Centre Medical Selmer"
      },
      "geometry": {
        "type": "Point",
        "coordinates": [
          -4.0688749,
          5.340646
        ]
      },
      "id": "node/5936875318"
    },
    {
      "type": "Feature",
      "properties": {
        "@id": "node/5936892347",
        "amenity": "doctors",
        "healthcare": "doctor",
        "name": "Cabinet SAMAD Pharmaceuticals (Médicaments Chinois)"
      },
      "geometry": {
        "type": "Point",
        "coordinates": [
          -4.0961811,
          5.3657228
        ]
      },
      "id": "node/5936892347"
    },
    {
      "type": "Feature",
      "properties": {
        "@id": "node/5936892362",
        "amenity": "doctors",
        "healthcare": "doctor",
        "name": "Vente de médicaments Chinois"
      },
      "geometry": {
        "type": "Point",
        "coordinates": [
          -4.1015308,
          5.3669405
        ]
      },
      "id": "node/5936892362"
    },
    {
      "type": "Feature",
      "properties": {
        "@id": "node/5936892365",
        "amenity": "doctors",
        "healthcare": "doctor",
        "name": "Vente de médicaments Chinois"
      },
      "geometry": {
        "type": "Point",
        "coordinates": [
          -4.1025353,
          5.3660299
        ]
      },
      "id": "node/5936892365"
    },
    {
      "type": "Feature",
      "properties": {
        "@id": "node/5937021317",
        "addr:suburb": "Yopougon",
        "amenity": "doctors",
        "contact:phone": "+225 48 80 89 09",
        "description": "Consultation Consultation prénatale Soins bucco-dentaires Pédiatrie Pansement Dépistage VIH, IST",
        "healthcare": "doctor",
        "name": "Service de santé scolaire et universitaire de Yopougon",
        "opening_hours": "Mo-Fr 07:30-12:30, 14:00-18:00",
        "operator:type": "public",
        "project:geoloc_unicef": "yes",
        "project:geoloc_unicef:id": "ABJ_210",
        "short_name": "SSSU Yopougon"
      },
      "geometry": {
        "type": "Point",
        "coordinates": [
          -4.0728261,
          5.3376343
        ]
      },
      "id": "node/5937021317"
    },
    {
      "type": "Feature",
      "properties": {
        "@id": "node/5937035716",
        "amenity": "doctors",
        "healthcare": "doctor",
        "name": "Centre Soins Infirmier Sainte Rachel"
      },
      "geometry": {
        "type": "Point",
        "coordinates": [
          -4.0714793,
          5.3523867
        ]
      },
      "id": "node/5937035716"
    },
    {
      "type": "Feature",
      "properties": {
        "@id": "node/5937051967",
        "amenity": "pharmacy",
        "healthcare": "pharmacy",
        "name": "Pharmacie du 16ème"
      },
      "geometry": {
        "type": "Point",
        "coordinates": [
          -4.0716396,
          5.3377465
        ]
      },
      "id": "node/5937051967"
    },
    {
      "type": "Feature",
      "properties": {
        "@id": "node/5937055439",
        "amenity": "doctors",
        "healthcare": "doctor",
        "name": "Cabinet Chinois"
      },
      "geometry": {
        "type": "Point",
        "coordinates": [
          -4.1159691,
          5.3376189
        ]
      },
      "id": "node/5937055439"
    },
    {
      "type": "Feature",
      "properties": {
        "@id": "node/5937083474",
        "amenity": "doctors",
        "healthcare": "doctor"
      },
      "geometry": {
        "type": "Point",
        "coordinates": [
          -4.0714793,
          5.3548019
        ]
      },
      "id": "node/5937083474"
    },
    {
      "type": "Feature",
      "properties": {
        "@id": "node/5937083478",
        "amenity": "doctors",
        "healthcare": "doctor",
        "name": "Cabinet Médical Chinois Traditionnel d'Accupunture"
      },
      "geometry": {
        "type": "Point",
        "coordinates": [
          -4.0714764,
          5.3544497
        ]
      },
      "id": "node/5937083478"
    },
    {
      "type": "Feature",
      "properties": {
        "@id": "node/5937114025",
        "amenity": "doctors",
        "healthcare": "doctor",
        "name": "Cabinet Para Médical"
      },
      "geometry": {
        "type": "Point",
        "coordinates": [
          -4.1108816,
          5.3434735
        ]
      },
      "id": "node/5937114025"
    },
    {
      "type": "Feature",
      "properties": {
        "@id": "node/5937114048",
        "amenity": "pharmacy",
        "healthcare": "pharmacy",
        "name": "Pharmacie du Jubillé"
      },
      "geometry": {
        "type": "Point",
        "coordinates": [
          -4.110885,
          5.3389242
        ]
      },
      "id": "node/5937114048"
    },
    {
      "type": "Feature",
      "properties": {
        "@id": "node/5937205379",
        "amenity": "doctors",
        "healthcare": "doctor",
        "name": "Centre médical Pédiatrique l'Ananeraie"
      },
      "geometry": {
        "type": "Point",
        "coordinates": [
          -4.0971829,
          5.34708
        ]
      },
      "id": "node/5937205379"
    },
    {
      "type": "Feature",
      "properties": {
        "@id": "node/5937240292",
        "amenity": "doctors",
        "healthcare": "doctor",
        "name": "Centre médical Jehovah Raphat"
      },
      "geometry": {
        "type": "Point",
        "coordinates": [
          -4.1054937,
          5.368448
        ]
      },
      "id": "node/5937240292"
    },
    {
      "type": "Feature",
      "properties": {
        "@id": "node/5937298521",
        "amenity": "doctors",
        "healthcare": "doctor",
        "name": "Vente de médicaments Chinois"
      },
      "geometry": {
        "type": "Point",
        "coordinates": [
          -4.1028417,
          5.3663483
        ]
      },
      "id": "node/5937298521"
    },
    {
      "type": "Feature",
      "properties": {
        "@id": "node/5937298616",
        "amenity": "clinic",
        "healthcare": "clinic",
        "name": "Clinique Médico Chirugicale Saint Raphael"
      },
      "geometry": {
        "type": "Point",
        "coordinates": [
          -4.0995768,
          5.3438006
        ]
      },
      "id": "node/5937298616"
    },
    {
      "type": "Feature",
      "properties": {
        "@id": "node/5938872041",
        "amenity": "doctors",
        "healthcare": "doctor",
        "name": "Cabinet Medical Chinois"
      },
      "geometry": {
        "type": "Point",
        "coordinates": [
          -4.0955005,
          5.35024
        ]
      },
      "id": "node/5938872041"
    },
    {
      "type": "Feature",
      "properties": {
        "@id": "node/5938872401",
        "amenity": "pharmacy",
        "dispensing": "no",
        "healthcare": "pharmacy",
        "name": "Nouvelle Pharmacie Bethesda"
      },
      "geometry": {
        "type": "Point",
        "coordinates": [
          -4.0954123,
          5.3487752
        ]
      },
      "id": "node/5938872401"
    },
    {
      "type": "Feature",
      "properties": {
        "@id": "node/5938878964",
        "amenity": "doctors",
        "healthcare": "doctor",
        "name": "Bienvenue"
      },
      "geometry": {
        "type": "Point",
        "coordinates": [
          -4.064578,
          5.3367503
        ]
      },
      "id": "node/5938878964"
    },
    {
      "type": "Feature",
      "properties": {
        "@id": "node/5938904142",
        "amenity": "doctors",
        "healthcare": "doctor",
        "name": "Cabinet Medical"
      },
      "geometry": {
        "type": "Point",
        "coordinates": [
          -4.1003358,
          5.3419165
        ]
      },
      "id": "node/5938904142"
    },
    {
      "type": "Feature",
      "properties": {
        "@id": "node/5938934487",
        "amenity": "clinic",
        "healthcare": "clinic",
        "name": "Clinique Médicale Mont Carmel"
      },
      "geometry": {
        "type": "Point",
        "coordinates": [
          -4.0984422,
          5.3550582
        ]
      },
      "id": "node/5938934487"
    },
    {
      "type": "Feature",
      "properties": {
        "@id": "node/5938934488",
        "amenity": "clinic",
        "healthcare": "clinic",
        "name": "Clinique Médicale le Bélier"
      },
      "geometry": {
        "type": "Point",
        "coordinates": [
          -4.0989237,
          5.3551383
        ]
      },
      "id": "node/5938934488"
    },
    {
      "type": "Feature",
      "properties": {
        "@id": "node/5938982350",
        "amenity": "clinic",
        "healthcare": "clinic",
        "name": "Clinique medicale"
      },
      "geometry": {
        "type": "Point",
        "coordinates": [
          -4.0937282,
          5.3491611
        ]
      },
      "id": "node/5938982350"
    },
    {
      "type": "Feature",
      "properties": {
        "@id": "node/5938982375",
        "amenity": "pharmacy",
        "healthcare": "pharmacy",
        "name": "Pharmacie souraley"
      },
      "geometry": {
        "type": "Point",
        "coordinates": [
          -4.0935415,
          5.3505037
        ]
      },
      "id": "node/5938982375"
    },
    {
      "type": "Feature",
      "properties": {
        "@id": "node/5938982390",
        "amenity": "clinic",
        "healthcare": "clinic",
        "name": "Clinique medicale houphouet"
      },
      "geometry": {
        "type": "Point",
        "coordinates": [
          -4.0950465,
          5.3504663
        ]
      },
      "id": "node/5938982390"
    },
    {
      "type": "Feature",
      "properties": {
        "@id": "node/5939133332",
        "amenity": "doctors",
        "healthcare": "doctor",
        "name": "Centre de santé communautaire"
      },
      "geometry": {
        "type": "Point",
        "coordinates": [
          -4.0886039,
          5.3518897
        ]
      },
      "id": "node/5939133332"
    },
    {
      "type": "Feature",
      "properties": {
        "@id": "node/5939145251",
        "amenity": "doctors",
        "healthcare": "doctor",
        "name": "Cabinet Medical"
      },
      "geometry": {
        "type": "Point",
        "coordinates": [
          -4.1005041,
          5.3423672
        ]
      },
      "id": "node/5939145251"
    },
    {
      "type": "Feature",
      "properties": {
        "@id": "node/5939162156",
        "amenity": "doctors",
        "healthcare": "doctor",
        "name": "Les Saints Anges"
      },
      "geometry": {
        "type": "Point",
        "coordinates": [
          -4.062461,
          5.3385503
        ]
      },
      "id": "node/5939162156"
    },
    {
      "type": "Feature",
      "properties": {
        "@id": "node/5939220822",
        "amenity": "clinic",
        "healthcare": "clinic",
        "name": "Clinique Ste Jane-Leora"
      },
      "geometry": {
        "type": "Point",
        "coordinates": [
          -4.0973264,
          5.3510231
        ]
      },
      "id": "node/5939220822"
    },
    {
      "type": "Feature",
      "properties": {
        "@id": "node/5939220827",
        "amenity": "pharmacy",
        "healthcare": "pharmacy",
        "name": "Pharmacie Chè N'Talé"
      },
      "geometry": {
        "type": "Point",
        "coordinates": [
          -4.0968543,
          5.3510538
        ]
      },
      "id": "node/5939220827"
    },
    {
      "type": "Feature",
      "properties": {
        "@id": "node/5939247262",
        "amenity": "clinic",
        "healthcare": "clinic",
        "name": "Clinique medicale Mont Carmel"
      },
      "geometry": {
        "type": "Point",
        "coordinates": [
          -4.0984382,
          5.3550556
        ]
      },
      "id": "node/5939247262"
    },
    {
      "type": "Feature",
      "properties": {
        "@id": "node/5939248083",
        "amenity": "clinic",
        "healthcare": "clinic",
        "name": "Clinique Ste jane-leora"
      },
      "geometry": {
        "type": "Point",
        "coordinates": [
          -4.0972738,
          5.3509964
        ]
      },
      "id": "node/5939248083"
    },
    {
      "type": "Feature",
      "properties": {
        "@id": "node/5939248287",
        "amenity": "pharmacy",
        "healthcare": "pharmacy",
        "name": "Pharmacie chez n'talé"
      },
      "geometry": {
        "type": "Point",
        "coordinates": [
          -4.0968369,
          5.3510685
        ]
      },
      "id": "node/5939248287"
    },
    {
      "type": "Feature",
      "properties": {
        "@id": "node/5939248403",
        "amenity": "clinic",
        "healthcare": "clinic",
        "name": "Clinique le belier"
      },
      "geometry": {
        "type": "Point",
        "coordinates": [
          -4.0989176,
          5.3551357
        ]
      },
      "id": "node/5939248403"
    },
    {
      "type": "Feature",
      "properties": {
        "@id": "node/5949484177",
        "amenity": "clinic",
        "healthcare": "clinic",
        "name": "Clinique GOSPA"
      },
      "geometry": {
        "type": "Point",
        "coordinates": [
          -4.0046062,
          5.3428951
        ]
      },
      "id": "node/5949484177"
    },
    {
      "type": "Feature",
      "properties": {
        "@id": "node/5953580662",
        "amenity": "pharmacy",
        "dispensing": "yes",
        "drive_through": "no",
        "fid": "419",
        "healthcare": "pharmacy",
        "name": "Pharmacie Val de Grâce",
        "project:opencities_abidjan": "yes",
        "source": "survey",
        "source:date": "01/03/2021"
      },
      "geometry": {
        "type": "Point",
        "coordinates": [
          -3.9674364,
          5.3802161
        ]
      },
      "id": "node/5953580662"
    },
    {
      "type": "Feature",
      "properties": {
        "@id": "node/5955716932",
        "amenity": "doctors",
        "healthcare": "doctor",
        "name": "Clinique PrivéeSte Marie"
      },
      "geometry": {
        "type": "Point",
        "coordinates": [
          -4.0482172,
          5.4424965
        ]
      },
      "id": "node/5955716932"
    },
    {
      "type": "Feature",
      "properties": {
        "@id": "node/5956468270",
        "amenity": "doctors",
        "healthcare": "doctor"
      },
      "geometry": {
        "type": "Point",
        "coordinates": [
          -3.9468893,
          5.2912453
        ]
      },
      "id": "node/5956468270"
    },
    {
      "type": "Feature",
      "properties": {
        "@id": "node/5956468519",
        "amenity": "doctors",
        "healthcare": "doctor",
        "name": "Cabint Paramédical"
      },
      "geometry": {
        "type": "Point",
        "coordinates": [
          -3.9503824,
          5.2979768
        ]
      },
      "id": "node/5956468519"
    },
    {
      "type": "Feature",
      "properties": {
        "@id": "node/5957127902",
        "amenity": "doctors",
        "healthcare": "doctor",
        "name": "Clinique Privée"
      },
      "geometry": {
        "type": "Point",
        "coordinates": [
          -4.0406275,
          5.438236
        ]
      },
      "id": "node/5957127902"
    },
    {
      "type": "Feature",
      "properties": {
        "@id": "node/5957513458",
        "amenity": "doctors",
        "healthcare": "doctor",
        "name": "Clinique Privée"
      },
      "geometry": {
        "type": "Point",
        "coordinates": [
          -4.0445387,
          5.4387751
        ]
      },
      "id": "node/5957513458"
    },
    {
      "type": "Feature",
      "properties": {
        "@id": "node/5957653289",
        "amenity": "doctors",
        "healthcare": "doctor",
        "name": "Clinique ONG Assistance Médicale"
      },
      "geometry": {
        "type": "Point",
        "coordinates": [
          -4.0581457,
          5.4427746
        ]
      },
      "id": "node/5957653289"
    },
    {
      "type": "Feature",
      "properties": {
        "@id": "node/5957716287",
        "amenity": "pharmacy",
        "healthcare": "pharmacy",
        "name": "Pharmacie Carrefour Diallo"
      },
      "geometry": {
        "type": "Point",
        "coordinates": [
          -4.0596843,
          5.4409528
        ]
      },
      "id": "node/5957716287"
    },
    {
      "type": "Feature",
      "properties": {
        "@id": "node/5957761486",
        "amenity": "doctors",
        "healthcare": "doctor",
        "name": "Cabinet Paramédical",
        "phone": "05524744"
      },
      "geometry": {
        "type": "Point",
        "coordinates": [
          -3.9539409,
          5.2973059
        ]
      },
      "id": "node/5957761486"
    },
    {
      "type": "Feature",
      "properties": {
        "@id": "node/5957781499",
        "amenity": "doctors",
        "healthcare": "doctor",
        "name": "Centre Médical Assomin"
      },
      "geometry": {
        "type": "Point",
        "coordinates": [
          -4.0561183,
          5.4382707
        ]
      },
      "id": "node/5957781499"
    },
    {
      "type": "Feature",
      "properties": {
        "@id": "node/5957889696",
        "amenity": "doctors",
        "healthcare": "doctor",
        "name": "ONG AMSP Clinique"
      },
      "geometry": {
        "type": "Point",
        "coordinates": [
          -4.0542817,
          5.4370919
        ]
      },
      "id": "node/5957889696"
    },
    {
      "type": "Feature",
      "properties": {
        "@id": "node/5957911510",
        "addr:suburb": "Abobo",
        "amenity": "doctors",
        "contact:phone": "+22508116231",
        "description": "Accouchement Assistance sociale, soutien social Conseil et dépistage volontaire (CDV) Conseil,",
        "healthcare": "doctor",
        "name": "Centre de la formation sanitaire communautaire Anonkoi Kouté",
        "opening_hours": "24/7",
        "operator:type": "public",
        "project:geoloc_unicef": "yes",
        "project:geoloc_unicef:id": "ABJ_331"
      },
      "geometry": {
        "type": "Point",
        "coordinates": [
          -4.0467668,
          5.4353082
        ]
      },
      "id": "node/5957911510"
    },
    {
      "type": "Feature",
      "properties": {
        "@id": "node/5958089838",
        "amenity": "clinic",
        "healthcare": "clinic",
        "name": "Clinique ONG Santé Côte d'Ivoire"
      },
      "geometry": {
        "type": "Point",
        "coordinates": [
          -4.0535206,
          5.4429261
        ]
      },
      "id": "node/5958089838"
    },
    {
      "type": "Feature",
      "properties": {
        "@id": "node/5958089865",
        "amenity": "doctors",
        "healthcare": "doctor",
        "name": "Centre Médical Santé au quotidien"
      },
      "geometry": {
        "type": "Point",
        "coordinates": [
          -4.0551651,
          5.4428637
        ]
      },
      "id": "node/5958089865"
    },
    {
      "type": "Feature",
      "properties": {
        "@id": "node/5958161508",
        "amenity": "doctors",
        "healthcare": "doctor",
        "name": "Centre de Santé Urbain"
      },
      "geometry": {
        "type": "Point",
        "coordinates": [
          -3.9505841,
          5.2830933
        ]
      },
      "id": "node/5958161508"
    },
    {
      "type": "Feature",
      "properties": {
        "@id": "node/5958161510",
        "amenity": "doctors",
        "healthcare": "doctor",
        "name": "Cabinet de Soin d'Infirmerie"
      },
      "geometry": {
        "type": "Point",
        "coordinates": [
          -3.9512976,
          5.2829584
        ]
      },
      "id": "node/5958161510"
    },
    {
      "type": "Feature",
      "properties": {
        "@id": "node/5958424154",
        "addr:suburb": "Abobo",
        "amenity": "doctors",
        "contact:phone": "+22509500188",
        "description": "Consultations",
        "healthcare": "doctor",
        "name": "ONG ADP Cabinet de Soin de Santé la Grâce",
        "note": "Santé",
        "office": "ngo",
        "opening_hours": "We 08:00-12:00; Su 08:00-12:00",
        "project:geoloc_unicef": "yes",
        "project:geoloc_unicef:id": "ABJ_334",
        "source": "DigitalGlobe Standard; survey",
        "source:date": "2019-06-14"
      },
      "geometry": {
        "type": "Point",
        "coordinates": [
          -4.0490828,
          5.4362501
        ]
      },
      "id": "node/5958424154"
    },
    {
      "type": "Feature",
      "properties": {
        "@id": "node/5960066967",
        "amenity": "doctors",
        "healthcare": "doctor",
        "name": "Clinique ONG"
      },
      "geometry": {
        "type": "Point",
        "coordinates": [
          -4.0595998,
          5.4434862
        ]
      },
      "id": "node/5960066967"
    },
    {
      "type": "Feature",
      "properties": {
        "@id": "node/5960161501",
        "amenity": "doctors",
        "healthcare": "doctor",
        "name": "Centre Médical Mersena"
      },
      "geometry": {
        "type": "Point",
        "coordinates": [
          -4.0586134,
          5.4303758
        ]
      },
      "id": "node/5960161501"
    },
    {
      "type": "Feature",
      "properties": {
        "@id": "node/5960161572",
        "amenity": "doctors",
        "healthcare": "doctor",
        "name": "Espace Médicale Limanya"
      },
      "geometry": {
        "type": "Point",
        "coordinates": [
          -4.0665226,
          5.4325239
        ]
      },
      "id": "node/5960161572"
    },
    {
      "type": "Feature",
      "properties": {
        "@id": "node/5960264110",
        "amenity": "doctors",
        "healthcare": "doctor",
        "name": "Centre Medico Social la Délivrance"
      },
      "geometry": {
        "type": "Point",
        "coordinates": [
          -3.9509824,
          5.2983829
        ]
      },
      "id": "node/5960264110"
    },
    {
      "type": "Feature",
      "properties": {
        "@id": "node/5961009137",
        "addr:suburb": "Abobo",
        "amenity": "doctors",
        "contact:phone": "+22522475947",
        "description": "Accouchement Assistance sociale, soutien social Conseil et dépistage volontaire (CDV) Conseil,",
        "healthcare": "doctor",
        "name": "Centre de Santé Communautaire Abobo Anonkoua 3",
        "opening_hours": "24/7",
        "operator:type": "public",
        "project:geoloc_unicef": "yes",
        "project:geoloc_unicef:id": "ABJ_370"
      },
      "geometry": {
        "type": "Point",
        "coordinates": [
          -4.0370229,
          5.435335
        ]
      },
      "id": "node/5961009137"
    },
    {
      "type": "Feature",
      "properties": {
        "@id": "node/5961173856",
        "amenity": "doctors",
        "healthcare": "doctor",
        "name": "Centre Médicale Grâce Maeva"
      },
      "geometry": {
        "type": "Point",
        "coordinates": [
          -4.0360835,
          5.4344478
        ]
      },
      "id": "node/5961173856"
    },
    {
      "type": "Feature",
      "properties": {
        "@id": "node/5961253689",
        "addr:suburb": "Abobo",
        "amenity": "doctors",
        "contact:phone": "+22505102764",
        "description": "Conseil et dépistage du VIH Prévention de la transmission mère-enfant du VIH,",
        "healthcare": "doctor",
        "name": "ONG Comupasc centre de santé la Fraternité",
        "note": "Santé",
        "office": "ngo",
        "opening_hours": "We 09:00-12:00,14:00-16:00; Sa 09:00-12:00,14:00-16:00",
        "project:geoloc_unicef": "yes",
        "project:geoloc_unicef:id": "ABJ_365",
        "source": "DigitalGlobe Standard; survey",
        "source:date": "2019-06-14"
      },
      "geometry": {
        "type": "Point",
        "coordinates": [
          -4.0345185,
          5.4364657
        ]
      },
      "id": "node/5961253689"
    },
    {
      "type": "Feature",
      "properties": {
        "@id": "node/5961344889",
        "addr:suburb": "Abobo",
        "amenity": "doctors",
        "contact:mobile": "+22545949241",
        "contact:phone": "+22548294876",
        "description": "Centre accueil, Consultation, pansements,",
        "healthcare": "doctor",
        "name": "International Santé Pour Tous ONG Guelassou",
        "note": "Santé",
        "office": "ngo",
        "opening_hours": "Tu 14:00-18:00; Th-Sa 14:00-18:00",
        "project:geoloc_unicef": "yes",
        "project:geoloc_unicef:id": "ABJ_358"
      },
      "geometry": {
        "type": "Point",
        "coordinates": [
          -4.0375138,
          5.4304552
        ]
      },
      "id": "node/5961344889"
    },
    {
      "type": "Feature",
      "properties": {
        "@id": "node/5961344905",
        "amenity": "doctors",
        "healthcare": "doctor",
        "name": "Cabinet Médical"
      },
      "geometry": {
        "type": "Point",
        "coordinates": [
          -4.036347,
          5.4310627
        ]
      },
      "id": "node/5961344905"
    },
    {
      "type": "Feature",
      "properties": {
        "@id": "node/5961524592",
        "addr:suburb": "Abobo",
        "amenity": "doctors",
        "contact:phone": "+22524396144",
        "description": "Accouchement Assistance sociale, soutien social Conseil, informations sur la santé sexuelle et reproductive",
        "healthcare": "doctor",
        "name": "Centre de santé urbain à base communautaire de Bocabo",
        "opening_hours": "24/7",
        "operator:type": "public",
        "project:geoloc_unicef": "yes",
        "project:geoloc_unicef:id": "ABJ_367",
        "short_name": "CSU COM Bocabo d 'Abobo Bocabo"
      },
      "geometry": {
        "type": "Point",
        "coordinates": [
          -4.0344621,
          5.4256369
        ]
      },
      "id": "node/5961524592"
    },
    {
      "type": "Feature",
      "properties": {
        "@id": "node/5961594905",
        "amenity": "pharmacy",
        "healthcare": "pharmacy",
        "name": "Pharmacie La fatih"
      },
      "geometry": {
        "type": "Point",
        "coordinates": [
          -4.0295148,
          5.4301288
        ]
      },
      "id": "node/5961594905"
    },
    {
      "type": "Feature",
      "properties": {
        "@id": "node/5961729512",
        "amenity": "doctors",
        "healthcare": "doctor",
        "name": "Infirmerie privée"
      },
      "geometry": {
        "type": "Point",
        "coordinates": [
          -4.0269358,
          5.4314557
        ]
      },
      "id": "node/5961729512"
    },
    {
      "type": "Feature",
      "properties": {
        "@id": "node/5961737532",
        "amenity": "doctors",
        "healthcare": "doctor",
        "name": "Clinique"
      },
      "geometry": {
        "type": "Point",
        "coordinates": [
          -4.0523109,
          5.4283831
        ]
      },
      "id": "node/5961737532"
    },
    {
      "type": "Feature",
      "properties": {
        "@id": "node/5961737534",
        "addr:suburb": "Abobo",
        "amenity": "doctors",
        "contact:mobile": "+22504574107",
        "contact:phone": "+22587324609",
        "description": "Accouchement Assistance sociale, soutien social Conseil et dépistage volontaire (CDV) Conseil,",
        "healthcare": "doctor",
        "healthcare:speciality": "gynaecology",
        "name": "Maternité rêves des meres",
        "opening_hours": "24/7",
        "operator:type": "public",
        "project:geoloc_unicef": "yes",
        "project:geoloc_unicef:id": "ABJ_333"
      },
      "geometry": {
        "type": "Point",
        "coordinates": [
          -4.0501866,
          5.4271215
        ]
      },
      "id": "node/5961737534"
    },
    {
      "type": "Feature",
      "properties": {
        "@id": "node/5961953220",
        "amenity": "doctors",
        "healthcare": "doctor",
        "name": "Clinique"
      },
      "geometry": {
        "type": "Point",
        "coordinates": [
          -4.0441053,
          5.4197577
        ]
      },
      "id": "node/5961953220"
    },
    {
      "type": "Feature",
      "properties": {
        "@id": "node/5961953247",
        "amenity": "doctors",
        "healthcare": "doctor",
        "name": "Centre De Santé"
      },
      "geometry": {
        "type": "Point",
        "coordinates": [
          -4.0487402,
          5.422984
        ]
      },
      "id": "node/5961953247"
    },
    {
      "type": "Feature",
      "properties": {
        "@id": "node/5962988713",
        "amenity": "doctors",
        "healthcare": "doctor",
        "name": "Centre Médicale ONG DAZ"
      },
      "geometry": {
        "type": "Point",
        "coordinates": [
          -4.0382236,
          5.4278207
        ]
      },
      "id": "node/5962988713"
    },
    {
      "type": "Feature",
      "properties": {
        "@id": "node/5963691585",
        "amenity": "doctors",
        "healthcare": "doctor",
        "name": "Centre Médical Je veux Vivre"
      },
      "geometry": {
        "type": "Point",
        "coordinates": [
          -3.9668657,
          5.300444
        ]
      },
      "id": "node/5963691585"
    },
    {
      "type": "Feature",
      "properties": {
        "@id": "node/5963809709",
        "amenity": "doctors",
        "healthcare": "doctor",
        "name": "Centre Médical Union"
      },
      "geometry": {
        "type": "Point",
        "coordinates": [
          -4.0519702,
          5.4491191
        ]
      },
      "id": "node/5963809709"
    },
    {
      "type": "Feature",
      "properties": {
        "@id": "node/5963966933",
        "amenity": "clinic",
        "healthcare": "clinic",
        "name": "Clinique"
      },
      "geometry": {
        "type": "Point",
        "coordinates": [
          -4.0328971,
          5.4290614
        ]
      },
      "id": "node/5963966933"
    },
    {
      "type": "Feature",
      "properties": {
        "@id": "node/5964006501",
        "amenity": "pharmacy",
        "healthcare": "pharmacy",
        "name": "Pharmacie Chinoise"
      },
      "geometry": {
        "type": "Point",
        "coordinates": [
          -3.9641292,
          5.3044448
        ]
      },
      "id": "node/5964006501"
    },
    {
      "type": "Feature",
      "properties": {
        "@id": "node/5964026829",
        "amenity": "doctors",
        "healthcare": "doctor",
        "name": "ONG ACID Centre De Santé Privé"
      },
      "geometry": {
        "type": "Point",
        "coordinates": [
          -4.0250516,
          5.4265377
        ]
      },
      "id": "node/5964026829"
    },
    {
      "type": "Feature",
      "properties": {
        "@id": "node/5964045973",
        "amenity": "doctors",
        "healthcare": "doctor",
        "name": "Centre médical Saint Yvette d'Abobo Sagbé palmeraie"
      },
      "geometry": {
        "type": "Point",
        "coordinates": [
          -4.0243596,
          5.4258525
        ]
      },
      "id": "node/5964045973"
    },
    {
      "type": "Feature",
      "properties": {
        "@id": "node/5964122678",
        "amenity": "doctors",
        "healthcare": "doctor",
        "name": "ONG Compasc Poste de Soins Communautaire"
      },
      "geometry": {
        "type": "Point",
        "coordinates": [
          -4.0622002,
          5.4281495
        ]
      },
      "id": "node/5964122678"
    },
    {
      "type": "Feature",
      "properties": {
        "@id": "node/5964122679",
        "amenity": "doctors",
        "healthcare": "doctor",
        "name": "Centre Medical Sos Famille"
      },
      "geometry": {
        "type": "Point",
        "coordinates": [
          -4.0668934,
          5.4273204
        ]
      },
      "id": "node/5964122679"
    },
    {
      "type": "Feature",
      "properties": {
        "@id": "node/5964123492",
        "amenity": "doctors",
        "healthcare": "doctor",
        "name": "Centre de Santé Cote D Ivoire"
      },
      "geometry": {
        "type": "Point",
        "coordinates": [
          -4.0757386,
          5.436957
        ]
      },
      "id": "node/5964123492"
    },
    {
      "type": "Feature",
      "properties": {
        "@id": "node/5964153222",
        "amenity": "doctors",
        "healthcare": "doctor",
        "name": "Centre de Santé Marie"
      },
      "geometry": {
        "type": "Point",
        "coordinates": [
          -4.0625663,
          5.4505252
        ]
      },
      "id": "node/5964153222"
    },
    {
      "type": "Feature",
      "properties": {
        "@id": "node/5964153300",
        "amenity": "doctors",
        "healthcare": "doctor",
        "name": "Cabinet De Soins Cheikh Ahmad Tijani"
      },
      "geometry": {
        "type": "Point",
        "coordinates": [
          -4.0595381,
          5.4509798
        ]
      },
      "id": "node/5964153300"
    },
    {
      "type": "Feature",
      "properties": {
        "@id": "node/5964153349",
        "amenity": "doctors",
        "healthcare": "doctor",
        "name": "Centre Médical Bincadi"
      },
      "geometry": {
        "type": "Point",
        "coordinates": [
          -4.0633131,
          5.4552003
        ]
      },
      "id": "node/5964153349"
    },
    {
      "type": "Feature",
      "properties": {
        "@id": "node/5964272753",
        "amenity": "pharmacy",
        "healthcare": "pharmacy",
        "name": "Pharmacie Divine espérance"
      },
      "geometry": {
        "type": "Point",
        "coordinates": [
          -4.0240143,
          5.4245007
        ]
      },
      "id": "node/5964272753"
    },
    {
      "type": "Feature",
      "properties": {
        "@id": "node/5964304326",
        "amenity": "doctors",
        "healthcare": "doctor",
        "name": "Cabinet Medical St Lazare"
      },
      "geometry": {
        "type": "Point",
        "coordinates": [
          -3.9486195,
          5.3020509
        ]
      },
      "id": "node/5964304326"
    },
    {
      "type": "Feature",
      "properties": {
        "@id": "node/5964304355",
        "amenity": "doctors",
        "healthcare": "doctor",
        "name": "Espace Médical Les Ruches Plus"
      },
      "geometry": {
        "type": "Point",
        "coordinates": [
          -3.9459557,
          5.3033638
        ]
      },
      "id": "node/5964304355"
    },
    {
      "type": "Feature",
      "properties": {
        "@id": "node/5964319405",
        "amenity": "doctors",
        "healthcare": "doctor",
        "name": "Clinique Médicale"
      },
      "geometry": {
        "type": "Point",
        "coordinates": [
          -4.0530062,
          5.4481608
        ]
      },
      "id": "node/5964319405"
    },
    {
      "type": "Feature",
      "properties": {
        "@id": "node/5964319460",
        "amenity": "doctors",
        "healthcare": "doctor",
        "name": "CSU d'Abobo PK 18"
      },
      "geometry": {
        "type": "Point",
        "coordinates": [
          -4.0548523,
          5.4448886
        ]
      },
      "id": "node/5964319460"
    },
    {
      "type": "Feature",
      "properties": {
        "@id": "node/5964359599",
        "amenity": "doctors",
        "healthcare": "doctor",
        "name": "Centre Medical ACID"
      },
      "geometry": {
        "type": "Point",
        "coordinates": [
          -4.0710072,
          5.4361373
        ]
      },
      "id": "node/5964359599"
    },
    {
      "type": "Feature",
      "properties": {
        "@id": "node/5964537077",
        "amenity": "doctors",
        "healthcare": "doctor",
        "name": "Tradipraticien"
      },
      "geometry": {
        "type": "Point",
        "coordinates": [
          -3.9569952,
          5.3021798
        ]
      },
      "id": "node/5964537077"
    },
    {
      "type": "Feature",
      "properties": {
        "@id": "node/5964557166",
        "amenity": "doctors",
        "healthcare": "doctor",
        "name": "Infirmerie Noura"
      },
      "geometry": {
        "type": "Point",
        "coordinates": [
          -3.9606202,
          5.2980751
        ]
      },
      "id": "node/5964557166"
    },
    {
      "type": "Feature",
      "properties": {
        "@id": "node/5964557173",
        "amenity": "pharmacy",
        "healthcare": "pharmacy",
        "name": "Pharmacie Saint Louis"
      },
      "geometry": {
        "type": "Point",
        "coordinates": [
          -3.9597237,
          5.2979483
        ]
      },
      "id": "node/5964557173"
    },
    {
      "type": "Feature",
      "properties": {
        "@id": "node/5964557392",
        "amenity": "doctors",
        "healthcare": "doctor",
        "name": "Tradipraticien"
      },
      "geometry": {
        "type": "Point",
        "coordinates": [
          -3.9584798,
          5.2981913
        ]
      },
      "id": "node/5964557392"
    },
    {
      "type": "Feature",
      "properties": {
        "@id": "node/5964557609",
        "amenity": "doctors",
        "healthcare": "doctor",
        "name": "Centre médical Chloé"
      },
      "geometry": {
        "type": "Point",
        "coordinates": [
          -3.959318,
          5.2954317
        ]
      },
      "id": "node/5964557609"
    },
    {
      "type": "Feature",
      "properties": {
        "@id": "node/5964640503",
        "amenity": "doctors",
        "healthcare": "doctor",
        "name": "Cabinet Médical Sainte Jeanne d'Arc"
      },
      "geometry": {
        "type": "Point",
        "coordinates": [
          -4.0591089,
          5.4494351
        ]
      },
      "id": "node/5964640503"
    },
    {
      "type": "Feature",
      "properties": {
        "@id": "node/5964640552",
        "amenity": "doctors",
        "healthcare": "doctor",
        "name": "Centre de Santé"
      },
      "geometry": {
        "type": "Point",
        "coordinates": [
          -4.060722,
          5.4458819
        ]
      },
      "id": "node/5964640552"
    },
    {
      "type": "Feature",
      "properties": {
        "@id": "node/5964640568",
        "amenity": "doctors",
        "healthcare": "doctor",
        "name": "Centre Médical Source de Vie"
      },
      "geometry": {
        "type": "Point",
        "coordinates": [
          -4.0591566,
          5.4444955
        ]
      },
      "id": "node/5964640568"
    },
    {
      "type": "Feature",
      "properties": {
        "@id": "node/5964662038",
        "amenity": "doctors",
        "healthcare": "doctor",
        "name": "Tradipraticien"
      },
      "geometry": {
        "type": "Point",
        "coordinates": [
          -3.9603802,
          5.2941017
        ]
      },
      "id": "node/5964662038"
    },
    {
      "type": "Feature",
      "properties": {
        "@id": "node/5964662283",
        "addr:suburb": "Abobo",
        "amenity": "doctors",
        "contact:phone": "+22508406708",
        "description": "Consultation Pansement",
        "healthcare": "doctor",
        "name": "Centre médical Espace",
        "opening_hours": "Mo-Su 08:00-18:00",
        "operator:type": "private",
        "project:geoloc_unicef": "yes",
        "project:geoloc_unicef:id": "ABJ_366"
      },
      "geometry": {
        "type": "Point",
        "coordinates": [
          -4.0265107,
          5.4290968
        ]
      },
      "id": "node/5964662283"
    },
    {
      "type": "Feature",
      "properties": {
        "@id": "node/5964664911",
        "amenity": "doctors",
        "healthcare": "doctor",
        "name": "Tradi-praticien"
      },
      "geometry": {
        "type": "Point",
        "coordinates": [
          -3.9561868,
          5.3039992
        ]
      },
      "id": "node/5964664911"
    },
    {
      "type": "Feature",
      "properties": {
        "@id": "node/5964664934",
        "amenity": "doctors",
        "healthcare": "doctor",
        "name": "Tradi-praticien"
      },
      "geometry": {
        "type": "Point",
        "coordinates": [
          -3.9573986,
          5.3044453
        ]
      },
      "id": "node/5964664934"
    },
    {
      "type": "Feature",
      "properties": {
        "@id": "node/5964664936",
        "amenity": "doctors",
        "healthcare": "doctor",
        "name": "Tradi-praticien"
      },
      "geometry": {
        "type": "Point",
        "coordinates": [
          -3.957378,
          5.3042584
        ]
      },
      "id": "node/5964664936"
    },
    {
      "type": "Feature",
      "properties": {
        "@id": "node/5964685231",
        "amenity": "doctors",
        "healthcare": "doctor",
        "name": "Centre Médical Le Social LA Aziz"
      },
      "geometry": {
        "type": "Point",
        "coordinates": [
          -4.0628345,
          5.4484359
        ]
      },
      "id": "node/5964685231"
    },
    {
      "type": "Feature",
      "properties": {
        "@id": "node/5964688056",
        "amenity": "pharmacy",
        "healthcare": "pharmacy",
        "name": "Pharmacie Carrefour N'Dotré"
      },
      "geometry": {
        "type": "Point",
        "coordinates": [
          -4.0713416,
          5.4433945
        ]
      },
      "id": "node/5964688056"
    },
    {
      "type": "Feature",
      "properties": {
        "@id": "node/5964688066",
        "amenity": "doctors",
        "healthcare": "doctor"
      },
      "geometry": {
        "type": "Point",
        "coordinates": [
          -4.0715121,
          5.4431978
        ]
      },
      "id": "node/5964688066"
    },
    {
      "type": "Feature",
      "properties": {
        "@id": "node/5964688449",
        "amenity": "doctors",
        "healthcare": "doctor",
        "name": "Cabinet Medical Sanctu"
      },
      "geometry": {
        "type": "Point",
        "coordinates": [
          -4.0698948,
          5.4384897
        ]
      },
      "id": "node/5964688449"
    },
    {
      "type": "Feature",
      "properties": {
        "@id": "node/5964721184",
        "amenity": "doctors",
        "healthcare": "doctor",
        "name": "Tradipraticien"
      },
      "geometry": {
        "type": "Point",
        "coordinates": [
          -3.9602762,
          5.300215
        ]
      },
      "id": "node/5964721184"
    },
    {
      "type": "Feature",
      "properties": {
        "@id": "node/5964741110",
        "amenity": "doctors",
        "healthcare": "doctor"
      },
      "geometry": {
        "type": "Point",
        "coordinates": [
          -3.957863,
          5.3011504
        ]
      },
      "id": "node/5964741110"
    },
    {
      "type": "Feature",
      "properties": {
        "@id": "node/5965856885",
        "addr:street": "Avenue L.P. Clouzet",
        "amenity": "pharmacy",
        "healthcare": "pharmacy",
        "name": "Pharmacie de la caserne"
      },
      "geometry": {
        "type": "Point",
        "coordinates": [
          -4.0068782,
          5.2998818
        ]
      },
      "id": "node/5965856885"
    },
    {
      "type": "Feature",
      "properties": {
        "@id": "node/5966035326",
        "amenity": "clinic",
        "healthcare": "clinic",
        "name": "Clinique Privée Bouakally"
      },
      "geometry": {
        "type": "Point",
        "coordinates": [
          -3.960144,
          5.290731
        ]
      },
      "id": "node/5966035326"
    },
    {
      "type": "Feature",
      "properties": {
        "@id": "node/5966043627",
        "amenity": "doctors",
        "healthcare": "doctor",
        "name": "Cabinet Médical ONG CAHM-CI"
      },
      "geometry": {
        "type": "Point",
        "coordinates": [
          -3.9656373,
          5.3044394
        ]
      },
      "id": "node/5966043627"
    },
    {
      "type": "Feature",
      "properties": {
        "@id": "node/5966101147",
        "amenity": "doctors",
        "healthcare": "doctor",
        "name": "Centre de Soin le Bon Samaritain"
      },
      "geometry": {
        "type": "Point",
        "coordinates": [
          -3.9469309,
          5.3021386
        ]
      },
      "id": "node/5966101147"
    },
    {
      "type": "Feature",
      "properties": {
        "@id": "node/5966151653",
        "amenity": "doctors",
        "healthcare": "doctor",
        "name": "Tradi-praticien"
      },
      "geometry": {
        "type": "Point",
        "coordinates": [
          -3.9537853,
          5.3058843
        ]
      },
      "id": "node/5966151653"
    },
    {
      "type": "Feature",
      "properties": {
        "@id": "node/5966152189",
        "amenity": "doctors",
        "healthcare": "doctor",
        "name": "Centre de santé Sainte Marie des Anges"
      },
      "geometry": {
        "type": "Point",
        "coordinates": [
          -3.9544746,
          5.3041123
        ]
      },
      "id": "node/5966152189"
    },
    {
      "type": "Feature",
      "properties": {
        "@id": "node/5966152210",
        "amenity": "doctors",
        "healthcare": "doctor",
        "name": "Infirmerie Prive Zomadre"
      },
      "geometry": {
        "type": "Point",
        "coordinates": [
          -3.9540871,
          5.3036636
        ]
      },
      "id": "node/5966152210"
    },
    {
      "type": "Feature",
      "properties": {
        "@id": "node/5966188325",
        "amenity": "doctors",
        "healthcare": "doctor",
        "name": "Iris"
      },
      "geometry": {
        "type": "Point",
        "coordinates": [
          -3.9473131,
          5.3010663
        ]
      },
      "id": "node/5966188325"
    },
    {
      "type": "Feature",
      "properties": {
        "@id": "node/5966278092",
        "amenity": "doctors",
        "healthcare": "doctor",
        "name": "Centre de Santé Saint Elie"
      },
      "geometry": {
        "type": "Point",
        "coordinates": [
          -4.0847026,
          5.4293638
        ]
      },
      "id": "node/5966278092"
    },
    {
      "type": "Feature",
      "properties": {
        "@id": "node/5966278098",
        "amenity": "doctors",
        "healthcare": "doctor",
        "name": "Maternité Privé La Main De Dieu"
      },
      "geometry": {
        "type": "Point",
        "coordinates": [
          -4.0875358,
          5.4288357
        ]
      },
      "id": "node/5966278098"
    },
    {
      "type": "Feature",
      "properties": {
        "@id": "node/5966307322",
        "amenity": "doctors",
        "healthcare": "doctor",
        "name": "Tradipraticien"
      },
      "geometry": {
        "type": "Point",
        "coordinates": [
          -3.9536757,
          5.3021676
        ]
      },
      "id": "node/5966307322"
    },
    {
      "type": "Feature",
      "properties": {
        "@id": "node/5966307328",
        "amenity": "pharmacy",
        "healthcare": "pharmacy",
        "name": "Pharmacie Quartier Divo"
      },
      "geometry": {
        "type": "Point",
        "coordinates": [
          -3.9531121,
          5.3024911
        ]
      },
      "id": "node/5966307328"
    },
    {
      "type": "Feature",
      "properties": {
        "@id": "node/5966374017",
        "amenity": "clinic",
        "healthcare": "clinic",
        "name": "Clinique Privé Saint Ornella"
      },
      "geometry": {
        "type": "Point",
        "coordinates": [
          -4.0805713,
          5.4437318
        ]
      },
      "id": "node/5966374017"
    },
    {
      "type": "Feature",
      "properties": {
        "@id": "node/5966454473",
        "amenity": "pharmacy",
        "healthcare": "pharmacy",
        "name": "Pharmacie Régina"
      },
      "geometry": {
        "type": "Point",
        "coordinates": [
          -3.9493845,
          5.2983829
        ]
      },
      "id": "node/5966454473"
    },
    {
      "type": "Feature",
      "properties": {
        "@id": "node/5966468464",
        "amenity": "doctors",
        "healthcare": "doctor",
        "name": "Centre Medical Ong Smi"
      },
      "geometry": {
        "type": "Point",
        "coordinates": [
          -4.076542,
          5.4422025
        ]
      },
      "id": "node/5966468464"
    },
    {
      "type": "Feature",
      "properties": {
        "@id": "node/5966474731",
        "amenity": "doctors",
        "healthcare": "doctor",
        "name": "Centre de Soins Tabitha de N'Dotré"
      },
      "geometry": {
        "type": "Point",
        "coordinates": [
          -4.0668672,
          5.4454066
        ]
      },
      "id": "node/5966474731"
    },
    {
      "type": "Feature",
      "properties": {
        "@id": "node/5966475918",
        "amenity": "doctors",
        "healthcare": "doctor",
        "name": "ONG Saint Sauveur de N'Dotré"
      },
      "geometry": {
        "type": "Point",
        "coordinates": [
          -4.0674593,
          5.4454393
        ]
      },
      "id": "node/5966475918"
    },
    {
      "type": "Feature",
      "properties": {
        "@id": "node/5966475923",
        "amenity": "doctors",
        "healthcare": "doctor",
        "name": "ONG Santé au Quotidien Antenne d'Abobo"
      },
      "geometry": {
        "type": "Point",
        "coordinates": [
          -4.0653444,
          5.4447972
        ]
      },
      "id": "node/5966475923"
    },
    {
      "type": "Feature",
      "properties": {
        "@id": "node/5966476388",
        "amenity": "doctors",
        "healthcare": "doctor",
        "name": "Centre de Soins Mouna"
      },
      "geometry": {
        "type": "Point",
        "coordinates": [
          -4.0675404,
          5.4530644
        ]
      },
      "id": "node/5966476388"
    },
    {
      "type": "Feature",
      "properties": {
        "@id": "node/5966476399",
        "amenity": "doctors",
        "healthcare": "doctor",
        "name": "Clinique Médicale Grâce Divine"
      },
      "geometry": {
        "type": "Point",
        "coordinates": [
          -4.0657206,
          5.4465775
        ]
      },
      "id": "node/5966476399"
    },
    {
      "type": "Feature",
      "properties": {
        "@id": "node/5966477230",
        "amenity": "doctors",
        "healthcare": "doctor",
        "name": "Clinique Privée"
      },
      "geometry": {
        "type": "Point",
        "coordinates": [
          -4.0683331,
          5.4511687
        ]
      },
      "id": "node/5966477230"
    },
    {
      "type": "Feature",
      "properties": {
        "@id": "node/5966514816",
        "amenity": "doctors",
        "healthcare": "doctor",
        "name": "Clinique Privée"
      },
      "geometry": {
        "type": "Point",
        "coordinates": [
          -4.0687736,
          5.4450388
        ]
      },
      "id": "node/5966514816"
    },
    {
      "type": "Feature",
      "properties": {
        "@id": "node/5966515093",
        "amenity": "doctors",
        "healthcare": "doctor"
      },
      "geometry": {
        "type": "Point",
        "coordinates": [
          -4.06982,
          5.4500302
        ]
      },
      "id": "node/5966515093"
    },
    {
      "type": "Feature",
      "properties": {
        "@id": "node/5966515105",
        "amenity": "doctors",
        "healthcare": "doctor",
        "name": "Espace Médical Le Phinx"
      },
      "geometry": {
        "type": "Point",
        "coordinates": [
          -4.0693834,
          5.4435837
        ]
      },
      "id": "node/5966515105"
    },
    {
      "type": "Feature",
      "properties": {
        "@id": "node/5966515106",
        "amenity": "doctors",
        "healthcare": "doctor",
        "name": "Centre Médical"
      },
      "geometry": {
        "type": "Point",
        "coordinates": [
          -4.0664615,
          5.4436984
        ]
      },
      "id": "node/5966515106"
    },
    {
      "type": "Feature",
      "properties": {
        "@id": "node/5966540238",
        "amenity": "doctors",
        "healthcare": "doctor",
        "name": "Centre Medical Relucis"
      },
      "geometry": {
        "type": "Point",
        "coordinates": [
          -4.0754919,
          5.4491061
        ]
      },
      "id": "node/5966540238"
    },
    {
      "type": "Feature",
      "properties": {
        "@id": "node/5966690610",
        "amenity": "pharmacy",
        "healthcare": "pharmacy",
        "name": "Pharmacie Résidence Abobo PK18"
      },
      "geometry": {
        "type": "Point",
        "coordinates": [
          -4.050782,
          5.450402
        ]
      },
      "id": "node/5966690610"
    },
    {
      "type": "Feature",
      "properties": {
        "@id": "node/5966930674",
        "amenity": "doctors",
        "healthcare": "doctor",
        "name": "Centre Medical La Piscine De Bethesda"
      },
      "geometry": {
        "type": "Point",
        "coordinates": [
          -4.0737142,
          5.4423794
        ]
      },
      "id": "node/5966930674"
    },
    {
      "type": "Feature",
      "properties": {
        "@id": "node/5967078124",
        "amenity": "doctors",
        "healthcare": "doctor",
        "name": "Clinique Privée"
      },
      "geometry": {
        "type": "Point",
        "coordinates": [
          -4.0655556,
          5.4559615
        ]
      },
      "id": "node/5967078124"
    },
    {
      "type": "Feature",
      "properties": {
        "@id": "node/5967097911",
        "amenity": "doctors",
        "healthcare": "doctor",
        "name": "Centre de Santé Prénatale Espérance"
      },
      "geometry": {
        "type": "Point",
        "coordinates": [
          -4.0654329,
          5.4487763
        ]
      },
      "id": "node/5967097911"
    },
    {
      "type": "Feature",
      "properties": {
        "@id": "node/5967133274",
        "amenity": "doctors",
        "healthcare": "doctor",
        "name": "Ong Lafed"
      },
      "geometry": {
        "type": "Point",
        "coordinates": [
          -4.0750279,
          5.4514918
        ]
      },
      "id": "node/5967133274"
    },
    {
      "type": "Feature",
      "properties": {
        "@id": "node/5967146594",
        "amenity": "clinic",
        "healthcare": "clinic",
        "name": "Clinique spirituel JHSG"
      },
      "geometry": {
        "type": "Point",
        "coordinates": [
          -4.022706,
          5.4265274
        ]
      },
      "id": "node/5967146594"
    },
    {
      "type": "Feature",
      "properties": {
        "@id": "node/5967751708",
        "amenity": "doctors",
        "healthcare": "doctor",
        "name": "Centre Médical Social Le Siloé De Pk18"
      },
      "geometry": {
        "type": "Point",
        "coordinates": [
          -4.0480234,
          5.453748
        ]
      },
      "id": "node/5967751708"
    },
    {
      "type": "Feature",
      "properties": {
        "@id": "node/5968504300",
        "amenity": "doctors",
        "healthcare": "doctor",
        "name": "Centre Médical Source de Vie"
      },
      "geometry": {
        "type": "Point",
        "coordinates": [
          -4.0439793,
          5.4570589
        ]
      },
      "id": "node/5968504300"
    },
    {
      "type": "Feature",
      "properties": {
        "@id": "node/5968549407",
        "amenity": "doctors",
        "healthcare": "doctor",
        "name": "Centre Medical Olympique"
      },
      "geometry": {
        "type": "Point",
        "coordinates": [
          -4.071022,
          5.4492142
        ]
      },
      "id": "node/5968549407"
    },
    {
      "type": "Feature",
      "properties": {
        "@id": "node/5968549443",
        "amenity": "doctors",
        "healthcare": "doctor",
        "name": "Centre Medical Fatima Zahra"
      },
      "geometry": {
        "type": "Point",
        "coordinates": [
          -4.072632,
          5.4435249
        ]
      },
      "id": "node/5968549443"
    },
    {
      "type": "Feature",
      "properties": {
        "@id": "node/5968573355",
        "amenity": "pharmacy",
        "healthcare": "pharmacy",
        "name": "Pharmacie Milieu hevie"
      },
      "geometry": {
        "type": "Point",
        "coordinates": [
          -4.0506285,
          5.4479022
        ]
      },
      "id": "node/5968573355"
    },
    {
      "type": "Feature",
      "properties": {
        "@id": "node/5968573590",
        "amenity": "doctors",
        "healthcare": "doctor",
        "name": "Centre médical Fatima"
      },
      "geometry": {
        "type": "Point",
        "coordinates": [
          -4.046241,
          5.4422666
        ]
      },
      "id": "node/5968573590"
    },
    {
      "type": "Feature",
      "properties": {
        "@id": "node/5968822667",
        "amenity": "doctors",
        "healthcare": "doctor",
        "name": "Cabinet Médical"
      },
      "geometry": {
        "type": "Point",
        "coordinates": [
          -4.046874,
          5.4508603
        ]
      },
      "id": "node/5968822667"
    },
    {
      "type": "Feature",
      "properties": {
        "@id": "node/5968822668",
        "amenity": "doctors",
        "healthcare": "doctor",
        "name": "ONG Santé de Côte d'Ivoire"
      },
      "geometry": {
        "type": "Point",
        "coordinates": [
          -4.0479729,
          5.4508615
        ]
      },
      "id": "node/5968822668"
    },
    {
      "type": "Feature",
      "properties": {
        "@id": "node/5968822676",
        "amenity": "pharmacy",
        "healthcare": "pharmacy",
        "name": "Pharmacie Saint Alexandra"
      },
      "geometry": {
        "type": "Point",
        "coordinates": [
          -4.0492954,
          5.4504284
        ]
      },
      "id": "node/5968822676"
    },
    {
      "type": "Feature",
      "properties": {
        "@id": "node/5968822678",
        "amenity": "doctors",
        "healthcare": "doctor",
        "name": "Clinique Médical Biraya"
      },
      "geometry": {
        "type": "Point",
        "coordinates": [
          -4.0507961,
          5.4501254
        ]
      },
      "id": "node/5968822678"
    },
    {
      "type": "Feature",
      "properties": {
        "@id": "node/5968854013",
        "addr:suburb": "Abobo",
        "amenity": "doctors",
        "contact:mobile": "+22505342586",
        "contact:phone": "+22505434907",
        "description": "Consultation, hospitalisation, chirurgie, accouchement",
        "healthcare": "doctor",
        "name": "ONG Santé Côte d'Ivoire",
        "note": "Santé",
        "office": "ngo",
        "opening_hours": "24/7",
        "project:geoloc_unicef": "yes",
        "project:geoloc_unicef:id": "ABJ_359",
        "source": "DigitalGlobe Standard; survey",
        "source:date": "2019-06-14"
      },
      "geometry": {
        "type": "Point",
        "coordinates": [
          -4.0316713,
          5.4304065
        ]
      },
      "id": "node/5968854013"
    },
    {
      "type": "Feature",
      "properties": {
        "@id": "node/5968854388",
        "amenity": "doctors",
        "healthcare": "doctor"
      },
      "geometry": {
        "type": "Point",
        "coordinates": [
          -4.0327971,
          5.4312903
        ]
      },
      "id": "node/5968854388"
    },
    {
      "type": "Feature",
      "properties": {
        "@id": "node/5968857693",
        "amenity": "doctors",
        "healthcare": "doctor",
        "name": "Centre Médical"
      },
      "geometry": {
        "type": "Point",
        "coordinates": [
          -4.0290226,
          5.4316888
        ]
      },
      "id": "node/5968857693"
    },
    {
      "type": "Feature",
      "properties": {
        "@id": "node/5969127243",
        "amenity": "doctors",
        "healthcare": "doctor",
        "name": "Centre Médical Nour"
      },
      "geometry": {
        "type": "Point",
        "coordinates": [
          -4.0526113,
          5.4373349
        ]
      },
      "id": "node/5969127243"
    },
    {
      "type": "Feature",
      "properties": {
        "@id": "node/5969138069",
        "amenity": "doctors",
        "healthcare": "doctor",
        "name": "Cabinet Médical"
      },
      "geometry": {
        "type": "Point",
        "coordinates": [
          -4.0425865,
          5.444368
        ]
      },
      "id": "node/5969138069"
    },
    {
      "type": "Feature",
      "properties": {
        "@id": "node/5969936677",
        "amenity": "pharmacy",
        "healthcare": "pharmacy",
        "name": "Pharmacie Bsa"
      },
      "geometry": {
        "type": "Point",
        "coordinates": [
          -4.0405601,
          5.4388635
        ]
      },
      "id": "node/5969936677"
    },
    {
      "type": "Feature",
      "properties": {
        "@id": "node/5970044233",
        "amenity": "doctors",
        "healthcare": "doctor",
        "name": "Cente De Santé Yahvé Rapha"
      },
      "geometry": {
        "type": "Point",
        "coordinates": [
          -4.0793591,
          5.4369468
        ]
      },
      "id": "node/5970044233"
    },
    {
      "type": "Feature",
      "properties": {
        "@id": "node/5970044243",
        "amenity": "doctors",
        "healthcare": "doctor",
        "name": "Centre Medical Social"
      },
      "geometry": {
        "type": "Point",
        "coordinates": [
          -4.0811916,
          5.4360886
        ]
      },
      "id": "node/5970044243"
    },
    {
      "type": "Feature",
      "properties": {
        "@id": "node/5970063100",
        "amenity": "doctors",
        "healthcare": "doctor",
        "name": "Centre De Soins Médicaux"
      },
      "geometry": {
        "type": "Point",
        "coordinates": [
          -4.0568143,
          5.4407686
        ]
      },
      "id": "node/5970063100"
    },
    {
      "type": "Feature",
      "properties": {
        "@id": "node/5970125483",
        "amenity": "doctors",
        "healthcare": "doctor",
        "name": "ONG Centre de Santé Salem",
        "office": "ngo"
      },
      "geometry": {
        "type": "Point",
        "coordinates": [
          -4.0469559,
          5.4413107
        ]
      },
      "id": "node/5970125483"
    },
    {
      "type": "Feature",
      "properties": {
        "@id": "node/5970125588",
        "amenity": "clinic",
        "healthcare": "clinic",
        "name": "Clinique Privée Saint Horeb"
      },
      "geometry": {
        "type": "Point",
        "coordinates": [
          -4.0478054,
          5.4428393
        ]
      },
      "id": "node/5970125588"
    },
    {
      "type": "Feature",
      "properties": {
        "@id": "node/5970172295",
        "amenity": "pharmacy",
        "dispensing": "no",
        "healthcare": "pharmacy",
        "name": "Pharmacie Route D'Anyama"
      },
      "geometry": {
        "type": "Point",
        "coordinates": [
          -4.0541442,
          5.4570735
        ]
      },
      "id": "node/5970172295"
    },
    {
      "type": "Feature",
      "properties": {
        "@id": "node/5970172596",
        "amenity": "doctors",
        "healthcare": "doctor",
        "name": "Centre Médical Le Prestige"
      },
      "geometry": {
        "type": "Point",
        "coordinates": [
          -4.0522116,
          5.4567478
        ]
      },
      "id": "node/5970172596"
    },
    {
      "type": "Feature",
      "properties": {
        "@id": "node/5970172760",
        "addr:suburb": "Abobo",
        "amenity": "doctors",
        "contact:phone": "+22505050702",
        "description": "Conseil et dépistage du VIH Prévention de la transmission mère-enfant du VIH Centre accueil",
        "healthcare": "doctor",
        "name": "Centre De Santé Communautaire Christ-Roi",
        "note": "Santé Éducation, Laboratoire d'analyses biologiques",
        "office": "ngo",
        "opening_hours": "Mo-Fr 08:00-17:00",
        "project:geoloc_unicef": "yes",
        "project:geoloc_unicef:id": "ABJ_328",
        "source": "DigitalGlobe Standard; survey",
        "source:date": "2019-06-14"
      },
      "geometry": {
        "type": "Point",
        "coordinates": [
          -4.0540479,
          5.4559274
        ]
      },
      "id": "node/5970172760"
    },
    {
      "type": "Feature",
      "properties": {
        "@id": "node/5971132508",
        "amenity": "doctors",
        "healthcare": "doctor",
        "name": "Cabinet Medical"
      },
      "geometry": {
        "type": "Point",
        "coordinates": [
          -3.958628,
          5.2889691
        ]
      },
      "id": "node/5971132508"
    },
    {
      "type": "Feature",
      "properties": {
        "@id": "node/5971132511",
        "amenity": "pharmacy",
        "healthcare": "pharmacy",
        "name": "Pharmacie Gaudo"
      },
      "geometry": {
        "type": "Point",
        "coordinates": [
          -3.9585637,
          5.2894839
        ]
      },
      "id": "node/5971132511"
    },
    {
      "type": "Feature",
      "properties": {
        "@id": "node/5971132538",
        "amenity": "pharmacy",
        "healthcare": "pharmacy",
        "name": "Grande Pharmacie des Lacs"
      },
      "geometry": {
        "type": "Point",
        "coordinates": [
          -3.9626192,
          5.2901549
        ]
      },
      "id": "node/5971132538"
    },
    {
      "type": "Feature",
      "properties": {
        "@id": "node/5971962222",
        "amenity": "doctors",
        "healthcare": "doctor"
      },
      "geometry": {
        "type": "Point",
        "coordinates": [
          -3.9550205,
          5.2915825
        ]
      },
      "id": "node/5971962222"
    },
    {
      "type": "Feature",
      "properties": {
        "@id": "node/5971962250",
        "amenity": "pharmacy",
        "healthcare": "pharmacy",
        "name": "Pharmacie St Albert"
      },
      "geometry": {
        "type": "Point",
        "coordinates": [
          -3.9575873,
          5.2920979
        ]
      },
      "id": "node/5971962250"
    },
    {
      "type": "Feature",
      "properties": {
        "@id": "node/5972359395",
        "amenity": "doctors",
        "healthcare": "doctor",
        "name": "Centre Paramédical"
      },
      "geometry": {
        "type": "Point",
        "coordinates": [
          -4.0776363,
          5.4316428
        ]
      },
      "id": "node/5972359395"
    },
    {
      "type": "Feature",
      "properties": {
        "@id": "node/5972443358",
        "amenity": "doctors",
        "healthcare": "doctor",
        "name": "Clinique ONG Santé"
      },
      "geometry": {
        "type": "Point",
        "coordinates": [
          -4.058089,
          5.4380885
        ]
      },
      "id": "node/5972443358"
    },
    {
      "type": "Feature",
      "properties": {
        "@id": "node/5972603644",
        "amenity": "doctors",
        "healthcare": "doctor",
        "name": "Centre Médical Douahou"
      },
      "geometry": {
        "type": "Point",
        "coordinates": [
          -4.0496957,
          5.4568693
        ]
      },
      "id": "node/5972603644"
    },
    {
      "type": "Feature",
      "properties": {
        "@id": "node/5973450594",
        "amenity": "doctors",
        "healthcare": "doctor",
        "name": "Centre de Santé Soumahoro Kanté"
      },
      "geometry": {
        "type": "Point",
        "coordinates": [
          -4.0216484,
          5.4264065
        ]
      },
      "id": "node/5973450594"
    },
    {
      "type": "Feature",
      "properties": {
        "@id": "node/5974481918",
        "amenity": "pharmacy",
        "healthcare": "pharmacy",
        "name": "Pharmacie Bienabie"
      },
      "geometry": {
        "type": "Point",
        "coordinates": [
          -3.9558586,
          5.2937979
        ]
      },
      "id": "node/5974481918"
    },
    {
      "type": "Feature",
      "properties": {
        "@id": "node/5974660735",
        "amenity": "doctors",
        "healthcare": "doctor",
        "name": "Centre Médical des Assemblées de Dieu"
      },
      "geometry": {
        "type": "Point",
        "coordinates": [
          -3.9549145,
          5.2888436
        ]
      },
      "id": "node/5974660735"
    },
    {
      "type": "Feature",
      "properties": {
        "@id": "node/5974714191",
        "amenity": "doctors",
        "healthcare": "doctor",
        "name": "Centre Médical des Assemblées de Dieu"
      },
      "geometry": {
        "type": "Point",
        "coordinates": [
          -3.9549011,
          5.2888489
        ]
      },
      "id": "node/5974714191"
    },
    {
      "type": "Feature",
      "properties": {
        "@id": "node/6092856635",
        "amenity": "clinic",
        "healthcare": "clinic",
        "name": "Clinique Sainte Nancy 21263368"
      },
      "geometry": {
        "type": "Point",
        "coordinates": [
          -3.994927,
          5.3084999
        ]
      },
      "id": "node/6092856635"
    },
    {
      "type": "Feature",
      "properties": {
        "@id": "node/6118617355",
        "amenity": "pharmacy",
        "healthcare": "pharmacy",
        "name": "Pharmacie Enica"
      },
      "geometry": {
        "type": "Point",
        "coordinates": [
          -3.9534174,
          5.3791105
        ]
      },
      "id": "node/6118617355"
    },
    {
      "type": "Feature",
      "properties": {
        "@id": "node/6128454685",
        "amenity": "clinic",
        "healthcare": "clinic",
        "name": "Clinique Saint Pierre Legrand",
        "name:en": "Clinic Saint Pierre Legrand",
        "name:fr": "Clinique Saint Pierre Legrand"
      },
      "geometry": {
        "type": "Point",
        "coordinates": [
          -3.9754121,
          5.3636784
        ]
      },
      "id": "node/6128454685"
    },
    {
      "type": "Feature",
      "properties": {
        "@id": "node/6218837984",
        "amenity": "pharmacy",
        "healthcare": "pharmacy",
        "name": "Pharmacie du Commerce"
      },
      "geometry": {
        "type": "Point",
        "coordinates": [
          -4.0145561,
          5.3175165
        ]
      },
      "id": "node/6218837984"
    },
    {
      "type": "Feature",
      "properties": {
        "@id": "node/6260390886",
        "addr:postcode": "00225",
        "amenity": "pharmacy",
        "healthcare": "pharmacy",
        "name": "Pharmacie Analya"
      },
      "geometry": {
        "type": "Point",
        "coordinates": [
          -3.9615278,
          5.4027482
        ]
      },
      "id": "node/6260390886"
    },
    {
      "type": "Feature",
      "properties": {
        "@id": "node/6264111271",
        "amenity": "pharmacy",
        "healthcare": "pharmacy",
        "name": "Pharmacie Artémia"
      },
      "geometry": {
        "type": "Point",
        "coordinates": [
          -4.0772183,
          5.3265029
        ]
      },
      "id": "node/6264111271"
    },
    {
      "type": "Feature",
      "properties": {
        "@id": "node/6277979698",
        "amenity": "doctors",
        "email": "Cosiloam@gmail.com",
        "healthcare": "doctor",
        "healthcare:speciality": "ophthalmology",
        "name": "Centre d'ophtamologie Siloam",
        "phone": "+22522442424"
      },
      "geometry": {
        "type": "Point",
        "coordinates": [
          -4.0013726,
          5.3387727
        ]
      },
      "id": "node/6277979698"
    },
    {
      "type": "Feature",
      "properties": {
        "@id": "node/6281025704",
        "addr:street": "S 40",
        "amenity": "pharmacy",
        "healthcare": "pharmacy",
        "name": "Pharmacie Saint Antoine"
      },
      "geometry": {
        "type": "Point",
        "coordinates": [
          -4.030412,
          5.4147026
        ]
      },
      "id": "node/6281025704"
    },
    {
      "type": "Feature",
      "properties": {
        "@id": "node/6281030718",
        "addr:street": "S 40",
        "amenity": "pharmacy",
        "healthcare": "pharmacy",
        "name": "Pharmacie Derrière rail"
      },
      "geometry": {
        "type": "Point",
        "coordinates": [
          -4.0241237,
          5.414263
        ]
      },
      "id": "node/6281030718"
    },
    {
      "type": "Feature",
      "properties": {
        "@id": "node/6281037705",
        "amenity": "pharmacy",
        "healthcare": "pharmacy",
        "name": "Pharmacie du Banco",
        "opening_hours": "Mo-Su 07:00-18:00"
      },
      "geometry": {
        "type": "Point",
        "coordinates": [
          -4.0175547,
          5.4113768
        ]
      },
      "id": "node/6281037705"
    },
    {
      "type": "Feature",
      "properties": {
        "@id": "node/6281073781",
        "amenity": "pharmacy",
        "healthcare": "pharmacy",
        "name": "Pharmacie du Vallon"
      },
      "geometry": {
        "type": "Point",
        "coordinates": [
          -3.9900032,
          5.3633047
        ]
      },
      "id": "node/6281073781"
    },
    {
      "type": "Feature",
      "properties": {
        "@id": "node/6291552870",
        "amenity": "clinic",
        "healthcare": "clinic",
        "name": "Clinique de l'amitié Mère Thérèse"
      },
      "geometry": {
        "type": "Point",
        "coordinates": [
          -4.1094973,
          5.3182602
        ]
      },
      "id": "node/6291552870"
    },
    {
      "type": "Feature",
      "properties": {
        "@id": "node/6291553548",
        "amenity": "doctors",
        "healthcare": "doctor",
        "name": "Centre médical Lagoma"
      },
      "geometry": {
        "type": "Point",
        "coordinates": [
          -4.1091805,
          5.3238347
        ]
      },
      "id": "node/6291553548"
    },
    {
      "type": "Feature",
      "properties": {
        "@id": "node/6331024483",
        "amenity": "doctors",
        "healthcare": "doctor",
        "name": "Centre médico-social des Sœurs Passionistes"
      },
      "geometry": {
        "type": "Point",
        "coordinates": [
          -4.1412034,
          5.3142704
        ]
      },
      "id": "node/6331024483"
    },
    {
      "type": "Feature",
      "properties": {
        "@id": "node/6379136669",
        "amenity": "pharmacy",
        "healthcare": "pharmacy",
        "name": "Pharmacie Des Jardins"
      },
      "geometry": {
        "type": "Point",
        "coordinates": [
          -3.9898168,
          5.3585285
        ]
      },
      "id": "node/6379136669"
    },
    {
      "type": "Feature",
      "properties": {
        "@id": "node/6381959285",
        "amenity": "pharmacy",
        "healthcare": "pharmacy",
        "name": "Pharmacie du Château d'Eau",
        "name:fr": "Pharmacie du Château d'Eau"
      },
      "geometry": {
        "type": "Point",
        "coordinates": [
          -4.0302151,
          5.3531923
        ]
      },
      "id": "node/6381959285"
    },
    {
      "type": "Feature",
      "properties": {
        "@id": "node/6382206003",
        "amenity": "pharmacy",
        "healthcare": "pharmacy",
        "name": "Pharmacie Saint Lucien",
        "phone": "+225-21 28 84 80"
      },
      "geometry": {
        "type": "Point",
        "coordinates": [
          -3.954201,
          5.2858763
        ]
      },
      "id": "node/6382206003"
    },
    {
      "type": "Feature",
      "properties": {
        "@id": "node/6382206005",
        "amenity": "pharmacy",
        "dispensing": "yes",
        "healthcare": "pharmacy",
        "name": "Pharmacie Berekyah",
        "phone": "+225-22 48 79 89"
      },
      "geometry": {
        "type": "Point",
        "coordinates": [
          -3.9978433,
          5.3390537
        ]
      },
      "id": "node/6382206005"
    },
    {
      "type": "Feature",
      "properties": {
        "@id": "node/6383503732",
        "amenity": "clinic",
        "healthcare": "clinic",
        "name": "Centre de Soins Otcho de Songon"
      },
      "geometry": {
        "type": "Point",
        "coordinates": [
          -4.2559284,
          5.3246049
        ]
      },
      "id": "node/6383503732"
    },
    {
      "type": "Feature",
      "properties": {
        "@id": "node/6388841119",
        "amenity": "doctors",
        "healthcare": "doctor",
        "name": "Centre médical Magne Vianney"
      },
      "geometry": {
        "type": "Point",
        "coordinates": [
          -4.1057581,
          5.317633
        ]
      },
      "id": "node/6388841119"
    },
    {
      "type": "Feature",
      "properties": {
        "@id": "node/6395592331",
        "amenity": "doctors",
        "healthcare": "doctor",
        "name": "Cabinet medical Glibal Diagnostic"
      },
      "geometry": {
        "type": "Point",
        "coordinates": [
          -4.0046352,
          5.3061054
        ]
      },
      "id": "node/6395592331"
    },
    {
      "type": "Feature",
      "properties": {
        "@id": "node/6395603595",
        "amenity": "doctors",
        "healthcare": "doctor",
        "name": "Centre médical Boubadjan"
      },
      "geometry": {
        "type": "Point",
        "coordinates": [
          -4.0080832,
          5.3052862
        ]
      },
      "id": "node/6395603595"
    },
    {
      "type": "Feature",
      "properties": {
        "@id": "node/6395614175",
        "amenity": "doctors",
        "healthcare": "doctor",
        "name": "Centre médical Odyssée"
      },
      "geometry": {
        "type": "Point",
        "coordinates": [
          -4.0101209,
          5.3047066
        ]
      },
      "id": "node/6395614175"
    },
    {
      "type": "Feature",
      "properties": {
        "@id": "node/6413622185",
        "amenity": "pharmacy",
        "healthcare": "pharmacy",
        "name": "Pharmacie de l'INJS"
      },
      "geometry": {
        "type": "Point",
        "coordinates": [
          -3.9796652,
          5.3059779
        ]
      },
      "id": "node/6413622185"
    },
    {
      "type": "Feature",
      "properties": {
        "@id": "node/6416764924",
        "amenity": "pharmacy",
        "healthcare": "pharmacy",
        "name": "Pharmacie St Georges"
      },
      "geometry": {
        "type": "Point",
        "coordinates": [
          -3.9632735,
          5.2834227
        ]
      },
      "id": "node/6416764924"
    },
    {
      "type": "Feature",
      "properties": {
        "@id": "node/6425421807",
        "amenity": "pharmacy",
        "healthcare": "pharmacy",
        "name": "Pharmacie Galilée"
      },
      "geometry": {
        "type": "Point",
        "coordinates": [
          -3.9677122,
          5.28299
        ]
      },
      "id": "node/6425421807"
    },
    {
      "type": "Feature",
      "properties": {
        "@id": "node/6433898687",
        "addr:street": "Abobo Marley Caméra",
        "amenity": "doctors",
        "healthcare": "doctor",
        "name": "Centre de santé le Social"
      },
      "geometry": {
        "type": "Point",
        "coordinates": [
          -4.019309,
          5.4199399
        ]
      },
      "id": "node/6433898687"
    },
    {
      "type": "Feature",
      "properties": {
        "@id": "node/6440305999",
        "amenity": "doctors",
        "healthcare": "doctor",
        "name": "Centre de Santé Et D'Analyse Médicale"
      },
      "geometry": {
        "type": "Point",
        "coordinates": [
          -4.0018532,
          5.3584244
        ]
      },
      "id": "node/6440305999"
    },
    {
      "type": "Feature",
      "properties": {
        "@id": "node/6455483919",
        "amenity": "pharmacy",
        "healthcare": "pharmacy",
        "name": "Pharmacie Saint Joseph Académie"
      },
      "geometry": {
        "type": "Point",
        "coordinates": [
          -4.1129609,
          5.3189054
        ]
      },
      "id": "node/6455483919"
    },
    {
      "type": "Feature",
      "properties": {
        "@id": "node/6466587886",
        "amenity": "pharmacy",
        "healthcare": "pharmacy",
        "name": "Les 7 colonnes"
      },
      "geometry": {
        "type": "Point",
        "coordinates": [
          -4.0025026,
          5.3454053
        ]
      },
      "id": "node/6466587886"
    },
    {
      "type": "Feature",
      "properties": {
        "@id": "node/6478619420",
        "amenity": "pharmacy",
        "healthcare": "pharmacy",
        "name": "Pharmacie Cités Synacassi"
      },
      "geometry": {
        "type": "Point",
        "coordinates": [
          -3.9452758,
          5.3465166
        ]
      },
      "id": "node/6478619420"
    },
    {
      "type": "Feature",
      "properties": {
        "@id": "node/6480212957",
        "amenity": "pharmacy",
        "healthcare": "pharmacy",
        "name": "Pharmacie pefina"
      },
      "geometry": {
        "type": "Point",
        "coordinates": [
          -4.0696135,
          5.3292371
        ]
      },
      "id": "node/6480212957"
    },
    {
      "type": "Feature",
      "properties": {
        "@id": "node/6480218096",
        "amenity": "clinic",
        "healthcare": "clinic",
        "name": "Clinique médicale oasis santé"
      },
      "geometry": {
        "type": "Point",
        "coordinates": [
          -4.0730826,
          5.3477456
        ]
      },
      "id": "node/6480218096"
    },
    {
      "type": "Feature",
      "properties": {
        "@id": "node/6482149564",
        "addr:suburb": "Yopougon",
        "amenity": "doctors",
        "contact:phone": "+22523467364",
        "description": "Assistance sociale, soutien social Conseil et dépistage volontaire (CDV) Consultation Consultation prénatale",
        "healthcare": "doctor",
        "name": "Formation Sanitaire à base Communautaire de Yopougon",
        "opening_hours": "24/7",
        "operator:type": "public",
        "project:geoloc_unicef": "yes",
        "project:geoloc_unicef:id": "ABJ_172",
        "short_name": "FSC Yopougon"
      },
      "geometry": {
        "type": "Point",
        "coordinates": [
          -4.0930877,
          5.3473258
        ]
      },
      "id": "node/6482149564"
    },
    {
      "type": "Feature",
      "properties": {
        "@id": "node/6500126497",
        "addr:street": "Terre rouge",
        "amenity": "pharmacy",
        "healthcare": "pharmacy",
        "name": "Eloma de Gonzag"
      },
      "geometry": {
        "type": "Point",
        "coordinates": [
          -3.8996996,
          5.2398963
        ]
      },
      "id": "node/6500126497"
    },
    {
      "type": "Feature",
      "properties": {
        "@id": "node/6500185108",
        "amenity": "pharmacy",
        "healthcare": "pharmacy",
        "name": "Pharmacie St Louis Gonzague"
      },
      "geometry": {
        "type": "Point",
        "coordinates": [
          -3.8997286,
          5.2499724
        ]
      },
      "id": "node/6500185108"
    },
    {
      "type": "Feature",
      "properties": {
        "@id": "node/6519025986",
        "amenity": "pharmacy",
        "healthcare": "pharmacy",
        "name": "Pharmacie chatelet",
        "name:fr": "Pharmacie chatelet"
      },
      "geometry": {
        "type": "Point",
        "coordinates": [
          -3.8997977,
          5.2556079
        ]
      },
      "id": "node/6519025986"
    },
    {
      "type": "Feature",
      "properties": {
        "@id": "node/6576020319",
        "amenity": "clinic",
        "healthcare": "clinic",
        "name": "Clinique Sainte Jane-Leora"
      },
      "geometry": {
        "type": "Point",
        "coordinates": [
          -4.0971524,
          5.3509823
        ]
      },
      "id": "node/6576020319"
    },
    {
      "type": "Feature",
      "properties": {
        "@id": "node/6576023643",
        "amenity": "pharmacy",
        "healthcare": "pharmacy",
        "name": "Nouvelle pharmacie Bethesda"
      },
      "geometry": {
        "type": "Point",
        "coordinates": [
          -4.0954646,
          5.3487193
        ]
      },
      "id": "node/6576023643"
    },
    {
      "type": "Feature",
      "properties": {
        "@id": "node/6576026275",
        "addr:suburb": "Yopougon",
        "amenity": "doctors",
        "contact:mobile": "+22540219646",
        "contact:phone": "+22578795588",
        "description": "Accouchement Consultation prénatale Consultation Consultation pédiatrie; laboratoire; échographie ;",
        "healthcare": "doctor",
        "name": "Formation Sanitaire Urbaine à base communautaire",
        "opening_hours": "24/7",
        "operator:type": "public",
        "project:geoloc_unicef": "yes",
        "project:geoloc_unicef:id": "ABJ_229",
        "short_name": "FSU-COM Koweit"
      },
      "geometry": {
        "type": "Point",
        "coordinates": [
          -4.0516981,
          5.3168281
        ]
      },
      "id": "node/6576026275"
    },
    {
      "type": "Feature",
      "properties": {
        "@id": "node/6576036836",
        "amenity": "pharmacy",
        "healthcare": "pharmacy",
        "name": "Pharmacie du jubilé et"
      },
      "geometry": {
        "type": "Point",
        "coordinates": [
          -4.111008,
          5.3388261
        ]
      },
      "id": "node/6576036836"
    },
    {
      "type": "Feature",
      "properties": {
        "@id": "node/6581174888",
        "amenity": "pharmacy",
        "check_date": "2024-05-29",
        "dispensing": "yes",
        "healthcare": "pharmacy",
        "name": "Pharmacie des forêts",
        "wheelchair": "limited"
      },
      "geometry": {
        "type": "Point",
        "coordinates": [
          -4.0850634,
          5.4012108
        ]
      },
      "id": "node/6581174888"
    },
    {
      "type": "Feature",
      "properties": {
        "@id": "node/6583236573",
        "amenity": "pharmacy",
        "healthcare": "pharmacy",
        "name": "Pharmacie N’Dotré"
      },
      "geometry": {
        "type": "Point",
        "coordinates": [
          -4.0706108,
          5.4496408
        ]
      },
      "id": "node/6583236573"
    },
    {
      "type": "Feature",
      "properties": {
        "@id": "node/6583251862",
        "amenity": "doctors",
        "healthcare": "doctor",
        "name": "Centre medical Saint Antoine de Padou"
      },
      "geometry": {
        "type": "Point",
        "coordinates": [
          -4.0722983,
          5.453097
        ]
      },
      "id": "node/6583251862"
    },
    {
      "type": "Feature",
      "properties": {
        "@id": "node/6583257330",
        "addr:suburb": "Abobo",
        "amenity": "doctors",
        "contact:mobile": "+22589825799",
        "contact:phone": "+22552797754",
        "description": "Consultation generale et prenatale, maternité, planning familial, échographie, vaccination,",
        "healthcare": "doctor",
        "name": "Centre médical Lafed ONG",
        "note": "Santé",
        "office": "ngo",
        "opening_hours": "Mo-Sa 07:00-16:30",
        "project:geoloc_unicef": "yes",
        "project:geoloc_unicef:id": "ABJ_381",
        "source": "DigitalGlobe Standard; survey",
        "source:date": "2019-06-14"
      },
      "geometry": {
        "type": "Point",
        "coordinates": [
          -4.0831821,
          5.4528112
        ]
      },
      "id": "node/6583257330"
    },
    {
      "type": "Feature",
      "properties": {
        "@id": "node/6583257554",
        "amenity": "clinic",
        "healthcare": "clinic",
        "name": "Clinique Paul Marie"
      },
      "geometry": {
        "type": "Point",
        "coordinates": [
          -4.0724562,
          5.4605238
        ]
      },
      "id": "node/6583257554"
    },
    {
      "type": "Feature",
      "properties": {
        "@id": "node/6584420878",
        "amenity": "clinic",
        "healthcare": "clinic",
        "name": "Clinique médicale Saint Viateur"
      },
      "geometry": {
        "type": "Point",
        "coordinates": [
          -3.9529872,
          5.3589635
        ]
      },
      "id": "node/6584420878"
    },
    {
      "type": "Feature",
      "properties": {
        "@id": "node/6587357781",
        "addr:suburb": "Cocody",
        "amenity": "doctors",
        "contact:mobile": "+22546537753",
        "contact:phone": "+22559891643",
        "description": "Accouchement Consultation prénatale Consultation Prévention de la Transmission de la Mère à l'Enfant (PTME)",
        "healthcare": "doctor",
        "name": "Centre de santé urbain de Genie 2000",
        "opening_hours": "24/7",
        "operator:type": "public",
        "project:geoloc_unicef": "yes",
        "project:geoloc_unicef:id": "ABJ_405",
        "short_name": "CSU génie 2000"
      },
      "geometry": {
        "type": "Point",
        "coordinates": [
          -3.9358861,
          5.3821197
        ]
      },
      "id": "node/6587357781"
    },
    {
      "type": "Feature",
      "properties": {
        "@id": "node/6587379226",
        "amenity": "pharmacy",
        "healthcare": "pharmacy",
        "name": "Pharmacie Ephrata",
        "name:fr": "pharmacie Efrata"
      },
      "geometry": {
        "type": "Point",
        "coordinates": [
          -3.9320769,
          5.3826538
        ]
      },
      "id": "node/6587379226"
    },
    {
      "type": "Feature",
      "properties": {
        "@id": "node/6587398988",
        "amenity": "pharmacy",
        "fid": "237",
        "healthcare": "pharmacy",
        "name": "Pharmacie Saint Martin de Faya",
        "project:opencities_abidjan": "yes",
        "source": "survey"
      },
      "geometry": {
        "type": "Point",
        "coordinates": [
          -3.9410288,
          5.3803017
        ]
      },
      "id": "node/6587398988"
    },
    {
      "type": "Feature",
      "properties": {
        "@id": "node/6587398989",
        "amenity": "pharmacy",
        "healthcare": "pharmacy",
        "name": "Pharmacie du futur"
      },
      "geometry": {
        "type": "Point",
        "coordinates": [
          -3.9571261,
          5.362022
        ]
      },
      "id": "node/6587398989"
    },
    {
      "type": "Feature",
      "properties": {
        "@id": "node/6588452013",
        "amenity": "clinic",
        "healthcare": "clinic",
        "name": "Clinique médicale d’Angré",
        "phone": "+225 05 32 31 04"
      },
      "geometry": {
        "type": "Point",
        "coordinates": [
          -3.9864268,
          5.4040311
        ]
      },
      "id": "node/6588452013"
    },
    {
      "type": "Feature",
      "properties": {
        "@id": "node/6591815119",
        "amenity": "clinic",
        "healthcare": "clinic",
        "name": "Clinique médicale Saint Viateur"
      },
      "geometry": {
        "type": "Point",
        "coordinates": [
          -3.9528623,
          5.3589228
        ]
      },
      "id": "node/6591815119"
    },
    {
      "type": "Feature",
      "properties": {
        "@id": "node/6605027855",
        "amenity": "pharmacy",
        "healthcare": "pharmacy",
        "name": "Nouvelle pharmacie Saint Joseph"
      },
      "geometry": {
        "type": "Point",
        "coordinates": [
          -3.952737,
          5.3745013
        ]
      },
      "id": "node/6605027855"
    },
    {
      "type": "Feature",
      "properties": {
        "@id": "node/6625112472",
        "addr:suburb": "Abobo",
        "amenity": "clinic",
        "contact:phone": "+22572262672",
        "description": "Consultation Vaccination, prévention, cas de morsures de d'animaux",
        "healthcare": "clinic",
        "name": "Institut National d'Hygiène Publique",
        "opening_hours": "Mo-Sa 00:00-00:00",
        "operator:type": "public",
        "project:geoloc_unicef": "yes",
        "project:geoloc_unicef:id": "ABJ_357",
        "short_name": "INHP"
      },
      "geometry": {
        "type": "Point",
        "coordinates": [
          -4.0441275,
          5.4419208
        ]
      },
      "id": "node/6625112472"
    },
    {
      "type": "Feature",
      "properties": {
        "@id": "node/6625116025",
        "addr:suburb": "Abobo",
        "amenity": "doctors",
        "contact:phone": "+22585425845",
        "description": "Accouchement Conseil et dépistage volontaire (CDV) Conseil,",
        "healthcare": "doctor",
        "name": "Centre de santé communautaire d'abobo-te Maternité",
        "opening_hours": "24/7",
        "operator:type": "public",
        "project:geoloc_unicef": "yes",
        "project:geoloc_unicef:id": "ABJ_040",
        "short_name": "CSC Abobo"
      },
      "geometry": {
        "type": "Point",
        "coordinates": [
          -3.9954949,
          5.4133155
        ]
      },
      "id": "node/6625116025"
    },
    {
      "type": "Feature",
      "properties": {
        "@id": "node/6625116026",
        "addr:suburb": "Abobo",
        "amenity": "doctors",
        "description": "Conseil et dépistage volontaire (CDV) Conseil, informations sur la santé sexuelle et reproductive Consultation",
        "healthcare": "doctor",
        "name": "Dispensaire d'Abobo-Te",
        "opening_hours": "24/7",
        "operator:type": "public",
        "project:geoloc_unicef": "yes",
        "project:geoloc_unicef:id": "ABJ_382"
      },
      "geometry": {
        "type": "Point",
        "coordinates": [
          -3.9958381,
          5.4128802
        ]
      },
      "id": "node/6625116026"
    },
    {
      "type": "Feature",
      "properties": {
        "@id": "node/6625145217",
        "addr:suburb": "Abobo",
        "amenity": "doctors",
        "contact:mobile": "+22507904827",
        "contact:phone": "+22505951209",
        "description": "Consultation Consultation prénatale Pédiatrie Médecine générale, chirurgie, échographie, gynécologie, rhumatologie",
        "healthcare": "doctor",
        "name": "Ong COMUPASC Santé Pour Tous",
        "opening_hours": "24/7",
        "operator:type": "private",
        "project:geoloc_unicef": "yes",
        "project:geoloc_unicef:id": "ABJ_387"
      },
      "geometry": {
        "type": "Point",
        "coordinates": [
          -4.0027867,
          5.40014
        ]
      },
      "id": "node/6625145217"
    },
    {
      "type": "Feature",
      "properties": {
        "@id": "node/6625150553",
        "addr:suburb": "Abobo",
        "amenity": "doctors",
        "contact:mobile": "+22541344163",
        "contact:phone": "+22524001140",
        "description": "Accouchement Assistance sociale, soutien social Conseil, informations sur la santé sexuelle et reproductive",
        "healthcare": "doctor",
        "name": "Centre médical Sainte Yvette d'Abobo Sagbe Palmeraie",
        "opening_hours": "24/7",
        "operator:type": "public",
        "project:geoloc_unicef": "yes",
        "project:geoloc_unicef:id": "ABJ_369"
      },
      "geometry": {
        "type": "Point",
        "coordinates": [
          -4.0242107,
          5.4254646
        ]
      },
      "id": "node/6625150553"
    },
    {
      "type": "Feature",
      "properties": {
        "@id": "node/6625173944",
        "addr:suburb": "Abobo",
        "amenity": "doctors",
        "contact:email": "Centremedicalrotary@gmail.com",
        "contact:phone": "+22589518199",
        "description": "Consultation prénatale Consultation Accouchement, Biologie medecine generale echographie soins infirmier",
        "healthcare": "doctor",
        "name": "Centre medical Rotary",
        "opening_hours": "24/7",
        "operator:type": "private",
        "project:geoloc_unicef": "yes",
        "project:geoloc_unicef:id": "ABJ_378"
      },
      "geometry": {
        "type": "Point",
        "coordinates": [
          -4.0123473,
          5.4296448
        ]
      },
      "id": "node/6625173944"
    },
    {
      "type": "Feature",
      "properties": {
        "@id": "node/6625194461",
        "addr:suburb": "Atecoube",
        "amenity": "doctors",
        "contact:phone": "+22520375297",
        "description": "Prise en charge des personnes atteintes du ver de Guinée",
        "healthcare": "doctor",
        "name": "Programme National d'Éradication du Ver de Guinée",
        "opening_hours": "Mo-Fr 08:00-12:00, 14:00-16:00",
        "operator:type": "public",
        "project:geoloc_unicef": "yes",
        "project:geoloc_unicef:id": "ABJ_287"
      },
      "geometry": {
        "type": "Point",
        "coordinates": [
          -4.0307419,
          5.3580278
        ]
      },
      "id": "node/6625194461"
    },
    {
      "type": "Feature",
      "properties": {
        "@id": "node/6625197289",
        "addr:suburb": "Abobo",
        "amenity": "doctors",
        "contact:phone": "+22524390193",
        "description": "Consultation Dépistage VIH, IST Soins bucco-dentaires Traitement VIH / SIDA (ARV),",
        "healthcare": "doctor",
        "name": "Service de Santé Scolaire et Universitaire",
        "opening_hours": "24/7",
        "operator:type": "public",
        "project:geoloc_unicef": "yes",
        "project:geoloc_unicef:id": "ABJ_375",
        "short_name": "SSUS"
      },
      "geometry": {
        "type": "Point",
        "coordinates": [
          -4.0153841,
          5.4371123
        ]
      },
      "id": "node/6625197289"
    },
    {
      "type": "Feature",
      "properties": {
        "@id": "node/6625197290",
        "addr:suburb": "Abobo",
        "amenity": "doctors",
        "contact:phone": "+22524390193",
        "description": "Conseil et dépistage volontaire (CDV) Prise en charge des sujets séropositifs Suivi des séropositifs Dépistage VIH, IST",
        "healthcare": "doctor",
        "name": "Centre antituberculeux d'Abobo",
        "opening_hours": "Mo-Sa 00:00-23:59",
        "operator:type": "public",
        "project:geoloc_unicef": "yes",
        "project:geoloc_unicef:id": "ABJ_363",
        "short_name": "CAT d'Abobo"
      },
      "geometry": {
        "type": "Point",
        "coordinates": [
          -4.0155602,
          5.4369462
        ]
      },
      "id": "node/6625197290"
    },
    {
      "type": "Feature",
      "properties": {
        "@id": "node/6625216727",
        "addr:suburb": "Yopougon",
        "amenity": "doctors",
        "contact:phone": "+22523452814",
        "description": "Accouchement Assistance sociale, soutien social Conseil et dépistage volontaire (CDV) Conseil,",
        "healthcare": "doctor",
        "name": "Formation Sanitaire Urbaine d'Abobo-Doumé/ Locodjo",
        "opening_hours": "24/7",
        "operator:type": "public",
        "project:geoloc_unicef": "yes",
        "project:geoloc_unicef:id": "ABJ_243",
        "short_name": "FSU Abobo-Doumé/Locodjo"
      },
      "geometry": {
        "type": "Point",
        "coordinates": [
          -4.0371658,
          5.3243427
        ]
      },
      "id": "node/6625216727"
    },
    {
      "type": "Feature",
      "properties": {
        "@id": "node/6625224577",
        "addr:suburb": "Plateau",
        "amenity": "doctors",
        "contact:mobile": "+22501016343",
        "contact:phone": "+22520217192",
        "description": "Consultation Diabetologie rhumatologie echographie gynecologie orl cardialogie neurologie",
        "healthcare": "doctor",
        "name": "Centre Medico social de la Pyramide",
        "opening_hours": "Mo-Sa 08:00-17:00",
        "operator:type": "private",
        "project:geoloc_unicef": "yes",
        "project:geoloc_unicef:id": "ABJ_042",
        "short_name": "CMS la Pyramide"
      },
      "geometry": {
        "type": "Point",
        "coordinates": [
          -4.015291,
          5.3219818
        ]
      },
      "id": "node/6625224577"
    },
    {
      "type": "Feature",
      "properties": {
        "@id": "node/6625224752",
        "addr:suburb": "Marcory",
        "amenity": "doctors",
        "contact:email": "pierre.boua@yahoo.fr",
        "contact:mobile": "+22505034876",
        "contact:phone": "+22505758836",
        "description": "Accouchement Conseil et dépistage volontaire (CDV) Conseil,",
        "healthcare": "doctor",
        "name": "Centre de Sante Urbain Communautaire Alliodan Nord-Est",
        "opening_hours": "24/7",
        "operator:type": "public",
        "project:geoloc_unicef": "yes",
        "project:geoloc_unicef:id": "ABJ_107",
        "short_name": "CSU COM Alliodan Nord-Est"
      },
      "geometry": {
        "type": "Point",
        "coordinates": [
          -3.9610179,
          5.3097929
        ]
      },
      "id": "node/6625224752"
    },
    {
      "type": "Feature",
      "properties": {
        "@id": "node/6625228296",
        "addr:suburb": "Plateau",
        "amenity": "doctors",
        "contact:phone": "+22520252930",
        "description": "Soins bucco-dentaires Consultation, Radiologie, échographie-échodoppler, ECG, endoscopie digestif, dialyse",
        "healthcare": "doctor",
        "name": "Centre médical des Fonctionnaires",
        "opening_hours": "Mo-Fr 07:00-17:00",
        "operator:type": "public",
        "project:geoloc_unicef": "yes",
        "project:geoloc_unicef:id": "ABJ_469",
        "short_name": "CMF"
      },
      "geometry": {
        "type": "Point",
        "coordinates": [
          -4.0219349,
          5.3240195
        ]
      },
      "id": "node/6625228296"
    },
    {
      "type": "Feature",
      "properties": {
        "@id": "node/6625245031",
        "addr:suburb": "Marcory",
        "amenity": "doctors",
        "contact:email": "fsucomanoumabo@outlook.fr",
        "contact:mobile": "+22553420106",
        "contact:phone": "+22521280724",
        "description": "Consultation prénatale Consultation Dépistage VIH, IST Distribution de Préservatifs Accouchement",
        "healthcare": "doctor",
        "name": "Formation Sanitaire Urbain Communaitaire Anoumabo",
        "opening_hours": "24/7",
        "operator:type": "public",
        "project:geoloc_unicef": "yes",
        "project:geoloc_unicef:id": "ABJ_089",
        "short_name": "FSU-COM Anoumabo"
      },
      "geometry": {
        "type": "Point",
        "coordinates": [
          -3.9742599,
          5.3104018
        ]
      },
      "id": "node/6625245031"
    },
    {
      "type": "Feature",
      "properties": {
        "@id": "node/6625245069",
        "addr:suburb": "Marcory",
        "amenity": "doctors",
        "contact:phone": "+22559862597",
        "description": "Consultation Soins bucco-dentaires Assistance sociale, soutien social Pansement",
        "healthcare": "doctor",
        "name": "Service de sante scolaire et universitaire de Marcory",
        "opening_hours": "Mo-Fr 07:30-18:00",
        "operator:type": "public",
        "project:geoloc_unicef": "yes",
        "project:geoloc_unicef:id": "ABJ_100",
        "short_name": "SSSU de Marcory"
      },
      "geometry": {
        "type": "Point",
        "coordinates": [
          -3.98381,
          5.3004747
        ]
      },
      "id": "node/6625245069"
    },
    {
      "type": "Feature",
      "properties": {
        "@id": "node/6625246591",
        "addr:suburb": "Marcory",
        "amenity": "doctors",
        "contact:phone": "+22557526602",
        "description": "Assistance sociale, soutien social Conseil et dépistage volontaire (CDV) Conseil,",
        "healthcare": "doctor",
        "name": "Asapsu Marcory",
        "opening_hours": "Mo-Su 07:00-18:00",
        "operator:type": "public",
        "project:geoloc_unicef": "yes",
        "project:geoloc_unicef:id": "ABJ_103"
      },
      "geometry": {
        "type": "Point",
        "coordinates": [
          -3.9671507,
          5.3097021
        ]
      },
      "id": "node/6625246591"
    },
    {
      "type": "Feature",
      "properties": {
        "@id": "node/6625279828",
        "addr:suburb": "Port Bouet",
        "amenity": "doctors",
        "contact:mobile": "+22521272351",
        "contact:phone": "+22521272351",
        "description": "Accouchement Assistance sociale, soutien social Conseil et dépistage volontaire (CDV) Consultation Conseil,",
        "healthcare": "doctor",
        "name": "Formation de santé urbaine à base communautaire de Vridi canal",
        "opening_hours": "24/7",
        "operator:type": "public",
        "project:geoloc_unicef": "yes",
        "project:geoloc_unicef:id": "ABJ_150",
        "short_name": "FSUCOM Vridi canal"
      },
      "geometry": {
        "type": "Point",
        "coordinates": [
          -3.9962058,
          5.2553483
        ]
      },
      "id": "node/6625279828"
    },
    {
      "type": "Feature",
      "properties": {
        "@id": "node/6627302078",
        "addr:suburb": "Treichville",
        "amenity": "doctors",
        "contact:phone": "+22521256775",
        "description": "Consultation Conseil, informations sur la santé sexuelle et reproductive Dépistage VIH, IST",
        "healthcare": "doctor",
        "name": "Service de Santé Scolaire et Universitaire",
        "opening_hours": "Mo-Sa 07:30-12:00,14:00-17:30; Sa 08:00-12:00",
        "operator:type": "public",
        "project:geoloc_unicef": "yes",
        "project:geoloc_unicef:id": "ABJ_081",
        "short_name": "SSSU"
      },
      "geometry": {
        "type": "Point",
        "coordinates": [
          -4.0020865,
          5.3074961
        ]
      },
      "id": "node/6627302078"
    },
    {
      "type": "Feature",
      "properties": {
        "@id": "node/6627319441",
        "addr:suburb": "Treichville",
        "amenity": "clinic",
        "contact:email": "Inhp@inhp.ci",
        "contact:phone": "+22521259278",
        "description": "Conseil et dépistage volontaire (CDV) Conseil, informations sur la santé sexuelle et reproductive",
        "healthcare": "clinic",
        "name": "Institut National d’Hygiène Publique de Treichville",
        "opening_hours": "Mo-Fr 07:30-14:30; Sa 08:00-12:00",
        "operator:type": "public",
        "project:geoloc_unicef": "yes",
        "project:geoloc_unicef:id": "ABJ_078",
        "short_name": "INHP Treichville"
      },
      "geometry": {
        "type": "Point",
        "coordinates": [
          -4.0050986,
          5.294332
        ]
      },
      "id": "node/6627319441"
    },
    {
      "type": "Feature",
      "properties": {
        "@id": "node/6627470902",
        "addr:suburb": "Treichville",
        "amenity": "doctors",
        "contact:phone": "+22578322420",
        "description": "Consultation Collecte de données de tous les centre de santé du district",
        "healthcare": "doctor",
        "name": "District Sanitaire Trechville/Marcory",
        "opening_hours": "Mo-Fr 07:30-16:30",
        "operator:type": "public",
        "project:geoloc_unicef": "yes",
        "project:geoloc_unicef:id": "ABJ_054"
      },
      "geometry": {
        "type": "Point",
        "coordinates": [
          -4.0151891,
          5.3064745
        ]
      },
      "id": "node/6627470902"
    },
    {
      "type": "Feature",
      "properties": {
        "@id": "node/6627516451",
        "addr:suburb": "Treichville",
        "amenity": "doctors",
        "contact:mobile": "+22543848491",
        "contact:phone": "+22521257128",
        "description": "Prise en charge des tuberculeux , prise en charge des toxicomanes",
        "healthcare": "doctor",
        "name": "Centre Anti Tuberculeux de Treichville",
        "opening_hours": "Mo-Fr 08:00-17:00",
        "operator:type": "public",
        "project:geoloc_unicef": "yes",
        "project:geoloc_unicef:id": "ABJ_075",
        "short_name": "CAT de Treichville"
      },
      "geometry": {
        "type": "Point",
        "coordinates": [
          -4.0010431,
          5.2997536
        ]
      },
      "id": "node/6627516451"
    },
    {
      "type": "Feature",
      "properties": {
        "@id": "node/6627541869",
        "addr:suburb": "Treichville",
        "amenity": "doctors",
        "contact:mobile": "+22577570029",
        "contact:phone": "+22501110389",
        "description": "Pédiatrie Pansement Consultation prénatale Contraceptifs Dépistage VIH, IST",
        "healthcare": "doctor",
        "name": "Centre de santé urbain communautaire Arras 3",
        "opening_hours": "Mo-Fr 08:00-12:30,14:00-18:00; Sa 09:00-12:00",
        "operator:type": "public",
        "project:geoloc_unicef": "yes",
        "project:geoloc_unicef:id": "ABJ_061",
        "short_name": "CSU-COM Arras 3"
      },
      "geometry": {
        "type": "Point",
        "coordinates": [
          -3.9996471,
          5.3020832
        ]
      },
      "id": "node/6627541869"
    },
    {
      "type": "Feature",
      "properties": {
        "@id": "node/6629412115",
        "addr:suburb": "Koumassi",
        "amenity": "doctors",
        "contact:phone": "+22521361718",
        "description": "Accouchement Consultation Consultation prénatale Contraceptifs Dépistage VIH, IST",
        "healthcare": "doctor",
        "name": "Centre médico-social Saint Étienne",
        "opening_hours": "24/7",
        "operator:type": "public",
        "project:geoloc_unicef": "yes",
        "project:geoloc_unicef:id": "ABJ_127"
      },
      "geometry": {
        "type": "Point",
        "coordinates": [
          -3.9626715,
          5.29218
        ]
      },
      "id": "node/6629412115"
    },
    {
      "type": "Feature",
      "properties": {
        "@id": "node/6629437251",
        "addr:suburb": "Koumassi",
        "amenity": "doctors",
        "contact:phone": "+22521288099",
        "description": "Centre de prise en charge du VIH, Conseil pour les dépistage volontaire, Laboratoire, Échographie",
        "healthcare": "doctor",
        "name": "Centre Médico-social sainte Thérèse de l'enfant Jésus",
        "opening_hours": "Mo-Fr 08:00-12:00",
        "operator": "Sainte Thérèse de l'Enfant Jésus",
        "operator:type": "private",
        "phone": "+225-21 28 80 99",
        "project:geoloc_unicef": "yes",
        "project:geoloc_unicef:id": "ABJ_117"
      },
      "geometry": {
        "type": "Point",
        "coordinates": [
          -3.9485198,
          5.3099703
        ]
      },
      "id": "node/6629437251"
    },
    {
      "type": "Feature",
      "properties": {
        "@id": "node/6629440778",
        "addr:suburb": "Koumassi",
        "amenity": "doctors",
        "contact:phone": "+22521564198",
        "description": "Consultation Ecoute soutien psy-social Dépistage VIH, IST Prise en charge des sujets séropositifs",
        "healthcare": "doctor",
        "name": "Centre anti-tuberculeux de Koumassi",
        "opening_hours": "Mo-Sa 07:00-16:30",
        "operator:type": "public",
        "project:geoloc_unicef": "yes",
        "project:geoloc_unicef:id": "ABJ_116",
        "short_name": "CAT Koumassi"
      },
      "geometry": {
        "type": "Point",
        "coordinates": [
          -3.9641775,
          5.2894458
        ]
      },
      "id": "node/6629440778"
    },
    {
      "type": "Feature",
      "properties": {
        "@id": "node/6629462763",
        "addr:suburb": "Koumassi",
        "amenity": "doctors",
        "contact:phone": "+22521286594",
        "description": "Accouchement Assistance sociale, soutien social Conseil et dépistage volontaire (CDV) Conseil,",
        "healthcare": "doctor",
        "name": "Centre de santé communautaire d'Aklomiabla Koumassi 05",
        "opening_hours": "24/7",
        "operator:type": "public",
        "project:geoloc_unicef": "yes",
        "project:geoloc_unicef:id": "ABJ_135"
      },
      "geometry": {
        "type": "Point",
        "coordinates": [
          -3.9425549,
          5.3143224
        ]
      },
      "id": "node/6629462763"
    },
    {
      "type": "Feature",
      "properties": {
        "@id": "node/6629632013",
        "addr:suburb": "Koumassi",
        "amenity": "doctors",
        "contact:phone": "+22521365254",
        "description": "Accouchement Soins bucco-dentaires gynéco-obstétriques Pédiatrie Consultation prénatale",
        "healthcare": "doctor",
        "name": "Centre de santé urbain à base communautaire Koumassi quartier Divo",
        "opening_hours": "24/7",
        "operator:type": "public",
        "project:geoloc_unicef": "yes",
        "project:geoloc_unicef:id": "ABJ_140"
      },
      "geometry": {
        "type": "Point",
        "coordinates": [
          -3.9510521,
          5.3057574
        ]
      },
      "id": "node/6629632013"
    },
    {
      "type": "Feature",
      "properties": {
        "@id": "node/6630088531",
        "addr:suburb": "Adjame",
        "amenity": "doctors",
        "contact:phone": "+22558305521",
        "description": "Consultation Assistance sociale, soutien social",
        "healthcare": "doctor",
        "name": "Centre Anti-Tuberculeux de williamsville",
        "opening_hours": "Mo-Fr 07:30-13:00",
        "operator:type": "public",
        "project:geoloc_unicef": "yes",
        "project:geoloc_unicef:id": "ABJ_317"
      },
      "geometry": {
        "type": "Point",
        "coordinates": [
          -4.0233375,
          5.3671513
        ]
      },
      "id": "node/6630088531"
    },
    {
      "type": "Feature",
      "properties": {
        "@id": "node/6630155571",
        "addr:suburb": "Adjame",
        "amenity": "doctors",
        "contact:email": "croixbleuci@yahoo.fr",
        "contact:phone": "+22520370053",
        "description": "Assistance sociale, soutien social Conseil et dépistage volontaire (CDV) Conseil,",
        "healthcare": "doctor",
        "name": "Centre d'accueil de la Croix-Bleu",
        "opening_hours": "24/7",
        "operator:type": "public",
        "project:geoloc_unicef": "yes",
        "project:geoloc_unicef:id": "ABJ_316"
      },
      "geometry": {
        "type": "Point",
        "coordinates": [
          -4.0182884,
          5.3632299
        ]
      },
      "id": "node/6630155571"
    },
    {
      "type": "Feature",
      "properties": {
        "@id": "node/6630158079",
        "addr:suburb": "Adjame",
        "amenity": "doctors",
        "contact:phone": "+22508244939",
        "description": "Consultation Conseil et dépistage volontaire (CDV) Assistance sociale, soutien social",
        "healthcare": "doctor",
        "name": "Centre Anti-Tuberculeux",
        "opening_hours": "24/7",
        "operator:type": "public",
        "project:geoloc_unicef": "yes",
        "project:geoloc_unicef:id": "ABJ_315",
        "short_name": "CAT d’ Adjamé"
      },
      "geometry": {
        "type": "Point",
        "coordinates": [
          -4.0078774,
          5.3799281
        ]
      },
      "id": "node/6630158079"
    },
    {
      "type": "Feature",
      "properties": {
        "@id": "node/6630158086",
        "addr:suburb": "Adjame",
        "amenity": "doctors",
        "contact:mobile": "+22506967615",
        "contact:phone": "+22547539079",
        "description": "Consultation Dépistage VIH, IST Pansement Prise en charge des sujets séropositifs Traitement VIH / SIDA (ARV)",
        "healthcare": "doctor",
        "name": "Centre Medico-Scolaire Adjame 220 logements",
        "opening_hours": "Mo-Fr 07:30-12:30,13:30-16:30; Sa 07:00-12:00",
        "operator:type": "public",
        "project:geoloc_unicef": "yes",
        "project:geoloc_unicef:id": "ABJ_307"
      },
      "geometry": {
        "type": "Point",
        "coordinates": [
          -4.0177372,
          5.3560169
        ]
      },
      "id": "node/6630158086"
    },
    {
      "type": "Feature",
      "properties": {
        "@id": "node/6630175960",
        "addr:suburb": "Cocody",
        "amenity": "doctors",
        "contact:email": "fsucocody1998@yahoo.fr",
        "contact:mobile": "+22504025878",
        "contact:phone": "+22522485363",
        "description": "Accouchement Assistance sociale, soutien social Conseil et dépistage volontaire (CDV) Conseil,",
        "healthcare": "doctor",
        "name": "Formation Sanitaire et Urbaine/PMI de Cocody",
        "opening_hours": "Mo-Sa 07:30-17:00",
        "operator:type": "public",
        "project:geoloc_unicef": "yes",
        "project:geoloc_unicef:id": "ABJ_024",
        "short_name": "FSU Cocody"
      },
      "geometry": {
        "type": "Point",
        "coordinates": [
          -4.000842,
          5.334256
        ]
      },
      "id": "node/6630175960"
    },
    {
      "type": "Feature",
      "properties": {
        "@id": "node/6630180899",
        "addr:suburb": "Cocody",
        "amenity": "doctors",
        "contact:email": "Info@ipscnam.ci",
        "contact:phone": "+22520225500",
        "description": "Conseil et dépistage volontaire (CDV) Consultation Pansement Soins bucco-dentaires Assistant social, Infirmerie,",
        "healthcare": "doctor",
        "name": "Centre de sante de la couverture maladie universelle de université Félix Houphouet Boigny",
        "opening_hours": "Mo-Fr 08:30-16:30",
        "operator:type": "public",
        "project:geoloc_unicef": "yes",
        "project:geoloc_unicef:id": "ABJ_449"
      },
      "geometry": {
        "type": "Point",
        "coordinates": [
          -3.9876227,
          5.3447794
        ]
      },
      "id": "node/6630180899"
    },
    {
      "type": "Feature",
      "properties": {
        "@id": "node/6630195018",
        "addr:suburb": "Cocody",
        "amenity": "doctors",
        "contact:email": "sssucocody@yahoo.fr",
        "contact:phone": "+22522447548",
        "description": "Accouchement Assistance sociale, soutien social Conseil et dépistage volontaire (CDV) Conseil,",
        "healthcare": "doctor",
        "name": "Médico scolaire de cocody:ssu-SAJ",
        "opening_hours": "Mo-Fr 08:30-12:00, 13:00-17:00",
        "operator:type": "public",
        "project:geoloc_unicef": "yes",
        "project:geoloc_unicef:id": "ABJ_398"
      },
      "geometry": {
        "type": "Point",
        "coordinates": [
          -4.0000521,
          5.3377531
        ]
      },
      "id": "node/6630195018"
    },
    {
      "type": "Feature",
      "properties": {
        "@id": "node/6630216164",
        "addr:suburb": "Cocody",
        "amenity": "doctors",
        "contact:email": "csucom_anono@yahoo.fr",
        "contact:mobile": "+22522432771",
        "contact:phone": "+22522432771",
        "description": "Accouchement Assistance sociale, soutien social Conseil et dépistage volontaire (CDV) Conseil,",
        "healthcare": "doctor",
        "name": "Centre de santé urbain à base communautaire d'Anono",
        "opening_hours": "24/7",
        "operator:type": "public",
        "project:geoloc_unicef": "yes",
        "project:geoloc_unicef:id": "ABJ_416"
      },
      "geometry": {
        "type": "Point",
        "coordinates": [
          -3.9737222,
          5.3458436
        ]
      },
      "id": "node/6630216164"
    },
    {
      "type": "Feature",
      "properties": {
        "@id": "node/6630225590",
        "addr:suburb": "Cocody",
        "amenity": "doctors",
        "contact:mobile": "+22501182282",
        "contact:phone": "+22522477561",
        "description": "Accouchement Conseil et dépistage volontaire (CDV) Consultation Consultation prénatale gynéco-obstétriques",
        "healthcare": "doctor",
        "name": "Centre de Santé Urbain d'Akouedo village",
        "opening_hours": "24/7",
        "operator:type": "public",
        "project:geoloc_unicef": "yes",
        "project:geoloc_unicef:id": "ABJ_423",
        "short_name": "CSU d'Akouedo village"
      },
      "geometry": {
        "type": "Point",
        "coordinates": [
          -3.9410006,
          5.3561959
        ]
      },
      "id": "node/6630225590"
    },
    {
      "type": "Feature",
      "properties": {
        "@id": "node/6630274708",
        "addr:suburb": "Cocody",
        "amenity": "doctors",
        "contact:phone": "+22503120314",
        "description": "Accouchement Consultation Consultation prénatale Dépistage VIH, IST Pédiatrie Test de grossesse gynéco-obstétriques",
        "healthcare": "doctor",
        "name": "Centre de santé municipal de M'pouto",
        "opening_hours": "24/7",
        "operator:type": "public",
        "project:geoloc_unicef": "yes",
        "project:geoloc_unicef:id": "ABJ_428"
      },
      "geometry": {
        "type": "Point",
        "coordinates": [
          -3.9550111,
          5.3250744
        ]
      },
      "id": "node/6630274708"
    },
    {
      "type": "Feature",
      "properties": {
        "@id": "node/6630283377",
        "addr:suburb": "Cocody",
        "amenity": "doctors",
        "contact:phone": "+22502213236",
        "description": "Conseil et dépistage volontaire (CDV) Dépistage VIH, IST Contraceptifs, Biochimie glycémie, cholestérol, parasitologie,",
        "healthcare": "doctor",
        "name": "Centre de soins pluriels Sainte Grâce",
        "opening_hours": "Mo-Su 08:00-12:00, 14:00-18:00",
        "operator:type": "private",
        "project:geoloc_unicef": "yes",
        "project:geoloc_unicef:id": "ABJ_460"
      },
      "geometry": {
        "type": "Point",
        "coordinates": [
          -4.0009667,
          5.3956912
        ]
      },
      "id": "node/6630283377"
    },
    {
      "type": "Feature",
      "properties": {
        "@id": "node/6635089286",
        "amenity": "doctors",
        "healthcare": "doctor",
        "name": "Centre médical Mont Sinaï",
        "phone": "+225 53 00 26 92"
      },
      "geometry": {
        "type": "Point",
        "coordinates": [
          -4.1104128,
          5.3129501
        ]
      },
      "id": "node/6635089286"
    },
    {
      "type": "Feature",
      "properties": {
        "@id": "node/6636644141",
        "addr:suburb": "Yopougon",
        "amenity": "doctors",
        "contact:mobile": "+22567326529",
        "contact:phone": "+22504296916",
        "description": "Consultation, hospitalisation, analyse de sang",
        "healthcare": "doctor",
        "name": "Centre de Santé Nadjate",
        "opening_hours": "24/7",
        "operator:type": "private",
        "project:geoloc_unicef": "yes",
        "project:geoloc_unicef:id": "ABJ_171"
      },
      "geometry": {
        "type": "Point",
        "coordinates": [
          -4.1005967,
          5.3448675
        ]
      },
      "id": "node/6636644141"
    },
    {
      "type": "Feature",
      "properties": {
        "@id": "node/6636691786",
        "addr:suburb": "Yopougon",
        "amenity": "doctors",
        "contact:email": "fsucomgesco@gmail.com",
        "contact:phone": "+22523462436",
        "description": "Accouchement Assistance sociale, soutien social Conseil et dépistage volontaire (CDV) Conseil,",
        "healthcare": "doctor",
        "name": "Formation Sanitaire Urbaine à base communautaire de Gesco",
        "opening_hours": "24/7",
        "operator:type": "public",
        "project:geoloc_unicef": "yes",
        "project:geoloc_unicef:id": "ABJ_205",
        "short_name": "FSU-COM Gesco"
      },
      "geometry": {
        "type": "Point",
        "coordinates": [
          -4.1013967,
          5.3701197
        ]
      },
      "id": "node/6636691786"
    },
    {
      "type": "Feature",
      "properties": {
        "@id": "node/6638710416",
        "addr:suburb": "Yopougon",
        "amenity": "doctors",
        "contact:phone": "+22523451705",
        "description": "Consultation ; Prise en charge des personnes atteintes de la tuberculose",
        "healthcare": "doctor",
        "name": "Centre Antituberculeux",
        "opening_hours": "Mo-Fr 07:30-17:00",
        "operator:type": "public",
        "project:geoloc_unicef": "yes",
        "project:geoloc_unicef:id": "ABJ_238",
        "short_name": "CAT Yopugon"
      },
      "geometry": {
        "type": "Point",
        "coordinates": [
          -4.056325,
          5.3313635
        ]
      },
      "id": "node/6638710416"
    },
    {
      "type": "Feature",
      "properties": {
        "@id": "node/6638710417",
        "addr:suburb": "Yopougon",
        "amenity": "doctors",
        "contact:email": "afosuctoirouge@yahoo.fr",
        "contact:phone": "+22523451705",
        "description": "Accouchement Assistance sociale, soutien social Conseil et dépistage volontaire (CDV) Conseil,",
        "healthcare": "doctor",
        "name": "Formation Sanitaire Urbaine a Base Communautaire",
        "opening_hours": "24/7",
        "operator:type": "public",
        "project:geoloc_unicef": "yes",
        "project:geoloc_unicef:id": "ABJ_227"
      },
      "geometry": {
        "type": "Point",
        "coordinates": [
          -4.0561601,
          5.3314956
        ]
      },
      "id": "node/6638710417"
    },
    {
      "type": "Feature",
      "properties": {
        "@id": "node/6648294671",
        "addr:suburb": "Yopougon",
        "amenity": "clinic",
        "contact:mobile": "+22556168422",
        "contact:phone": "+22523518444",
        "description": "Centre de rééducation",
        "healthcare": "clinic",
        "name": "Clinique médicale Les oliviers",
        "opening_hours": "Mo-Fr 08:00-12:00, 14:00-17:00",
        "operator:type": "private",
        "project:geoloc_unicef": "yes",
        "project:geoloc_unicef:id": "ABJ_215"
      },
      "geometry": {
        "type": "Point",
        "coordinates": [
          -4.061718,
          5.3518643
        ]
      },
      "id": "node/6648294671"
    },
    {
      "type": "Feature",
      "properties": {
        "@id": "node/6648341527",
        "addr:suburb": "Yopougon",
        "amenity": "doctors",
        "contact:phone": "+22501232962",
        "description": "Prise en charge des tiberculeux,",
        "healthcare": "doctor",
        "name": "FSU-Com Ouassakara",
        "opening_hours": "Mo-Fr 07:30-14:00",
        "operator:type": "public",
        "project:geoloc_unicef": "yes",
        "project:geoloc_unicef:id": "ABJ_200"
      },
      "geometry": {
        "type": "Point",
        "coordinates": [
          -4.0677577,
          5.353297
        ]
      },
      "id": "node/6648341527"
    },
    {
      "type": "Feature",
      "properties": {
        "@id": "node/6648366524",
        "addr:suburb": "Yopougon",
        "amenity": "clinic",
        "contact:email": "emss.sauveur@gmail.com",
        "contact:mobile": "+22523456115",
        "contact:phone": "+22523456228",
        "description": "Accouchement Consultation, Pédiatrie gynéco-obstétriques, Médecine générale, Gynécologie, Dermatologie",
        "healthcare": "clinic",
        "name": "Saint sauveur",
        "opening_hours": "24/7",
        "operator:type": "private",
        "project:geoloc_unicef": "yes",
        "project:geoloc_unicef:id": "ABJ_267",
        "source": "DigitalGlobe Standard; survey",
        "source:date": "2019-06-14"
      },
      "geometry": {
        "type": "Point",
        "coordinates": [
          -4.0965711,
          5.327128
        ]
      },
      "id": "node/6648366524"
    },
    {
      "type": "Feature",
      "properties": {
        "@id": "node/6648372027",
        "Commune": "Yopougon",
        "addr:suburb": "Yopougon",
        "amenity": "doctors",
        "contact:phone": "+22505568588",
        "description": "Accouchement,Assistance sociale, soutien social Conseil et dépistage volontaire (CDV), Conseil",
        "healthcare": "doctor",
        "name": "Centre de santé communautaire d’Azito",
        "opening_hours": "24/7",
        "operator:type": "public",
        "project:geoloc_unicef": "yes",
        "project:geoloc_unicef:id": "ABJ_274"
      },
      "geometry": {
        "type": "Point",
        "coordinates": [
          -4.0830812,
          5.3038799
        ]
      },
      "id": "node/6648372027"
    },
    {
      "type": "Feature",
      "properties": {
        "@id": "node/6661377929",
        "amenity": "clinic",
        "healthcare": "clinic",
        "name": "Clinique médicale Le jourdain",
        "opening_hours": "24/7",
        "phone": "+225 52154265"
      },
      "geometry": {
        "type": "Point",
        "coordinates": [
          -3.8995495,
          5.241785
        ]
      },
      "id": "node/6661377929"
    },
    {
      "type": "Feature",
      "properties": {
        "@id": "node/6661675436",
        "amenity": "pharmacy",
        "healthcare": "pharmacy",
        "name": "Pharmacie Koffi Kra"
      },
      "geometry": {
        "type": "Point",
        "coordinates": [
          -3.892701,
          5.241599
        ]
      },
      "id": "node/6661675436"
    },
    {
      "type": "Feature",
      "properties": {
        "@id": "node/6665445657",
        "addr:suburb": "Abobo",
        "amenity": "clinic",
        "contact:phone": "+22571434174",
        "description": "Conseil et dépistage du VIH Prévention de la transmission mère-enfant du VIH,",
        "healthcare": "clinic",
        "name": "Ong Ivoire Santé",
        "note": "Santé",
        "office": "ngo",
        "opening_hours": "24/7",
        "project:geoloc_unicef": "yes",
        "project:geoloc_unicef:id": "ABJ_330",
        "source": "DigitalGlobe Standard; survey",
        "source:date": "2019-06-14"
      },
      "geometry": {
        "type": "Point",
        "coordinates": [
          -4.066485,
          5.4325252
        ]
      },
      "id": "node/6665445657"
    },
    {
      "type": "Feature",
      "properties": {
        "@id": "node/6670541221",
        "addr:suburb": "Cocody",
        "amenity": "doctors",
        "contact:phone": "+22543079222",
        "description": "Consultation, Exploration cardio-vasculaire , Kinésithérapie cardio-vasculaire",
        "healthcare": "doctor",
        "name": "Centre Medical Saint Joseph- Coeur et Vaisseaux",
        "note": "Santé",
        "opening_hours": "24/7",
        "project:geoloc_unicef": "yes",
        "project:geoloc_unicef:id": "ABJ_003"
      },
      "geometry": {
        "type": "Point",
        "coordinates": [
          -3.9990449,
          5.3419953
        ]
      },
      "id": "node/6670541221"
    },
    {
      "type": "Feature",
      "properties": {
        "@id": "node/6676163363",
        "addr:suburb": "Adjame",
        "amenity": "doctors",
        "contact:phone": "+22523232323",
        "description": "Médecine générale , Consultation , Échographie",
        "healthcare": "doctor",
        "name": "Association au service de la Vie",
        "note": "Santé",
        "office": "ngo",
        "opening_hours": "Mo-Su 08:00-18:00",
        "project:geoloc_unicef": "yes",
        "project:geoloc_unicef:id": "ABJ_300",
        "source": "DigitalGlobe Standard; survey",
        "source:date": "2019-06-14"
      },
      "geometry": {
        "type": "Point",
        "coordinates": [
          -4.0227047,
          5.3447922
        ]
      },
      "id": "node/6676163363"
    },
    {
      "type": "Feature",
      "properties": {
        "@id": "node/6738899860",
        "amenity": "doctors",
        "healthcare": "doctor",
        "name": "Centre de Santé Urbain de Gbagba",
        "short_name": "CSU de Gbagba"
      },
      "geometry": {
        "type": "Point",
        "coordinates": [
          -3.8877339,
          5.3496424
        ]
      },
      "id": "node/6738899860"
    },
    {
      "type": "Feature",
      "properties": {
        "@id": "node/6781167169",
        "amenity": "pharmacy",
        "healthcare": "pharmacy",
        "name": "Pharmacie Quartier Divo"
      },
      "geometry": {
        "type": "Point",
        "coordinates": [
          -3.9534342,
          5.3023738
        ]
      },
      "id": "node/6781167169"
    },
    {
      "type": "Feature",
      "properties": {
        "@id": "node/6781170788",
        "amenity": "pharmacy",
        "healthcare": "pharmacy",
        "name": "Pharmacie Jericho"
      },
      "geometry": {
        "type": "Point",
        "coordinates": [
          -4.1115183,
          5.3226172
        ]
      },
      "id": "node/6781170788"
    },
    {
      "type": "Feature",
      "properties": {
        "@id": "node/6781230064",
        "amenity": "doctors",
        "healthcare": "doctor",
        "name": "Centre medical spécialisé",
        "phone": "+225 22 41 72 96;+225 02 50 59 99"
      },
      "geometry": {
        "type": "Point",
        "coordinates": [
          -4.0009726,
          5.3632278
        ]
      },
      "id": "node/6781230064"
    },
    {
      "type": "Feature",
      "properties": {
        "@id": "node/6781232575",
        "amenity": "doctors",
        "healthcare": "doctor",
        "name": "Centre medical L’étoile brillante"
      },
      "geometry": {
        "type": "Point",
        "coordinates": [
          -4.111764,
          5.3224806
        ]
      },
      "id": "node/6781232575"
    },
    {
      "type": "Feature",
      "properties": {
        "@id": "node/6900316193",
        "amenity": "pharmacy",
        "healthcare": "pharmacy"
      },
      "geometry": {
        "type": "Point",
        "coordinates": [
          -3.9345781,
          5.3707804
        ]
      },
      "id": "node/6900316193"
    },
    {
      "type": "Feature",
      "properties": {
        "@id": "node/6900317087",
        "amenity": "doctors",
        "healthcare": "doctor",
        "name": "comité Local de la Croix Rouge"
      },
      "geometry": {
        "type": "Point",
        "coordinates": [
          -4.0928499,
          5.3313044
        ]
      },
      "id": "node/6900317087"
    },
    {
      "type": "Feature",
      "properties": {
        "@id": "node/6915129002",
        "amenity": "pharmacy",
        "healthcare": "pharmacy",
        "name": "Pharmacie les Harmonies"
      },
      "geometry": {
        "type": "Point",
        "coordinates": [
          -4.0240733,
          5.3302034
        ]
      },
      "id": "node/6915129002"
    },
    {
      "type": "Feature",
      "properties": {
        "@id": "node/6915141694",
        "amenity": "pharmacy",
        "healthcare": "pharmacy",
        "name": "Pharmacie et Laboratoire du Boulevard Carde"
      },
      "geometry": {
        "type": "Point",
        "coordinates": [
          -4.0241249,
          5.3261672
        ]
      },
      "id": "node/6915141694"
    },
    {
      "type": "Feature",
      "properties": {
        "@id": "node/6938407500",
        "amenity": "pharmacy",
        "healthcare": "pharmacy",
        "highway": "bus_stop",
        "name": "Terminus Centre Pilote",
        "official_status": "official",
        "operator": "SOTRA",
        "pole": "no",
        "public_transport": "platform",
        "shelter": "yes"
      },
      "geometry": {
        "type": "Point",
        "coordinates": [
          -3.9639542,
          5.2608437
        ]
      },
      "id": "node/6938407500"
    },
    {
      "type": "Feature",
      "properties": {
        "@id": "node/6958783416",
        "amenity": "pharmacy",
        "healthcare": "pharmacy",
        "name": "Pharmacie Djigui"
      },
      "geometry": {
        "type": "Point",
        "coordinates": [
          -3.9647711,
          5.2578081
        ]
      },
      "id": "node/6958783416"
    },
    {
      "type": "Feature",
      "properties": {
        "@id": "node/6973212442",
        "amenity": "pharmacy",
        "healthcare": "pharmacy",
        "name": "Pharmacie Saint Lazare"
      },
      "geometry": {
        "type": "Point",
        "coordinates": [
          -4.0192218,
          5.3208564
        ]
      },
      "id": "node/6973212442"
    },
    {
      "type": "Feature",
      "properties": {
        "@id": "node/7007071087",
        "amenity": "pharmacy",
        "healthcare": "pharmacy"
      },
      "geometry": {
        "type": "Point",
        "coordinates": [
          -3.9437712,
          5.2478064
        ]
      },
      "id": "node/7007071087"
    },
    {
      "type": "Feature",
      "properties": {
        "@id": "node/7007071188",
        "amenity": "pharmacy",
        "healthcare": "pharmacy"
      },
      "geometry": {
        "type": "Point",
        "coordinates": [
          -3.9644505,
          5.2548017
        ]
      },
      "id": "node/7007071188"
    },
    {
      "type": "Feature",
      "properties": {
        "@id": "node/7045922168",
        "amenity": "pharmacy",
        "healthcare": "pharmacy",
        "name": "Pharmacie Bethesda"
      },
      "geometry": {
        "type": "Point",
        "coordinates": [
          -3.9855391,
          5.3097538
        ]
      },
      "id": "node/7045922168"
    },
    {
      "type": "Feature",
      "properties": {
        "@id": "node/7132761592",
        "amenity": "pharmacy",
        "healthcare": "pharmacy",
        "name": "Pharmacie Saint Ambroise"
      },
      "geometry": {
        "type": "Point",
        "coordinates": [
          -3.9943137,
          5.3987813
        ]
      },
      "id": "node/7132761592"
    },
    {
      "type": "Feature",
      "properties": {
        "@id": "node/7141154385",
        "amenity": "clinic",
        "healthcare": "clinic",
        "name": "Clinique les Myriades"
      },
      "geometry": {
        "type": "Point",
        "coordinates": [
          -3.9909917,
          5.3107441
        ]
      },
      "id": "node/7141154385"
    },
    {
      "type": "Feature",
      "properties": {
        "@id": "node/7154300885",
        "amenity": "pharmacy",
        "healthcare": "pharmacy",
        "name": "Pharmacie Epiphanie"
      },
      "geometry": {
        "type": "Point",
        "coordinates": [
          -3.9869013,
          5.266435
        ]
      },
      "id": "node/7154300885"
    },
    {
      "type": "Feature",
      "properties": {
        "@id": "node/7154337384",
        "amenity": "pharmacy",
        "healthcare": "pharmacy",
        "name": "Pharmacie Bethel"
      },
      "geometry": {
        "type": "Point",
        "coordinates": [
          -3.9707568,
          5.2568107
        ]
      },
      "id": "node/7154337384"
    },
    {
      "type": "Feature",
      "properties": {
        "@id": "node/7154404485",
        "amenity": "pharmacy",
        "healthcare": "pharmacy",
        "name": "Pharmacie de Port-Bouet"
      },
      "geometry": {
        "type": "Point",
        "coordinates": [
          -3.9646681,
          5.2602054
        ]
      },
      "id": "node/7154404485"
    },
    {
      "type": "Feature",
      "properties": {
        "@id": "node/7331116229",
        "amenity": "doctors",
        "healthcare": "doctor",
        "name": "Centre Médical Yelen",
        "opening_hours": "Mo-Fr 06:00-15:00; Sa 07:00-12:00",
        "phone": "09982527"
      },
      "geometry": {
        "type": "Point",
        "coordinates": [
          -3.9842952,
          5.405513
        ]
      },
      "id": "node/7331116229"
    },
    {
      "type": "Feature",
      "properties": {
        "@id": "node/7342513063",
        "amenity": "pharmacy",
        "healthcare": "pharmacy",
        "name": "Pharmacie du Palais des Sports"
      },
      "geometry": {
        "type": "Point",
        "coordinates": [
          -4.0085609,
          5.2977556
        ]
      },
      "id": "node/7342513063"
    },
    {
      "type": "Feature",
      "properties": {
        "@id": "node/7515284623",
        "amenity": "pharmacy",
        "healthcare": "pharmacy",
        "name": "Pharmacie Eliora"
      },
      "geometry": {
        "type": "Point",
        "coordinates": [
          -4.2113665,
          5.3185024
        ]
      },
      "id": "node/7515284623"
    },
    {
      "type": "Feature",
      "properties": {
        "@id": "node/7515323998",
        "amenity": "pharmacy",
        "healthcare": "pharmacy",
        "name": "Pharmacie de Songon"
      },
      "geometry": {
        "type": "Point",
        "coordinates": [
          -4.2519137,
          5.3251025
        ]
      },
      "id": "node/7515323998"
    },
    {
      "type": "Feature",
      "properties": {
        "@id": "node/7541737700",
        "amenity": "pharmacy",
        "healthcare": "pharmacy",
        "name": "Pharmacie Noemie"
      },
      "geometry": {
        "type": "Point",
        "coordinates": [
          -3.9922366,
          5.3943486
        ]
      },
      "id": "node/7541737700"
    },
    {
      "type": "Feature",
      "properties": {
        "@id": "node/7541757331",
        "amenity": "clinic",
        "healthcare": "clinic",
        "name": "Centre médical Afrique futur"
      },
      "geometry": {
        "type": "Point",
        "coordinates": [
          -4.0348552,
          5.4703248
        ]
      },
      "id": "node/7541757331"
    },
    {
      "type": "Feature",
      "properties": {
        "@id": "node/7541758378",
        "amenity": "hospital",
        "healthcare": "hospital",
        "name": "Centre de Traitement des Maladies Infectieuses"
      },
      "geometry": {
        "type": "Point",
        "coordinates": [
          -4.0462943,
          5.5016584
        ]
      },
      "id": "node/7541758378"
    },
    {
      "type": "Feature",
      "properties": {
        "@id": "node/7541764065",
        "amenity": "pharmacy",
        "healthcare": "pharmacy",
        "name": "Pharmacie santé pour tous"
      },
      "geometry": {
        "type": "Point",
        "coordinates": [
          -4.0426212,
          5.4605487
        ]
      },
      "id": "node/7541764065"
    },
    {
      "type": "Feature",
      "properties": {
        "@id": "node/7611602203",
        "amenity": "clinic",
        "healthcare": "clinic",
        "name": "baaba"
      },
      "geometry": {
        "type": "Point",
        "coordinates": [
          -4.0000762,
          5.370826
        ]
      },
      "id": "node/7611602203"
    },
    {
      "type": "Feature",
      "properties": {
        "@id": "node/7741028882",
        "amenity": "pharmacy",
        "healthcare": "pharmacy",
        "name": "Pharmacie Malon"
      },
      "geometry": {
        "type": "Point",
        "coordinates": [
          -3.9609317,
          5.2599183
        ]
      },
      "id": "node/7741028882"
    },
    {
      "type": "Feature",
      "properties": {
        "@id": "node/7761717785",
        "addr:street": "Avenue de la Reine Pokou",
        "amenity": "hospital",
        "healthcare": "hospital",
        "name": "INHP TREICHVILLE",
        "name:en": "International travel hospital",
        "phone": "+225 21 25 92 54"
      },
      "geometry": {
        "type": "Point",
        "coordinates": [
          -4.0025948,
          5.3064062
        ]
      },
      "id": "node/7761717785"
    },
    {
      "type": "Feature",
      "properties": {
        "@id": "node/7784285380",
        "amenity": "clinic",
        "healthcare": "clinic",
        "name": "Clinique Notre Dame de Lourdes",
        "phone": "+225 23 46 19 12"
      },
      "geometry": {
        "type": "Point",
        "coordinates": [
          -4.0888783,
          5.3354933
        ]
      },
      "id": "node/7784285380"
    },
    {
      "type": "Feature",
      "properties": {
        "@id": "node/7790607733",
        "amenity": "hospital",
        "healthcare": "hospital",
        "name": "Centre de Santé Urbain de Songon"
      },
      "geometry": {
        "type": "Point",
        "coordinates": [
          -4.202406,
          5.318766
        ]
      },
      "id": "node/7790607733"
    },
    {
      "type": "Feature",
      "properties": {
        "@id": "node/7825177022",
        "amenity": "clinic",
        "healthcare": "clinic",
        "name": "Cabinet Médical Succar"
      },
      "geometry": {
        "type": "Point",
        "coordinates": [
          -4.0159713,
          5.3239063
        ]
      },
      "id": "node/7825177022"
    },
    {
      "type": "Feature",
      "properties": {
        "@id": "node/8021389285",
        "addr:street": "Boulevard Antananarivo",
        "amenity": "pharmacy",
        "healthcare": "pharmacy",
        "name": "Pharmacie bethanie"
      },
      "geometry": {
        "type": "Point",
        "coordinates": [
          -3.9589703,
          5.2843927
        ]
      },
      "id": "node/8021389285"
    },
    {
      "type": "Feature",
      "properties": {
        "@id": "node/8165631145",
        "amenity": "hospital",
        "emergency": "yes",
        "healthcare": "hospital",
        "healthcare:speciality": "general;gynaecology;paediatrics",
        "name": "Clinique Sainte Justine"
      },
      "geometry": {
        "type": "Point",
        "coordinates": [
          -3.9690667,
          5.3977765
        ]
      },
      "id": "node/8165631145"
    },
    {
      "type": "Feature",
      "properties": {
        "@id": "node/8168773517",
        "amenity": "pharmacy",
        "healthcare": "pharmacy",
        "name": "Pharmacie de la mosquée"
      },
      "geometry": {
        "type": "Point",
        "coordinates": [
          -4.0282716,
          5.3539048
        ]
      },
      "id": "node/8168773517"
    },
    {
      "type": "Feature",
      "properties": {
        "@id": "node/8234555076",
        "amenity": "hospital",
        "healthcare": "hospital",
        "name": "Centre Médical Riviera AmbassadeCMRA",
        "phone": "+22522435454"
      },
      "geometry": {
        "type": "Point",
        "coordinates": [
          -3.9814267,
          5.3379462
        ]
      },
      "id": "node/8234555076"
    },
    {
      "type": "Feature",
      "properties": {
        "@id": "node/8554764935",
        "alt_name": "Emy espace médical Yopougon",
        "amenity": "hospital",
        "fax": "+225 27 23 4 08144",
        "healthcare": "hospital",
        "name": "EMY polyclinique",
        "phone": "+225 27 23 4 08140;+225 07 49 99 4999"
      },
      "geometry": {
        "type": "Point",
        "coordinates": [
          -4.0783305,
          5.3722306
        ]
      },
      "id": "node/8554764935"
    },
    {
      "type": "Feature",
      "properties": {
        "@id": "node/8558005987",
        "amenity": "doctors",
        "healthcare": "doctor",
        "name": "Centre Medical QuiPux"
      },
      "geometry": {
        "type": "Point",
        "coordinates": [
          -3.9742977,
          5.3517287
        ]
      },
      "id": "node/8558005987"
    },
    {
      "type": "Feature",
      "properties": {
        "@id": "node/8569018159",
        "amenity": "clinic",
        "healthcare": "clinic",
        "name": "Clinique St Gabrielle",
        "project:opencities_abidjan": "yes",
        "source": "survey",
        "source:date": "2021-02-25"
      },
      "geometry": {
        "type": "Point",
        "coordinates": [
          -3.9925848,
          5.3876108
        ]
      },
      "id": "node/8569018159"
    },
    {
      "type": "Feature",
      "properties": {
        "@id": "node/8575695962",
        "amenity": "clinic",
        "healthcare": "clinic",
        "name": "Espace Bio médical Robinson International",
        "project:opencities_abidjan": "yes",
        "source": "survey",
        "source:date": "2021-02-26"
      },
      "geometry": {
        "type": "Point",
        "coordinates": [
          -3.9904357,
          5.4040193
        ]
      },
      "id": "node/8575695962"
    },
    {
      "type": "Feature",
      "properties": {
        "@id": "node/8577038824",
        "amenity": "pharmacy",
        "healthcare": "pharmacy",
        "name": "Pharmacie Ste Dorothée",
        "project:opencities_abidjan": "yes",
        "source": "survey",
        "source:date": "2021-03-01"
      },
      "geometry": {
        "type": "Point",
        "coordinates": [
          -3.9883389,
          5.4150681
        ]
      },
      "id": "node/8577038824"
    },
    {
      "type": "Feature",
      "properties": {
        "@id": "node/8583925847",
        "amenity": "pharmacy",
        "dispensing": "yes",
        "drive_through": "no",
        "fid": "148",
        "healthcare": "pharmacy",
        "name": "Pharmacie Val D'Oise",
        "project:opencities_abidjan": "yes",
        "source": "survey",
        "source:date": "2021-03-01"
      },
      "geometry": {
        "type": "Point",
        "coordinates": [
          -3.9565303,
          5.3977174
        ]
      },
      "id": "node/8583925847"
    },
    {
      "type": "Feature",
      "properties": {
        "@id": "node/8583928234",
        "amenity": "doctors",
        "fid": "166",
        "healthcare": "doctor",
        "healthcare:speciality": "ophthalmology",
        "name": "Nette Vision Ophtalmologue",
        "project:opencities_abidjan": "yes",
        "source": "survey",
        "source:date": "2021-03-02"
      },
      "geometry": {
        "type": "Point",
        "coordinates": [
          -4.0144024,
          5.4398146
        ]
      },
      "id": "node/8583928234"
    },
    {
      "type": "Feature",
      "properties": {
        "@id": "node/8584357380",
        "amenity": "pharmacy",
        "fid": "51",
        "healthcare": "pharmacy",
        "name": "Pharmacie Spring",
        "project:opencities_abidjan": "yes",
        "source": "survey",
        "source:date": "2021-02-23"
      },
      "geometry": {
        "type": "Point",
        "coordinates": [
          -3.9725169,
          5.3517091
        ]
      },
      "id": "node/8584357380"
    },
    {
      "type": "Feature",
      "properties": {
        "@id": "node/8584375863",
        "amenity": "doctors",
        "fid": "261",
        "healthcare": "doctor",
        "name": "Les Perles Cabinet Médico Pédiatrique",
        "project:opencities_abidjan": "yes",
        "source": "survey",
        "source:date": "2021-02-25"
      },
      "geometry": {
        "type": "Point",
        "coordinates": [
          -3.9926268,
          5.3911096
        ]
      },
      "id": "node/8584375863"
    },
    {
      "type": "Feature",
      "properties": {
        "@id": "node/8584375871",
        "amenity": "clinic",
        "fid": "812",
        "healthcare": "clinic",
        "name": "Centre De Soins Kennedy",
        "project:opencities_abidjan": "yes",
        "source": "survey",
        "source:date": "2021-03-04"
      },
      "geometry": {
        "type": "Point",
        "coordinates": [
          -4.008498,
          5.4201713
        ]
      },
      "id": "node/8584375871"
    },
    {
      "type": "Feature",
      "properties": {
        "@id": "node/8584384603",
        "amenity": "pharmacy",
        "fid": "445",
        "healthcare": "pharmacy",
        "name": "Pharmacie Centrale Angré",
        "project:opencities_abidjan": "yes",
        "source": "survey",
        "source:date": "2021-03-01"
      },
      "geometry": {
        "type": "Point",
        "coordinates": [
          -3.9833698,
          5.4109359
        ]
      },
      "id": "node/8584384603"
    },
    {
      "type": "Feature",
      "properties": {
        "@id": "node/8584387170",
        "amenity": "clinic",
        "fid": "205",
        "healthcare": "clinic",
        "name": "Clinique Médicale Cœur Sacré",
        "project:opencities_abidjan": "yes",
        "source": "survey",
        "source:date": "2021-02-25"
      },
      "geometry": {
        "type": "Point",
        "coordinates": [
          -3.9884704,
          5.3787789
        ]
      },
      "id": "node/8584387170"
    },
    {
      "type": "Feature",
      "properties": {
        "@id": "node/8584407584",
        "amenity": "clinic",
        "fid": "362",
        "healthcare": "clinic",
        "name": "Cabinet De Santé Phytothérapie",
        "project:opencities_abidjan": "yes",
        "source": "survey",
        "source:date": "2021-03-02"
      },
      "geometry": {
        "type": "Point",
        "coordinates": [
          -3.9910826,
          5.4001049
        ]
      },
      "id": "node/8584407584"
    },
    {
      "type": "Feature",
      "properties": {
        "@id": "node/8584445358",
        "amenity": "clinic",
        "fid": "821",
        "healthcare": "clinic",
        "name": "Clinique Médicale",
        "project:opencities_abidjan": "yes",
        "source": "survey",
        "source:date": "2021-03-04"
      },
      "geometry": {
        "type": "Point",
        "coordinates": [
          -4.0089959,
          5.4185624
        ]
      },
      "id": "node/8584445358"
    },
    {
      "type": "Feature",
      "properties": {
        "@id": "node/8584446211",
        "amenity": "doctors",
        "fid": "406",
        "healthcare": "doctor",
        "name": "Centre Médical Des Cités",
        "project:opencities_abidjan": "yes",
        "source": "survey",
        "source:date": "2021-03-01"
      },
      "geometry": {
        "type": "Point",
        "coordinates": [
          -3.9898557,
          5.4070793
        ]
      },
      "id": "node/8584446211"
    },
    {
      "type": "Feature",
      "properties": {
        "@id": "node/8584450586",
        "amenity": "doctors",
        "fid": "436",
        "healthcare": "doctor",
        "name": "Centre Médical Les Milles Félicités",
        "project:opencities_abidjan": "yes",
        "source": "survey",
        "source:date": "2021-03-01"
      },
      "geometry": {
        "type": "Point",
        "coordinates": [
          -3.9845351,
          5.4101581
        ]
      },
      "id": "node/8584450586"
    },
    {
      "type": "Feature",
      "properties": {
        "@id": "node/8584451444",
        "amenity": "pharmacy",
        "healthcare": "pharmacy",
        "name": "Pharmacie Les 7 Colonnes",
        "project:opencities_abidjan": "yes",
        "source": "survey",
        "source:date": "2021-02-25"
      },
      "geometry": {
        "type": "Point",
        "coordinates": [
          -4.0025887,
          5.3445436
        ]
      },
      "id": "node/8584451444"
    },
    {
      "type": "Feature",
      "properties": {
        "@id": "node/8584460925",
        "amenity": "pharmacy",
        "fid": "203",
        "healthcare": "pharmacy",
        "name": "Pharmacie Tera",
        "project:opencities_abidjan": "yes",
        "source": "survey",
        "source:date": "2021-02-25"
      },
      "geometry": {
        "type": "Point",
        "coordinates": [
          -3.9882689,
          5.3777376
        ]
      },
      "id": "node/8584460925"
    },
    {
      "type": "Feature",
      "properties": {
        "@id": "node/8584548910",
        "amenity": "pharmacy",
        "fid": "1002",
        "healthcare": "pharmacy",
        "name": "Pharmacie La Providence",
        "project:opencities_abidjan": "yes",
        "source": "survey",
        "source:date": "04/03/2021"
      },
      "geometry": {
        "type": "Point",
        "coordinates": [
          -4.0158466,
          5.4139487
        ]
      },
      "id": "node/8584548910"
    },
    {
      "type": "Feature",
      "properties": {
        "@id": "node/8584560434",
        "amenity": "hospital",
        "fid": "560",
        "healthcare": "hospital",
        "name": "Petit Hôpital",
        "project:opencities_abidjan": "yes",
        "source": "survey",
        "source:date": "07/03/2021"
      },
      "geometry": {
        "type": "Point",
        "coordinates": [
          -4.0252962,
          5.4322945
        ]
      },
      "id": "node/8584560434"
    },
    {
      "type": "Feature",
      "properties": {
        "@id": "node/8585699990",
        "amenity": "pharmacy",
        "healthcare": "pharmacy",
        "name": "Pharmacie Blockhauss",
        "project:opencities_abidjan": "yes",
        "source": "survey",
        "source:date": "26/02/2021"
      },
      "geometry": {
        "type": "Point",
        "coordinates": [
          -4.0019612,
          5.3227795
        ]
      },
      "id": "node/8585699990"
    },
    {
      "type": "Feature",
      "properties": {
        "@id": "node/8585825829",
        "amenity": "pharmacy",
        "fid": "307",
        "healthcare": "pharmacy",
        "name": "Pharmacie Route Akeikoi",
        "project:opencities_abidjan": "yes",
        "source": "survey",
        "source:date": "02/03/2021"
      },
      "geometry": {
        "type": "Point",
        "coordinates": [
          -4.0135171,
          5.4496576
        ]
      },
      "id": "node/8585825829"
    },
    {
      "type": "Feature",
      "properties": {
        "@id": "node/8586102101",
        "amenity": "clinic",
        "fid": "289",
        "healthcare": "clinic",
        "name": "Clinique Médical Sika Abobo",
        "project:opencities_abidjan": "yes",
        "source": "survey",
        "source:date": "02/03/2021"
      },
      "geometry": {
        "type": "Point",
        "coordinates": [
          -4.0160527,
          5.43851
        ]
      },
      "id": "node/8586102101"
    },
    {
      "type": "Feature",
      "properties": {
        "@id": "node/8586466381",
        "amenity": "hospital",
        "fid": "939",
        "healthcare": "hospital",
        "name": "Centre Communautaire De Kennedy-Clouetcha",
        "project:opencities_abidjan": "yes",
        "source": "survey",
        "source:date": "03/03/2021"
      },
      "geometry": {
        "type": "Point",
        "coordinates": [
          -4.0004676,
          5.4235268
        ]
      },
      "id": "node/8586466381"
    },
    {
      "type": "Feature",
      "properties": {
        "@id": "node/8586755574",
        "amenity": "pharmacy",
        "fid": "87",
        "healthcare": "pharmacy",
        "name": "Pharmacie Boulevard Y4",
        "project:opencities_abidjan": "yes",
        "source": "survey",
        "source:date": "26/02/2021"
      },
      "geometry": {
        "type": "Point",
        "coordinates": [
          -3.947981,
          5.3634582
        ]
      },
      "id": "node/8586755574"
    },
    {
      "type": "Feature",
      "properties": {
        "@id": "node/8586922375",
        "amenity": "doctors",
        "fid": "237",
        "healthcare": "doctor",
        "name": "Bazouma Goupe Médical",
        "project:opencities_abidjan": "yes",
        "source": "survey",
        "source:date": "24/02/2021"
      },
      "geometry": {
        "type": "Point",
        "coordinates": [
          -3.970586,
          5.3719495
        ]
      },
      "id": "node/8586922375"
    },
    {
      "type": "Feature",
      "properties": {
        "@id": "node/8586926961",
        "amenity": "doctors",
        "fid": "364",
        "healthcare": "doctor",
        "name": "Centre Médical Notre Reflèt",
        "project:opencities_abidjan": "yes",
        "source": "survey",
        "source:date": "26/02/2021"
      },
      "geometry": {
        "type": "Point",
        "coordinates": [
          -3.9764521,
          5.3944597
        ]
      },
      "id": "node/8586926961"
    },
    {
      "type": "Feature",
      "properties": {
        "@id": "node/8586926964",
        "amenity": "pharmacy",
        "fid": "316",
        "healthcare": "pharmacy",
        "name": "Pharmacie Cellule Saine",
        "project:opencities_abidjan": "yes",
        "source": "survey",
        "source:date": "25/02/2021"
      },
      "geometry": {
        "type": "Point",
        "coordinates": [
          -3.981307,
          5.3912804
        ]
      },
      "id": "node/8586926964"
    },
    {
      "type": "Feature",
      "properties": {
        "@id": "node/8586929349",
        "amenity": "clinic",
        "fid": "236",
        "healthcare": "clinic",
        "name": "Centre De Thermothérapie",
        "project:opencities_abidjan": "yes",
        "source": "survey",
        "source:date": "24/02/2021"
      },
      "geometry": {
        "type": "Point",
        "coordinates": [
          -3.9708486,
          5.3719905
        ]
      },
      "id": "node/8586929349"
    },
    {
      "type": "Feature",
      "properties": {
        "@id": "node/8587327969",
        "amenity": "pharmacy",
        "healthcare": "pharmacy",
        "name": "Pharmacie Cité Rouge",
        "project:opencities_abidjan": "yes",
        "source": "survey",
        "source:date": "22/02/2021"
      },
      "geometry": {
        "type": "Point",
        "coordinates": [
          -4.0051405,
          5.3371799
        ]
      },
      "id": "node/8587327969"
    },
    {
      "type": "Feature",
      "properties": {
        "@id": "node/8587952850",
        "amenity": "doctors",
        "fid": "52",
        "healthcare": "doctor",
        "name": "Santé prévention NEPSIA",
        "office": "ngo",
        "project:opencities_abidjan": "yes",
        "source": "survey",
        "source:date": "25/02/2021"
      },
      "geometry": {
        "type": "Point",
        "coordinates": [
          -3.962967,
          5.3543372
        ]
      },
      "id": "node/8587952850"
    },
    {
      "type": "Feature",
      "properties": {
        "@id": "node/8592060396",
        "amenity": "doctors",
        "fid": "585",
        "healthcare": "doctor",
        "name": "Centre de Soins",
        "project:opencities_abidjan": "yes",
        "source": "survey",
        "source:date": "03/03/2021"
      },
      "geometry": {
        "type": "Point",
        "coordinates": [
          -4.0140807,
          5.4416185
        ]
      },
      "id": "node/8592060396"
    },
    {
      "type": "Feature",
      "properties": {
        "@id": "node/8592093040",
        "amenity": "pharmacy",
        "fid": "542",
        "healthcare": "pharmacy",
        "name": "Pharmacie des 4 Étages",
        "project:opencities_abidjan": "yes",
        "source": "survey",
        "source:date": "03/03/2021"
      },
      "geometry": {
        "type": "Point",
        "coordinates": [
          -4.008998,
          5.4387306
        ]
      },
      "id": "node/8592093040"
    },
    {
      "type": "Feature",
      "properties": {
        "@id": "node/8592127780",
        "amenity": "hospital",
        "fid": "633",
        "healthcare": "hospital",
        "name": "Antenne d'Hygiène Publique d'Abobo",
        "project:opencities_abidjan": "yes",
        "source": "survey",
        "source:date": "06/03/2021"
      },
      "geometry": {
        "type": "Point",
        "coordinates": [
          -3.98987,
          5.4223372
        ]
      },
      "id": "node/8592127780"
    },
    {
      "type": "Feature",
      "properties": {
        "@id": "node/8592160313",
        "amenity": "pharmacy",
        "fid": "615",
        "healthcare": "pharmacy",
        "name": "Pharmacie Abobo Baoulé",
        "project:opencities_abidjan": "yes",
        "source": "survey",
        "source:date": "06/03/2021"
      },
      "geometry": {
        "type": "Point",
        "coordinates": [
          -3.9908072,
          5.4203444
        ]
      },
      "id": "node/8592160313"
    },
    {
      "type": "Feature",
      "properties": {
        "@id": "node/8592240552",
        "amenity": "doctors",
        "fid": "138",
        "healthcare": "doctor",
        "name": "Kinésithérapie et orthophonie",
        "project:opencities_abidjan": "yes",
        "source": "survey",
        "source:date": "26/02/2021"
      },
      "geometry": {
        "type": "Point",
        "coordinates": [
          -3.9458053,
          5.3674031
        ]
      },
      "id": "node/8592240552"
    },
    {
      "type": "Feature",
      "properties": {
        "@id": "node/8592276934",
        "amenity": "pharmacy",
        "fid": "439",
        "healthcare": "pharmacy",
        "name": "Pharmacie Mont Carmel",
        "project:opencities_abidjan": "yes",
        "source": "survey",
        "source:date": "01/03/2021"
      },
      "geometry": {
        "type": "Point",
        "coordinates": [
          -3.9688627,
          5.3857115
        ]
      },
      "id": "node/8592276934"
    },
    {
      "type": "Feature",
      "properties": {
        "@id": "node/8595198467",
        "addr:street": "rue des jardins",
        "amenity": "pharmacy",
        "description": "Pharmacie",
        "healthcare": "pharmacy",
        "name": "Pharmacie Arc en Ciel",
        "opening_hours": "Mo-Su 08:00-20:00",
        "phone": "22413390"
      },
      "geometry": {
        "type": "Point",
        "coordinates": [
          -3.9906326,
          5.3741996
        ]
      },
      "id": "node/8595198467"
    },
    {
      "type": "Feature",
      "properties": {
        "@id": "node/8596268689",
        "amenity": "doctors",
        "fid": "29",
        "healthcare": "doctor",
        "name": "Centre Medical Indicia",
        "project:opencities_abidjan": "yes",
        "source": "survey",
        "source:date": "23/02/2021"
      },
      "geometry": {
        "type": "Point",
        "coordinates": [
          -3.9754137,
          5.3476719
        ]
      },
      "id": "node/8596268689"
    },
    {
      "type": "Feature",
      "properties": {
        "@id": "node/8596285767",
        "amenity": "pharmacy",
        "fid": "187",
        "healthcare": "pharmacy",
        "name": "Pharmacie St Jean Paul 2",
        "project:opencities_abidjan": "yes",
        "source": "survey",
        "source:date": "24/02/2021"
      },
      "geometry": {
        "type": "Point",
        "coordinates": [
          -3.9687982,
          5.3648596
        ]
      },
      "id": "node/8596285767"
    },
    {
      "type": "Feature",
      "properties": {
        "@id": "node/8596291266",
        "amenity": "doctors",
        "fid": "224",
        "healthcare": "doctor",
        "name": "Groupe Medical Bozouma",
        "project:opencities_abidjan": "yes",
        "source": "survey",
        "source:date": "24/02/2021"
      },
      "geometry": {
        "type": "Point",
        "coordinates": [
          -3.9706329,
          5.3717383
        ]
      },
      "id": "node/8596291266"
    },
    {
      "type": "Feature",
      "properties": {
        "@id": "node/8596292889",
        "amenity": "doctors",
        "fid": "160",
        "healthcare": "doctor",
        "name": "Centre Medical La Retine",
        "project:opencities_abidjan": "yes",
        "source": "survey",
        "source:date": "24/02/2021"
      },
      "geometry": {
        "type": "Point",
        "coordinates": [
          -3.9682434,
          5.3616704
        ]
      },
      "id": "node/8596292889"
    },
    {
      "type": "Feature",
      "properties": {
        "@id": "node/8596306256",
        "amenity": "pharmacy",
        "fid": "225",
        "healthcare": "pharmacy",
        "name": "Pharmacie St Come et Damien",
        "project:opencities_abidjan": "yes",
        "source": "survey",
        "source:date": "24/02/2021"
      },
      "geometry": {
        "type": "Point",
        "coordinates": [
          -3.9707689,
          5.3723482
        ]
      },
      "id": "node/8596306256"
    },
    {
      "type": "Feature",
      "properties": {
        "@id": "node/8596308588",
        "amenity": "hospital",
        "fid": "464",
        "healthcare": "hospital",
        "name": "Centre de Santé",
        "project:opencities_abidjan": "yes",
        "source": "survey",
        "source:date": "03/03/2021"
      },
      "geometry": {
        "type": "Point",
        "coordinates": [
          -4.0010689,
          5.4057672
        ]
      },
      "id": "node/8596308588"
    },
    {
      "type": "Feature",
      "properties": {
        "@id": "node/8596311504",
        "amenity": "clinic",
        "fid": "512",
        "healthcare": "clinic",
        "name": "Bio Pharma",
        "project:opencities_abidjan": "yes",
        "source": "survey",
        "source:date": "03/03/2021"
      },
      "geometry": {
        "type": "Point",
        "coordinates": [
          -4.0031818,
          5.4136967
        ]
      },
      "id": "node/8596311504"
    },
    {
      "type": "Feature",
      "properties": {
        "@id": "node/8596314156",
        "amenity": "pharmacy",
        "fid": "41",
        "healthcare": "pharmacy",
        "name": "Pharmacie St Pierre",
        "project:opencities_abidjan": "yes",
        "source": "survey",
        "source:date": "23/02/2021"
      },
      "geometry": {
        "type": "Point",
        "coordinates": [
          -3.974772,
          5.3460116
        ]
      },
      "id": "node/8596314156"
    },
    {
      "type": "Feature",
      "properties": {
        "@id": "node/8596317360",
        "amenity": "pharmacy",
        "fid": "408",
        "healthcare": "pharmacy",
        "project:opencities_abidjan": "yes",
        "source": "survey",
        "source:date": "02/03/2021"
      },
      "geometry": {
        "type": "Point",
        "coordinates": [
          -4.0203982,
          5.4340871
        ]
      },
      "id": "node/8596317360"
    },
    {
      "type": "Feature",
      "properties": {
        "@id": "node/8601965412",
        "amenity": "doctors",
        "healthcare": "doctor",
        "name": "Cabinet Medical Bethesda",
        "project:opencities_abidjan": "yes",
        "source": "survey",
        "source:date": "2021-03-04"
      },
      "geometry": {
        "type": "Point",
        "coordinates": [
          -4.0163572,
          5.4178726
        ]
      },
      "id": "node/8601965412"
    },
    {
      "type": "Feature",
      "properties": {
        "@id": "node/8612488804",
        "amenity": "doctors",
        "healthcare": "doctor",
        "name": "Centre Médical la Posture",
        "project:opencities_abidjan": "yes",
        "source": "survey",
        "source:date": "2021-03-03"
      },
      "geometry": {
        "type": "Point",
        "coordinates": [
          -4.0118524,
          5.4335292
        ]
      },
      "id": "node/8612488804"
    },
    {
      "type": "Feature",
      "properties": {
        "@id": "node/8691832503",
        "addr:street": "Boulevard du Gabon",
        "amenity": "pharmacy",
        "dispensing": "yes",
        "healthcare": "pharmacy",
        "name": "Pharmacie Iroko",
        "opening_hours": "Mo-Su 08:00-20:00"
      },
      "geometry": {
        "type": "Point",
        "coordinates": [
          -3.964096,
          5.2944263
        ]
      },
      "id": "node/8691832503"
    },
    {
      "type": "Feature",
      "properties": {
        "@id": "node/8695341011",
        "amenity": "doctors",
        "healthcare": "doctor"
      },
      "geometry": {
        "type": "Point",
        "coordinates": [
          -4.062859,
          5.3405813
        ]
      },
      "id": "node/8695341011"
    },
    {
      "type": "Feature",
      "properties": {
        "@id": "node/8733664285",
        "amenity": "clinic",
        "healthcare": "clinic",
        "name": "Clinique Medicale Wimin de Bidjante"
      },
      "geometry": {
        "type": "Point",
        "coordinates": [
          -4.0313494,
          5.3445724
        ]
      },
      "id": "node/8733664285"
    },
    {
      "type": "Feature",
      "properties": {
        "@id": "node/8733698837",
        "amenity": "doctors",
        "healthcare": "doctor",
        "name": "Centre Médical St Raphael"
      },
      "geometry": {
        "type": "Point",
        "coordinates": [
          -4.0704212,
          5.3399831
        ]
      },
      "id": "node/8733698837"
    },
    {
      "type": "Feature",
      "properties": {
        "@id": "node/8733886258",
        "amenity": "doctors",
        "healthcare": "doctor",
        "name": "Centre Médical Sainte Anne-Marie"
      },
      "geometry": {
        "type": "Point",
        "coordinates": [
          -4.0720654,
          5.3392073
        ]
      },
      "id": "node/8733886258"
    },
    {
      "type": "Feature",
      "properties": {
        "@id": "node/8751079989",
        "amenity": "pharmacy",
        "healthcare": "pharmacy",
        "name": "Pharmacie Centrale Attecoube"
      },
      "geometry": {
        "type": "Point",
        "coordinates": [
          -4.0310597,
          5.3463857
        ]
      },
      "id": "node/8751079989"
    },
    {
      "type": "Feature",
      "properties": {
        "@id": "node/8753437929",
        "amenity": "clinic",
        "healthcare": "clinic",
        "name": "Infirmerie Privés Le Temps"
      },
      "geometry": {
        "type": "Point",
        "coordinates": [
          -4.0286169,
          5.340644
        ]
      },
      "id": "node/8753437929"
    },
    {
      "type": "Feature",
      "properties": {
        "@id": "node/8754078002",
        "amenity": "clinic",
        "healthcare": "clinic",
        "name": "Infirmerie"
      },
      "geometry": {
        "type": "Point",
        "coordinates": [
          -4.0274059,
          5.3401653
        ]
      },
      "id": "node/8754078002"
    },
    {
      "type": "Feature",
      "properties": {
        "@id": "node/8754115590",
        "amenity": "clinic",
        "healthcare": "clinic",
        "name": "Clinique Chinoise"
      },
      "geometry": {
        "type": "Point",
        "coordinates": [
          -4.0289646,
          5.3422998
        ]
      },
      "id": "node/8754115590"
    },
    {
      "type": "Feature",
      "properties": {
        "@id": "node/8754118017",
        "amenity": "clinic",
        "healthcare": "clinic",
        "name": "Nouvelle Clinique d'Adjame"
      },
      "geometry": {
        "type": "Point",
        "coordinates": [
          -4.027534,
          5.340849
        ]
      },
      "id": "node/8754118017"
    },
    {
      "type": "Feature",
      "properties": {
        "@id": "node/8765663750",
        "amenity": "pharmacy",
        "healthcare": "pharmacy",
        "name": "Pharmacie des Grâces"
      },
      "geometry": {
        "type": "Point",
        "coordinates": [
          -3.9800811,
          5.351866
        ]
      },
      "id": "node/8765663750"
    },
    {
      "type": "Feature",
      "properties": {
        "@id": "node/8786435868",
        "amenity": "pharmacy",
        "healthcare": "pharmacy",
        "highway": "bus_stop",
        "name": "Centre Pilote",
        "official_status": "official",
        "operator": "SOTRA",
        "pole": "no",
        "public_transport": "platform",
        "shelter": "yes"
      },
      "geometry": {
        "type": "Point",
        "coordinates": [
          -3.9638402,
          5.2608998
        ]
      },
      "id": "node/8786435868"
    },
    {
      "type": "Feature",
      "properties": {
        "@id": "node/8786503583",
        "amenity": "doctors",
        "healthcare": "doctor",
        "name": "Espace Médical le Phénix"
      },
      "geometry": {
        "type": "Point",
        "coordinates": [
          -4.071372,
          5.3311768
        ]
      },
      "id": "node/8786503583"
    },
    {
      "type": "Feature",
      "properties": {
        "@id": "node/8794343841",
        "amenity": "pharmacy",
        "healthcare": "pharmacy",
        "name": "Pharmacie EMS Santé"
      },
      "geometry": {
        "type": "Point",
        "coordinates": [
          -4.0121203,
          5.4427465
        ]
      },
      "id": "node/8794343841"
    },
    {
      "type": "Feature",
      "properties": {
        "@id": "node/8795840647",
        "amenity": "pharmacy",
        "healthcare": "pharmacy",
        "name": "Pharmacie de la Mairie"
      },
      "geometry": {
        "type": "Point",
        "coordinates": [
          -4.0263566,
          5.3431365
        ]
      },
      "id": "node/8795840647"
    },
    {
      "type": "Feature",
      "properties": {
        "@id": "node/8806931597",
        "amenity": "doctors",
        "healthcare": "doctor",
        "name": "Centre Paramédical"
      },
      "geometry": {
        "type": "Point",
        "coordinates": [
          -4.0696152,
          5.3398879
        ]
      },
      "id": "node/8806931597"
    },
    {
      "type": "Feature",
      "properties": {
        "@id": "node/8811425516",
        "amenity": "doctors",
        "healthcare": "doctor",
        "name": "Espace Médical le Phénix"
      },
      "geometry": {
        "type": "Point",
        "coordinates": [
          -4.0716134,
          5.3311014
        ]
      },
      "id": "node/8811425516"
    },
    {
      "type": "Feature",
      "properties": {
        "@id": "node/8811858084",
        "amenity": "doctors",
        "healthcare": "doctor",
        "name": "Centre de Santé"
      },
      "geometry": {
        "type": "Point",
        "coordinates": [
          -4.0711628,
          5.3322858
        ]
      },
      "id": "node/8811858084"
    },
    {
      "type": "Feature",
      "properties": {
        "@id": "node/8831785417",
        "amenity": "pharmacy",
        "healthcare": "pharmacy",
        "name": "Pharmacie Route d'Alépé",
        "project:opencities_abidjan": "yes",
        "source": "survey",
        "source:date": "2021/03/04"
      },
      "geometry": {
        "type": "Point",
        "coordinates": [
          -3.9782631,
          5.4456109
        ]
      },
      "id": "node/8831785417"
    },
    {
      "type": "Feature",
      "properties": {
        "@id": "node/8831845066",
        "amenity": "pharmacy",
        "healthcare": "pharmacy",
        "name": "Pharmacie Biabou Mosquée",
        "project:opencities_abidjan": "yes",
        "source": "survey",
        "source:date": "2021/03/04"
      },
      "geometry": {
        "type": "Point",
        "coordinates": [
          -3.9832856,
          5.4416832
        ]
      },
      "id": "node/8831845066"
    },
    {
      "type": "Feature",
      "properties": {
        "@id": "node/8832521809",
        "amenity": "pharmacy",
        "healthcare": "pharmacy",
        "name": "Pharmacie de Abobo Clouetcha",
        "project:opencities_abidjan": "yes",
        "source": "survey",
        "source:date": "03/03/2021"
      },
      "geometry": {
        "type": "Point",
        "coordinates": [
          -4.0029147,
          5.4229613
        ]
      },
      "id": "node/8832521809"
    },
    {
      "type": "Feature",
      "properties": {
        "@id": "node/8832678684",
        "amenity": "doctors",
        "healthcare": "doctor",
        "name": "Centre Médical Bedemi",
        "project:opencities_abidjan": "yes",
        "source": "survey",
        "source:date": "2021/03/04"
      },
      "geometry": {
        "type": "Point",
        "coordinates": [
          -3.9881731,
          5.4347926
        ]
      },
      "id": "node/8832678684"
    },
    {
      "type": "Feature",
      "properties": {
        "@id": "node/8832680161",
        "amenity": "doctors",
        "healthcare": "doctor",
        "name": "Centre médical Longue Vie",
        "project:opencities_abidjan": "yes",
        "source": "survey",
        "source:date": "2021/03/03"
      },
      "geometry": {
        "type": "Point",
        "coordinates": [
          -4.0124688,
          5.4536269
        ]
      },
      "id": "node/8832680161"
    },
    {
      "type": "Feature",
      "properties": {
        "@id": "node/8832680252",
        "amenity": "pharmacy",
        "healthcare": "pharmacy",
        "name": "Pharmacie Eau Vive",
        "project:opencities_abidjan": "yes",
        "source": "survey",
        "source:date": "2021/02/24"
      },
      "geometry": {
        "type": "Point",
        "coordinates": [
          -3.9264837,
          5.3581577
        ]
      },
      "id": "node/8832680252"
    },
    {
      "type": "Feature",
      "properties": {
        "@id": "node/8832680253",
        "amenity": "clinic",
        "healthcare": "clinic",
        "name": "Clinique C2H",
        "project:opencities_abidjan": "yes",
        "source": "survey",
        "source:date": "2021/02/24"
      },
      "geometry": {
        "type": "Point",
        "coordinates": [
          -3.9265004,
          5.3581779
        ]
      },
      "id": "node/8832680253"
    },
    {
      "type": "Feature",
      "properties": {
        "@id": "node/8832680269",
        "amenity": "pharmacy",
        "healthcare": "pharmacy",
        "name": "Pharmacie Laurier 9",
        "project:opencities_abidjan": "yes",
        "source": "survey",
        "source:date": "2021/02/24"
      },
      "geometry": {
        "type": "Point",
        "coordinates": [
          -3.9332443,
          5.3639266
        ]
      },
      "id": "node/8832680269"
    },
    {
      "type": "Feature",
      "properties": {
        "@id": "node/8832680275",
        "amenity": "pharmacy",
        "healthcare": "pharmacy",
        "name": "Pharmacie Eliezer",
        "project:opencities_abidjan": "yes",
        "source": "survey",
        "source:date": "2021/02/24 13:59:55"
      },
      "geometry": {
        "type": "Point",
        "coordinates": [
          -3.9363988,
          5.3638382
        ]
      },
      "id": "node/8832680275"
    },
    {
      "type": "Feature",
      "properties": {
        "@id": "node/8832680299",
        "amenity": "doctors",
        "healthcare": "doctor",
        "name": "Cabinet de Kinésithérapie Emmanuel",
        "project:opencities_abidjan": "yes",
        "source": "survey",
        "source:date": "2021/02/23"
      },
      "geometry": {
        "type": "Point",
        "coordinates": [
          -3.9697195,
          5.35462
        ]
      },
      "id": "node/8832680299"
    },
    {
      "type": "Feature",
      "properties": {
        "@id": "node/8832849875",
        "amenity": "doctors",
        "fid": "280",
        "healthcare": "doctor",
        "name": "La miséricorde espace médical",
        "project:opencities_abidjan": "yes",
        "source": "survey",
        "source:date": "2021/03/01"
      },
      "geometry": {
        "type": "Point",
        "coordinates": [
          -3.9613976,
          5.4026509
        ]
      },
      "id": "node/8832849875"
    },
    {
      "type": "Feature",
      "properties": {
        "@id": "node/8836797607",
        "amenity": "clinic",
        "healthcare": "clinic",
        "name": "Centre Médical Spécialisé Soumeya",
        "project:opencities_abidjan": "yes",
        "source": "survey",
        "source:date": "01/03/2021"
      },
      "geometry": {
        "type": "Point",
        "coordinates": [
          -3.9879915,
          5.408273
        ]
      },
      "id": "node/8836797607"
    },
    {
      "type": "Feature",
      "properties": {
        "@id": "node/8837124431",
        "amenity": "pharmacy",
        "healthcare": "pharmacy",
        "name": "Grande pharmacie Saint Moïse",
        "project:opencities_abidjan": "yes",
        "source": "survey",
        "source:date": "2021/03/02"
      },
      "geometry": {
        "type": "Point",
        "coordinates": [
          -3.96898,
          5.3779467
        ]
      },
      "id": "node/8837124431"
    },
    {
      "type": "Feature",
      "properties": {
        "@id": "node/8839934150",
        "amenity": "doctors",
        "healthcare": "doctor",
        "name": "Infirmerie privée du rond-point",
        "project:opencities_abidjan": "yes",
        "source": "survey",
        "source:date": "2021/03/03"
      },
      "geometry": {
        "type": "Point",
        "coordinates": [
          -4.0020959,
          5.3226041
        ]
      },
      "id": "node/8839934150"
    },
    {
      "type": "Feature",
      "properties": {
        "@id": "node/8841921644",
        "Objet": "Centre de Santé",
        "amenity": "doctors",
        "fid": "1043",
        "healthcare": "doctor",
        "name": "Centre medical éden",
        "project:opencities_abidjan": "yes",
        "source": "survey",
        "source:date": "2021/03/09"
      },
      "geometry": {
        "type": "Point",
        "coordinates": [
          -3.9901789,
          5.4316245
        ]
      },
      "id": "node/8841921644"
    },
    {
      "type": "Feature",
      "properties": {
        "@id": "node/8842200155",
        "amenity": "pharmacy",
        "healthcare": "pharmacy",
        "name": "pharmacie bon pasteur",
        "project:opencities_abidjan": "yes",
        "source": "survey",
        "source:date": "09/03/2021"
      },
      "geometry": {
        "type": "Point",
        "coordinates": [
          -3.9549722,
          5.350983
        ]
      },
      "id": "node/8842200155"
    },
    {
      "type": "Feature",
      "properties": {
        "@id": "node/8842281358",
        "amenity": "pharmacy",
        "fid": "849",
        "healthcare": "pharmacy",
        "name": "Pharmacie marché",
        "project:opencities_abidjan": "yes",
        "source": "survey",
        "source:date": "2021/03/08"
      },
      "geometry": {
        "type": "Point",
        "coordinates": [
          -4.025946,
          5.4407003
        ]
      },
      "id": "node/8842281358"
    },
    {
      "type": "Feature",
      "properties": {
        "@id": "node/8842281382",
        "amenity": "doctors",
        "fid": "825",
        "healthcare": "doctor",
        "name": "Médecine chinoise chez italien temple chinois",
        "project:opencities_abidjan": "yes",
        "source": "survey",
        "source:date": "2021/03/09"
      },
      "geometry": {
        "type": "Point",
        "coordinates": [
          -4.0239971,
          5.4398666
        ]
      },
      "id": "node/8842281382"
    },
    {
      "type": "Feature",
      "properties": {
        "@id": "node/8842281396",
        "amenity": "clinic",
        "fid": "811",
        "healthcare": "clinic",
        "name": "Centre médico chirurgical d'abobo",
        "project:opencities_abidjan": "yes",
        "source": "survey",
        "source:date": "2021/03/09"
      },
      "geometry": {
        "type": "Point",
        "coordinates": [
          -4.0226998,
          5.4399218
        ]
      },
      "id": "node/8842281396"
    },
    {
      "type": "Feature",
      "properties": {
        "@id": "node/8842281397",
        "amenity": "pharmacy",
        "fid": "810",
        "healthcare": "pharmacy",
        "name": "Pharmacie Amina",
        "project:opencities_abidjan": "yes",
        "source": "survey",
        "source:date": "2021/03/09"
      },
      "geometry": {
        "type": "Point",
        "coordinates": [
          -4.022789,
          5.4399094
        ]
      },
      "id": "node/8842281397"
    },
    {
      "type": "Feature",
      "properties": {
        "@id": "node/8842436397",
        "amenity": "doctors",
        "fid": "895",
        "healthcare": "doctor",
        "name": "Centre medico social soka",
        "project:opencities_abidjan": "yes",
        "source": "survey",
        "source:date": "2021/03/09"
      },
      "geometry": {
        "type": "Point",
        "coordinates": [
          -4.0148191,
          5.446516
        ]
      },
      "id": "node/8842436397"
    },
    {
      "type": "Feature",
      "properties": {
        "@id": "node/8842436412",
        "amenity": "hospital",
        "fid": "880",
        "healthcare": "hospital",
        "name": "Centre de santé urbain à base communautaire abobo BC",
        "project:opencities_abidjan": "yes",
        "source": "survey",
        "source:date": "2021/03/09"
      },
      "geometry": {
        "type": "Point",
        "coordinates": [
          -4.0173103,
          5.4448012
        ]
      },
      "id": "node/8842436412"
    },
    {
      "type": "Feature",
      "properties": {
        "@id": "node/8842492210",
        "amenity": "clinic",
        "healthcare": "clinic",
        "name": "Nouvelle Clinique Marie Eliana",
        "project:opencities_abidjan": "yes",
        "source": "survey",
        "source:date": "23/02/2021"
      },
      "geometry": {
        "type": "Point",
        "coordinates": [
          -3.9750827,
          5.352351
        ]
      },
      "id": "node/8842492210"
    },
    {
      "type": "Feature",
      "properties": {
        "@id": "node/8843066203",
        "amenity": "pharmacy",
        "healthcare": "pharmacy",
        "name": "Pharmacie Marthe Robin",
        "project:opencities_abidjan": "yes",
        "source": "survey",
        "source:date": "2021/03/05"
      },
      "geometry": {
        "type": "Point",
        "coordinates": [
          -3.9558734,
          5.3746487
        ]
      },
      "id": "node/8843066203"
    },
    {
      "type": "Feature",
      "properties": {
        "@id": "node/8846760269",
        "amenity": "doctors",
        "description": "Consultation hospitalisation accouchement bloc opératoire laboratoire imagerie médicale",
        "fid": "585",
        "healthcare": "doctor",
        "name": "Assistance Médicale en Côte d'Ivoire",
        "project:opencities_abidjan": "yes",
        "source": "survey",
        "source:date": "2021/03/01"
      },
      "geometry": {
        "type": "Point",
        "coordinates": [
          -3.9722223,
          5.3756527
        ]
      },
      "id": "node/8846760269"
    },
    {
      "type": "Feature",
      "properties": {
        "@id": "node/8846760374",
        "amenity": "pharmacy",
        "fid": "472",
        "healthcare": "pharmacy",
        "name": "Pharmacie Marie Esther",
        "project:opencities_abidjan": "yes",
        "source": "survey",
        "source:date": "2021/02/26"
      },
      "geometry": {
        "type": "Point",
        "coordinates": [
          -3.9604103,
          5.3763095
        ]
      },
      "id": "node/8846760374"
    },
    {
      "type": "Feature",
      "properties": {
        "@id": "node/8846760396",
        "amenity": "clinic",
        "fid": "449",
        "healthcare": "clinic",
        "name": "Clinique médicale janick",
        "project:opencities_abidjan": "yes",
        "source": "survey",
        "source:date": "2021/02/26"
      },
      "geometry": {
        "type": "Point",
        "coordinates": [
          -3.9644343,
          5.3715359
        ]
      },
      "id": "node/8846760396"
    },
    {
      "type": "Feature",
      "properties": {
        "@id": "node/8846760397",
        "amenity": "doctors",
        "description": "Centre de santé",
        "fid": "448",
        "healthcare": "doctor",
        "name": "Restore hope",
        "project:opencities_abidjan": "yes",
        "source": "survey",
        "source:date": "2021/02/26"
      },
      "geometry": {
        "type": "Point",
        "coordinates": [
          -3.9639035,
          5.3713546
        ]
      },
      "id": "node/8846760397"
    },
    {
      "type": "Feature",
      "properties": {
        "@id": "node/8846760711",
        "amenity": "clinic",
        "fid": "109",
        "healthcare": "clinic",
        "name": "Groupe médical de l'amitié",
        "project:opencities_abidjan": "yes",
        "source": "survey",
        "source:date": "2021/02/25"
      },
      "geometry": {
        "type": "Point",
        "coordinates": [
          -3.9548997,
          5.3478929
        ]
      },
      "id": "node/8846760711"
    },
    {
      "type": "Feature",
      "properties": {
        "@id": "node/8846760712",
        "amenity": "doctors",
        "fid": "108",
        "healthcare": "doctor",
        "name": "Centre médical confessionnel CMR3",
        "project:opencities_abidjan": "yes",
        "source": "survey",
        "source:date": "2021/02/25"
      },
      "geometry": {
        "type": "Point",
        "coordinates": [
          -3.9548907,
          5.3481925
        ]
      },
      "id": "node/8846760712"
    },
    {
      "type": "Feature",
      "properties": {
        "@id": "node/8857717965",
        "amenity": "doctors",
        "healthcare": "doctor",
        "name": "Centre Medical du Triangle",
        "project:opencities_abidjan": "yes",
        "source": "survey",
        "source:date": "24/02/2021"
      },
      "geometry": {
        "type": "Point",
        "coordinates": [
          -3.9569195,
          5.3621177
        ]
      },
      "id": "node/8857717965"
    },
    {
      "type": "Feature",
      "properties": {
        "@id": "node/8857717979",
        "amenity": "doctors",
        "healthcare": "doctor",
        "name": "Centre Medical et Diagnostic sans Frontière",
        "project:opencities_abidjan": "yes",
        "source": "survey",
        "source:date": "22/02/2021"
      },
      "geometry": {
        "type": "Point",
        "coordinates": [
          -4.0002425,
          5.3338574
        ]
      },
      "id": "node/8857717979"
    },
    {
      "type": "Feature",
      "properties": {
        "@id": "node/8901538515",
        "amenity": "clinic",
        "healthcare": "clinic",
        "name": "Clinique Américaine d'Abidjan Sarl"
      },
      "geometry": {
        "type": "Point",
        "coordinates": [
          -3.9783757,
          5.3838458
        ]
      },
      "id": "node/8901538515"
    },
    {
      "type": "Feature",
      "properties": {
        "@id": "node/8905011437",
        "amenity": "pharmacy",
        "healthcare": "pharmacy",
        "name": "Pharmacie bonne fortune",
        "project:opencities_abidjan": "yes",
        "source": "survey",
        "source:date": "2021/02/24"
      },
      "geometry": {
        "type": "Point",
        "coordinates": [
          -3.9393161,
          5.3352361
        ]
      },
      "id": "node/8905011437"
    },
    {
      "type": "Feature",
      "properties": {
        "@id": "node/8905011458",
        "amenity": "clinic",
        "healthcare": "clinic",
        "name": "Centre de Sante n'badon",
        "project:opencities_abidjan": "yes",
        "source": "survey",
        "source:date": "2021/02/24"
      },
      "geometry": {
        "type": "Point",
        "coordinates": [
          -3.9358252,
          5.3314706
        ]
      },
      "id": "node/8905011458"
    },
    {
      "type": "Feature",
      "properties": {
        "@id": "node/8905249424",
        "amenity": "clinic",
        "healthcare": "clinic",
        "name": "Centre de Santé des douanes",
        "project:opencities_abidjan": "yes",
        "source": "survey",
        "source:date": "2021/02/24"
      },
      "geometry": {
        "type": "Point",
        "coordinates": [
          -4.0093902,
          5.3311741
        ]
      },
      "id": "node/8905249424"
    },
    {
      "type": "Feature",
      "properties": {
        "@id": "node/8907729005",
        "amenity": "clinic",
        "healthcare": "clinic",
        "name": "Clinique Saint georges",
        "project:opencities_abidjan": "yes",
        "source": "survey",
        "source:date": "2021/02/25"
      },
      "geometry": {
        "type": "Point",
        "coordinates": [
          -3.9849553,
          5.3848109
        ]
      },
      "id": "node/8907729005"
    },
    {
      "type": "Feature",
      "properties": {
        "@id": "node/8914869743",
        "amenity": "doctors",
        "healthcare": "doctor",
        "name": "Centre de sante",
        "project:opencities_abidjan": "yes",
        "source": "survey",
        "source:date": "2021/02/25"
      },
      "geometry": {
        "type": "Point",
        "coordinates": [
          -4.0126263,
          5.4146569
        ]
      },
      "id": "node/8914869743"
    },
    {
      "type": "Feature",
      "properties": {
        "@id": "node/8914869773",
        "amenity": "doctors",
        "healthcare": "doctor",
        "name": "Infirmerie",
        "project:opencities_abidjan": "yes",
        "source": "survey",
        "source:date": "2021/02/25"
      },
      "geometry": {
        "type": "Point",
        "coordinates": [
          -4.01292,
          5.4183752
        ]
      },
      "id": "node/8914869773"
    },
    {
      "type": "Feature",
      "properties": {
        "@id": "node/8914869799",
        "amenity": "doctors",
        "healthcare": "doctor",
        "name": "Centre de consultation et soin traditionnelle",
        "project:opencities_abidjan": "yes",
        "source": "survey",
        "source:date": "2021/02/25"
      },
      "geometry": {
        "type": "Point",
        "coordinates": [
          -4.0186465,
          5.4236409
        ]
      },
      "id": "node/8914869799"
    },
    {
      "type": "Feature",
      "properties": {
        "@id": "node/8918383624",
        "amenity": "doctors",
        "healthcare": "doctor",
        "name": "Mamaci, mutuelle de medecine africaine",
        "project:opencities_abidjan": "yes",
        "source": "survey",
        "source:date": "2021/02/25"
      },
      "geometry": {
        "type": "Point",
        "coordinates": [
          -4.0062158,
          5.4105961
        ]
      },
      "id": "node/8918383624"
    },
    {
      "type": "Feature",
      "properties": {
        "@id": "node/8922348320",
        "amenity": "doctors",
        "healthcare": "doctor",
        "name": "Centre medical le nouveau lotus",
        "project:opencities_abidjan": "yes",
        "source": "survey",
        "source:date": "2021/02/25"
      },
      "geometry": {
        "type": "Point",
        "coordinates": [
          -3.9781512,
          5.4022001
        ]
      },
      "id": "node/8922348320"
    },
    {
      "type": "Feature",
      "properties": {
        "@id": "node/8922348338",
        "amenity": "doctors",
        "healthcare": "doctor",
        "name": "Centre medical 8ieme tranche",
        "project:opencities_abidjan": "yes",
        "source": "survey",
        "source:date": "2021/02/25"
      },
      "geometry": {
        "type": "Point",
        "coordinates": [
          -3.9775457,
          5.398897
        ]
      },
      "id": "node/8922348338"
    },
    {
      "type": "Feature",
      "properties": {
        "@id": "node/8941825932",
        "amenity": "pharmacy",
        "dispensing": "yes",
        "drive_through": "no",
        "healthcare": "pharmacy",
        "name": "Parmacie Saint Clementine"
      },
      "geometry": {
        "type": "Point",
        "coordinates": [
          -3.9557343,
          5.4050213
        ]
      },
      "id": "node/8941825932"
    },
    {
      "type": "Feature",
      "properties": {
        "@id": "node/8984414621",
        "amenity": "doctors",
        "healthcare": "doctor",
        "name": "GBOCHI FERTILITÉ Médicament Bio",
        "project:opencities_abidjan": "yes",
        "source": "survey",
        "source:date": "2021/02/26"
      },
      "geometry": {
        "type": "Point",
        "coordinates": [
          -3.9813129,
          5.4132835
        ]
      },
      "id": "node/8984414621"
    },
    {
      "type": "Feature",
      "properties": {
        "@id": "node/8984427960",
        "amenity": "clinic",
        "healthcare": "clinic",
        "name": "Maternité Privée Espérance",
        "project:opencities_abidjan": "yes",
        "source": "survey",
        "source:date": "2021/03/03"
      },
      "geometry": {
        "type": "Point",
        "coordinates": [
          -4.0074465,
          5.4062398
        ]
      },
      "id": "node/8984427960"
    },
    {
      "type": "Feature",
      "properties": {
        "@id": "node/9012261317",
        "amenity": "doctors",
        "healthcare": "doctor",
        "name": "Centre de secours médical social Al-Rafi"
      },
      "geometry": {
        "type": "Point",
        "coordinates": [
          -4.0842122,
          5.3528839
        ]
      },
      "id": "node/9012261317"
    },
    {
      "type": "Feature",
      "properties": {
        "@id": "node/9024562451",
        "amenity": "pharmacy",
        "healthcare": "pharmacy",
        "name": "Pharmacie Baraka",
        "project:opencities_abidjan": "yes",
        "source": "survey",
        "source:date": "2021/03/03"
      },
      "geometry": {
        "type": "Point",
        "coordinates": [
          -4.0120852,
          5.4106905
        ]
      },
      "id": "node/9024562451"
    },
    {
      "type": "Feature",
      "properties": {
        "@id": "node/9054375317",
        "addr:housenumber": "126",
        "amenity": "clinic",
        "healthcare": "clinic",
        "name": "Clinique des arcades"
      },
      "geometry": {
        "type": "Point",
        "coordinates": [
          -3.9736937,
          5.2811287
        ]
      },
      "id": "node/9054375317"
    },
    {
      "type": "Feature",
      "properties": {
        "@id": "node/9067392119",
        "amenity": "pharmacy",
        "healthcare": "pharmacy",
        "name": "Pharmacie Sainte-Marie Majeure"
      },
      "geometry": {
        "type": "Point",
        "coordinates": [
          -3.9715068,
          5.2772078
        ]
      },
      "id": "node/9067392119"
    },
    {
      "type": "Feature",
      "properties": {
        "@id": "node/9134561994",
        "amenity": "clinic",
        "healthcare": "clinic",
        "name": "Clinique Hôtel Dieu"
      },
      "geometry": {
        "type": "Point",
        "coordinates": [
          -4.0091128,
          5.2981316
        ]
      },
      "id": "node/9134561994"
    },
    {
      "type": "Feature",
      "properties": {
        "@id": "node/9259536930",
        "amenity": "pharmacy",
        "healthcare": "pharmacy",
        "name": "Pharmacie Emmanuel"
      },
      "geometry": {
        "type": "Point",
        "coordinates": [
          -3.9827652,
          5.4010719
        ]
      },
      "id": "node/9259536930"
    },
    {
      "type": "Feature",
      "properties": {
        "@id": "node/9280294979",
        "amenity": "hospital",
        "healthcare": "hospital",
        "name": "Clinique Polymed"
      },
      "geometry": {
        "type": "Point",
        "coordinates": [
          -3.9940901,
          5.3075339
        ]
      },
      "id": "node/9280294979"
    },
    {
      "type": "Feature",
      "properties": {
        "@id": "node/9280306368",
        "amenity": "hospital",
        "healthcare": "hospital",
        "name": "Polyclinique Avicenne"
      },
      "geometry": {
        "type": "Point",
        "coordinates": [
          -3.9966557,
          5.3162153
        ]
      },
      "id": "node/9280306368"
    },
    {
      "type": "Feature",
      "properties": {
        "@id": "node/9408388543",
        "amenity": "pharmacy",
        "healthcare": "pharmacy",
        "name": "Pharmacie Maty"
      },
      "geometry": {
        "type": "Point",
        "coordinates": [
          -4.0931599,
          5.3271759
        ]
      },
      "id": "node/9408388543"
    },
    {
      "type": "Feature",
      "properties": {
        "@id": "node/9509792667",
        "amenity": "pharmacy",
        "healthcare": "pharmacy"
      },
      "geometry": {
        "type": "Point",
        "coordinates": [
          -4.0180001,
          5.3261416
        ]
      },
      "id": "node/9509792667"
    },
    {
      "type": "Feature",
      "properties": {
        "@id": "node/9589949154",
        "amenity": "doctors",
        "healthcare": "doctor",
        "name": "Grace santé"
      },
      "geometry": {
        "type": "Point",
        "coordinates": [
          -4.0653632,
          5.363758
        ]
      },
      "id": "node/9589949154"
    },
    {
      "type": "Feature",
      "properties": {
        "@id": "node/9599305899",
        "amenity": "pharmacy",
        "healthcare": "pharmacy",
        "name": "Pharmacie Rivera M'Badon"
      },
      "geometry": {
        "type": "Point",
        "coordinates": [
          -3.9422613,
          5.3328741
        ]
      },
      "id": "node/9599305899"
    },
    {
      "type": "Feature",
      "properties": {
        "@id": "node/9642459754",
        "amenity": "pharmacy",
        "healthcare": "pharmacy",
        "name": "Pharmacie Nour D’Anono"
      },
      "geometry": {
        "type": "Point",
        "coordinates": [
          -4.0099967,
          5.4210294
        ]
      },
      "id": "node/9642459754"
    },
    {
      "type": "Feature",
      "properties": {
        "@id": "node/9901466844",
        "amenity": "pharmacy",
        "healthcare": "pharmacy",
        "name": "Pharmacie Sebroko"
      },
      "geometry": {
        "type": "Point",
        "coordinates": [
          -4.0345701,
          5.349425
        ]
      },
      "id": "node/9901466844"
    },
    {
      "type": "Feature",
      "properties": {
        "@id": "node/9905403140",
        "amenity": "clinic",
        "healthcare": "clinic",
        "name": "Clinique Sainte Henriette"
      },
      "geometry": {
        "type": "Point",
        "coordinates": [
          -3.9738242,
          5.3992389
        ]
      },
      "id": "node/9905403140"
    },
    {
      "type": "Feature",
      "properties": {
        "@id": "node/9910030955",
        "amenity": "pharmacy",
        "healthcare": "pharmacy",
        "name": "Pharmacie Belle vue d’angré"
      },
      "geometry": {
        "type": "Point",
        "coordinates": [
          -3.971162,
          5.4005721
        ]
      },
      "id": "node/9910030955"
    },
    {
      "type": "Feature",
      "properties": {
        "@id": "node/9911095308",
        "addr:street": "route d’abatta",
        "amenity": "clinic",
        "healthcare": "clinic",
        "name": "Clinique Mère des Anges"
      },
      "geometry": {
        "type": "Point",
        "coordinates": [
          -3.9267707,
          5.3636588
        ]
      },
      "id": "node/9911095308"
    },
    {
      "type": "Feature",
      "properties": {
        "@id": "node/9911106786",
        "amenity": "pharmacy",
        "healthcare": "pharmacy",
        "name": "Pharmacie Route d’Abatta"
      },
      "geometry": {
        "type": "Point",
        "coordinates": [
          -3.9269306,
          5.3643081
        ]
      },
      "id": "node/9911106786"
    },
    {
      "type": "Feature",
      "properties": {
        "@id": "node/9959423655",
        "amenity": "pharmacy",
        "dispensing": "yes",
        "healthcare": "pharmacy",
        "name": "Pharmacie des Nations"
      },
      "geometry": {
        "type": "Point",
        "coordinates": [
          -3.9895557,
          5.3968011
        ]
      },
      "id": "node/9959423655"
    },
    {
      "type": "Feature",
      "properties": {
        "@id": "node/10049288517",
        "amenity": "pharmacy",
        "healthcare": "pharmacy",
        "name": "Pharmacie Koweït marché"
      },
      "geometry": {
        "type": "Point",
        "coordinates": [
          -4.053455,
          5.3150304
        ]
      },
      "id": "node/10049288517"
    },
    {
      "type": "Feature",
      "properties": {
        "@id": "node/10068480563",
        "amenity": "pharmacy",
        "healthcare": "pharmacy",
        "name": "Pharmacie Assonvon"
      },
      "geometry": {
        "type": "Point",
        "coordinates": [
          -4.0680857,
          5.3327591
        ]
      },
      "id": "node/10068480563"
    },
    {
      "type": "Feature",
      "properties": {
        "@id": "node/10175640118",
        "addr:city": "Abidjan",
        "amenity": "pharmacy",
        "dispensing": "yes",
        "healthcare": "pharmacy"
      },
      "geometry": {
        "type": "Point",
        "coordinates": [
          -4.0140093,
          5.3221028
        ]
      },
      "id": "node/10175640118"
    },
    {
      "type": "Feature",
      "properties": {
        "@id": "node/10196654548",
        "amenity": "pharmacy",
        "healthcare": "pharmacy",
        "name": "Pharmacie ebena"
      },
      "geometry": {
        "type": "Point",
        "coordinates": [
          -3.9925459,
          5.3467062
        ]
      },
      "id": "node/10196654548"
    },
    {
      "type": "Feature",
      "properties": {
        "@id": "node/10196654550",
        "amenity": "pharmacy",
        "healthcare": "pharmacy",
        "name": "Pharmacie l'Oasis de Paix"
      },
      "geometry": {
        "type": "Point",
        "coordinates": [
          -3.9890724,
          5.3460452
        ]
      },
      "id": "node/10196654550"
    },
    {
      "type": "Feature",
      "properties": {
        "@id": "node/10198279680",
        "amenity": "pharmacy",
        "healthcare": "pharmacy",
        "name": "Pharmacie Philadelphie",
        "phone": "+2250544623542"
      },
      "geometry": {
        "type": "Point",
        "coordinates": [
          -3.9577755,
          5.3308854
        ]
      },
      "id": "node/10198279680"
    },
    {
      "type": "Feature",
      "properties": {
        "@id": "node/10277898987",
        "amenity": "pharmacy",
        "healthcare": "pharmacy",
        "name": "Pharmacie Des Cités"
      },
      "geometry": {
        "type": "Point",
        "coordinates": [
          -3.9210769,
          5.3708594
        ]
      },
      "id": "node/10277898987"
    },
    {
      "type": "Feature",
      "properties": {
        "@id": "node/10563693409",
        "amenity": "pharmacy",
        "healthcare": "pharmacy",
        "name": "PDZ TRV 105"
      },
      "geometry": {
        "type": "Point",
        "coordinates": [
          -3.9904886,
          5.2954575
        ]
      },
      "id": "node/10563693409"
    },
    {
      "type": "Feature",
      "properties": {
        "@id": "node/10601611707",
        "amenity": "pharmacy",
        "healthcare": "pharmacy",
        "name": "Pharmacie marina"
      },
      "geometry": {
        "type": "Point",
        "coordinates": [
          -3.9087908,
          5.3661278
        ]
      },
      "id": "node/10601611707"
    },
    {
      "type": "Feature",
      "properties": {
        "@id": "node/10697146325",
        "addr:street": "Rue M24",
        "amenity": "pharmacy",
        "healthcare": "pharmacy",
        "name": "Pharmacie Christ Roi"
      },
      "geometry": {
        "type": "Point",
        "coordinates": [
          -4.0474868,
          5.3306036
        ]
      },
      "id": "node/10697146325"
    },
    {
      "type": "Feature",
      "properties": {
        "@id": "node/10735971305",
        "amenity": "hospital",
        "healthcare": "hospital",
        "name": "Formation sanitaire urbaine Edmond Basque du plateau"
      },
      "geometry": {
        "type": "Point",
        "coordinates": [
          -4.0266821,
          5.3280423
        ]
      },
      "id": "node/10735971305"
    },
    {
      "type": "Feature",
      "properties": {
        "@id": "node/10738250905",
        "amenity": "hospital",
        "healthcare": "hospital",
        "name": "Centre de santé d'akoupe ZEUDJI"
      },
      "geometry": {
        "type": "Point",
        "coordinates": [
          -4.1554018,
          5.4791169
        ]
      },
      "id": "node/10738250905"
    },
    {
      "type": "Feature",
      "properties": {
        "@id": "node/10860939937",
        "amenity": "clinic",
        "healthcare": "clinic",
        "name": "Centre médical Curantis",
        "phone": "0788006257"
      },
      "geometry": {
        "type": "Point",
        "coordinates": [
          -3.931269,
          5.3794029
        ]
      },
      "id": "node/10860939937"
    },
    {
      "type": "Feature",
      "properties": {
        "@id": "node/10860995493",
        "amenity": "clinic",
        "healthcare": "clinic",
        "name": "Clinique mère des anges"
      },
      "geometry": {
        "type": "Point",
        "coordinates": [
          -3.9266836,
          5.363563
        ]
      },
      "id": "node/10860995493"
    },
    {
      "type": "Feature",
      "properties": {
        "@id": "node/11034139690",
        "amenity": "pharmacy",
        "healthcare": "pharmacy",
        "name": "Pharmacie notre Dame de la vie"
      },
      "geometry": {
        "type": "Point",
        "coordinates": [
          -4.1313759,
          5.3360697
        ]
      },
      "id": "node/11034139690"
    },
    {
      "type": "Feature",
      "properties": {
        "@id": "node/11050945908",
        "addr:city": "Abidjan",
        "addr:housenumber": "10 Bp 203 Abj 10",
        "addr:postcode": "225",
        "addr:street": "Rue I37",
        "amenity": "hospital",
        "emergency": "yes",
        "healthcare": "hospital",
        "healthcare:speciality": "gynaecology;general;paediatrics;cardiology",
        "name": "Centre Médical Tassala",
        "operator": "Centre Médiocal Tassala",
        "operator:type": "private",
        "phone": "+225 27 21 53 77 54"
      },
      "geometry": {
        "type": "Point",
        "coordinates": [
          -3.9485427,
          5.3020081
        ]
      },
      "id": "node/11050945908"
    },
    {
      "type": "Feature",
      "properties": {
        "@id": "node/11155792331",
        "amenity": "hospital",
        "healthcare": "hospital",
        "name": "Clinique medicale"
      },
      "geometry": {
        "type": "Point",
        "coordinates": [
          -4.0057913,
          5.3892526
        ]
      },
      "id": "node/11155792331"
    },
    {
      "type": "Feature",
      "properties": {
        "@id": "node/11155843832",
        "amenity": "hospital",
        "healthcare": "hospital",
        "name": "Centre anti tuberculeux HMA"
      },
      "geometry": {
        "type": "Point",
        "coordinates": [
          -4.0077429,
          5.3799473
        ]
      },
      "id": "node/11155843832"
    },
    {
      "type": "Feature",
      "properties": {
        "@id": "node/11183385644",
        "amenity": "pharmacy",
        "healthcare": "pharmacy",
        "name": "Pharmacie du Château"
      },
      "geometry": {
        "type": "Point",
        "coordinates": [
          -4.0516479,
          5.4894552
        ]
      },
      "id": "node/11183385644"
    },
    {
      "type": "Feature",
      "properties": {
        "@id": "node/11183385646",
        "amenity": "pharmacy",
        "healthcare": "pharmacy",
        "name": "Pharmacie du Marché d'Anyama"
      },
      "geometry": {
        "type": "Point",
        "coordinates": [
          -4.0519162,
          5.4954331
        ]
      },
      "id": "node/11183385646"
    },
    {
      "type": "Feature",
      "properties": {
        "@id": "node/11195703749",
        "amenity": "hospital",
        "healthcare": "hospital",
        "name": "Cité Medical La Roseraie"
      },
      "geometry": {
        "type": "Point",
        "coordinates": [
          -4.0261893,
          5.4326052
        ]
      },
      "id": "node/11195703749"
    },
    {
      "type": "Feature",
      "properties": {
        "@id": "node/11195832443",
        "amenity": "pharmacy",
        "healthcare": "pharmacy",
        "name": "Pharmacie Principale Aboboté"
      },
      "geometry": {
        "type": "Point",
        "coordinates": [
          -4.0009742,
          5.4107562
        ]
      },
      "id": "node/11195832443"
    },
    {
      "type": "Feature",
      "properties": {
        "@id": "node/11195880524",
        "amenity": "hospital",
        "healthcare": "hospital",
        "name": "Clinique Médicale de la Colombe"
      },
      "geometry": {
        "type": "Point",
        "coordinates": [
          -3.9870121,
          5.3829786
        ]
      },
      "id": "node/11195880524"
    },
    {
      "type": "Feature",
      "properties": {
        "@id": "node/11208009377",
        "amenity": "pharmacy",
        "healthcare": "pharmacy",
        "name": "Pharmacie Ste Trinité"
      },
      "geometry": {
        "type": "Point",
        "coordinates": [
          -4.0004429,
          5.3684748
        ]
      },
      "id": "node/11208009377"
    },
    {
      "type": "Feature",
      "properties": {
        "@id": "node/11243431660",
        "amenity": "pharmacy",
        "healthcare": "pharmacy",
        "name": "Pharmacie de L'antenne de Abobo"
      },
      "geometry": {
        "type": "Point",
        "coordinates": [
          -4.0242135,
          5.4193989
        ]
      },
      "id": "node/11243431660"
    },
    {
      "type": "Feature",
      "properties": {
        "@id": "node/11262735969",
        "amenity": "pharmacy",
        "healthcare": "pharmacy",
        "name": "Pharmacie Saint Joseph Vallon"
      },
      "geometry": {
        "type": "Point",
        "coordinates": [
          -3.9900708,
          5.3693471
        ]
      },
      "id": "node/11262735969"
    },
    {
      "type": "Feature",
      "properties": {
        "@id": "node/11300019969",
        "amenity": "pharmacy",
        "healthcare": "pharmacy",
        "name": "Pharmacien de la Zone 3"
      },
      "geometry": {
        "type": "Point",
        "coordinates": [
          -3.9872781,
          5.295107
        ]
      },
      "id": "node/11300019969"
    },
    {
      "type": "Feature",
      "properties": {
        "@id": "node/11446004869",
        "amenity": "clinic",
        "healthcare": "clinic",
        "name": "DJO 208"
      },
      "geometry": {
        "type": "Point",
        "coordinates": [
          -3.927048,
          5.3869029
        ]
      },
      "id": "node/11446004869"
    },
    {
      "type": "Feature",
      "properties": {
        "@id": "node/11491463669",
        "amenity": "pharmacy",
        "healthcare": "pharmacy",
        "name": "Pharmacie du Boulevard du Gabon"
      },
      "geometry": {
        "type": "Point",
        "coordinates": [
          -3.9719362,
          5.2924941
        ]
      },
      "id": "node/11491463669"
    },
    {
      "type": "Feature",
      "properties": {
        "@id": "node/11491666269",
        "amenity": "pharmacy",
        "healthcare": "pharmacy"
      },
      "geometry": {
        "type": "Point",
        "coordinates": [
          -3.9861184,
          5.2976252
        ]
      },
      "id": "node/11491666269"
    },
    {
      "type": "Feature",
      "properties": {
        "@id": "node/11587873170",
        "amenity": "clinic",
        "healthcare": "clinic",
        "name": "Groupe Médical de l'Amitié Riviera 3"
      },
      "geometry": {
        "type": "Point",
        "coordinates": [
          -3.9546542,
          5.3556282
        ]
      },
      "id": "node/11587873170"
    },
    {
      "type": "Feature",
      "properties": {
        "@id": "node/11594210670",
        "amenity": "pharmacy",
        "healthcare": "pharmacy",
        "name": "PHARMACIE FANDASSO"
      },
      "geometry": {
        "type": "Point",
        "coordinates": [
          -3.9854504,
          5.4110233
        ]
      },
      "id": "node/11594210670"
    },
    {
      "type": "Feature",
      "properties": {
        "@id": "node/11594216070",
        "amenity": "hospital",
        "healthcare": "hospital",
        "name": "CSU COM NIANGON LOKOA"
      },
      "geometry": {
        "type": "Point",
        "coordinates": [
          -4.1004492,
          5.3154171
        ]
      },
      "id": "node/11594216070"
    },
    {
      "type": "Feature",
      "properties": {
        "@id": "node/11594216169",
        "amenity": "hospital",
        "healthcare": "hospital",
        "name": "CSU COM NIANGON LOKOA - DISPENSAIRE"
      },
      "geometry": {
        "type": "Point",
        "coordinates": [
          -4.1000519,
          5.3153317
        ]
      },
      "id": "node/11594216169"
    },
    {
      "type": "Feature",
      "properties": {
        "@id": "node/11670590265",
        "amenity": "pharmacy",
        "healthcare": "pharmacy"
      },
      "geometry": {
        "type": "Point",
        "coordinates": [
          -4.1494034,
          5.4022213
        ]
      },
      "id": "node/11670590265"
    },
    {
      "type": "Feature",
      "properties": {
        "@id": "node/11866198469",
        "amenity": "pharmacy",
        "healthcare": "pharmacy",
        "name": "Pharmacie du Port"
      },
      "geometry": {
        "type": "Point",
        "coordinates": [
          -4.0085304,
          5.2890536
        ]
      },
      "id": "node/11866198469"
    },
    {
      "type": "Feature",
      "properties": {
        "@id": "node/11872376107",
        "amenity": "pharmacy",
        "healthcare": "pharmacy",
        "name": "Pharmacie de la Gare Sud"
      },
      "geometry": {
        "type": "Point",
        "coordinates": [
          -4.0179319,
          5.3148525
        ]
      },
      "id": "node/11872376107"
    },
    {
      "type": "Feature",
      "properties": {
        "@id": "node/11937367972",
        "amenity": "pharmacy",
        "healthcare": "pharmacy",
        "name": "Pharmacie des Pavillons"
      },
      "geometry": {
        "type": "Point",
        "coordinates": [
          -3.9885962,
          5.3612462
        ]
      },
      "id": "node/11937367972"
    },
    {
      "type": "Feature",
      "properties": {
        "@id": "node/11970836680",
        "amenity": "pharmacy",
        "healthcare": "pharmacy",
        "name": "Pharmacie Notre-Dame de la Piété"
      },
      "geometry": {
        "type": "Point",
        "coordinates": [
          -4.0002534,
          5.3337045
        ]
      },
      "id": "node/11970836680"
    },
    {
      "type": "Feature",
      "properties": {
        "@id": "node/11990648571",
        "amenity": "pharmacy",
        "healthcare": "pharmacy",
        "name": "Pharmacie Route du Zoo"
      },
      "geometry": {
        "type": "Point",
        "coordinates": [
          -4.0070714,
          5.387211
        ]
      },
      "id": "node/11990648571"
    },
    {
      "type": "Feature",
      "properties": {
        "@id": "node/12059902017",
        "amenity": "pharmacy",
        "healthcare": "pharmacy",
        "name": "Pharmacie Ave Maria"
      },
      "geometry": {
        "type": "Point",
        "coordinates": [
          -3.9785628,
          5.3984658
        ]
      },
      "id": "node/12059902017"
    },
    {
      "type": "Feature",
      "properties": {
        "@id": "node/12122258222",
        "amenity": "pharmacy",
        "healthcare": "pharmacy"
      },
      "geometry": {
        "type": "Point",
        "coordinates": [
          -3.9561506,
          5.3995314
        ]
      },
      "id": "node/12122258222"
    },
    {
      "type": "Feature",
      "properties": {
        "@id": "node/12215870801",
        "addr:street": "Boulevard Latrille",
        "amenity": "pharmacy",
        "name": "Pharmacie Las Palmas"
      },
      "geometry": {
        "type": "Point",
        "coordinates": [
          -3.994841,
          5.3803958
        ]
      },
      "id": "node/12215870801"
    },
    {
      "type": "Feature",
      "properties": {
        "@id": "node/12299979401",
        "amenity": "pharmacy",
        "name": "Pharmacie Atele"
      },
      "geometry": {
        "type": "Point",
        "coordinates": [
          -4.1866466,
          5.3293423
        ]
      },
      "id": "node/12299979401"
    },
    {
      "type": "Feature",
      "properties": {
        "@id": "node/12367478301",
        "amenity": "clinic",
        "name": "Clinique Mère Marie"
      },
      "geometry": {
        "type": "Point",
        "coordinates": [
          -4.0000473,
          5.3728506
        ]
      },
      "id": "node/12367478301"
    },
    {
      "type": "Feature",
      "properties": {
        "@id": "node/12372440809",
        "alt_name": "Clinique de Cocody La Grâce",
        "amenity": "clinic",
        "healthcare": "clinic",
        "name": "Clinique Médicale de Cocody"
      },
      "geometry": {
        "type": "Point",
        "coordinates": [
          -4.001431,
          5.3449234
        ]
      },
      "id": "node/12372440809"
    },
    {
      "type": "Feature",
      "properties": {
        "@id": "node/12547796594",
        "amenity": "pharmacy",
        "healthcare": "pharmacy",
        "name": "Dépôt pharmaceutique de Allokoi"
      },
      "geometry": {
        "type": "Point",
        "coordinates": [
          -4.1518318,
          5.4022761
        ]
      },
      "id": "node/12547796594"
    },
    {
      "type": "Feature",
      "properties": {
        "@id": "node/12554795711",
        "amenity": "pharmacy",
        "healthcare": "pharmacy",
        "name": "Dépôt pharmaceutique de Ahouabo"
      },
      "geometry": {
        "type": "Point",
        "coordinates": [
          -4.0255424,
          5.5031405
        ]
      },
      "id": "node/12554795711"
    },
    {
      "type": "Feature",
      "properties": {
        "@id": "node/12592991000",
        "amenity": "pharmacy",
        "healthcare": "pharmacy"
      },
      "geometry": {
        "type": "Point",
        "coordinates": [
          -4.0036483,
          5.3264289
        ]
      },
      "id": "node/12592991000"
    },
    {
      "type": "Feature",
      "properties": {
        "@id": "node/12596032601",
        "amenity": "doctors",
        "name": "Centre Médical Soleil"
      },
      "geometry": {
        "type": "Point",
        "coordinates": [
          -3.9708975,
          5.2768045
        ]
      },
      "id": "node/12596032601"
    },
    {
      "type": "Feature",
      "properties": {
        "@id": "node/12616053001",
        "amenity": "pharmacy",
        "healthcare": "pharmacy",
        "name": "Pharmacie Saint-Antoine",
        "old_addr:place": "Angle rue Berté Siaka / rue Amalan Georges"
      },
      "geometry": {
        "type": "Point",
        "coordinates": [
          -3.9766226,
          5.2882605
        ]
      },
      "id": "node/12616053001"
    },
    {
      "type": "Feature",
      "properties": {
        "@id": "node/12621499901",
        "amenity": "pharmacy",
        "name": "Pharmacie Notre Dame d’Afrique"
      },
      "geometry": {
        "type": "Point",
        "coordinates": [
          -3.9759081,
          5.2732351
        ]
      },
      "id": "node/12621499901"
    },
    {
      "type": "Feature",
      "properties": {
        "@id": "node/12626038401",
        "amenity": "pharmacy",
        "name": "Pharmacie Langevin"
      },
      "geometry": {
        "type": "Point",
        "coordinates": [
          -3.9820812,
          5.2883483
        ]
      },
      "id": "node/12626038401"
    },
    {
      "type": "Feature",
      "properties": {
        "@id": "node/12657214890",
        "addr:city": "Abidjan",
        "addr:street": "Rue L149",
        "alt_name": "Centre Médical EDLONA",
        "amenity": "doctors",
        "contact:city": "Cocody, Angré 7ème tranche",
        "contact:fax": "+2252720219127",
        "contact:phone": "+2252720219130",
        "contact:street": "rue L 149",
        "healthcare": "doctor",
        "healthcare:speciality": "cardiology",
        "name": "Centre Médical de Cardiologie EDLONA",
        "phone": "+2250708815010"
      },
      "geometry": {
        "type": "Point",
        "coordinates": [
          -3.9878038,
          5.3937833
        ]
      },
      "id": "node/12657214890"
    },
    {
      "type": "Feature",
      "properties": {
        "@id": "node/12694967602",
        "amenity": "pharmacy",
        "healthcare": "pharmacy",
        "name": "Saint Saureur"
      },
      "geometry": {
        "type": "Point",
        "coordinates": [
          -4.1497753,
          5.3419762
        ]
      },
      "id": "node/12694967602"
    },
    {
      "type": "Feature",
      "properties": {
        "@id": "node/12696004289",
        "amenity": "pharmacy",
        "name": "Pharmacie Les écluses"
      },
      "geometry": {
        "type": "Point",
        "coordinates": [
          -4.0739759,
          5.3657956
        ]
      },
      "id": "node/12696004289"
    },
    {
      "type": "Feature",
      "properties": {
        "@id": "node/12800189601",
        "addr:housenumber": "2721770421",
        "addr:street": "Boulevard du Cameroun",
        "amenity": "doctors",
        "email": "centmedspecial@gmail.com",
        "name": "Centre médical du Remblais",
        "opening_hours": "Mo-Su 06:30-18:00",
        "phone": "0707685056"
      },
      "geometry": {
        "type": "Point",
        "coordinates": [
          -3.9689729,
          5.2966023
        ]
      },
      "id": "node/12800189601"
    },
    {
      "type": "Feature",
      "properties": {
        "@id": "node/12994321980",
        "amenity": "hospital",
        "healthcare": "hospital",
        "name": "Clin"
      },
      "geometry": {
        "type": "Point",
        "coordinates": [
          -4.1121002,
          5.3245257
        ]
      },
      "id": "node/12994321980"
    },
    {
      "type": "Feature",
      "properties": {
        "@id": "node/12994742546",
        "amenity": "hospital",
        "healthcare": "hospital",
        "name": "PHARMACIE ST BERNARD"
      },
      "geometry": {
        "type": "Point",
        "coordinates": [
          -3.9793566,
          5.3672212
        ]
      },
      "id": "node/12994742546"
    },
    {
      "type": "Feature",
      "properties": {
        "@id": "node/13238699701",
        "addr:housenumber": "77",
        "addr:street": "Rue Gori Marcelin",
        "amenity": "clinic",
        "name": "Clinique Osirix",
        "opening_hours": "24/7"
      },
      "geometry": {
        "type": "Point",
        "coordinates": [
          -3.9637916,
          5.3699535
        ]
      },
      "id": "node/13238699701"
    }
  ]
}