{
  "type": "FeatureCollection",
  "generator": "overpass-turbo",
  "copyright": "The data included in this document is from www.openstreetmap.org. The data is made available under ODbL.",
  "timestamp": "2025-11-04T19:09:24Z",
  "features": [
    {
      "type": "Feature",
      "properties": {
        "@id": "relation/3308305",
        "admin_level": "8",
        "boundary": "administrative",
        "name": "Treichville",
        "name:ar": "تريشفيل",
        "place": "municipality",
        "population": "120526",
        "type": "boundary",
        "wikidata": "Q493643",
        "wikipedia": "fr:Treichville"
      },
      "geometry": {
        "type": "Polygon",
        "coordinates": [
          [
            [
              -4.0336151,
              5.304286
            ],
            [
              -4.0321879,
              5.3028944
            ],
            [
              -4.0209254,
              5.2919131
            ],
            [
              -4.0205774,
              5.271378
            ],
            [
              -4.0128847,
              5.2695067
            ],
            [
              -4.0112887,
              5.2695789
            ],
            [
              -4.0106514,
              5.2699243
            ],
            [
              -4.0093783,
              5.2706144
            ],
            [
              -3.9999955,
              5.2778383
            ],
            [
              -3.9916527,
              5.2856161
            ],
            [
              -3.9922719,
              5.2902342
            ],
            [
              -3.9924449,
              5.2913855
            ],
            [
              -3.9930361,
              5.2955751
            ],
            [
              -3.9931215,
              5.2962067
            ],
            [
              -3.9931421,
              5.2963516
            ],
            [
              -3.9933055,
              5.297468
            ],
            [
              -3.9936271,
              5.2997934
            ],
            [
              -3.99377,
              5.3008268
            ],
            [
              -3.9938374,
              5.3013093
            ],
            [
              -3.9939658,
              5.3017657
            ],
            [
              -3.9940821,
              5.3021876
            ],
            [
              -3.9943652,
              5.3029211
            ],
            [
              -3.9947714,
              5.3038222
            ],
            [
              -3.9949477,
              5.3041613
            ],
            [
              -3.9951412,
              5.3045378
            ],
            [
              -3.9953634,
              5.3048664
            ],
            [
              -3.9955332,
              5.3050901
            ],
            [
              -3.9957529,
              5.3053305
            ],
            [
              -3.9965118,
              5.3059923
            ],
            [
              -3.996812,
              5.3062751
            ],
            [
              -3.9967965,
              5.307887
            ],
            [
              -3.9996692,
              5.3113859
            ],
            [
              -4.0041534,
              5.3178639
            ],
            [
              -4.0222611,
              5.3113348
            ],
            [
              -4.0336151,
              5.304286
            ]
          ]
        ]
      },
      "id": "relation/3308305"
    },
    {
      "type": "Feature",
      "properties": {
        "@id": "relation/3308306",
        "admin_level": "8",
        "boundary": "administrative",
        "name": "Le Plateau",
        "place": "suburb",
        "population": "137502",
        "type": "boundary",
        "wikidata": "Q960327",
        "wikipedia": "fr:Le Plateau"
      },
      "geometry": {
        "type": "Polygon",
        "coordinates": [
          [
            [
              -4.0041534,
              5.3178639
            ],
            [
              -4.0144455,
              5.3302606
            ],
            [
              -4.0144762,
              5.332058
            ],
            [
              -4.015473,
              5.3386364
            ],
            [
              -4.0162571,
              5.3393977
            ],
            [
              -4.0178135,
              5.340909
            ],
            [
              -4.0187963,
              5.340887
            ],
            [
              -4.0197097,
              5.3409783
            ],
            [
              -4.0216398,
              5.3415391
            ],
            [
              -4.0237698,
              5.3418684
            ],
            [
              -4.0237818,
              5.3382542
            ],
            [
              -4.025787,
              5.3382953
            ],
            [
              -4.0257994,
              5.3383653
            ],
            [
              -4.0258281,
              5.338476
            ],
            [
              -4.0258665,
              5.3386208
            ],
            [
              -4.0258826,
              5.3386865
            ],
            [
              -4.0262589,
              5.3396704
            ],
            [
              -4.02863,
              5.3396363
            ],
            [
              -4.0298307,
              5.3392224
            ],
            [
              -4.0296479,
              5.3387514
            ],
            [
              -4.0295271,
              5.3382083
            ],
            [
              -4.0291898,
              5.3366662
            ],
            [
              -4.0290456,
              5.3359104
            ],
            [
              -4.029031,
              5.33533
            ],
            [
              -4.029055,
              5.3350671
            ],
            [
              -4.0290864,
              5.3349765
            ],
            [
              -4.0299334,
              5.3349785
            ],
            [
              -4.0341041,
              5.3350533
            ],
            [
              -4.0299413,
              5.3198842
            ],
            [
              -4.0222611,
              5.3113348
            ],
            [
              -4.0041534,
              5.3178639
            ]
          ]
        ]
      },
      "id": "relation/3308306"
    },
    {
      "type": "Feature",
      "properties": {
        "@id": "relation/3308780",
        "admin_level": "8",
        "boundary": "administrative",
        "name": "Marcory",
        "place": "suburb",
        "population": "600000",
        "type": "boundary",
        "wikidata": "Q3290197",
        "wikipedia": "fr:Marcory"
      },
      "geometry": {
        "type": "Polygon",
        "coordinates": [
          [
            [
              -3.9645942,
              5.2735295
            ],
            [
              -3.964929,
              5.2741201
            ],
            [
              -3.965128,
              5.2744585
            ],
            [
              -3.9656062,
              5.2750503
            ],
            [
              -3.9661571,
              5.275711
            ],
            [
              -3.9669975,
              5.2766279
            ],
            [
              -3.9679555,
              5.2782176
            ],
            [
              -3.9683185,
              5.2788402
            ],
            [
              -3.9687368,
              5.2800162
            ],
            [
              -3.9692415,
              5.2822627
            ],
            [
              -3.9706064,
              5.2881299
            ],
            [
              -3.9709365,
              5.2893531
            ],
            [
              -3.9710251,
              5.2895944
            ],
            [
              -3.9711187,
              5.2898286
            ],
            [
              -3.9711937,
              5.2899807
            ],
            [
              -3.9712783,
              5.2901188
            ],
            [
              -3.9713804,
              5.2902565
            ],
            [
              -3.9715081,
              5.290389
            ],
            [
              -3.9716458,
              5.2905245
            ],
            [
              -3.972179,
              5.2908984
            ],
            [
              -3.9750981,
              5.2925103
            ],
            [
              -3.9749967,
              5.2926876
            ],
            [
              -3.9715601,
              5.2986974
            ],
            [
              -3.969097,
              5.3031303
            ],
            [
              -3.9690773,
              5.3032021
            ],
            [
              -3.9690785,
              5.303348
            ],
            [
              -3.9693591,
              5.3045967
            ],
            [
              -3.969386,
              5.3049408
            ],
            [
              -3.9695031,
              5.3054255
            ],
            [
              -3.9693017,
              5.305665
            ],
            [
              -3.9684982,
              5.3057912
            ],
            [
              -3.9670064,
              5.30588
            ],
            [
              -3.9654073,
              5.3058833
            ],
            [
              -3.9628065,
              5.3058533
            ],
            [
              -3.9614116,
              5.3056525
            ],
            [
              -3.9600657,
              5.3054883
            ],
            [
              -3.9588413,
              5.3056446
            ],
            [
              -3.9570871,
              5.3059711
            ],
            [
              -3.956374,
              5.3060187
            ],
            [
              -3.9560223,
              5.3061207
            ],
            [
              -3.9557308,
              5.3063118
            ],
            [
              -3.9553624,
              5.3067376
            ],
            [
              -3.9550255,
              5.3069317
            ],
            [
              -3.9539694,
              5.3076683
            ],
            [
              -3.9535089,
              5.3080279
            ],
            [
              -3.9531655,
              5.3084263
            ],
            [
              -3.9531148,
              5.3088344
            ],
            [
              -3.9531171,
              5.3091195
            ],
            [
              -3.9531909,
              5.3093074
            ],
            [
              -3.953307,
              5.3094847
            ],
            [
              -3.9536117,
              5.3097884
            ],
            [
              -3.9542211,
              5.3102921
            ],
            [
              -3.9545097,
              5.3105806
            ],
            [
              -3.95514,
              5.3112097
            ],
            [
              -3.9557479,
              5.3118225
            ],
            [
              -3.9559262,
              5.312191
            ],
            [
              -3.9559939,
              5.312482
            ],
            [
              -3.9561045,
              5.3128329
            ],
            [
              -3.9593389,
              5.3191788
            ],
            [
              -3.9924125,
              5.3227228
            ],
            [
              -4.0041534,
              5.3178639
            ],
            [
              -3.9996692,
              5.3113859
            ],
            [
              -3.9967965,
              5.307887
            ],
            [
              -3.996812,
              5.3062751
            ],
            [
              -3.9965118,
              5.3059923
            ],
            [
              -3.9957529,
              5.3053305
            ],
            [
              -3.9955332,
              5.3050901
            ],
            [
              -3.9953634,
              5.3048664
            ],
            [
              -3.9951412,
              5.3045378
            ],
            [
              -3.9949477,
              5.3041613
            ],
            [
              -3.9947714,
              5.3038222
            ],
            [
              -3.9943652,
              5.3029211
            ],
            [
              -3.9940821,
              5.3021876
            ],
            [
              -3.9939658,
              5.3017657
            ],
            [
              -3.9938374,
              5.3013093
            ],
            [
              -3.99377,
              5.3008268
            ],
            [
              -3.9936271,
              5.2997934
            ],
            [
              -3.9933055,
              5.297468
            ],
            [
              -3.9931421,
              5.2963516
            ],
            [
              -3.9931215,
              5.2962067
            ],
            [
              -3.9930361,
              5.2955751
            ],
            [
              -3.9924449,
              5.2913855
            ],
            [
              -3.9922719,
              5.2902342
            ],
            [
              -3.9916527,
              5.2856161
            ],
            [
              -3.9872897,
              5.274971
            ],
            [
              -3.9778143,
              5.2661212
            ],
            [
              -3.972024,
              5.2666337
            ],
            [
              -3.967263,
              5.2702214
            ],
            [
              -3.9645942,
              5.2735295
            ]
          ]
        ]
      },
      "id": "relation/3308780"
    },
    {
      "type": "Feature",
      "properties": {
        "@id": "relation/3363950",
        "admin_level": "8",
        "boundary": "administrative",
        "name": "Cocody",
        "place": "suburb",
        "population": "251000",
        "type": "boundary",
        "wikidata": "Q1105423",
        "wikipedia": "fr:Cocody"
      },
      "geometry": {
        "type": "Polygon",
        "coordinates": [
          [
            [
              -4.0136962,
              5.3527428
            ],
            [
              -4.0136481,
              5.3502165
            ],
            [
              -4.0136585,
              5.3489037
            ],
            [
              -4.0136748,
              5.3486314
            ],
            [
              -4.0137105,
              5.3483605
            ],
            [
              -4.0137434,
              5.3481225
            ],
            [
              -4.0138014,
              5.3478798
            ],
            [
              -4.0138698,
              5.347643
            ],
            [
              -4.0139506,
              5.3474255
            ],
            [
              -4.0141028,
              5.3471172
            ],
            [
              -4.0141953,
              5.3469607
            ],
            [
              -4.0142979,
              5.3467978
            ],
            [
              -4.0144436,
              5.346601
            ],
            [
              -4.0146175,
              5.3463894
            ],
            [
              -4.0148256,
              5.3461851
            ],
            [
              -4.015059,
              5.3459809
            ],
            [
              -4.0155457,
              5.3455969
            ],
            [
              -4.0161843,
              5.3450535
            ],
            [
              -4.0165732,
              5.3447291
            ],
            [
              -4.0168546,
              5.3444508
            ],
            [
              -4.0169901,
              5.3442957
            ],
            [
              -4.0171179,
              5.3441225
            ],
            [
              -4.0172621,
              5.3438931
            ],
            [
              -4.017387,
              5.3436459
            ],
            [
              -4.0174866,
              5.3434358
            ],
            [
              -4.0175617,
              5.3432444
            ],
            [
              -4.0176278,
              5.3430465
            ],
            [
              -4.0176828,
              5.3428275
            ],
            [
              -4.0177185,
              5.3426247
            ],
            [
              -4.0177482,
              5.3423923
            ],
            [
              -4.0177874,
              5.3414573
            ],
            [
              -4.0178135,
              5.340909
            ],
            [
              -4.0162571,
              5.3393977
            ],
            [
              -4.015473,
              5.3386364
            ],
            [
              -4.0144762,
              5.332058
            ],
            [
              -4.0144455,
              5.3302606
            ],
            [
              -4.0041534,
              5.3178639
            ],
            [
              -3.9924125,
              5.3227228
            ],
            [
              -3.9593389,
              5.3191788
            ],
            [
              -3.9527456,
              5.3182658
            ],
            [
              -3.9294636,
              5.3224466
            ],
            [
              -3.9287724,
              5.3313077
            ],
            [
              -3.9286855,
              5.3364269
            ],
            [
              -3.926117,
              5.3402466
            ],
            [
              -3.9255621,
              5.341056
            ],
            [
              -3.9274884,
              5.3455686
            ],
            [
              -3.9318314,
              5.3550529
            ],
            [
              -3.9317966,
              5.3571429
            ],
            [
              -3.9306115,
              5.3571395
            ],
            [
              -3.9305967,
              5.3586725
            ],
            [
              -3.9305855,
              5.3598356
            ],
            [
              -3.9311125,
              5.359836
            ],
            [
              -3.9324917,
              5.3598488
            ],
            [
              -3.9332798,
              5.3598453
            ],
            [
              -3.9331833,
              5.3620622
            ],
            [
              -3.9269055,
              5.3638652
            ],
            [
              -3.9253784,
              5.3581121
            ],
            [
              -3.9252747,
              5.3581239
            ],
            [
              -3.9239323,
              5.3585977
            ],
            [
              -3.9220975,
              5.3593045
            ],
            [
              -3.921399,
              5.3595701
            ],
            [
              -3.9212477,
              5.3596276
            ],
            [
              -3.9211246,
              5.3596745
            ],
            [
              -3.9188326,
              5.360546
            ],
            [
              -3.9158068,
              5.3625312
            ],
            [
              -3.9155393,
              5.3626867
            ],
            [
              -3.9152887,
              5.3627881
            ],
            [
              -3.9137716,
              5.3633045
            ],
            [
              -3.9130878,
              5.3635372
            ],
            [
              -3.9122457,
              5.3637517
            ],
            [
              -3.9139897,
              5.3666803
            ],
            [
              -3.9139563,
              5.3735409
            ],
            [
              -3.9139465,
              5.3744323
            ],
            [
              -3.913765,
              5.3789812
            ],
            [
              -3.9136987,
              5.3806822
            ],
            [
              -3.9136771,
              5.3812091
            ],
            [
              -3.9170257,
              5.423976
            ],
            [
              -3.9181946,
              5.425466
            ],
            [
              -3.9188797,
              5.4247258
            ],
            [
              -3.9192068,
              5.4249597
            ],
            [
              -3.9209561,
              5.425315
            ],
            [
              -3.9232191,
              5.4257079
            ],
            [
              -3.9235283,
              5.4257349
            ],
            [
              -3.9240663,
              5.4271079
            ],
            [
              -3.9216488,
              5.4278814
            ],
            [
              -3.9232317,
              5.4295717
            ],
            [
              -3.9258501,
              5.43057
            ],
            [
              -3.9291889,
              5.4321789
            ],
            [
              -3.9293755,
              5.4324938
            ],
            [
              -3.9318365,
              5.4366482
            ],
            [
              -3.9374196,
              5.4410315
            ],
            [
              -3.9380528,
              5.4431802
            ],
            [
              -3.9409001,
              5.4461369
            ],
            [
              -3.9413911,
              5.4466467
            ],
            [
              -3.9442402,
              5.4463889
            ],
            [
              -3.9472332,
              5.4452716
            ],
            [
              -3.9468303,
              5.4441256
            ],
            [
              -3.9490463,
              5.4429223
            ],
            [
              -3.9517803,
              5.4428937
            ],
            [
              -3.953265,
              5.4422565
            ],
            [
              -3.9536797,
              5.4421488
            ],
            [
              -3.9546869,
              5.4425213
            ],
            [
              -3.9554644,
              5.4421758
            ],
            [
              -3.9563273,
              5.4420915
            ],
            [
              -3.958716,
              5.4428364
            ],
            [
              -3.9595729,
              5.4422888
            ],
            [
              -3.961047,
              5.4413466
            ],
            [
              -3.9653639,
              5.4387682
            ],
            [
              -3.9656229,
              5.436333
            ],
            [
              -3.9685871,
              5.4347573
            ],
            [
              -3.9710621,
              5.4346141
            ],
            [
              -3.9738475,
              5.435524
            ],
            [
              -3.9741131,
              5.4356108
            ],
            [
              -3.9747763,
              5.4358275
            ],
            [
              -3.9749001,
              5.4358679
            ],
            [
              -3.9775517,
              5.4367341
            ],
            [
              -3.9783663,
              5.4365896
            ],
            [
              -3.9786011,
              5.4365479
            ],
            [
              -3.9791335,
              5.4365819
            ],
            [
              -3.9802895,
              5.4363295
            ],
            [
              -3.9810164,
              5.4362828
            ],
            [
              -3.9821177,
              5.4349578
            ],
            [
              -3.9827607,
              5.4341843
            ],
            [
              -3.9835296,
              5.4325749
            ],
            [
              -3.983675,
              5.432294
            ],
            [
              -3.9839558,
              5.4317518
            ],
            [
              -3.9902591,
              5.4186668
            ],
            [
              -3.9905782,
              5.418022
            ],
            [
              -3.9915555,
              5.4159964
            ],
            [
              -3.9990165,
              5.4007199
            ],
            [
              -3.9994214,
              5.3997887
            ],
            [
              -4.0065709,
              5.3999063
            ],
            [
              -4.0065665,
              5.3987844
            ],
            [
              -4.0065257,
              5.3978956
            ],
            [
              -4.0065086,
              5.3975598
            ],
            [
              -4.0064754,
              5.3971836
            ],
            [
              -4.0064144,
              5.3966033
            ],
            [
              -4.0057291,
              5.3917538
            ],
            [
              -4.0055943,
              5.3907997
            ],
            [
              -4.0055588,
              5.390364
            ],
            [
              -4.0055492,
              5.3899735
            ],
            [
              -4.0055478,
              5.3896685
            ],
            [
              -4.0055736,
              5.389239
            ],
            [
              -4.0056334,
              5.3886477
            ],
            [
              -4.0060147,
              5.3853371
            ],
            [
              -4.0069576,
              5.3783671
            ],
            [
              -4.0072535,
              5.3779945
            ],
            [
              -4.0075891,
              5.377721
            ],
            [
              -4.0087579,
              5.376827
            ],
            [
              -4.0089753,
              5.3766729
            ],
            [
              -4.0091218,
              5.3765848
            ],
            [
              -4.0092686,
              5.3765109
            ],
            [
              -4.0098635,
              5.3762393
            ],
            [
              -4.01001,
              5.3761547
            ],
            [
              -4.0101607,
              5.3760404
            ],
            [
              -4.0103114,
              5.3758987
            ],
            [
              -4.0104104,
              5.3757708
            ],
            [
              -4.0104968,
              5.3756459
            ],
            [
              -4.0106418,
              5.375416
            ],
            [
              -4.010724,
              5.3752276
            ],
            [
              -4.0108459,
              5.3748775
            ],
            [
              -4.0110132,
              5.3743972
            ],
            [
              -4.0115862,
              5.3728442
            ],
            [
              -4.0120663,
              5.371664
            ],
            [
              -4.0132395,
              5.3688422
            ],
            [
              -4.0133149,
              5.3687123
            ],
            [
              -4.0133979,
              5.3685822
            ],
            [
              -4.0148062,
              5.3670112
            ],
            [
              -4.0149107,
              5.3669284
            ],
            [
              -4.0152074,
              5.3667271
            ],
            [
              -4.0152898,
              5.3666585
            ],
            [
              -4.0153703,
              5.3665487
            ],
            [
              -4.0154354,
              5.3664083
            ],
            [
              -4.0159679,
              5.3651118
            ],
            [
              -4.0162979,
              5.3642831
            ],
            [
              -4.0168063,
              5.3630381
            ],
            [
              -4.0168672,
              5.3628254
            ],
            [
              -4.0169066,
              5.3626736
            ],
            [
              -4.0169668,
              5.3622428
            ],
            [
              -4.0170199,
              5.3618309
            ],
            [
              -4.0170437,
              5.3615654
            ],
            [
              -4.0170516,
              5.3614179
            ],
            [
              -4.0170503,
              5.3611502
            ],
            [
              -4.0169407,
              5.3605446
            ],
            [
              -4.0168555,
              5.3600507
            ],
            [
              -4.0166196,
              5.3598203
            ],
            [
              -4.0161151,
              5.3592991
            ],
            [
              -4.0155828,
              5.3585236
            ],
            [
              -4.014487,
              5.356778
            ],
            [
              -4.0139659,
              5.3553551
            ],
            [
              -4.0137578,
              5.3542644
            ],
            [
              -4.0136962,
              5.3527428
            ]
          ]
        ]
      },
      "id": "relation/3363950"
    },
    {
      "type": "Feature",
      "properties": {
        "@id": "relation/3377741",
        "admin_level": "8",
        "boundary": "administrative",
        "name": "Koumassi",
        "place": "municipality",
        "population": "317562",
        "type": "boundary",
        "wikidata": "Q1283513",
        "wikipedia": "fr:Koumassi"
      },
      "geometry": {
        "type": "Polygon",
        "coordinates": [
          [
            [
              -3.9593389,
              5.3191788
            ],
            [
              -3.9561045,
              5.3128329
            ],
            [
              -3.9559939,
              5.312482
            ],
            [
              -3.9559262,
              5.312191
            ],
            [
              -3.9557479,
              5.3118225
            ],
            [
              -3.95514,
              5.3112097
            ],
            [
              -3.9545097,
              5.3105806
            ],
            [
              -3.9542211,
              5.3102921
            ],
            [
              -3.9536117,
              5.3097884
            ],
            [
              -3.953307,
              5.3094847
            ],
            [
              -3.9531909,
              5.3093074
            ],
            [
              -3.9531171,
              5.3091195
            ],
            [
              -3.9531148,
              5.3088344
            ],
            [
              -3.9531655,
              5.3084263
            ],
            [
              -3.9535089,
              5.3080279
            ],
            [
              -3.9539694,
              5.3076683
            ],
            [
              -3.9550255,
              5.3069317
            ],
            [
              -3.9553624,
              5.3067376
            ],
            [
              -3.9557308,
              5.3063118
            ],
            [
              -3.9560223,
              5.3061207
            ],
            [
              -3.956374,
              5.3060187
            ],
            [
              -3.9570871,
              5.3059711
            ],
            [
              -3.9588413,
              5.3056446
            ],
            [
              -3.9600657,
              5.3054883
            ],
            [
              -3.9614116,
              5.3056525
            ],
            [
              -3.9628065,
              5.3058533
            ],
            [
              -3.9654073,
              5.3058833
            ],
            [
              -3.9670064,
              5.30588
            ],
            [
              -3.9684982,
              5.3057912
            ],
            [
              -3.9693017,
              5.305665
            ],
            [
              -3.9695031,
              5.3054255
            ],
            [
              -3.969386,
              5.3049408
            ],
            [
              -3.9693591,
              5.3045967
            ],
            [
              -3.9690785,
              5.303348
            ],
            [
              -3.9690773,
              5.3032021
            ],
            [
              -3.969097,
              5.3031303
            ],
            [
              -3.9715601,
              5.2986974
            ],
            [
              -3.9749967,
              5.2926876
            ],
            [
              -3.9750981,
              5.2925103
            ],
            [
              -3.972179,
              5.2908984
            ],
            [
              -3.9716458,
              5.2905245
            ],
            [
              -3.9715081,
              5.290389
            ],
            [
              -3.9713804,
              5.2902565
            ],
            [
              -3.9712783,
              5.2901188
            ],
            [
              -3.9711937,
              5.2899807
            ],
            [
              -3.9711187,
              5.2898286
            ],
            [
              -3.9710251,
              5.2895944
            ],
            [
              -3.9709365,
              5.2893531
            ],
            [
              -3.9706064,
              5.2881299
            ],
            [
              -3.9692415,
              5.2822627
            ],
            [
              -3.9687368,
              5.2800162
            ],
            [
              -3.9683185,
              5.2788402
            ],
            [
              -3.9679555,
              5.2782176
            ],
            [
              -3.9669975,
              5.2766279
            ],
            [
              -3.9661571,
              5.275711
            ],
            [
              -3.9656062,
              5.2750503
            ],
            [
              -3.965128,
              5.2744585
            ],
            [
              -3.964929,
              5.2741201
            ],
            [
              -3.9645942,
              5.2735295
            ],
            [
              -3.959444,
              5.2778923
            ],
            [
              -3.9493464,
              5.2787302
            ],
            [
              -3.9448117,
              5.2801765
            ],
            [
              -3.9434668,
              5.2820437
            ],
            [
              -3.9424235,
              5.2836569
            ],
            [
              -3.9406729,
              5.2878825
            ],
            [
              -3.9380191,
              5.2973569
            ],
            [
              -3.9270801,
              5.3030931
            ],
            [
              -3.8978169,
              5.3077847
            ],
            [
              -3.8969724,
              5.318677
            ],
            [
              -3.9108679,
              5.322241
            ],
            [
              -3.9294636,
              5.3224466
            ],
            [
              -3.9527456,
              5.3182658
            ],
            [
              -3.9593389,
              5.3191788
            ]
          ]
        ]
      },
      "id": "relation/3377741"
    },
    {
      "type": "Feature",
      "properties": {
        "@id": "relation/3377820",
        "admin_level": "8",
        "boundary": "administrative",
        "name": "Attécoubé",
        "place": "suburb",
        "population": "207586",
        "type": "boundary",
        "wikidata": "Q2870172",
        "wikipedia": "fr:Attécoubé"
      },
      "geometry": {
        "type": "Polygon",
        "coordinates": [
          [
            [
              -4.0438634,
              5.3105157
            ],
            [
              -4.0451722,
              5.3088943
            ],
            [
              -4.0449549,
              5.3082764
            ],
            [
              -4.0447931,
              5.307234
            ],
            [
              -4.0444387,
              5.3060708
            ],
            [
              -4.0411986,
              5.3069503
            ],
            [
              -4.0394093,
              5.3067993
            ],
            [
              -4.0388953,
              5.3065763
            ],
            [
              -4.0336151,
              5.304286
            ],
            [
              -4.0222611,
              5.3113348
            ],
            [
              -4.0299413,
              5.3198842
            ],
            [
              -4.0341041,
              5.3350533
            ],
            [
              -4.0299334,
              5.3349785
            ],
            [
              -4.0290864,
              5.3349765
            ],
            [
              -4.029055,
              5.3350671
            ],
            [
              -4.029031,
              5.33533
            ],
            [
              -4.0290456,
              5.3359104
            ],
            [
              -4.0291898,
              5.3366662
            ],
            [
              -4.0295271,
              5.3382083
            ],
            [
              -4.0296479,
              5.3387514
            ],
            [
              -4.0298307,
              5.3392224
            ],
            [
              -4.030088,
              5.339725
            ],
            [
              -4.0304819,
              5.3402665
            ],
            [
              -4.0308248,
              5.340631
            ],
            [
              -4.0312513,
              5.3409795
            ],
            [
              -4.0314647,
              5.3411011
            ],
            [
              -4.0315741,
              5.3411537
            ],
            [
              -4.0315375,
              5.3412734
            ],
            [
              -4.0313896,
              5.3417085
            ],
            [
              -4.031259,
              5.3421464
            ],
            [
              -4.0307448,
              5.3438143
            ],
            [
              -4.0306309,
              5.3444738
            ],
            [
              -4.0305699,
              5.3452488
            ],
            [
              -4.0305936,
              5.3459467
            ],
            [
              -4.0306851,
              5.3465616
            ],
            [
              -4.0308073,
              5.3472042
            ],
            [
              -4.0309283,
              5.3477459
            ],
            [
              -4.0311634,
              5.3487412
            ],
            [
              -4.0312931,
              5.3492804
            ],
            [
              -4.0315077,
              5.3499594
            ],
            [
              -4.0317753,
              5.3505513
            ],
            [
              -4.0325065,
              5.3519453
            ],
            [
              -4.0329664,
              5.352896
            ],
            [
              -4.0331406,
              5.3532675
            ],
            [
              -4.0332166,
              5.3535123
            ],
            [
              -4.033232,
              5.3537223
            ],
            [
              -4.0331998,
              5.353956
            ],
            [
              -4.0331388,
              5.3542342
            ],
            [
              -4.032341,
              5.3553648
            ],
            [
              -4.0303489,
              5.3581767
            ],
            [
              -4.0301435,
              5.3584595
            ],
            [
              -4.0299245,
              5.3586788
            ],
            [
              -4.0297163,
              5.3588277
            ],
            [
              -4.0292342,
              5.3590629
            ],
            [
              -4.0294325,
              5.3596151
            ],
            [
              -4.0296497,
              5.3602428
            ],
            [
              -4.0300958,
              5.3617975
            ],
            [
              -4.030633,
              5.363699
            ],
            [
              -4.0309396,
              5.3647027
            ],
            [
              -4.0310054,
              5.3648396
            ],
            [
              -4.0313024,
              5.3650083
            ],
            [
              -4.031501,
              5.3662227
            ],
            [
              -4.0332987,
              5.3772108
            ],
            [
              -4.03119,
              5.3792165
            ],
            [
              -4.0308359,
              5.3795653
            ],
            [
              -4.0303658,
              5.3799389
            ],
            [
              -4.0298755,
              5.3802714
            ],
            [
              -4.0293508,
              5.3806003
            ],
            [
              -4.0289308,
              5.3809304
            ],
            [
              -4.0284711,
              5.3813016
            ],
            [
              -4.0281473,
              5.3816618
            ],
            [
              -4.0278082,
              5.3821143
            ],
            [
              -4.0276178,
              5.3824594
            ],
            [
              -4.0274514,
              5.3828022
            ],
            [
              -4.02727,
              5.3833717
            ],
            [
              -4.0271478,
              5.3838645
            ],
            [
              -4.0269486,
              5.3849205
            ],
            [
              -4.0268841,
              5.3852709
            ],
            [
              -4.0267785,
              5.38566
            ],
            [
              -4.0265564,
              5.3863115
            ],
            [
              -4.0249429,
              5.3898628
            ],
            [
              -4.0223008,
              5.3957239
            ],
            [
              -4.0222377,
              5.3958683
            ],
            [
              -4.0221185,
              5.396141
            ],
            [
              -4.0219509,
              5.3965879
            ],
            [
              -4.0218489,
              5.3969133
            ],
            [
              -4.0217551,
              5.3972867
            ],
            [
              -4.0216593,
              5.3977516
            ],
            [
              -4.0215715,
              5.3983106
            ],
            [
              -4.0215362,
              5.3987301
            ],
            [
              -4.0215213,
              5.3993988
            ],
            [
              -4.0215516,
              5.4019362
            ],
            [
              -4.021135,
              5.4095524
            ],
            [
              -4.0241247,
              5.4095465
            ],
            [
              -4.0243018,
              5.410855
            ],
            [
              -4.0244735,
              5.4125746
            ],
            [
              -4.0247095,
              5.4127188
            ],
            [
              -4.024867,
              5.4128063
            ],
            [
              -4.0268414,
              5.4123937
            ],
            [
              -4.0280783,
              5.4122177
            ],
            [
              -4.0292062,
              5.4119046
            ],
            [
              -4.0302349,
              5.4115337
            ],
            [
              -4.0321252,
              5.4099287
            ],
            [
              -4.0327852,
              5.4106172
            ],
            [
              -4.03385,
              5.4106546
            ],
            [
              -4.0362814,
              5.4108629
            ],
            [
              -4.040179,
              5.4117278
            ],
            [
              -4.0408811,
              5.4120913
            ],
            [
              -4.0427634,
              5.4130659
            ],
            [
              -4.0431497,
              5.4132659
            ],
            [
              -4.043496,
              5.4134452
            ],
            [
              -4.0446977,
              5.4151435
            ],
            [
              -4.0446117,
              5.4153395
            ],
            [
              -4.0443106,
              5.416026
            ],
            [
              -4.0441362,
              5.4164234
            ],
            [
              -4.0439574,
              5.4168311
            ],
            [
              -4.0442417,
              5.4176535
            ],
            [
              -4.0450967,
              5.4177844
            ],
            [
              -4.0468274,
              5.417783
            ],
            [
              -4.0479539,
              5.4180701
            ],
            [
              -4.0494979,
              5.420478
            ],
            [
              -4.0513442,
              5.4209058
            ],
            [
              -4.0521649,
              5.4213865
            ],
            [
              -4.0527175,
              5.4215413
            ],
            [
              -4.0531825,
              5.4213662
            ],
            [
              -4.0531895,
              5.4199125
            ],
            [
              -4.0537866,
              5.4186914
            ],
            [
              -4.0544448,
              5.4185133
            ],
            [
              -4.0549276,
              5.418759
            ],
            [
              -4.0548954,
              5.4194105
            ],
            [
              -4.0552495,
              5.4201688
            ],
            [
              -4.0556894,
              5.4204145
            ],
            [
              -4.0566657,
              5.4202329
            ],
            [
              -4.0574489,
              5.4201475
            ],
            [
              -4.0575455,
              5.4204359
            ],
            [
              -4.0564997,
              5.4214536
            ],
            [
              -4.0565799,
              5.4221448
            ],
            [
              -4.0570948,
              5.4224866
            ],
            [
              -4.0581355,
              5.4223691
            ],
            [
              -4.0589724,
              5.4219205
            ],
            [
              -4.0599944,
              5.4222856
            ],
            [
              -4.0611993,
              5.4238039
            ],
            [
              -4.0633033,
              5.4266253
            ],
            [
              -4.070853,
              5.4265033
            ],
            [
              -4.0709138,
              5.4263946
            ],
            [
              -4.0727422,
              5.4231276
            ],
            [
              -4.0733138,
              5.4220954
            ],
            [
              -4.0735484,
              5.4216718
            ],
            [
              -4.0783863,
              5.4129358
            ],
            [
              -4.0816538,
              5.4070355
            ],
            [
              -4.0818269,
              5.4067229
            ],
            [
              -4.0834781,
              5.4037411
            ],
            [
              -4.0835229,
              5.4036602
            ],
            [
              -4.0838797,
              5.4028254
            ],
            [
              -4.084061,
              5.4022152
            ],
            [
              -4.0841706,
              5.4016216
            ],
            [
              -4.0842423,
              5.4010433
            ],
            [
              -4.0842674,
              5.4004041
            ],
            [
              -4.0842419,
              5.3997979
            ],
            [
              -4.0841451,
              5.3992094
            ],
            [
              -4.084004,
              5.3985534
            ],
            [
              -4.0838266,
              5.3979869
            ],
            [
              -4.0836304,
              5.3975075
            ],
            [
              -4.0835911,
              5.3974239
            ],
            [
              -4.0834648,
              5.3971549
            ],
            [
              -4.083126,
              5.3965588
            ],
            [
              -4.0827642,
              5.3960185
            ],
            [
              -4.0824032,
              5.3955209
            ],
            [
              -4.0820861,
              5.3950837
            ],
            [
              -4.0818898,
              5.3948132
            ],
            [
              -4.0804344,
              5.3928068
            ],
            [
              -4.0798708,
              5.3920169
            ],
            [
              -4.0790711,
              5.3920078
            ],
            [
              -4.0777027,
              5.3919922
            ],
            [
              -4.0775863,
              5.391934
            ],
            [
              -4.0752172,
              5.391909
            ],
            [
              -4.0748573,
              5.3913672
            ],
            [
              -4.074581,
              5.3893087
            ],
            [
              -4.0746027,
              5.3890968
            ],
            [
              -4.0741447,
              5.3864897
            ],
            [
              -4.0739459,
              5.3834013
            ],
            [
              -4.0738829,
              5.3803911
            ],
            [
              -4.0737175,
              5.3790714
            ],
            [
              -4.0738967,
              5.3780676
            ],
            [
              -4.0744825,
              5.3767261
            ],
            [
              -4.0746143,
              5.3761648
            ],
            [
              -4.0744825,
              5.3737662
            ],
            [
              -4.0727324,
              5.3727965
            ],
            [
              -4.0721685,
              5.3736058
            ],
            [
              -4.0692834,
              5.3738391
            ],
            [
              -4.0691809,
              5.3735183
            ],
            [
              -4.0692101,
              5.3729715
            ],
            [
              -4.0701694,
              5.3711708
            ],
            [
              -4.0698106,
              5.370675
            ],
            [
              -4.0699571,
              5.3700334
            ],
            [
              -4.0692321,
              5.3699459
            ],
            [
              -4.0689319,
              5.370449
            ],
            [
              -4.0669548,
              5.3700772
            ],
            [
              -4.0668303,
              5.3696689
            ],
            [
              -4.0659882,
              5.3695085
            ],
            [
              -4.0642893,
              5.3697564
            ],
            [
              -4.0630005,
              5.3686118
            ],
            [
              -4.0631836,
              5.3682472
            ],
            [
              -4.062898,
              5.368116
            ],
            [
              -4.0629859,
              5.3677588
            ],
            [
              -4.0622756,
              5.3672047
            ],
            [
              -4.0615286,
              5.3660455
            ],
            [
              -4.0609648,
              5.3648279
            ],
            [
              -4.060789,
              5.3632605
            ],
            [
              -4.0604376,
              5.3622544
            ],
            [
              -4.0600055,
              5.3611535
            ],
            [
              -4.0597443,
              5.360963
            ],
            [
              -4.0589991,
              5.3607508
            ],
            [
              -4.0584268,
              5.3602923
            ],
            [
              -4.0581677,
              5.3599975
            ],
            [
              -4.0576603,
              5.3600659
            ],
            [
              -4.0574945,
              5.3596616
            ],
            [
              -4.0572113,
              5.359379
            ],
            [
              -4.0568267,
              5.3592492
            ],
            [
              -4.0559888,
              5.3587723
            ],
            [
              -4.0562778,
              5.3553523
            ],
            [
              -4.0585569,
              5.3535899
            ],
            [
              -4.0595692,
              5.3513375
            ],
            [
              -4.0597573,
              5.350919
            ],
            [
              -4.0604064,
              5.3502306
            ],
            [
              -4.0607168,
              5.3494579
            ],
            [
              -4.0602232,
              5.3488024
            ],
            [
              -4.0595977,
              5.348564
            ],
            [
              -4.0564845,
              5.3491209
            ],
            [
              -4.0531071,
              5.3492467
            ],
            [
              -4.0544039,
              5.3464228
            ],
            [
              -4.0562453,
              5.3476524
            ],
            [
              -4.0567838,
              5.3472658
            ],
            [
              -4.0547801,
              5.3458188
            ],
            [
              -4.0567992,
              5.3436498
            ],
            [
              -4.0542586,
              5.3417581
            ],
            [
              -4.0544334,
              5.341546
            ],
            [
              -4.0558901,
              5.3409102
            ],
            [
              -4.0577061,
              5.340334
            ],
            [
              -4.0569549,
              5.3397389
            ],
            [
              -4.0556688,
              5.3392162
            ],
            [
              -4.0551607,
              5.3382084
            ],
            [
              -4.0551248,
              5.3372681
            ],
            [
              -4.0541236,
              5.3356567
            ],
            [
              -4.0529066,
              5.3353042
            ],
            [
              -4.0500743,
              5.3349957
            ],
            [
              -4.0466004,
              5.3313807
            ],
            [
              -4.0461048,
              5.3308516
            ],
            [
              -4.0459097,
              5.3306433
            ],
            [
              -4.0455813,
              5.3302927
            ],
            [
              -4.0448939,
              5.3295588
            ],
            [
              -4.0447638,
              5.3294199
            ],
            [
              -4.043969,
              5.3284538
            ],
            [
              -4.0439119,
              5.3283844
            ],
            [
              -4.0437238,
              5.3278006
            ],
            [
              -4.0437279,
              5.3271906
            ],
            [
              -4.0437335,
              5.3263722
            ],
            [
              -4.0437425,
              5.325038
            ],
            [
              -4.0437507,
              5.3238286
            ],
            [
              -4.0437569,
              5.3229034
            ],
            [
              -4.0437592,
              5.3225692
            ],
            [
              -4.0438559,
              5.3206148
            ],
            [
              -4.043933,
              5.319056
            ],
            [
              -4.0439392,
              5.3189315
            ],
            [
              -4.0439666,
              5.317802
            ],
            [
              -4.0439392,
              5.3172324
            ],
            [
              -4.0438932,
              5.316275
            ],
            [
              -4.0439121,
              5.3153787
            ],
            [
              -4.0439502,
              5.3135787
            ],
            [
              -4.0439502,
              5.3108212
            ],
            [
              -4.0438634,
              5.3105157
            ]
          ]
        ]
      },
      "id": "relation/3377820"
    },
    {
      "type": "Feature",
      "properties": {
        "@id": "relation/3377835",
        "admin_level": "8",
        "boundary": "administrative",
        "name": "Adjamé",
        "place": "suburb",
        "population": "254290",
        "type": "boundary",
        "wikidata": "Q357695",
        "wikipedia": "fr:Adjamé"
      },
      "geometry": {
        "type": "Polygon",
        "coordinates": [
          [
            [
              -4.0069576,
              5.3783671
            ],
            [
              -4.0060147,
              5.3853371
            ],
            [
              -4.0085423,
              5.3865496
            ],
            [
              -4.0143706,
              5.3929941
            ],
            [
              -4.0145014,
              5.3931387
            ],
            [
              -4.0188167,
              5.3963608
            ],
            [
              -4.0215213,
              5.3993988
            ],
            [
              -4.0215362,
              5.3987301
            ],
            [
              -4.0215715,
              5.3983106
            ],
            [
              -4.0216593,
              5.3977516
            ],
            [
              -4.0217551,
              5.3972867
            ],
            [
              -4.0218489,
              5.3969133
            ],
            [
              -4.0219509,
              5.3965879
            ],
            [
              -4.0221185,
              5.396141
            ],
            [
              -4.0222377,
              5.3958683
            ],
            [
              -4.0223008,
              5.3957239
            ],
            [
              -4.0249429,
              5.3898628
            ],
            [
              -4.0265564,
              5.3863115
            ],
            [
              -4.0267785,
              5.38566
            ],
            [
              -4.0268841,
              5.3852709
            ],
            [
              -4.0269486,
              5.3849205
            ],
            [
              -4.0271478,
              5.3838645
            ],
            [
              -4.02727,
              5.3833717
            ],
            [
              -4.0274514,
              5.3828022
            ],
            [
              -4.0276178,
              5.3824594
            ],
            [
              -4.0278082,
              5.3821143
            ],
            [
              -4.0281473,
              5.3816618
            ],
            [
              -4.0284711,
              5.3813016
            ],
            [
              -4.0289308,
              5.3809304
            ],
            [
              -4.0293508,
              5.3806003
            ],
            [
              -4.0298755,
              5.3802714
            ],
            [
              -4.0303658,
              5.3799389
            ],
            [
              -4.0308359,
              5.3795653
            ],
            [
              -4.03119,
              5.3792165
            ],
            [
              -4.0332987,
              5.3772108
            ],
            [
              -4.031501,
              5.3662227
            ],
            [
              -4.0313024,
              5.3650083
            ],
            [
              -4.0310054,
              5.3648396
            ],
            [
              -4.0309396,
              5.3647027
            ],
            [
              -4.030633,
              5.363699
            ],
            [
              -4.0300958,
              5.3617975
            ],
            [
              -4.0296497,
              5.3602428
            ],
            [
              -4.0294325,
              5.3596151
            ],
            [
              -4.0292342,
              5.3590629
            ],
            [
              -4.0297163,
              5.3588277
            ],
            [
              -4.0299245,
              5.3586788
            ],
            [
              -4.0301435,
              5.3584595
            ],
            [
              -4.0303489,
              5.3581767
            ],
            [
              -4.032341,
              5.3553648
            ],
            [
              -4.0331388,
              5.3542342
            ],
            [
              -4.0331998,
              5.353956
            ],
            [
              -4.033232,
              5.3537223
            ],
            [
              -4.0332166,
              5.3535123
            ],
            [
              -4.0331406,
              5.3532675
            ],
            [
              -4.0329664,
              5.352896
            ],
            [
              -4.0325065,
              5.3519453
            ],
            [
              -4.0317753,
              5.3505513
            ],
            [
              -4.0315077,
              5.3499594
            ],
            [
              -4.0312931,
              5.3492804
            ],
            [
              -4.0311634,
              5.3487412
            ],
            [
              -4.0309283,
              5.3477459
            ],
            [
              -4.0308073,
              5.3472042
            ],
            [
              -4.0306851,
              5.3465616
            ],
            [
              -4.0305936,
              5.3459467
            ],
            [
              -4.0305699,
              5.3452488
            ],
            [
              -4.0306309,
              5.3444738
            ],
            [
              -4.0307448,
              5.3438143
            ],
            [
              -4.031259,
              5.3421464
            ],
            [
              -4.0313896,
              5.3417085
            ],
            [
              -4.0315375,
              5.3412734
            ],
            [
              -4.0315741,
              5.3411537
            ],
            [
              -4.0314647,
              5.3411011
            ],
            [
              -4.0312513,
              5.3409795
            ],
            [
              -4.0308248,
              5.340631
            ],
            [
              -4.0304819,
              5.3402665
            ],
            [
              -4.030088,
              5.339725
            ],
            [
              -4.0298307,
              5.3392224
            ],
            [
              -4.02863,
              5.3396363
            ],
            [
              -4.0262589,
              5.3396704
            ],
            [
              -4.0258826,
              5.3386865
            ],
            [
              -4.0258665,
              5.3386208
            ],
            [
              -4.0258281,
              5.338476
            ],
            [
              -4.0257994,
              5.3383653
            ],
            [
              -4.025787,
              5.3382953
            ],
            [
              -4.0237818,
              5.3382542
            ],
            [
              -4.0237698,
              5.3418684
            ],
            [
              -4.0216398,
              5.3415391
            ],
            [
              -4.0197097,
              5.3409783
            ],
            [
              -4.0187963,
              5.340887
            ],
            [
              -4.0178135,
              5.340909
            ],
            [
              -4.0177874,
              5.3414573
            ],
            [
              -4.0177482,
              5.3423923
            ],
            [
              -4.0177185,
              5.3426247
            ],
            [
              -4.0176828,
              5.3428275
            ],
            [
              -4.0176278,
              5.3430465
            ],
            [
              -4.0175617,
              5.3432444
            ],
            [
              -4.0174866,
              5.3434358
            ],
            [
              -4.017387,
              5.3436459
            ],
            [
              -4.0172621,
              5.3438931
            ],
            [
              -4.0171179,
              5.3441225
            ],
            [
              -4.0169901,
              5.3442957
            ],
            [
              -4.0168546,
              5.3444508
            ],
            [
              -4.0165732,
              5.3447291
            ],
            [
              -4.0161843,
              5.3450535
            ],
            [
              -4.0155457,
              5.3455969
            ],
            [
              -4.015059,
              5.3459809
            ],
            [
              -4.0148256,
              5.3461851
            ],
            [
              -4.0146175,
              5.3463894
            ],
            [
              -4.0144436,
              5.346601
            ],
            [
              -4.0142979,
              5.3467978
            ],
            [
              -4.0141953,
              5.3469607
            ],
            [
              -4.0141028,
              5.3471172
            ],
            [
              -4.0139506,
              5.3474255
            ],
            [
              -4.0138698,
              5.347643
            ],
            [
              -4.0138014,
              5.3478798
            ],
            [
              -4.0137434,
              5.3481225
            ],
            [
              -4.0137105,
              5.3483605
            ],
            [
              -4.0136748,
              5.3486314
            ],
            [
              -4.0136585,
              5.3489037
            ],
            [
              -4.0136481,
              5.3502165
            ],
            [
              -4.0136962,
              5.3527428
            ],
            [
              -4.0137578,
              5.3542644
            ],
            [
              -4.0139659,
              5.3553551
            ],
            [
              -4.014487,
              5.356778
            ],
            [
              -4.0155828,
              5.3585236
            ],
            [
              -4.0161151,
              5.3592991
            ],
            [
              -4.0166196,
              5.3598203
            ],
            [
              -4.0168555,
              5.3600507
            ],
            [
              -4.0169407,
              5.3605446
            ],
            [
              -4.0170503,
              5.3611502
            ],
            [
              -4.0170516,
              5.3614179
            ],
            [
              -4.0170437,
              5.3615654
            ],
            [
              -4.0170199,
              5.3618309
            ],
            [
              -4.0169668,
              5.3622428
            ],
            [
              -4.0169066,
              5.3626736
            ],
            [
              -4.0168672,
              5.3628254
            ],
            [
              -4.0168063,
              5.3630381
            ],
            [
              -4.0162979,
              5.3642831
            ],
            [
              -4.0159679,
              5.3651118
            ],
            [
              -4.0154354,
              5.3664083
            ],
            [
              -4.0153703,
              5.3665487
            ],
            [
              -4.0152898,
              5.3666585
            ],
            [
              -4.0152074,
              5.3667271
            ],
            [
              -4.0149107,
              5.3669284
            ],
            [
              -4.0148062,
              5.3670112
            ],
            [
              -4.0133979,
              5.3685822
            ],
            [
              -4.0133149,
              5.3687123
            ],
            [
              -4.0132395,
              5.3688422
            ],
            [
              -4.0120663,
              5.371664
            ],
            [
              -4.0115862,
              5.3728442
            ],
            [
              -4.0110132,
              5.3743972
            ],
            [
              -4.0108459,
              5.3748775
            ],
            [
              -4.010724,
              5.3752276
            ],
            [
              -4.0106418,
              5.375416
            ],
            [
              -4.0104968,
              5.3756459
            ],
            [
              -4.0104104,
              5.3757708
            ],
            [
              -4.0103114,
              5.3758987
            ],
            [
              -4.0101607,
              5.3760404
            ],
            [
              -4.01001,
              5.3761547
            ],
            [
              -4.0098635,
              5.3762393
            ],
            [
              -4.0092686,
              5.3765109
            ],
            [
              -4.0091218,
              5.3765848
            ],
            [
              -4.0089753,
              5.3766729
            ],
            [
              -4.0087579,
              5.376827
            ],
            [
              -4.0075891,
              5.377721
            ],
            [
              -4.0072535,
              5.3779945
            ],
            [
              -4.0069576,
              5.3783671
            ]
          ]
        ]
      },
      "id": "relation/3377835"
    },
    {
      "type": "Feature",
      "properties": {
        "@id": "relation/3377873",
        "admin_level": "8",
        "alt_name": "Port-Bouët 1",
        "boundary": "administrative",
        "name": "Port-Bouët",
        "place": "suburb",
        "population": "137502",
        "type": "boundary",
        "wikidata": "Q1491106",
        "wikipedia": "fr:Port-Bouët"
      },
      "geometry": {
        "type": "Polygon",
        "coordinates": [
          [
            [
              -4.0019563,
              5.2502074
            ],
            [
              -4.0019068,
              5.2502121
            ],
            [
              -4.0018371,
              5.2502388
            ],
            [
              -4.0017727,
              5.2503216
            ],
            [
              -4.0017472,
              5.2504035
            ],
            [
              -4.0024513,
              5.251024
            ],
            [
              -4.0024852,
              5.251071
            ],
            [
              -4.002344,
              5.2513091
            ],
            [
              -4.0020861,
              5.2516848
            ],
            [
              -4.0016269,
              5.25209
            ],
            [
              -4.0008717,
              5.2523888
            ],
            [
              -3.9998846,
              5.2528916
            ],
            [
              -3.9988211,
              5.2532505
            ],
            [
              -3.9974811,
              5.2536361
            ],
            [
              -3.9965194,
              5.2538044
            ],
            [
              -3.9957527,
              5.2539426
            ],
            [
              -3.9950871,
              5.2540788
            ],
            [
              -3.9944276,
              5.2541152
            ],
            [
              -3.9935952,
              5.2541454
            ],
            [
              -3.9925359,
              5.2541669
            ],
            [
              -3.9919176,
              5.2542407
            ],
            [
              -3.9911118,
              5.2543699
            ],
            [
              -3.9903635,
              5.2543886
            ],
            [
              -3.9894061,
              5.2543457
            ],
            [
              -3.9886301,
              5.2543107
            ],
            [
              -3.9878936,
              5.2544204
            ],
            [
              -3.9873228,
              5.2544932
            ],
            [
              -3.9868038,
              5.2544622
            ],
            [
              -3.986425,
              5.2544862
            ],
            [
              -3.9860719,
              5.2545035
            ],
            [
              -3.9855969,
              5.2543599
            ],
            [
              -3.9849458,
              5.2542214
            ],
            [
              -3.98457,
              5.2541821
            ],
            [
              -3.9841897,
              5.2542059
            ],
            [
              -3.9836556,
              5.2543048
            ],
            [
              -3.9830393,
              5.2544881
            ],
            [
              -3.9821637,
              5.2546861
            ],
            [
              -3.9817841,
              5.2546599
            ],
            [
              -3.9812621,
              5.2548339
            ],
            [
              -3.9806721,
              5.2550169
            ],
            [
              -3.9802092,
              5.2550599
            ],
            [
              -3.979213,
              5.2551345
            ],
            [
              -3.9779943,
              5.2553399
            ],
            [
              -3.9776811,
              5.2553376
            ],
            [
              -3.9771473,
              5.2552975
            ],
            [
              -3.9762837,
              5.2551987
            ],
            [
              -3.9752604,
              5.2550425
            ],
            [
              -3.9747629,
              5.2549717
            ],
            [
              -3.973521,
              5.2548087
            ],
            [
              -3.9731361,
              5.2547433
            ],
            [
              -3.9728732,
              5.2547193
            ],
            [
              -3.9727056,
              5.2547099
            ],
            [
              -3.9724951,
              5.2546832
            ],
            [
              -3.9724025,
              5.2546632
            ],
            [
              -3.9721933,
              5.2546084
            ],
            [
              -3.9718433,
              5.2545376
            ],
            [
              -3.9708991,
              5.254368
            ],
            [
              -3.9698061,
              5.2541757
            ],
            [
              -3.9685522,
              5.253926
            ],
            [
              -3.9677569,
              5.253715
            ],
            [
              -3.9674257,
              5.2536229
            ],
            [
              -3.9665647,
              5.2533277
            ],
            [
              -3.9661449,
              5.2531621
            ],
            [
              -3.9655696,
              5.2529484
            ],
            [
              -3.9649393,
              5.2526907
            ],
            [
              -3.9646469,
              5.2525531
            ],
            [
              -3.9643814,
              5.2524156
            ],
            [
              -3.9643022,
              5.2523555
            ],
            [
              -3.9641775,
              5.2522446
            ],
            [
              -3.9641292,
              5.2522219
            ],
            [
              -3.964034,
              5.2521912
            ],
            [
              -3.9639106,
              5.2521525
            ],
            [
              -3.9638007,
              5.2521191
            ],
            [
              -3.9636546,
              5.2520678
            ],
            [
              -3.9633662,
              5.2519775
            ],
            [
              -3.963055,
              5.2518974
            ],
            [
              -3.9629799,
              5.2518787
            ],
            [
              -3.962642,
              5.2517692
            ],
            [
              -3.9623147,
              5.2516637
            ],
            [
              -3.9620546,
              5.2515689
            ],
            [
              -3.9617783,
              5.2514661
            ],
            [
              -3.9614256,
              5.2513071
            ],
            [
              -3.961092,
              5.2511713
            ],
            [
              -3.9606102,
              5.250988
            ],
            [
              -3.9602253,
              5.2508384
            ],
            [
              -3.9598444,
              5.2506407
            ],
            [
              -3.9591712,
              5.2502762
            ],
            [
              -3.9583397,
              5.2498515
            ],
            [
              -3.957826,
              5.2496164
            ],
            [
              -3.9576598,
              5.2495216
            ],
            [
              -3.9574412,
              5.2493867
            ],
            [
              -3.9573352,
              5.2493066
            ],
            [
              -3.9572601,
              5.2492612
            ],
            [
              -3.9571837,
              5.2492425
            ],
            [
              -3.957063,
              5.2492158
            ],
            [
              -3.956961,
              5.2491717
            ],
            [
              -3.9568135,
              5.2490782
            ],
            [
              -3.9564219,
              5.2488819
            ],
            [
              -3.9560304,
              5.2486721
            ],
            [
              -3.9556535,
              5.2484933
            ],
            [
              -3.9552316,
              5.2483338
            ],
            [
              -3.9550258,
              5.2482649
            ],
            [
              -3.9547791,
              5.2481968
            ],
            [
              -3.9545001,
              5.2481167
            ],
            [
              -3.9541715,
              5.2479898
            ],
            [
              -3.9535144,
              5.2477601
            ],
            [
              -3.9531188,
              5.2476212
            ],
            [
              -3.9526415,
              5.2474867
            ],
            [
              -3.9520459,
              5.2473354
            ],
            [
              -3.9514414,
              5.2472254
            ],
            [
              -3.9508004,
              5.2470888
            ],
            [
              -3.9497973,
              5.2468606
            ],
            [
              -3.9494079,
              5.2467865
            ],
            [
              -3.9490253,
              5.2467311
            ],
            [
              -3.9485583,
              5.2466823
            ],
            [
              -3.9467368,
              5.2464339
            ],
            [
              -3.9447926,
              5.2460908
            ],
            [
              -3.9439188,
              5.2459666
            ],
            [
              -3.9411948,
              5.2455269
            ],
            [
              -3.9401061,
              5.2453193
            ],
            [
              -3.9363115,
              5.2445392
            ],
            [
              -3.9351695,
              5.2443566
            ],
            [
              -3.9345834,
              5.2442663
            ],
            [
              -3.9336553,
              5.2440314
            ],
            [
              -3.9332369,
              5.2439513
            ],
            [
              -3.9326596,
              5.243862
            ],
            [
              -3.9287355,
              5.2433133
            ],
            [
              -3.9250907,
              5.2428124
            ],
            [
              -3.9226934,
              5.2424601
            ],
            [
              -3.9194809,
              5.2419715
            ],
            [
              -3.9165989,
              5.2416023
            ],
            [
              -3.9133399,
              5.2410245
            ],
            [
              -3.9119325,
              5.2408543
            ],
            [
              -3.9105511,
              5.2405947
            ],
            [
              -3.9082617,
              5.2402482
            ],
            [
              -3.9076674,
              5.2401425
            ],
            [
              -3.9071658,
              5.240081
            ],
            [
              -3.906498,
              5.2399795
            ],
            [
              -3.9055109,
              5.23983
            ],
            [
              -3.904725,
              5.2397018
            ],
            [
              -3.9033308,
              5.2394707
            ],
            [
              -3.9025363,
              5.2393412
            ],
            [
              -3.9011711,
              5.2391115
            ],
            [
              -3.8992092,
              5.2387939
            ],
            [
              -3.8988617,
              5.2387081
            ],
            [
              -3.8984862,
              5.2386066
            ],
            [
              -3.8982502,
              5.2385586
            ],
            [
              -3.8968179,
              5.2383422
            ],
            [
              -3.8958362,
              5.2381633
            ],
            [
              -3.8940045,
              5.2378489
            ],
            [
              -3.8903752,
              5.2371722
            ],
            [
              -3.8901258,
              5.2371162
            ],
            [
              -3.8895464,
              5.2369479
            ],
            [
              -3.8890556,
              5.2368251
            ],
            [
              -3.8873497,
              5.2364698
            ],
            [
              -3.8870466,
              5.2364164
            ],
            [
              -3.8867784,
              5.236363
            ],
            [
              -3.8863331,
              5.2362695
            ],
            [
              -3.8849115,
              5.2359436
            ],
            [
              -3.8830791,
              5.23548
            ],
            [
              -3.8819306,
              5.2351988
            ],
            [
              -3.8810411,
              5.2349874
            ],
            [
              -3.8805074,
              5.2348619
            ],
            [
              -3.879928,
              5.2347016
            ],
            [
              -3.8791099,
              5.2345013
            ],
            [
              -3.877396,
              5.2340766
            ],
            [
              -3.8768542,
              5.2339617
            ],
            [
              -3.8764411,
              5.2338709
            ],
            [
              -3.8759288,
              5.2337427
            ],
            [
              -3.8749096,
              5.2334462
            ],
            [
              -3.8732734,
              5.2329628
            ],
            [
              -3.8720879,
              5.2326369
            ],
            [
              -3.8697141,
              5.2319237
            ],
            [
              -3.8654307,
              5.2306069
            ],
            [
              -3.8635129,
              5.2299552
            ],
            [
              -3.8627431,
              5.2297095
            ],
            [
              -3.8618419,
              5.229445
            ],
            [
              -3.8614744,
              5.2292954
            ],
            [
              -3.8610077,
              5.2291138
            ],
            [
              -3.8603881,
              5.2289375
            ],
            [
              -3.860305,
              5.2289055
            ],
            [
              -3.860085,
              5.2287906
            ],
            [
              -3.8598087,
              5.2286945
            ],
            [
              -3.8595137,
              5.228617
            ],
            [
              -3.8594279,
              5.2285983
            ],
            [
              -3.8593152,
              5.2285609
            ],
            [
              -3.8573062,
              5.2278451
            ],
            [
              -3.855823,
              5.2273082
            ],
            [
              -3.8548011,
              5.2269022
            ],
            [
              -3.8535119,
              5.2303033
            ],
            [
              -3.8467547,
              5.2472073
            ],
            [
              -3.8451734,
              5.2511999
            ],
            [
              -3.8440239,
              5.2541022
            ],
            [
              -3.838653,
              5.2533627
            ],
            [
              -3.819618,
              5.250742
            ],
            [
              -3.817183,
              5.254138
            ],
            [
              -3.8173465,
              5.255465
            ],
            [
              -3.8179801,
              5.2615213
            ],
            [
              -3.818006,
              5.2617688
            ],
            [
              -3.8220799,
              5.2668519
            ],
            [
              -3.8212731,
              5.2719412
            ],
            [
              -3.8210999,
              5.2721798
            ],
            [
              -3.8196448,
              5.274185
            ],
            [
              -3.8086446,
              5.2893433
            ],
            [
              -3.8546519,
              5.2939448
            ],
            [
              -3.8627911,
              5.2973261
            ],
            [
              -3.8733721,
              5.3023992
            ],
            [
              -3.8831379,
              5.3057771
            ],
            [
              -3.8943267,
              5.3073165
            ],
            [
              -3.8953409,
              5.307456
            ],
            [
              -3.8978169,
              5.3077847
            ],
            [
              -3.9270801,
              5.3030931
            ],
            [
              -3.9380191,
              5.2973569
            ],
            [
              -3.9406729,
              5.2878825
            ],
            [
              -3.9424235,
              5.2836569
            ],
            [
              -3.9434668,
              5.2820437
            ],
            [
              -3.9448117,
              5.2801765
            ],
            [
              -3.9493464,
              5.2787302
            ],
            [
              -3.959444,
              5.2778923
            ],
            [
              -3.9645942,
              5.2735295
            ],
            [
              -3.967263,
              5.2702214
            ],
            [
              -3.972024,
              5.2666337
            ],
            [
              -3.9778143,
              5.2661212
            ],
            [
              -3.9872897,
              5.274971
            ],
            [
              -3.9916527,
              5.2856161
            ],
            [
              -3.9999955,
              5.2778383
            ],
            [
              -4.0093783,
              5.2706144
            ],
            [
              -4.0106514,
              5.2699243
            ],
            [
              -4.0112887,
              5.2695789
            ],
            [
              -4.0128847,
              5.2695067
            ],
            [
              -4.0205774,
              5.271378
            ],
            [
              -4.0255702,
              5.2689614
            ],
            [
              -4.0324525,
              5.2656302
            ],
            [
              -4.0342408,
              5.2426959
            ],
            [
              -4.0336213,
              5.2427387
            ],
            [
              -4.0322426,
              5.2428054
            ],
            [
              -4.0308622,
              5.2428783
            ],
            [
              -4.028627,
              5.2428989
            ],
            [
              -4.0273047,
              5.2429256
            ],
            [
              -4.0258321,
              5.2429897
            ],
            [
              -4.0241209,
              5.2430325
            ],
            [
              -4.023622,
              5.2430605
            ],
            [
              -4.0231285,
              5.2430766
            ],
            [
              -4.0228039,
              5.2430792
            ],
            [
              -4.0216908,
              5.2430779
            ],
            [
              -4.0208137,
              5.2430565
            ],
            [
              -4.0194753,
              5.2430645
            ],
            [
              -4.0180779,
              5.2430458
            ],
            [
              -4.0163478,
              5.2430538
            ],
            [
              -4.0154278,
              5.2430485
            ],
            [
              -4.0146232,
              5.2430766
            ],
            [
              -4.0136844,
              5.2430525
            ],
            [
              -4.0126826,
              5.2430538
            ],
            [
              -4.0115319,
              5.2430886
            ],
            [
              -4.0108573,
              5.2430912
            ],
            [
              -4.0098153,
              5.2430899
            ],
            [
              -4.0088671,
              5.2430819
            ],
            [
              -4.0080236,
              5.2430766
            ],
            [
              -4.0075408,
              5.2431019
            ],
            [
              -4.0071572,
              5.2431366
            ],
            [
              -4.006999,
              5.2431647
            ],
            [
              -4.0068018,
              5.2432261
            ],
            [
              -4.0068139,
              5.2431213
            ],
            [
              -4.0068129,
              5.2430829
            ],
            [
              -4.0068022,
              5.2430402
            ],
            [
              -4.0067841,
              5.2430168
            ],
            [
              -4.0067552,
              5.2430081
            ],
            [
              -4.0067224,
              5.2430068
            ],
            [
              -4.0066778,
              5.2430265
            ],
            [
              -4.0066443,
              5.2430993
            ],
            [
              -4.0066212,
              5.2431949
            ],
            [
              -4.0065979,
              5.2435125
            ],
            [
              -4.006534,
              5.2438259
            ],
            [
              -4.0065751,
              5.2443436
            ],
            [
              -4.0065568,
              5.244598
            ],
            [
              -4.0064877,
              5.2449179
            ],
            [
              -4.006418,
              5.245143
            ],
            [
              -4.0057132,
              5.2457254
            ],
            [
              -4.0043453,
              5.2463008
            ],
            [
              -4.0039117,
              5.2463504
            ],
            [
              -4.0035959,
              5.2464147
            ],
            [
              -4.0033311,
              5.2464086
            ],
            [
              -4.0028482,
              5.2459225
            ],
            [
              -4.0025425,
              5.2455752
            ],
            [
              -4.0024218,
              5.2455459
            ],
            [
              -4.0022662,
              5.2456126
            ],
            [
              -4.002218,
              5.2457062
            ],
            [
              -4.0022286,
              5.245821
            ],
            [
              -4.0021958,
              5.2485523
            ],
            [
              -4.0019563,
              5.2502074
            ]
          ]
        ]
      },
      "id": "relation/3377873"
    },
    {
      "type": "Feature",
      "properties": {
        "@id": "relation/3377881",
        "admin_level": "8",
        "boundary": "administrative",
        "name": "Yopougon",
        "place": "suburb",
        "population": "1375020",
        "short_name": "Yop",
        "type": "boundary",
        "wikidata": "Q1470529",
        "wikipedia": "fr:Yopougon"
      },
      "geometry": {
        "type": "Polygon",
        "coordinates": [
          [
            [
              -4.1117326,
              5.2343865
            ],
            [
              -4.1103271,
              5.2346148
            ],
            [
              -4.109045,
              5.2347871
            ],
            [
              -4.1079426,
              5.2349313
            ],
            [
              -4.1063118,
              5.2351263
            ],
            [
              -4.105487,
              5.2352091
            ],
            [
              -4.1044477,
              5.235344
            ],
            [
              -4.1027807,
              5.2355644
            ],
            [
              -4.1017333,
              5.2356659
            ],
            [
              -4.1005451,
              5.2358074
            ],
            [
              -4.0981686,
              5.2361653
            ],
            [
              -4.0963233,
              5.2363336
            ],
            [
              -4.094258,
              5.236574
            ],
            [
              -4.0925092,
              5.2368358
            ],
            [
              -4.089548,
              5.237167
            ],
            [
              -4.0857178,
              5.2376157
            ],
            [
              -4.0835801,
              5.237824
            ],
            [
              -4.082467,
              5.2379629
            ],
            [
              -4.0801174,
              5.2382514
            ],
            [
              -4.0773574,
              5.2385292
            ],
            [
              -4.075402,
              5.2387776
            ],
            [
              -4.0736023,
              5.2389913
            ],
            [
              -4.0717703,
              5.2391969
            ],
            [
              -4.0703461,
              5.2393438
            ],
            [
              -4.0686107,
              5.2395415
            ],
            [
              -4.0668565,
              5.2397124
            ],
            [
              -4.0651104,
              5.2399021
            ],
            [
              -4.0630773,
              5.2400837
            ],
            [
              -4.061358,
              5.2403001
            ],
            [
              -4.0600383,
              5.2404336
            ],
            [
              -4.0588421,
              5.2405778
            ],
            [
              -4.0577933,
              5.2406847
            ],
            [
              -4.0567419,
              5.2408129
            ],
            [
              -4.0557334,
              5.2409331
            ],
            [
              -4.0550843,
              5.2410239
            ],
            [
              -4.0540087,
              5.2411201
            ],
            [
              -4.0530217,
              5.2412082
            ],
            [
              -4.052335,
              5.2412296
            ],
            [
              -4.0515438,
              5.2413043
            ],
            [
              -4.0509966,
              5.2413765
            ],
            [
              -4.0504226,
              5.2414299
            ],
            [
              -4.0498808,
              5.241486
            ],
            [
              -4.0489367,
              5.2415901
            ],
            [
              -4.0478155,
              5.2417103
            ],
            [
              -4.0463001,
              5.2418466
            ],
            [
              -4.0454793,
              5.241908
            ],
            [
              -4.0439102,
              5.2420629
            ],
            [
              -4.0430197,
              5.2421404
            ],
            [
              -4.0416572,
              5.2422419
            ],
            [
              -4.0409973,
              5.2422873
            ],
            [
              -4.03938,
              5.2424048
            ],
            [
              -4.0375212,
              5.2425383
            ],
            [
              -4.0351233,
              5.2426425
            ],
            [
              -4.0342408,
              5.2426959
            ],
            [
              -4.0324525,
              5.2656302
            ],
            [
              -4.0255702,
              5.2689614
            ],
            [
              -4.0205774,
              5.271378
            ],
            [
              -4.0209254,
              5.2919131
            ],
            [
              -4.0321879,
              5.3028944
            ],
            [
              -4.0336151,
              5.304286
            ],
            [
              -4.0388953,
              5.3065763
            ],
            [
              -4.0394093,
              5.3067993
            ],
            [
              -4.0411986,
              5.3069503
            ],
            [
              -4.0444387,
              5.3060708
            ],
            [
              -4.0447931,
              5.307234
            ],
            [
              -4.0449549,
              5.3082764
            ],
            [
              -4.0451722,
              5.3088943
            ],
            [
              -4.0438634,
              5.3105157
            ],
            [
              -4.0439502,
              5.3108212
            ],
            [
              -4.0439502,
              5.3135787
            ],
            [
              -4.0439121,
              5.3153787
            ],
            [
              -4.0438932,
              5.316275
            ],
            [
              -4.0439392,
              5.3172324
            ],
            [
              -4.0439666,
              5.317802
            ],
            [
              -4.0439392,
              5.3189315
            ],
            [
              -4.043933,
              5.319056
            ],
            [
              -4.0438559,
              5.3206148
            ],
            [
              -4.0437592,
              5.3225692
            ],
            [
              -4.0437569,
              5.3229034
            ],
            [
              -4.0437507,
              5.3238286
            ],
            [
              -4.0437425,
              5.325038
            ],
            [
              -4.0437335,
              5.3263722
            ],
            [
              -4.0437279,
              5.3271906
            ],
            [
              -4.0437238,
              5.3278006
            ],
            [
              -4.0439119,
              5.3283844
            ],
            [
              -4.043969,
              5.3284538
            ],
            [
              -4.0447638,
              5.3294199
            ],
            [
              -4.0448939,
              5.3295588
            ],
            [
              -4.0455813,
              5.3302927
            ],
            [
              -4.0459097,
              5.3306433
            ],
            [
              -4.0461048,
              5.3308516
            ],
            [
              -4.0466004,
              5.3313807
            ],
            [
              -4.0500743,
              5.3349957
            ],
            [
              -4.0529066,
              5.3353042
            ],
            [
              -4.0541236,
              5.3356567
            ],
            [
              -4.0551248,
              5.3372681
            ],
            [
              -4.0551607,
              5.3382084
            ],
            [
              -4.0556688,
              5.3392162
            ],
            [
              -4.0569549,
              5.3397389
            ],
            [
              -4.0577061,
              5.340334
            ],
            [
              -4.0558901,
              5.3409102
            ],
            [
              -4.0544334,
              5.341546
            ],
            [
              -4.0542586,
              5.3417581
            ],
            [
              -4.0567992,
              5.3436498
            ],
            [
              -4.0547801,
              5.3458188
            ],
            [
              -4.0567838,
              5.3472658
            ],
            [
              -4.0562453,
              5.3476524
            ],
            [
              -4.0544039,
              5.3464228
            ],
            [
              -4.0531071,
              5.3492467
            ],
            [
              -4.0564845,
              5.3491209
            ],
            [
              -4.0595977,
              5.348564
            ],
            [
              -4.0602232,
              5.3488024
            ],
            [
              -4.0607168,
              5.3494579
            ],
            [
              -4.0604064,
              5.3502306
            ],
            [
              -4.0597573,
              5.350919
            ],
            [
              -4.0595692,
              5.3513375
            ],
            [
              -4.0585569,
              5.3535899
            ],
            [
              -4.0562778,
              5.3553523
            ],
            [
              -4.0559888,
              5.3587723
            ],
            [
              -4.0568267,
              5.3592492
            ],
            [
              -4.0572113,
              5.359379
            ],
            [
              -4.0574945,
              5.3596616
            ],
            [
              -4.0576603,
              5.3600659
            ],
            [
              -4.0581677,
              5.3599975
            ],
            [
              -4.0584268,
              5.3602923
            ],
            [
              -4.0589991,
              5.3607508
            ],
            [
              -4.0597443,
              5.360963
            ],
            [
              -4.0600055,
              5.3611535
            ],
            [
              -4.0604376,
              5.3622544
            ],
            [
              -4.060789,
              5.3632605
            ],
            [
              -4.0609648,
              5.3648279
            ],
            [
              -4.0615286,
              5.3660455
            ],
            [
              -4.0622756,
              5.3672047
            ],
            [
              -4.0629859,
              5.3677588
            ],
            [
              -4.062898,
              5.368116
            ],
            [
              -4.0631836,
              5.3682472
            ],
            [
              -4.0630005,
              5.3686118
            ],
            [
              -4.0642893,
              5.3697564
            ],
            [
              -4.0659882,
              5.3695085
            ],
            [
              -4.0668303,
              5.3696689
            ],
            [
              -4.0669548,
              5.3700772
            ],
            [
              -4.0689319,
              5.370449
            ],
            [
              -4.0692321,
              5.3699459
            ],
            [
              -4.0699571,
              5.3700334
            ],
            [
              -4.0698106,
              5.370675
            ],
            [
              -4.0701694,
              5.3711708
            ],
            [
              -4.0692101,
              5.3729715
            ],
            [
              -4.0691809,
              5.3735183
            ],
            [
              -4.0692834,
              5.3738391
            ],
            [
              -4.0721685,
              5.3736058
            ],
            [
              -4.0727324,
              5.3727965
            ],
            [
              -4.0744825,
              5.3737662
            ],
            [
              -4.0746143,
              5.3761648
            ],
            [
              -4.0744825,
              5.3767261
            ],
            [
              -4.0738967,
              5.3780676
            ],
            [
              -4.0737175,
              5.3790714
            ],
            [
              -4.0738829,
              5.3803911
            ],
            [
              -4.0739459,
              5.3834013
            ],
            [
              -4.0741447,
              5.3864897
            ],
            [
              -4.0746027,
              5.3890968
            ],
            [
              -4.074581,
              5.3893087
            ],
            [
              -4.0748573,
              5.3913672
            ],
            [
              -4.0752172,
              5.391909
            ],
            [
              -4.0775863,
              5.391934
            ],
            [
              -4.0777027,
              5.3919922
            ],
            [
              -4.0790711,
              5.3920078
            ],
            [
              -4.0798708,
              5.3920169
            ],
            [
              -4.0804344,
              5.3928068
            ],
            [
              -4.0818898,
              5.3948132
            ],
            [
              -4.0820861,
              5.3950837
            ],
            [
              -4.0824032,
              5.3955209
            ],
            [
              -4.0827642,
              5.3960185
            ],
            [
              -4.083126,
              5.3965588
            ],
            [
              -4.0834648,
              5.3971549
            ],
            [
              -4.0835911,
              5.3974239
            ],
            [
              -4.0836304,
              5.3975075
            ],
            [
              -4.0838266,
              5.3979869
            ],
            [
              -4.084004,
              5.3985534
            ],
            [
              -4.0841451,
              5.3992094
            ],
            [
              -4.0842419,
              5.3997979
            ],
            [
              -4.0842674,
              5.4004041
            ],
            [
              -4.0842423,
              5.4010433
            ],
            [
              -4.133152,
              5.3975401
            ],
            [
              -4.1284208,
              5.363553
            ],
            [
              -4.1274326,
              5.3543752
            ],
            [
              -4.1262862,
              5.3437275
            ],
            [
              -4.1252238,
              5.3438598
            ],
            [
              -4.1236468,
              5.3379515
            ],
            [
              -4.1236601,
              5.3339727
            ],
            [
              -4.1249979,
              5.3317614
            ],
            [
              -4.1230147,
              5.3133406
            ],
            [
              -4.1186586,
              5.308828
            ],
            [
              -4.1177802,
              5.286202
            ],
            [
              -4.1157036,
              5.2683763
            ],
            [
              -4.1155634,
              5.2671733
            ],
            [
              -4.1154298,
              5.2660262
            ],
            [
              -4.1153715,
              5.2655447
            ],
            [
              -4.1153089,
              5.2650289
            ],
            [
              -4.1117326,
              5.2343865
            ]
          ]
        ]
      },
      "id": "relation/3377881"
    },
    {
      "type": "Feature",
      "properties": {
        "@id": "relation/3377895",
        "admin_level": "8",
        "boundary": "administrative",
        "name": "Abobo",
        "name:ar": "أبوبو",
        "place": "suburb",
        "population": "1500000",
        "type": "boundary",
        "wikidata": "Q322624"
      },
      "geometry": {
        "type": "Polygon",
        "coordinates": [
          [
            [
              -3.9915555,
              5.4159964
            ],
            [
              -3.9905782,
              5.418022
            ],
            [
              -3.9902591,
              5.4186668
            ],
            [
              -3.9839558,
              5.4317518
            ],
            [
              -3.983675,
              5.432294
            ],
            [
              -3.9835296,
              5.4325749
            ],
            [
              -3.9827607,
              5.4341843
            ],
            [
              -3.9821177,
              5.4349578
            ],
            [
              -3.9810164,
              5.4362828
            ],
            [
              -3.9802895,
              5.4363295
            ],
            [
              -3.9791335,
              5.4365819
            ],
            [
              -3.9786011,
              5.4365479
            ],
            [
              -3.9783663,
              5.4365896
            ],
            [
              -3.9775517,
              5.4367341
            ],
            [
              -3.9749001,
              5.4358679
            ],
            [
              -3.9747763,
              5.4358275
            ],
            [
              -3.9741131,
              5.4356108
            ],
            [
              -3.9738475,
              5.435524
            ],
            [
              -3.9710621,
              5.4346141
            ],
            [
              -3.9685871,
              5.4347573
            ],
            [
              -3.9656229,
              5.436333
            ],
            [
              -3.9653639,
              5.4387682
            ],
            [
              -3.961047,
              5.4413466
            ],
            [
              -3.9595729,
              5.4422888
            ],
            [
              -3.958716,
              5.4428364
            ],
            [
              -3.9563273,
              5.4420915
            ],
            [
              -3.9554644,
              5.4421758
            ],
            [
              -3.9546869,
              5.4425213
            ],
            [
              -3.9536797,
              5.4421488
            ],
            [
              -3.953265,
              5.4422565
            ],
            [
              -3.9535523,
              5.4428514
            ],
            [
              -3.9552443,
              5.4458602
            ],
            [
              -3.9570453,
              5.4487251
            ],
            [
              -3.9590984,
              5.4514464
            ],
            [
              -3.9624882,
              5.4548944
            ],
            [
              -3.9640024,
              5.4567083
            ],
            [
              -3.9667423,
              5.4595035
            ],
            [
              -3.9698112,
              5.4605254
            ],
            [
              -3.9733823,
              5.4639743
            ],
            [
              -3.975765,
              5.4665494
            ],
            [
              -3.9801653,
              5.4689511
            ],
            [
              -3.9811309,
              5.4692602
            ],
            [
              -3.9819267,
              5.4695149
            ],
            [
              -3.985682,
              5.4707168
            ],
            [
              -3.9858713,
              5.4707774
            ],
            [
              -3.9911783,
              5.4734343
            ],
            [
              -3.9945362,
              5.4744933
            ],
            [
              -3.9973587,
              5.475557
            ],
            [
              -3.9999173,
              5.4762824
            ],
            [
              -4.0025561,
              5.4761442
            ],
            [
              -4.0110106,
              5.4748492
            ],
            [
              -4.1502194,
              5.4528869
            ],
            [
              -4.1530661,
              5.4524385
            ],
            [
              -4.1611,
              5.4511732
            ],
            [
              -4.1713083,
              5.4495653
            ],
            [
              -4.1669436,
              5.4436463
            ],
            [
              -4.1616388,
              5.4366458
            ],
            [
              -4.1612819,
              5.4361748
            ],
            [
              -4.133152,
              5.3975401
            ],
            [
              -4.0842423,
              5.4010433
            ],
            [
              -4.0841706,
              5.4016216
            ],
            [
              -4.084061,
              5.4022152
            ],
            [
              -4.0838797,
              5.4028254
            ],
            [
              -4.0835229,
              5.4036602
            ],
            [
              -4.0834781,
              5.4037411
            ],
            [
              -4.0818269,
              5.4067229
            ],
            [
              -4.0816538,
              5.4070355
            ],
            [
              -4.0783863,
              5.4129358
            ],
            [
              -4.0735484,
              5.4216718
            ],
            [
              -4.0733138,
              5.4220954
            ],
            [
              -4.0727422,
              5.4231276
            ],
            [
              -4.0709138,
              5.4263946
            ],
            [
              -4.070853,
              5.4265033
            ],
            [
              -4.0633033,
              5.4266253
            ],
            [
              -4.0611993,
              5.4238039
            ],
            [
              -4.0599944,
              5.4222856
            ],
            [
              -4.0589724,
              5.4219205
            ],
            [
              -4.0581355,
              5.4223691
            ],
            [
              -4.0570948,
              5.4224866
            ],
            [
              -4.0565799,
              5.4221448
            ],
            [
              -4.0564997,
              5.4214536
            ],
            [
              -4.0575455,
              5.4204359
            ],
            [
              -4.0574489,
              5.4201475
            ],
            [
              -4.0566657,
              5.4202329
            ],
            [
              -4.0556894,
              5.4204145
            ],
            [
              -4.0552495,
              5.4201688
            ],
            [
              -4.0548954,
              5.4194105
            ],
            [
              -4.0549276,
              5.418759
            ],
            [
              -4.0544448,
              5.4185133
            ],
            [
              -4.0537866,
              5.4186914
            ],
            [
              -4.0531895,
              5.4199125
            ],
            [
              -4.0531825,
              5.4213662
            ],
            [
              -4.0527175,
              5.4215413
            ],
            [
              -4.0521649,
              5.4213865
            ],
            [
              -4.0513442,
              5.4209058
            ],
            [
              -4.0494979,
              5.420478
            ],
            [
              -4.0479539,
              5.4180701
            ],
            [
              -4.0468274,
              5.417783
            ],
            [
              -4.0450967,
              5.4177844
            ],
            [
              -4.0442417,
              5.4176535
            ],
            [
              -4.0439574,
              5.4168311
            ],
            [
              -4.0441362,
              5.4164234
            ],
            [
              -4.0443106,
              5.416026
            ],
            [
              -4.0446117,
              5.4153395
            ],
            [
              -4.0446977,
              5.4151435
            ],
            [
              -4.043496,
              5.4134452
            ],
            [
              -4.0431497,
              5.4132659
            ],
            [
              -4.0427634,
              5.4130659
            ],
            [
              -4.0408811,
              5.4120913
            ],
            [
              -4.040179,
              5.4117278
            ],
            [
              -4.0362814,
              5.4108629
            ],
            [
              -4.03385,
              5.4106546
            ],
            [
              -4.0327852,
              5.4106172
            ],
            [
              -4.0321252,
              5.4099287
            ],
            [
              -4.0302349,
              5.4115337
            ],
            [
              -4.0292062,
              5.4119046
            ],
            [
              -4.0280783,
              5.4122177
            ],
            [
              -4.0268414,
              5.4123937
            ],
            [
              -4.024867,
              5.4128063
            ],
            [
              -4.0247095,
              5.4127188
            ],
            [
              -4.0244735,
              5.4125746
            ],
            [
              -4.0243018,
              5.410855
            ],
            [
              -4.0241247,
              5.4095465
            ],
            [
              -4.021135,
              5.4095524
            ],
            [
              -4.0215516,
              5.4019362
            ],
            [
              -4.0215213,
              5.3993988
            ],
            [
              -4.0188167,
              5.3963608
            ],
            [
              -4.0145014,
              5.3931387
            ],
            [
              -4.0143706,
              5.3929941
            ],
            [
              -4.0085423,
              5.3865496
            ],
            [
              -4.0060147,
              5.3853371
            ],
            [
              -4.0056334,
              5.3886477
            ],
            [
              -4.0055736,
              5.389239
            ],
            [
              -4.0055478,
              5.3896685
            ],
            [
              -4.0055492,
              5.3899735
            ],
            [
              -4.0055588,
              5.390364
            ],
            [
              -4.0055943,
              5.3907997
            ],
            [
              -4.0057291,
              5.3917538
            ],
            [
              -4.0064144,
              5.3966033
            ],
            [
              -4.0064754,
              5.3971836
            ],
            [
              -4.0065086,
              5.3975598
            ],
            [
              -4.0065257,
              5.3978956
            ],
            [
              -4.0065665,
              5.3987844
            ],
            [
              -4.0065709,
              5.3999063
            ],
            [
              -3.9994214,
              5.3997887
            ],
            [
              -3.9990165,
              5.4007199
            ],
            [
              -3.9915555,
              5.4159964
            ]
          ]
        ]
      },
      "id": "relation/3377895"
    },
    {
      "type": "Feature",
      "properties": {
        "@id": "way/1421565109",
        "@relations": [
          {
            "role": "",
            "rel": 19449285,
            "reltags": {
              "admin_level": "8",
              "boundary": "administrative",
              "name": "Commune de Grand-Bassam",
              "note": "DECRET N° 80-1078 DU 19 SEPTEMBRE 1980"
            }
          },
          {
            "role": "",
            "rel": 19449285,
            "reltags": {
              "admin_level": "8",
              "boundary": "administrative",
              "name": "Commune de Grand-Bassam",
              "note": "DECRET N° 80-1078 DU 19 SEPTEMBRE 1980"
            }
          },
          {
            "role": "",
            "rel": 19449285,
            "reltags": {
              "admin_level": "8",
              "boundary": "administrative",
              "name": "Commune de Grand-Bassam",
              "note": "DECRET N° 80-1078 DU 19 SEPTEMBRE 1980"
            }
          }
        ]
      },
      "geometry": {
        "type": "LineString",
        "coordinates": [
          [
            -3.8557152,
            5.2259043
          ],
          [
            -3.8548011,
            5.2269022
          ]
        ]
      },
      "id": "way/1421565109"
    },
    {
      "type": "Feature",
      "properties": {
        "@id": "way/1421565115",
        "@relations": [
          {
            "role": "",
            "rel": 19449285,
            "reltags": {
              "admin_level": "8",
              "boundary": "administrative",
              "name": "Commune de Grand-Bassam",
              "note": "DECRET N° 80-1078 DU 19 SEPTEMBRE 1980"
            }
          }
        ]
      },
      "geometry": {
        "type": "LineString",
        "coordinates": [
          [
            -3.7197801,
            5.2976554
          ],
          [
            -3.7193426,
            5.2968061
          ],
          [
            -3.7190819,
            5.2951481
          ],
          [
            -3.719374,
            5.2936195
          ],
          [
            -3.7201254,
            5.2913214
          ],
          [
            -3.7205515,
            5.2893795
          ],
          [
            -3.7208963,
            5.2864418
          ],
          [
            -3.7211988,
            5.2853778
          ],
          [
            -3.7219241,
            5.2841842
          ],
          [
            -3.7237992,
            5.2823545
          ],
          [
            -3.7278403,
            5.278475
          ],
          [
            -3.7317515,
            5.2755671
          ],
          [
            -3.7346129,
            5.2738088
          ]
        ]
      },
      "id": "way/1421565115"
    },
    {
      "type": "Feature",
      "properties": {
        "@id": "way/1421565117",
        "@relations": [
          {
            "role": "",
            "rel": 19449285,
            "reltags": {
              "admin_level": "8",
              "boundary": "administrative",
              "name": "Commune de Grand-Bassam",
              "note": "DECRET N° 80-1078 DU 19 SEPTEMBRE 1980"
            }
          }
        ]
      },
      "geometry": {
        "type": "LineString",
        "coordinates": [
          [
            -3.7346129,
            5.2738088
          ],
          [
            -3.732942,
            5.2733355
          ],
          [
            -3.7318374,
            5.2726366
          ],
          [
            -3.7309828,
            5.2714793
          ],
          [
            -3.730203,
            5.2674388
          ],
          [
            -3.7301703,
            5.2653236
          ],
          [
            -3.7304366,
            5.2631711
          ],
          [
            -3.7309296,
            5.2604709
          ],
          [
            -3.7317775,
            5.256822
          ],
          [
            -3.732502,
            5.2535049
          ],
          [
            -3.7330475,
            5.2500587
          ],
          [
            -3.7326591,
            5.247989
          ],
          [
            -3.7319143,
            5.2474457
          ],
          [
            -3.730609,
            5.2472
          ],
          [
            -3.7290984,
            5.2471031
          ],
          [
            -3.7272141,
            5.2465225
          ],
          [
            -3.7253275,
            5.2453161
          ],
          [
            -3.7231699,
            5.2436433
          ],
          [
            -3.7223785,
            5.2421706
          ],
          [
            -3.7219816,
            5.2405997
          ],
          [
            -3.7214703,
            5.2394886
          ]
        ]
      },
      "id": "way/1421565117"
    },
    {
      "type": "Feature",
      "properties": {
        "@id": "way/1421565110",
        "@relations": [
          {
            "role": "",
            "rel": 19449285,
            "reltags": {
              "admin_level": "8",
              "boundary": "administrative",
              "name": "Commune de Grand-Bassam",
              "note": "DECRET N° 80-1078 DU 19 SEPTEMBRE 1980"
            }
          },
          {
            "role": "",
            "rel": 19449285,
            "reltags": {
              "admin_level": "8",
              "boundary": "administrative",
              "name": "Commune de Grand-Bassam",
              "note": "DECRET N° 80-1078 DU 19 SEPTEMBRE 1980"
            }
          }
        ]
      },
      "geometry": {
        "type": "LineString",
        "coordinates": [
          [
            -3.7145028,
            5.2084161
          ],
          [
            -3.7058733,
            5.190857
          ],
          [
            -3.7219506,
            5.1912251
          ]
        ]
      },
      "id": "way/1421565110"
    },
    {
      "type": "Feature",
      "properties": {
        "@id": "way/1421565113",
        "@relations": [
          {
            "role": "",
            "rel": 19449285,
            "reltags": {
              "admin_level": "8",
              "boundary": "administrative",
              "name": "Commune de Grand-Bassam",
              "note": "DECRET N° 80-1078 DU 19 SEPTEMBRE 1980"
            }
          },
          {
            "role": "",
            "rel": 19449285,
            "reltags": {
              "admin_level": "8",
              "boundary": "administrative",
              "name": "Commune de Grand-Bassam",
              "note": "DECRET N° 80-1078 DU 19 SEPTEMBRE 1980"
            }
          }
        ]
      },
      "geometry": {
        "type": "LineString",
        "coordinates": [
          [
            -3.7214703,
            5.2394886
          ],
          [
            -3.7124937,
            5.2208366
          ],
          [
            -3.7149552,
            5.2159576
          ],
          [
            -3.7151438,
            5.2158279
          ]
        ]
      },
      "id": "way/1421565113"
    },
    {
      "type": "Feature",
      "properties": {
        "@id": "way/1421565112",
        "@relations": [
          {
            "role": "",
            "rel": 19449285,
            "reltags": {
              "admin_level": "8",
              "boundary": "administrative",
              "name": "Commune de Grand-Bassam",
              "note": "DECRET N° 80-1078 DU 19 SEPTEMBRE 1980"
            }
          }
        ]
      },
      "geometry": {
        "type": "LineString",
        "coordinates": [
          [
            -3.7151438,
            5.2158279
          ],
          [
            -3.7155072,
            5.2156824
          ],
          [
            -3.715677,
            5.215594
          ],
          [
            -3.7160598,
            5.21548
          ],
          [
            -3.716319,
            5.215206
          ],
          [
            -3.716448,
            5.215077
          ],
          [
            -3.7167664,
            5.214948
          ],
          [
            -3.716874,
            5.2148484
          ],
          [
            -3.7168679,
            5.2147675
          ],
          [
            -3.7170049,
            5.2146224
          ],
          [
            -3.7172295,
            5.2145779
          ],
          [
            -3.7176147,
            5.2142505
          ],
          [
            -3.7177652,
            5.2140904
          ],
          [
            -3.7179264,
            5.2139662
          ]
        ]
      },
      "id": "way/1421565112"
    },
    {
      "type": "Feature",
      "properties": {
        "@id": "way/1421565111",
        "@relations": [
          {
            "role": "",
            "rel": 19449285,
            "reltags": {
              "admin_level": "8",
              "boundary": "administrative",
              "name": "Commune de Grand-Bassam",
              "note": "DECRET N° 80-1078 DU 19 SEPTEMBRE 1980"
            }
          }
        ]
      },
      "geometry": {
        "type": "LineString",
        "coordinates": [
          [
            -3.7179264,
            5.2139662
          ],
          [
            -3.7180902,
            5.2137402
          ],
          [
            -3.7181886,
            5.2135143
          ],
          [
            -3.7182266,
            5.2132856
          ],
          [
            -3.7182408,
            5.2130512
          ],
          [
            -3.7183097,
            5.2128649
          ],
          [
            -3.7182344,
            5.2126416
          ],
          [
            -3.7182432,
            5.2125205
          ],
          [
            -3.7180969,
            5.2123451
          ],
          [
            -3.7180705,
            5.2122341
          ],
          [
            -3.7179133,
            5.2121138
          ],
          [
            -3.7177984,
            5.2118666
          ],
          [
            -3.7176742,
            5.2118054
          ],
          [
            -3.7174279,
            5.211592
          ],
          [
            -3.7172219,
            5.2115052
          ],
          [
            -3.7170271,
            5.2114736
          ],
          [
            -3.7166423,
            5.2113236
          ],
          [
            -3.7163522,
            5.211296
          ],
          [
            -3.7160982,
            5.2112368
          ],
          [
            -3.7157696,
            5.2107738
          ],
          [
            -3.7155284,
            5.2105163
          ],
          [
            -3.7152113,
            5.2099588
          ],
          [
            -3.7148329,
            5.209297
          ],
          [
            -3.7145781,
            5.2087106
          ],
          [
            -3.7145028,
            5.2084161
          ]
        ]
      },
      "id": "way/1421565111"
    },
    {
      "type": "Feature",
      "properties": {
        "@id": "way/1421565108",
        "@relations": [
          {
            "role": "",
            "rel": 19449285,
            "reltags": {
              "admin_level": "8",
              "boundary": "administrative",
              "name": "Commune de Grand-Bassam",
              "note": "DECRET N° 80-1078 DU 19 SEPTEMBRE 1980"
            }
          }
        ]
      },
      "geometry": {
        "type": "LineString",
        "coordinates": [
          [
            -3.7585366,
            5.1980621
          ],
          [
            -3.7566751,
            5.1976989
          ],
          [
            -3.7549384,
            5.1973869
          ],
          [
            -3.7530171,
            5.1970619
          ],
          [
            -3.750301,
            5.196535
          ],
          [
            -3.7494251,
            5.1963392
          ],
          [
            -3.7486324,
            5.1961957
          ],
          [
            -3.7464289,
            5.1957986
          ],
          [
            -3.7447418,
            5.1954829
          ],
          [
            -3.7422438,
            5.1950438
          ],
          [
            -3.7402182,
            5.1946741
          ],
          [
            -3.7389957,
            5.1944364
          ],
          [
            -3.7374442,
            5.1941394
          ],
          [
            -3.7354653,
            5.1938161
          ],
          [
            -3.7330063,
            5.1933665
          ],
          [
            -3.7313287,
            5.1930534
          ],
          [
            -3.7293519,
            5.1926495
          ],
          [
            -3.7272461,
            5.1922871
          ],
          [
            -3.724347,
            5.191567
          ],
          [
            -3.7235798,
            5.19125
          ],
          [
            -3.7227786,
            5.19082
          ],
          [
            -3.7229093,
            5.1901377
          ],
          [
            -3.7229833,
            5.1895232
          ],
          [
            -3.7229274,
            5.1894162
          ],
          [
            -3.7228304,
            5.1893989
          ],
          [
            -3.7227107,
            5.1894212
          ],
          [
            -3.7226473,
            5.1895347
          ],
          [
            -3.7224573,
            5.1913062
          ],
          [
            -3.7219506,
            5.1912251
          ]
        ]
      },
      "id": "way/1421565108"
    },
    {
      "type": "Feature",
      "properties": {
        "@id": "way/4181724",
        "@relations": [
          {
            "role": "",
            "rel": 19449285,
            "reltags": {
              "admin_level": "8",
              "boundary": "administrative",
              "name": "Commune de Grand-Bassam",
              "note": "DECRET N° 80-1078 DU 19 SEPTEMBRE 1980"
            }
          }
        ]
      },
      "geometry": {
        "type": "LineString",
        "coordinates": [
          [
            -3.8347355,
            5.218686
          ],
          [
            -3.8323832,
            5.217695
          ],
          [
            -3.8305163,
            5.216867
          ],
          [
            -3.8281292,
            5.2157825
          ],
          [
            -3.8265333,
            5.2150372
          ],
          [
            -3.8247281,
            5.214292
          ],
          [
            -3.8228935,
            5.2135975
          ],
          [
            -3.8203991,
            5.2127374
          ],
          [
            -3.8177705,
            5.2118827
          ],
          [
            -3.8163409,
            5.2114473
          ],
          [
            -3.8150132,
            5.2109959
          ],
          [
            -3.8123444,
            5.2101598
          ],
          [
            -3.8106787,
            5.2096496
          ],
          [
            -3.8094234,
            5.2092837
          ],
          [
            -3.8081896,
            5.2089337
          ],
          [
            -3.8039518,
            5.2077638
          ],
          [
            -3.8014841,
            5.2071654
          ],
          [
            -3.7990862,
            5.2065831
          ],
          [
            -3.7927187,
            5.2051087
          ],
          [
            -3.7857583,
            5.2035594
          ],
          [
            -3.782258,
            5.2028435
          ],
          [
            -3.7789616,
            5.2021731
          ],
          [
            -3.7755793,
            5.2014705
          ],
          [
            -3.772291,
            5.2008028
          ],
          [
            -3.7653548,
            5.1994298
          ],
          [
            -3.7619269,
            5.1987353
          ],
          [
            -3.7600601,
            5.1983506
          ],
          [
            -3.7585366,
            5.1980621
          ]
        ]
      },
      "id": "way/4181724"
    },
    {
      "type": "Feature",
      "properties": {
        "@id": "way/266508940",
        "@relations": [
          {
            "role": "",
            "rel": 19449285,
            "reltags": {
              "admin_level": "8",
              "boundary": "administrative",
              "name": "Commune de Grand-Bassam",
              "note": "DECRET N° 80-1078 DU 19 SEPTEMBRE 1980"
            }
          }
        ]
      },
      "geometry": {
        "type": "LineString",
        "coordinates": [
          [
            -3.8548011,
            5.2269022
          ],
          [
            -3.8533688,
            5.2263453
          ],
          [
            -3.852151,
            5.2258738
          ],
          [
            -3.8498551,
            5.2249016
          ],
          [
            -3.8466203,
            5.2236328
          ],
          [
            -3.8448474,
            5.2229597
          ],
          [
            -3.842935,
            5.2221878
          ],
          [
            -3.8407785,
            5.2212582
          ],
          [
            -3.8397002,
            5.2208576
          ],
          [
            -3.8387038,
            5.2204329
          ],
          [
            -3.8377342,
            5.2199841
          ],
          [
            -3.8362938,
            5.219331
          ],
          [
            -3.8347355,
            5.218686
          ]
        ]
      },
      "id": "way/266508940"
    },
    {
      "type": "Feature",
      "properties": {
        "@id": "way/1421565116",
        "@relations": [
          {
            "role": "",
            "rel": 19449285,
            "reltags": {
              "admin_level": "8",
              "boundary": "administrative",
              "name": "Commune de Grand-Bassam",
              "note": "DECRET N° 80-1078 DU 19 SEPTEMBRE 1980"
            }
          }
        ]
      },
      "geometry": {
        "type": "LineString",
        "coordinates": [
          [
            -3.7203599,
            5.2975364
          ],
          [
            -3.7197801,
            5.2976554
          ]
        ]
      },
      "id": "way/1421565116"
    },
    {
      "type": "Feature",
      "properties": {
        "@id": "way/1421565119",
        "@relations": [
          {
            "role": "",
            "rel": 19449285,
            "reltags": {
              "admin_level": "8",
              "boundary": "administrative",
              "name": "Commune de Grand-Bassam",
              "note": "DECRET N° 80-1078 DU 19 SEPTEMBRE 1980"
            }
          }
        ]
      },
      "geometry": {
        "type": "LineString",
        "coordinates": [
          [
            -3.7203599,
            5.2975364
          ],
          [
            -3.7177411,
            5.2945318
          ],
          [
            -3.7221693,
            5.2840495
          ],
          [
            -3.7307002,
            5.2737083
          ]
        ]
      },
      "id": "way/1421565119"
    },
    {
      "type": "Feature",
      "properties": {
        "@id": "way/251776747",
        "@relations": [
          {
            "role": "",
            "rel": 19449285,
            "reltags": {
              "admin_level": "8",
              "boundary": "administrative",
              "name": "Commune de Grand-Bassam",
              "note": "DECRET N° 80-1078 DU 19 SEPTEMBRE 1980"
            }
          }
        ]
      },
      "geometry": {
        "type": "LineString",
        "coordinates": [
          [
            -3.8086446,
            5.2893433
          ],
          [
            -3.787925,
            5.2728319
          ],
          [
            -3.7706426,
            5.2768276
          ],
          [
            -3.7588591,
            5.2754175
          ],
          [
            -3.7535489,
            5.2734535
          ],
          [
            -3.7307002,
            5.2737083
          ]
        ]
      },
      "id": "way/251776747"
    },
    {
      "type": "Feature",
      "properties": {
        "@id": "way/1422518112",
        "@relations": [
          {
            "role": "",
            "rel": 19465792,
            "reltags": {
              "admin_level": "8",
              "boundary": "administrative",
              "name": "Commune de Jacqueville",
              "natural": "Décret n° 90-1594 du 12 décembre 1990"
            }
          },
          {
            "role": "",
            "rel": 19465792,
            "reltags": {
              "admin_level": "8",
              "boundary": "administrative",
              "name": "Commune de Jacqueville",
              "natural": "Décret n° 90-1594 du 12 décembre 1990"
            }
          },
          {
            "role": "",
            "rel": 19465792,
            "reltags": {
              "admin_level": "8",
              "boundary": "administrative",
              "name": "Commune de Jacqueville",
              "natural": "Décret n° 90-1594 du 12 décembre 1990"
            }
          }
        ]
      },
      "geometry": {
        "type": "LineString",
        "coordinates": [
          [
            -4.7871522,
            5.1488923
          ],
          [
            -4.7874319,
            5.1526701
          ],
          [
            -4.7880894,
            5.1615488
          ],
          [
            -4.8097803,
            5.1777631
          ],
          [
            -4.8064771,
            5.1834984
          ],
          [
            -4.8012971,
            5.18356
          ],
          [
            -4.7948457,
            5.185748
          ],
          [
            -4.7471667,
            5.2204943
          ],
          [
            -4.6596416,
            5.2283852
          ],
          [
            -4.6470283,
            5.2370409
          ],
          [
            -4.634986,
            5.2430592
          ],
          [
            -4.5760809,
            5.2321408
          ],
          [
            -4.5226907,
            5.2487831
          ],
          [
            -4.4185726,
            5.2579141
          ],
          [
            -4.3950463,
            5.2670335
          ],
          [
            -4.3702109,
            5.2721994
          ],
          [
            -4.3433822,
            5.2726225
          ],
          [
            -4.3246299,
            5.3025298
          ],
          [
            -4.2602878,
            5.2879736
          ],
          [
            -4.2290852,
            5.2813598
          ],
          [
            -4.2099939,
            5.2216883
          ],
          [
            -4.2091149,
            5.2189916
          ]
        ]
      },
      "id": "way/1422518112"
    },
    {
      "type": "Feature",
      "properties": {
        "@id": "way/1422518110",
        "@relations": [
          {
            "role": "",
            "rel": 19465792,
            "reltags": {
              "admin_level": "8",
              "boundary": "administrative",
              "name": "Commune de Jacqueville",
              "natural": "Décret n° 90-1594 du 12 décembre 1990"
            }
          }
        ]
      },
      "geometry": {
        "type": "LineString",
        "coordinates": [
          [
            -4.7874319,
            5.1526701
          ],
          [
            -4.7868942,
            5.1527159
          ],
          [
            -4.7866635,
            5.1527173
          ],
          [
            -4.7865106,
            5.1527413
          ],
          [
            -4.7864074,
            5.1527734
          ],
          [
            -4.7863081,
            5.1528041
          ],
          [
            -4.7861901,
            5.1528308
          ],
          [
            -4.7858253,
            5.1528495
          ],
          [
            -4.7853385,
            5.1529002
          ]
        ]
      },
      "id": "way/1422518110"
    },
    {
      "type": "Feature",
      "properties": {
        "@id": "way/4181973",
        "@relations": [
          {
            "role": "",
            "rel": 19465792,
            "reltags": {
              "admin_level": "8",
              "boundary": "administrative",
              "name": "Commune de Jacqueville",
              "natural": "Décret n° 90-1594 du 12 décembre 1990"
            }
          }
        ]
      },
      "geometry": {
        "type": "LineString",
        "coordinates": [
          [
            -4.8483986,
            5.1473825
          ],
          [
            -4.8478702,
            5.1474065
          ],
          [
            -4.8473766,
            5.1474226
          ],
          [
            -4.8469502,
            5.147448
          ],
          [
            -4.846686,
            5.1474733
          ],
          [
            -4.8464594,
            5.1474626
          ],
          [
            -4.846167,
            5.147468
          ],
          [
            -4.846002,
            5.1474987
          ],
          [
            -4.8457164,
            5.1475094
          ],
          [
            -4.8456091,
            5.1475067
          ],
          [
            -4.8454656,
            5.1475201
          ],
          [
            -4.8451249,
            5.1475495
          ],
          [
            -4.8448312,
            5.1475468
          ],
          [
            -4.8445657,
            5.1475628
          ],
          [
            -4.8442941,
            5.1476002
          ],
          [
            -4.843973,
            5.1476283
          ],
          [
            -4.843761,
            5.147655
          ],
          [
            -4.8435249,
            5.1476603
          ],
          [
            -4.8433171,
            5.1476764
          ],
          [
            -4.8431253,
            5.1477044
          ],
          [
            -4.8429617,
            5.1477538
          ],
          [
            -4.8428786,
            5.1477765
          ],
          [
            -4.8427995,
            5.1477886
          ],
          [
            -4.8426734,
            5.1477832
          ],
          [
            -4.8424307,
            5.1477418
          ],
          [
            -4.8422362,
            5.1477231
          ],
          [
            -4.8420431,
            5.1477311
          ],
          [
            -4.8418178,
            5.1477618
          ],
          [
            -4.8416676,
            5.1478059
          ],
          [
            -4.8415455,
            5.147838
          ],
          [
            -4.8414825,
            5.1478473
          ],
          [
            -4.8413967,
            5.1478487
          ],
          [
            -4.8413014,
            5.1478406
          ],
          [
            -4.8411794,
            5.1478527
          ],
          [
            -4.8408602,
            5.1478794
          ],
          [
            -4.8405129,
            5.1478834
          ],
          [
            -4.8399979,
            5.1478967
          ],
          [
            -4.839609,
            5.1479074
          ],
          [
            -4.8389921,
            5.1479515
          ],
          [
            -4.838343,
            5.148021
          ],
          [
            -4.8376858,
            5.148037
          ],
          [
            -4.8372614,
            5.1480771
          ],
          [
            -4.8371346,
            5.1480904
          ],
          [
            -4.8365593,
            5.1481425
          ],
          [
            -4.8363997,
            5.1481639
          ],
          [
            -4.8361744,
            5.1482026
          ],
          [
            -4.8356366,
            5.148248
          ],
          [
            -4.8349983,
            5.1483068
          ],
          [
            -4.8343585,
            5.1483629
          ],
          [
            -4.8331582,
            5.148419
          ],
          [
            -4.8319003,
            5.1485552
          ],
          [
            -4.8310299,
            5.1486688
          ],
          [
            -4.8305136,
            5.1487195
          ],
          [
            -4.8295856,
            5.1487796
          ],
          [
            -4.8290961,
            5.1488504
          ],
          [
            -4.8289137,
            5.1488711
          ],
          [
            -4.8287366,
            5.1488758
          ],
          [
            -4.8280205,
            5.1488999
          ],
          [
            -4.8274948,
            5.1489533
          ],
          [
            -4.82702,
            5.148984
          ],
          [
            -4.8265734,
            5.1490254
          ],
          [
            -4.8258787,
            5.1491056
          ],
          [
            -4.8251747,
            5.1491376
          ],
          [
            -4.8246865,
            5.1491443
          ],
          [
            -4.8242627,
            5.1491777
          ],
          [
            -4.8239315,
            5.1491964
          ],
          [
            -4.8232998,
            5.1492725
          ],
          [
            -4.8229323,
            5.1493259
          ],
          [
            -4.8226105,
            5.14936
          ],
          [
            -4.822298,
            5.1493673
          ],
          [
            -4.8214316,
            5.1494128
          ],
          [
            -4.8205787,
            5.1494689
          ],
          [
            -4.8198894,
            5.1495543
          ],
          [
            -4.8193476,
            5.1495917
          ],
          [
            -4.8190485,
            5.1495811
          ],
          [
            -4.8187937,
            5.1495917
          ],
          [
            -4.8182519,
            5.1496465
          ],
          [
            -4.8179354,
            5.1497013
          ],
          [
            -4.817694,
            5.1497266
          ],
          [
            -4.8175196,
            5.1497307
          ],
          [
            -4.8172715,
            5.149744
          ],
          [
            -4.8168866,
            5.1497881
          ],
          [
            -4.8167525,
            5.1498121
          ],
          [
            -4.8166405,
            5.1498522
          ],
          [
            -4.8165661,
            5.1498756
          ],
          [
            -4.8164964,
            5.1498816
          ],
          [
            -4.8161061,
            5.1498575
          ],
          [
            -4.8158754,
            5.1498682
          ],
          [
            -4.8151633,
            5.1499364
          ],
          [
            -4.8146604,
            5.149955
          ],
          [
            -4.8144887,
            5.1499644
          ],
          [
            -4.8143613,
            5.1499945
          ],
          [
            -4.8142312,
            5.1500399
          ],
          [
            -4.8141655,
            5.1500552
          ],
          [
            -4.8138262,
            5.1501033
          ],
          [
            -4.8136452,
            5.1501314
          ],
          [
            -4.8134977,
            5.150126
          ],
          [
            -4.8129183,
            5.1501287
          ],
          [
            -4.8119393,
            5.1502329
          ],
          [
            -4.8114941,
            5.1502542
          ],
          [
            -4.8109898,
            5.1502676
          ],
          [
            -4.8103809,
            5.1503504
          ],
          [
            -4.8098043,
            5.1504279
          ],
          [
            -4.8092517,
            5.1504987
          ],
          [
            -4.8088346,
            5.150516
          ],
          [
            -4.8084846,
            5.1505641
          ],
          [
            -4.8078355,
            5.1506416
          ],
          [
            -4.8073795,
            5.1506817
          ],
          [
            -4.8068592,
            5.1507538
          ],
          [
            -4.8066513,
            5.1507845
          ],
          [
            -4.8063281,
            5.15085
          ],
          [
            -4.8056294,
            5.1509087
          ],
          [
            -4.8053639,
            5.1509515
          ],
          [
            -4.8049092,
            5.1509982
          ],
          [
            -4.8044868,
            5.151045
          ],
          [
            -4.8040201,
            5.1510837
          ],
          [
            -4.8036553,
            5.1510984
          ],
          [
            -4.802911,
            5.1511732
          ],
          [
            -4.8023745,
            5.1511919
          ],
          [
            -4.8016959,
            5.151272
          ],
          [
            -4.8014036,
            5.1513054
          ],
          [
            -4.8011072,
            5.1513468
          ],
          [
            -4.8005345,
            5.1513415
          ],
          [
            -4.8002248,
            5.1513682
          ],
          [
            -4.8000035,
            5.1514016
          ],
          [
            -4.7995824,
            5.1514831
          ],
          [
            -4.7988448,
            5.1515392
          ],
          [
            -4.7981045,
            5.1516166
          ],
          [
            -4.7977531,
            5.1516727
          ],
          [
            -4.7971469,
            5.1517262
          ],
          [
            -4.7964723,
            5.151793
          ],
          [
            -4.7962967,
            5.1518036
          ],
          [
            -4.7954062,
            5.1518597
          ],
          [
            -4.7947718,
            5.1519232
          ],
          [
            -4.7939605,
            5.1519746
          ],
          [
            -4.7932255,
            5.1520013
          ],
          [
            -4.7929707,
            5.152028
          ],
          [
            -4.7927669,
            5.1520855
          ],
          [
            -4.7925268,
            5.1521549
          ],
          [
            -4.7922492,
            5.152175
          ],
          [
            -4.791934,
            5.152199
          ],
          [
            -4.7916953,
            5.1522177
          ],
          [
            -4.7913627,
            5.1522925
          ],
          [
            -4.7911495,
            5.1523553
          ],
          [
            -4.7910208,
            5.152378
          ],
          [
            -4.7908665,
            5.15239
          ],
          [
            -4.7906788,
            5.152378
          ],
          [
            -4.7905004,
            5.1523593
          ],
          [
            -4.7903958,
            5.1523673
          ],
          [
            -4.7902644,
            5.152386
          ],
          [
            -4.7899304,
            5.1524902
          ],
          [
            -4.789791,
            5.1525409
          ],
          [
            -4.7896796,
            5.152549
          ],
          [
            -4.7895563,
            5.152549
          ],
          [
            -4.7894517,
            5.1525289
          ],
          [
            -4.7892994,
            5.1524835
          ],
          [
            -4.789229,
            5.1524688
          ],
          [
            -4.7891305,
            5.1524688
          ],
          [
            -4.7890352,
            5.1524795
          ],
          [
            -4.7889682,
            5.1525009
          ],
          [
            -4.7888904,
            5.1525416
          ],
          [
            -4.788828,
            5.1525737
          ],
          [
            -4.7887576,
            5.152591
          ],
          [
            -4.7885759,
            5.1526024
          ],
          [
            -4.7877082,
            5.1526465
          ],
          [
            -4.7874319,
            5.1526701
          ]
        ]
      },
      "id": "way/4181973"
    },
    {
      "type": "Feature",
      "properties": {
        "@id": "way/4181974",
        "@relations": [
          {
            "role": "",
            "rel": 19465792,
            "reltags": {
              "admin_level": "8",
              "boundary": "administrative",
              "name": "Commune de Jacqueville",
              "natural": "Décret n° 90-1594 du 12 décembre 1990"
            }
          }
        ]
      },
      "geometry": {
        "type": "LineString",
        "coordinates": [
          [
            -4.7853385,
            5.1529002
          ],
          [
            -4.7848839,
            5.1529603
          ],
          [
            -4.784503,
            5.1529977
          ],
          [
            -4.7839746,
            5.1530351
          ],
          [
            -4.7833121,
            5.1530512
          ],
          [
            -4.7826308,
            5.1531099
          ],
          [
            -4.7822875,
            5.1531367
          ],
          [
            -4.781802,
            5.1532034
          ],
          [
            -4.7816183,
            5.1532368
          ],
          [
            -4.7815526,
            5.1532375
          ],
          [
            -4.7814533,
            5.1532248
          ],
          [
            -4.7813085,
            5.1532061
          ],
          [
            -4.7811502,
            5.1532074
          ],
          [
            -4.780709,
            5.1532489
          ],
          [
            -4.7803563,
            5.1532822
          ],
          [
            -4.7802316,
            5.1533103
          ],
          [
            -4.7801296,
            5.153353
          ],
          [
            -4.7799982,
            5.1533918
          ],
          [
            -4.779899,
            5.1533998
          ],
          [
            -4.779738,
            5.1533851
          ],
          [
            -4.7794417,
            5.1533357
          ],
          [
            -4.7793035,
            5.1533156
          ],
          [
            -4.7792666,
            5.1533163
          ],
          [
            -4.7792271,
            5.153325
          ],
          [
            -4.7791265,
            5.1533704
          ],
          [
            -4.7790796,
            5.1533824
          ],
          [
            -4.7790192,
            5.1533798
          ],
          [
            -4.7788623,
            5.153333
          ],
          [
            -4.7787859,
            5.1533203
          ],
          [
            -4.7787081,
            5.153317
          ],
          [
            -4.7786276,
            5.1533196
          ],
          [
            -4.7781408,
            5.1533477
          ],
          [
            -4.7779852,
            5.1533691
          ],
          [
            -4.7778296,
            5.1533931
          ],
          [
            -4.7775909,
            5.1534252
          ],
          [
            -4.7770719,
            5.1534919
          ],
          [
            -4.7766092,
            5.1535374
          ],
          [
            -4.7754023,
            5.1536309
          ],
          [
            -4.7744554,
            5.1537057
          ],
          [
            -4.7736722,
            5.1537698
          ],
          [
            -4.7733262,
            5.1537992
          ],
          [
            -4.7729132,
            5.1538232
          ],
          [
            -4.7725752,
            5.1538499
          ],
          [
            -4.7722319,
            5.1538486
          ],
          [
            -4.7721581,
            5.1538419
          ],
          [
            -4.7720642,
            5.1538459
          ],
          [
            -4.7719328,
            5.1538766
          ],
          [
            -4.7717384,
            5.1539301
          ],
          [
            -4.7715707,
            5.1539594
          ],
          [
            -4.7713682,
            5.1539728
          ],
          [
            -4.771218,
            5.1539648
          ],
          [
            -4.7710866,
            5.1539514
          ],
          [
            -4.77099,
            5.1539501
          ],
          [
            -4.7708318,
            5.1539648
          ],
          [
            -4.7705206,
            5.1539862
          ],
          [
            -4.7701907,
            5.1539995
          ],
          [
            -4.7694746,
            5.1540342
          ],
          [
            -4.7690186,
            5.1540796
          ],
          [
            -4.7686619,
            5.154109
          ],
          [
            -4.7676305,
            5.1541905
          ],
          [
            -4.7674106,
            5.1542186
          ],
          [
            -4.7671746,
            5.1542573
          ],
          [
            -4.7669292,
            5.1542934
          ],
          [
            -4.7663605,
            5.1543601
          ],
          [
            -4.7657919,
            5.1543869
          ],
          [
            -4.7651777,
            5.1544056
          ],
          [
            -4.7648853,
            5.1543842
          ],
          [
            -4.7646895,
            5.1543575
          ],
          [
            -4.7645232,
            5.1543548
          ],
          [
            -4.7643194,
            5.1543628
          ],
          [
            -4.763976,
            5.1543922
          ],
          [
            -4.7631848,
            5.1544563
          ],
          [
            -4.7629166,
            5.154467
          ],
          [
            -4.7627503,
            5.154467
          ],
          [
            -4.7625947,
            5.1544884
          ],
          [
            -4.7623533,
            5.1545418
          ],
          [
            -4.7621495,
            5.1545632
          ],
          [
            -4.7613609,
            5.1545578
          ],
          [
            -4.7609612,
            5.1545792
          ],
          [
            -4.7605777,
            5.1546166
          ],
          [
            -4.7597489,
            5.1547154
          ],
          [
            -4.7592044,
            5.1547769
          ],
          [
            -4.7582227,
            5.1549024
          ],
          [
            -4.7574878,
            5.1549986
          ],
          [
            -4.756667,
            5.1550908
          ],
          [
            -4.755979,
            5.1551976
          ],
          [
            -4.7557336,
            5.1552377
          ],
          [
            -4.7554158,
            5.1552764
          ],
          [
            -4.7549182,
            5.1553352
          ],
          [
            -4.7545642,
            5.1553833
          ],
          [
            -4.7542758,
            5.1554207
          ],
          [
            -4.7539271,
            5.1554367
          ],
          [
            -4.7538078,
            5.1554501
          ],
          [
            -4.7535396,
            5.1555075
          ],
          [
            -4.753333,
            5.1555369
          ],
          [
            -4.752751,
            5.1556063
          ],
          [
            -4.7523218,
            5.1556731
          ],
          [
            -4.752185,
            5.1556878
          ],
          [
            -4.751996,
            5.1557065
          ],
          [
            -4.7515145,
            5.1557279
          ],
          [
            -4.751367,
            5.1557386
          ],
          [
            -4.7508654,
            5.1558
          ],
          [
            -4.7500795,
            5.1558988
          ],
          [
            -4.7493097,
            5.156011
          ],
          [
            -4.7482878,
            5.1561633
          ],
          [
            -4.7476682,
            5.1562755
          ],
          [
            -4.7470754,
            5.156377
          ],
          [
            -4.7460911,
            5.1565213
          ],
          [
            -4.7454125,
            5.1566121
          ],
          [
            -4.7448573,
            5.1566842
          ],
          [
            -4.7441009,
            5.1568258
          ],
          [
            -4.7432426,
            5.1569807
          ],
          [
            -4.7424057,
            5.1571437
          ],
          [
            -4.7421241,
            5.1572105
          ],
          [
            -4.741935,
            5.1572452
          ],
          [
            -4.7417566,
            5.1572746
          ],
          [
            -4.7414643,
            5.1573013
          ],
          [
            -4.7411907,
            5.1573334
          ],
          [
            -4.7409412,
            5.1573868
          ],
          [
            -4.7404021,
            5.1574776
          ],
          [
            -4.7400078,
            5.1575497
          ],
          [
            -4.7397235,
            5.1575952
          ],
          [
            -4.7389323,
            5.1577501
          ],
          [
            -4.7374597,
            5.1580466
          ],
          [
            -4.7359765,
            5.1583111
          ],
          [
            -4.7350216,
            5.158474
          ],
          [
            -4.7337556,
            5.1586797
          ],
          [
            -4.7327498,
            5.1588801
          ],
          [
            -4.7321476,
            5.1589816
          ],
          [
            -4.7315012,
            5.1590898
          ],
          [
            -4.7308266,
            5.1591953
          ],
          [
            -4.7305758,
            5.1592327
          ],
          [
            -4.7302647,
            5.1592955
          ],
          [
            -4.7298208,
            5.1593769
          ],
          [
            -4.7293836,
            5.1594571
          ],
          [
            -4.7286567,
            5.1595933
          ],
          [
            -4.7281578,
            5.1596922
          ],
          [
            -4.7276495,
            5.159783
          ],
          [
            -4.7265244,
            5.1599887
          ],
          [
            -4.7256151,
            5.160157
          ],
          [
            -4.7245288,
            5.1603039
          ],
          [
            -4.7240675,
            5.1603787
          ],
          [
            -4.7232682,
            5.1604936
          ],
          [
            -4.7225145,
            5.1606111
          ],
          [
            -4.7220397,
            5.1606993
          ],
          [
            -4.7215059,
            5.1607847
          ],
          [
            -4.7206986,
            5.1609236
          ],
          [
            -4.7201085,
            5.1610171
          ],
          [
            -4.7198939,
            5.1610492
          ]
        ]
      },
      "id": "way/4181974"
    },
    {
      "type": "Feature",
      "properties": {
        "@id": "way/4181975",
        "@relations": [
          {
            "role": "",
            "rel": 19465792,
            "reltags": {
              "admin_level": "8",
              "boundary": "administrative",
              "name": "Commune de Jacqueville",
              "natural": "Décret n° 90-1594 du 12 décembre 1990"
            }
          }
        ]
      },
      "geometry": {
        "type": "LineString",
        "coordinates": [
          [
            -4.7198939,
            5.1610492
          ],
          [
            -4.7188619,
            5.1612413
          ],
          [
            -4.7175398,
            5.1614632
          ],
          [
            -4.7168332,
            5.1615753
          ],
          [
            -4.7164367,
            5.1616404
          ],
          [
            -4.7160783,
            5.1617119
          ],
          [
            -4.7149972,
            5.1618907
          ],
          [
            -4.7141725,
            5.1620049
          ],
          [
            -4.7132089,
            5.1621377
          ],
          [
            -4.7124164,
            5.1622198
          ],
          [
            -4.7117806,
            5.1623516
          ],
          [
            -4.7112519,
            5.1624971
          ],
          [
            -4.7107422,
            5.1625719
          ],
          [
            -4.7101092,
            5.1627161
          ],
          [
            -4.7095889,
            5.162823
          ],
          [
            -4.7090846,
            5.1629084
          ],
          [
            -4.7084248,
            5.1630313
          ],
          [
            -4.7079206,
            5.1631008
          ],
          [
            -4.7071159,
            5.1632931
          ],
          [
            -4.7062254,
            5.1634427
          ],
          [
            -4.7053403,
            5.1635816
          ],
          [
            -4.7043183,
            5.163713
          ],
          [
            -4.7035956,
            5.1638486
          ],
          [
            -4.7026905,
            5.1640445
          ],
          [
            -4.7018449,
            5.1641747
          ],
          [
            -4.7008496,
            5.1643706
          ],
          [
            -4.6995436,
            5.1645845
          ],
          [
            -4.6979592,
            5.1648956
          ],
          [
            -4.6963592,
            5.1651566
          ],
          [
            -4.695636,
            5.1653301
          ],
          [
            -4.6947367,
            5.1654613
          ],
          [
            -4.6939399,
            5.1655824
          ],
          [
            -4.6926178,
            5.1658231
          ],
          [
            -4.691228,
            5.1660487
          ],
          [
            -4.6902034,
            5.1661886
          ],
          [
            -4.6894904,
            5.1662964
          ],
          [
            -4.688758,
            5.1664282
          ],
          [
            -4.6876554,
            5.1666251
          ],
          [
            -4.6867137,
            5.1668263
          ],
          [
            -4.6860817,
            5.1669609
          ],
          [
            -4.6851186,
            5.1671044
          ],
          [
            -4.6845402,
            5.1672185
          ],
          [
            -4.6839989,
            5.1673094
          ],
          [
            -4.6833952,
            5.1674144
          ],
          [
            -4.6822609,
            5.167607
          ],
          [
            -4.6813397,
            5.1677746
          ],
          [
            -4.6805789,
            5.1678931
          ],
          [
            -4.6795129,
            5.1680944
          ],
          [
            -4.678342,
            5.1683671
          ],
          [
            -4.6769502,
            5.1685917
          ],
          [
            -4.6760085,
            5.1687491
          ],
          [
            -4.6752322,
            5.1688794
          ],
          [
            -4.6743914,
            5.1690485
          ],
          [
            -4.6735614,
            5.1691574
          ],
          [
            -4.672865,
            5.1692615
          ],
          [
            -4.6721063,
            5.1694263
          ],
          [
            -4.6713187,
            5.1695822
          ],
          [
            -4.6706125,
            5.169699
          ],
          [
            -4.669665,
            5.1698719
          ],
          [
            -4.6689218,
            5.1700091
          ],
          [
            -4.6683912,
            5.1701009
          ],
          [
            -4.6677002,
            5.1702034
          ],
          [
            -4.6669994,
            5.1702924
          ],
          [
            -4.666127,
            5.1704878
          ],
          [
            -4.6653121,
            5.1706763
          ],
          [
            -4.6642056,
            5.1708421
          ],
          [
            -4.66253,
            5.1711532
          ]
        ]
      },
      "id": "way/4181975"
    },
    {
      "type": "Feature",
      "properties": {
        "@id": "way/4181976",
        "@relations": [
          {
            "role": "",
            "rel": 19465792,
            "reltags": {
              "admin_level": "8",
              "boundary": "administrative",
              "name": "Commune de Jacqueville",
              "natural": "Décret n° 90-1594 du 12 décembre 1990"
            }
          }
        ]
      },
      "geometry": {
        "type": "LineString",
        "coordinates": [
          [
            -4.66253,
            5.1711532
          ],
          [
            -4.6613635,
            5.1713555
          ],
          [
            -4.6604648,
            5.1715407
          ],
          [
            -4.6597143,
            5.1716378
          ],
          [
            -4.6591144,
            5.171751
          ],
          [
            -4.6585258,
            5.1719095
          ],
          [
            -4.6578138,
            5.1720077
          ],
          [
            -4.6571667,
            5.1721021
          ],
          [
            -4.6564542,
            5.1722002
          ],
          [
            -4.6557895,
            5.1723017
          ],
          [
            -4.6550522,
            5.1724559
          ],
          [
            -4.6544738,
            5.1725424
          ],
          [
            -4.6539432,
            5.1726075
          ],
          [
            -4.6533063,
            5.1727062
          ],
          [
            -4.6521784,
            5.1729094
          ],
          [
            -4.6513645,
            5.1730572
          ],
          [
            -4.6506837,
            5.1731063
          ],
          [
            -4.6496976,
            5.1732783
          ],
          [
            -4.6484731,
            5.1734825
          ],
          [
            -4.6477889,
            5.1735876
          ],
          [
            -4.6471189,
            5.1737105
          ],
          [
            -4.6461343,
            5.1738923
          ],
          [
            -4.6454696,
            5.1739992
          ],
          [
            -4.6448327,
            5.1740973
          ],
          [
            -4.6440939,
            5.1741971
          ],
          [
            -4.6431946,
            5.1743336
          ],
          [
            -4.6423388,
            5.1745018
          ],
          [
            -4.6414332,
            5.1746544
          ],
          [
            -4.6404169,
            5.1748289
          ],
          [
            -4.6395972,
            5.1749858
          ],
          [
            -4.6386662,
            5.1751774
          ],
          [
            -4.6379752,
            5.1753066
          ],
          [
            -4.6371559,
            5.1754437
          ],
          [
            -4.6363152,
            5.1755793
          ],
          [
            -4.6355773,
            5.1756887
          ],
          [
            -4.634859,
            5.1757762
          ],
          [
            -4.6341407,
            5.1758787
          ],
          [
            -4.633377,
            5.1759954
          ],
          [
            -4.6324773,
            5.1761577
          ],
          [
            -4.6317545,
            5.1762361
          ],
          [
            -4.6306622,
            5.1763877
          ],
          [
            -4.6295493,
            5.1765482
          ],
          [
            -4.6285379,
            5.1766479
          ],
          [
            -4.6279103,
            5.176745
          ],
          [
            -4.6273207,
            5.1768262
          ],
          [
            -4.6266799,
            5.1769206
          ],
          [
            -4.6261552,
            5.1770134
          ],
          [
            -4.6255339,
            5.1771052
          ],
          [
            -4.6247044,
            5.1772103
          ],
          [
            -4.6241041,
            5.1772754
          ],
          [
            -4.6232365,
            5.1774056
          ],
          [
            -4.6215721,
            5.1776419
          ],
          [
            -4.6198799,
            5.1778655
          ],
          [
            -4.618393,
            5.1780537
          ],
          [
            -4.6175255,
            5.1781791
          ],
          [
            -4.6168286,
            5.1782656
          ],
          [
            -4.616042,
            5.1783488
          ],
          [
            -4.6152495,
            5.1784256
          ],
          [
            -4.6144307,
            5.178552
          ],
          [
            -4.6135739,
            5.1786876
          ],
          [
            -4.6125405,
            5.1788407
          ],
          [
            -4.6115442,
            5.1789496
          ],
          [
            -4.6105972,
            5.1790663
          ],
          [
            -4.6097189,
            5.1791484
          ],
          [
            -4.6087826,
            5.1792695
          ],
          [
            -4.6080423,
            5.1793881
          ],
          [
            -4.6066539,
            5.1795717
          ],
          [
            -4.6057517,
            5.1796691
          ],
          [
            -4.6042215,
            5.1798563
          ]
        ]
      },
      "id": "way/4181976"
    },
    {
      "type": "Feature",
      "properties": {
        "@id": "way/4181977",
        "@relations": [
          {
            "role": "",
            "rel": 19465792,
            "reltags": {
              "admin_level": "8",
              "boundary": "administrative",
              "name": "Commune de Jacqueville",
              "natural": "Décret n° 90-1594 du 12 décembre 1990"
            }
          }
        ]
      },
      "geometry": {
        "type": "LineString",
        "coordinates": [
          [
            -4.6042215,
            5.1798563
          ],
          [
            -4.6033325,
            5.1799934
          ],
          [
            -4.6026302,
            5.1800789
          ],
          [
            -4.6016393,
            5.1802305
          ],
          [
            -4.6004572,
            5.1803696
          ],
          [
            -4.5993185,
            5.1805204
          ],
          [
            -4.5982734,
            5.1806613
          ],
          [
            -4.5974161,
            5.1807799
          ],
          [
            -4.5964149,
            5.180933
          ],
          [
            -4.5958253,
            5.1810195
          ],
          [
            -4.5947939,
            5.1811693
          ],
          [
            -4.5939566,
            5.1812494
          ],
          [
            -4.5930164,
            5.1813779
          ],
          [
            -4.5919933,
            5.1814921
          ],
          [
            -4.5910667,
            5.1815908
          ],
          [
            -4.5902845,
            5.181689
          ],
          [
            -4.5893482,
            5.1818148
          ],
          [
            -4.5884011,
            5.1819423
          ],
          [
            -4.5874585,
            5.1820404
          ],
          [
            -4.586665,
            5.1820992
          ],
          [
            -4.5857282,
            5.1822373
          ],
          [
            -4.5849948,
            5.1823248
          ],
          [
            -4.5841223,
            5.1824406
          ],
          [
            -4.5833357,
            5.1825397
          ],
          [
            -4.5825165,
            5.1826545
          ],
          [
            -4.5818683,
            5.182758
          ],
          [
            -4.5812149,
            5.1828231
          ],
          [
            -4.5802888,
            5.1829495
          ],
          [
            -4.5795505,
            5.183038
          ],
          [
            -4.5786936,
            5.1831848
          ],
          [
            -4.5781631,
            5.1832339
          ],
          [
            -4.5776276,
            5.183283
          ],
          [
            -4.5767347,
            5.183373
          ],
          [
            -4.5757111,
            5.1835353
          ],
          [
            -4.5749411,
            5.1836457
          ],
          [
            -4.5739614,
            5.1837866
          ],
          [
            -4.5731464,
            5.1838314
          ],
          [
            -4.5725408,
            5.1838911
          ],
          [
            -4.5719375,
            5.1839267
          ],
          [
            -4.5713153,
            5.1840142
          ],
          [
            -4.5705784,
            5.1841086
          ],
          [
            -4.5698123,
            5.1841854
          ],
          [
            -4.568933,
            5.1842889
          ],
          [
            -4.5682001,
            5.1843823
          ],
          [
            -4.5674801,
            5.184455
          ],
          [
            -4.5665735,
            5.1845084
          ],
          [
            -4.565742,
            5.184658
          ],
          [
            -4.5649427,
            5.1847809
          ],
          [
            -4.5636499,
            5.1848984
          ],
          [
            -4.5623303,
            5.1850961
          ],
          [
            -4.5610589,
            5.185251
          ],
          [
            -4.5603079,
            5.1853579
          ],
          [
            -4.5596534,
            5.1854113
          ],
          [
            -4.5588595,
            5.1854914
          ],
          [
            -4.5574218,
            5.1856784
          ],
          [
            -4.5558929,
            5.1858654
          ],
          [
            -4.554584,
            5.185983
          ],
          [
            -4.5538491,
            5.1861165
          ],
          [
            -4.553259,
            5.1861432
          ],
          [
            -4.5525616,
            5.1862234
          ],
          [
            -4.5521379,
            5.1862982
          ],
          [
            -4.551816,
            5.1863142
          ],
          [
            -4.5508665,
            5.1864264
          ],
          [
            -4.5500135,
            5.1865332
          ],
          [
            -4.5495361,
            5.1865866
          ],
          [
            -4.5488441,
            5.1866828
          ],
          [
            -4.5481896,
            5.1867843
          ],
          [
            -4.5475459,
            5.1868431
          ],
          [
            -4.5467198,
            5.1869713
          ],
          [
            -4.5458132,
            5.1871156
          ],
          [
            -4.5449442,
            5.1871903
          ],
          [
            -4.5437264,
            5.1873453
          ]
        ]
      },
      "id": "way/4181977"
    },
    {
      "type": "Feature",
      "properties": {
        "@id": "way/4181486",
        "@relations": [
          {
            "role": "",
            "rel": 19465792,
            "reltags": {
              "admin_level": "8",
              "boundary": "administrative",
              "name": "Commune de Jacqueville",
              "natural": "Décret n° 90-1594 du 12 décembre 1990"
            }
          }
        ]
      },
      "geometry": {
        "type": "LineString",
        "coordinates": [
          [
            -4.5437264,
            5.1873453
          ],
          [
            -4.542219,
            5.1876071
          ],
          [
            -4.5411596,
            5.1877486
          ],
          [
            -4.5401993,
            5.1878555
          ],
          [
            -4.5392874,
            5.187957
          ],
          [
            -4.5389923,
            5.1879784
          ],
          [
            -4.538299,
            5.1880358
          ],
          [
            -4.5379838,
            5.1880665
          ],
          [
            -4.537729,
            5.1880959
          ],
          [
            -4.5374689,
            5.1881306
          ],
          [
            -4.5369277,
            5.1881894
          ],
          [
            -4.5357656,
            5.1883149
          ],
          [
            -4.5346995,
            5.1884418
          ],
          [
            -4.5343025,
            5.1885093
          ],
          [
            -4.5341684,
            5.1885206
          ],
          [
            -4.534092,
            5.1885239
          ],
          [
            -4.5340075,
            5.1885206
          ],
          [
            -4.5337607,
            5.1885073
          ],
          [
            -4.5330124,
            5.1885714
          ],
          [
            -4.5321608,
            5.1886208
          ],
          [
            -4.5315573,
            5.1887116
          ],
          [
            -4.5313413,
            5.188737
          ],
          [
            -4.5305675,
            5.1888398
          ],
          [
            -4.52972,
            5.1889346
          ],
          [
            -4.5283601,
            5.189111
          ],
          [
            -4.5269626,
            5.1892605
          ],
          [
            -4.5250851,
            5.1894235
          ],
          [
            -4.5236662,
            5.1895784
          ],
          [
            -4.5229232,
            5.1896853
          ],
          [
            -4.5222795,
            5.1897307
          ],
          [
            -4.5210323,
            5.1898669
          ],
          [
            -4.5200948,
            5.1899965
          ],
          [
            -4.519887,
            5.1900218
          ],
          [
            -4.5196885,
            5.1900245
          ],
          [
            -4.5193532,
            5.1900178
          ],
          [
            -4.5191091,
            5.1900419
          ],
          [
            -4.5188195,
            5.1900646
          ],
          [
            -4.5186277,
            5.1900926
          ],
          [
            -4.518397,
            5.1901354
          ],
          [
            -4.5180322,
            5.1901915
          ],
          [
            -4.5176741,
            5.1902315
          ],
          [
            -4.5174944,
            5.1902542
          ],
          [
            -4.5166884,
            5.1903384
          ],
          [
            -4.515582,
            5.1904305
          ],
          [
            -4.5146406,
            5.1905
          ],
          [
            -4.5142584,
            5.1905147
          ],
          [
            -4.5139352,
            5.1905173
          ],
          [
            -4.5137782,
            5.190528
          ],
          [
            -4.5135878,
            5.1905654
          ],
          [
            -4.5134564,
            5.1906028
          ],
          [
            -4.5133518,
            5.1906342
          ],
          [
            -4.5132452,
            5.1906562
          ],
          [
            -4.5129213,
            5.1906629
          ],
          [
            -4.5126745,
            5.1906776
          ],
          [
            -4.5124224,
            5.1907217
          ],
          [
            -4.5097885,
            5.1909514
          ],
          [
            -4.5079726,
            5.1912132
          ],
          [
            -4.5072363,
            5.1913521
          ],
          [
            -4.5071156,
            5.1913701
          ],
          [
            -4.5070224,
            5.1913735
          ],
          [
            -4.5068642,
            5.1913648
          ],
          [
            -4.5065618,
            5.1913655
          ],
          [
            -4.5062694,
            5.1913948
          ],
          [
            -4.5058376,
            5.1914523
          ],
          [
            -4.5055781,
            5.1914857
          ],
          [
            -4.5054319,
            5.191503
          ],
          [
            -4.505226,
            5.1915197
          ],
          [
            -4.5050892,
            5.1915304
          ],
          [
            -4.5048954,
            5.1915685
          ],
          [
            -4.504764,
            5.1915998
          ],
          [
            -4.5046661,
            5.1916112
          ],
          [
            -4.5045018,
            5.1916165
          ],
          [
            -4.5042792,
            5.1915898
          ],
          [
            -4.504129,
            5.1915925
          ],
          [
            -4.5040002,
            5.1916112
          ],
          [
            -4.5038353,
            5.1916499
          ],
          [
            -4.5036797,
            5.191678
          ],
          [
            -4.5032492,
            5.1917221
          ],
          [
            -4.5027651,
            5.1917822
          ],
          [
            -4.5022286,
            5.1918342
          ],
          [
            -4.5019712,
            5.1918503
          ],
          [
            -4.5017633,
            5.191885
          ],
          [
            -4.5015903,
            5.1919211
          ],
          [
            -4.5014039,
            5.1919598
          ],
          [
            -4.5012644,
            5.1919691
          ],
          [
            -4.5009828,
            5.1919518
          ],
          [
            -4.5008232,
            5.1919478
          ],
          [
            -4.5005657,
            5.1919625
          ],
          [
            -4.5002398,
            5.1920399
          ],
          [
            -4.5001312,
            5.1920706
          ],
          [
            -4.4999675,
            5.1921014
          ],
          [
            -4.4998629,
            5.1921027
          ],
          [
            -4.4996738,
            5.1920613
          ],
          [
            -4.4995692,
            5.1920533
          ],
          [
            -4.4994056,
            5.1920573
          ],
          [
            -4.4991508,
            5.1921174
          ],
          [
            -4.4989926,
            5.1921441
          ],
          [
            -4.4988839,
            5.1921555
          ],
          [
            -4.498788,
            5.1921555
          ],
          [
            -4.4986358,
            5.1921561
          ],
          [
            -4.4983529,
            5.1921334
          ],
          [
            -4.4980377,
            5.1921521
          ],
          [
            -4.4976515,
            5.1922122
          ],
          [
            -4.4974785,
            5.1922376
          ],
          [
            -4.4969541,
            5.1922924
          ],
          [
            -4.4967677,
            5.1923177
          ],
          [
            -4.4966718,
            5.1923404
          ],
          [
            -4.496586,
            5.1923705
          ],
          [
            -4.4965015,
            5.1924086
          ],
          [
            -4.4963834,
            5.192456
          ],
          [
            -4.4962621,
            5.192482
          ],
          [
            -4.496138,
            5.1924867
          ],
          [
            -4.4959516,
            5.1924359
          ],
          [
            -4.4958383,
            5.1924232
          ],
          [
            -4.4957216,
            5.1924353
          ],
          [
            -4.4953354,
            5.19249
          ],
          [
            -4.494811,
            5.1925768
          ],
          [
            -4.4939728,
            5.192665
          ],
          [
            -4.4935557,
            5.1927531
          ],
          [
            -4.4934578,
            5.1927785
          ],
          [
            -4.4933787,
            5.1927812
          ],
          [
            -4.4931239,
            5.1927638
          ],
          [
            -4.4928584,
            5.1927732
          ],
          [
            -4.492676,
            5.1928052
          ],
          [
            -4.4924963,
            5.1928627
          ],
          [
            -4.4923675,
            5.1928947
          ],
          [
            -4.4921274,
            5.1929201
          ],
          [
            -4.4912383,
            5.1930229
          ],
          [
            -4.4908212,
            5.193071
          ],
          [
            -4.4904819,
            5.1930697
          ],
          [
            -4.4903344,
            5.1930857
          ],
          [
            -4.4902217,
            5.1930977
          ],
          [
            -4.4900528,
            5.1931378
          ],
          [
            -4.4896223,
            5.1931752
          ],
          [
            -4.4891649,
            5.1932326
          ],
          [
            -4.4888029,
            5.1932714
          ],
          [
            -4.4880961,
            5.1933448
          ],
          [
            -4.4876629,
            5.1933889
          ],
          [
            -4.4871104,
            5.193429
          ],
          [
            -4.4866115,
            5.193469
          ],
          [
            -4.4859329,
            5.1935158
          ],
          [
            -4.4852892,
            5.1935972
          ],
          [
            -4.4846173,
            5.1936694
          ],
          [
            -4.4841499,
            5.1937108
          ],
          [
            -4.483993,
            5.1937321
          ],
          [
            -4.4839018,
            5.1937682
          ],
          [
            -4.4838341,
            5.1937996
          ],
          [
            -4.4837945,
            5.1938063
          ],
          [
            -4.4837174,
            5.1937996
          ],
          [
            -4.4835618,
            5.1937962
          ],
          [
            -4.4828966,
            5.193855
          ],
          [
            -4.4819699,
            5.1939271
          ],
          [
            -4.4808984,
            5.1940153
          ],
          [
            -4.4800602,
            5.1940807
          ],
          [
            -4.4796619,
            5.1941408
          ],
          [
            -4.4795117,
            5.1941782
          ],
          [
            -4.4794198,
            5.1942136
          ],
          [
            -4.4793756,
            5.194231
          ],
          [
            -4.4793347,
            5.1942397
          ],
          [
            -4.4792864,
            5.1942417
          ],
          [
            -4.4790611,
            5.1942316
          ],
          [
            -4.478754,
            5.1942477
          ],
          [
            -4.4776891,
            5.1943478
          ],
          [
            -4.4770588,
            5.1944013
          ],
          [
            -4.4759309,
            5.1945335
          ],
          [
            -4.4750215,
            5.1946186
          ]
        ]
      },
      "id": "way/4181486"
    },
    {
      "type": "Feature",
      "properties": {
        "@id": "way/1421565095",
        "@relations": [
          {
            "role": "",
            "rel": 19465792,
            "reltags": {
              "admin_level": "8",
              "boundary": "administrative",
              "name": "Commune de Jacqueville",
              "natural": "Décret n° 90-1594 du 12 décembre 1990"
            }
          }
        ]
      },
      "geometry": {
        "type": "LineString",
        "coordinates": [
          [
            -4.4750215,
            5.1946186
          ],
          [
            -4.4739327,
            5.1947205
          ],
          [
            -4.4721839,
            5.1949475
          ],
          [
            -4.4712921,
            5.1950504
          ],
          [
            -4.4707435,
            5.1950985
          ],
          [
            -4.4690725,
            5.195244
          ],
          [
            -4.4674552,
            5.1954577
          ],
          [
            -4.4658673,
            5.1956314
          ],
          [
            -4.4646415,
            5.1957569
          ],
          [
            -4.4621927,
            5.1960267
          ],
          [
            -4.4617461,
            5.1960875
          ],
          [
            -4.4616428,
            5.1960928
          ],
          [
            -4.4611613,
            5.1961068
          ],
          [
            -4.4606973,
            5.1961509
          ],
          [
            -4.4599195,
            5.1962377
          ],
          [
            -4.4595239,
            5.1962724
          ],
          [
            -4.4593495,
            5.1962951
          ],
          [
            -4.4591872,
            5.1963392
          ],
          [
            -4.4590129,
            5.1964047
          ],
          [
            -4.4589593,
            5.1964274
          ],
          [
            -4.4589069,
            5.1964501
          ],
          [
            -4.4588426,
            5.1964554
          ],
          [
            -4.4587085,
            5.1964367
          ],
          [
            -4.4584832,
            5.1964354
          ],
          [
            -4.4579226,
            5.1964354
          ],
          [
            -4.4572252,
            5.1965155
          ],
          [
            -4.4562703,
            5.1965957
          ],
          [
            -4.4556239,
            5.1966758
          ],
          [
            -4.4545403,
            5.1968093
          ],
          [
            -4.4536337,
            5.1969082
          ],
          [
            -4.4532663,
            5.1969563
          ],
          [
            -4.4523516,
            5.197023
          ],
          [
            -4.4513927,
            5.1971392
          ],
          [
            -4.4504486,
            5.1972461
          ],
          [
            -4.4489479,
            5.1973943
          ],
          [
            -4.447301,
            5.1975973
          ],
          [
            -4.446483,
            5.1976708
          ],
          [
            -4.4454919,
            5.1977696
          ],
          [
            -4.4443613,
            5.1978538
          ],
          [
            -4.4433488,
            5.1979807
          ],
          [
            -4.442874,
            5.1980608
          ],
          [
            -4.4423778,
            5.1981196
          ],
          [
            -4.4415987,
            5.1981797
          ],
          [
            -4.4404748,
            5.1982892
          ],
          [
            -4.4383961,
            5.1985002
          ],
          [
            -4.4365776,
            5.1987259
          ],
          [
            -4.4364207,
            5.1987566
          ],
          [
            -4.4363469,
            5.1987813
          ],
          [
            -4.4363046,
            5.1988047
          ],
          [
            -4.4362557,
            5.1988281
          ],
          [
            -4.4362114,
            5.1988381
          ],
          [
            -4.4359741,
            5.1988381
          ],
          [
            -4.4351721,
            5.1989062
          ],
          [
            -4.434578,
            5.1989209
          ],
          [
            -4.4339919,
            5.1989637
          ],
          [
            -4.4326347,
            5.1991039
          ],
          [
            -4.4318368,
            5.1992081
          ],
          [
            -4.4300493,
            5.1993834
          ]
        ]
      },
      "id": "way/1421565095"
    },
    {
      "type": "Feature",
      "properties": {
        "@id": "way/289084600",
        "@relations": [
          {
            "role": "",
            "rel": 19465792,
            "reltags": {
              "admin_level": "8",
              "boundary": "administrative",
              "name": "Commune de Jacqueville",
              "natural": "Décret n° 90-1594 du 12 décembre 1990"
            }
          }
        ]
      },
      "geometry": {
        "type": "LineString",
        "coordinates": [
          [
            -4.4300493,
            5.1993834
          ],
          [
            -4.4283029,
            5.1995259
          ],
          [
            -4.4276968,
            5.1995981
          ],
          [
            -4.4264656,
            5.1997343
          ],
          [
            -4.4258031,
            5.1998198
          ],
          [
            -4.425374,
            5.1998678
          ],
          [
            -4.424808,
            5.1999239
          ],
          [
            -4.4242072,
            5.2000308
          ],
          [
            -4.423776,
            5.2000815
          ],
          [
            -4.423369,
            5.2001123
          ],
          [
            -4.4229519,
            5.2001243
          ],
          [
            -4.4226918,
            5.2001376
          ],
          [
            -4.4224128,
            5.200159
          ],
          [
            -4.4217262,
            5.2002472
          ],
          [
            -4.4212058,
            5.2003139
          ],
          [
            -4.4208142,
            5.2003567
          ],
          [
            -4.4204307,
            5.2004048
          ],
          [
            -4.4201839,
            5.2004261
          ],
          [
            -4.419803,
            5.2004448
          ],
          [
            -4.4194704,
            5.2004662
          ],
          [
            -4.4191707,
            5.2004956
          ],
          [
            -4.4188187,
            5.2005169
          ],
          [
            -4.4184995,
            5.200565
          ],
          [
            -4.4180784,
            5.2006131
          ],
          [
            -4.4177324,
            5.2006585
          ],
          [
            -4.417322,
            5.2006932
          ],
          [
            -4.416748,
            5.20076
          ],
          [
            -4.4159728,
            5.2008695
          ],
          [
            -4.4154713,
            5.200931
          ],
          [
            -4.4150394,
            5.2010111
          ],
          [
            -4.414731,
            5.2010458
          ],
          [
            -4.4142468,
            5.2010832
          ],
          [
            -4.4139706,
            5.2011033
          ],
          [
            -4.4136286,
            5.2011473
          ],
          [
            -4.4129527,
            5.2012061
          ],
          [
            -4.4124672,
            5.2012435
          ],
          [
            -4.4120917,
            5.2012782
          ],
          [
            -4.4110698,
            5.2014185
          ],
          [
            -4.4106902,
            5.2014759
          ],
          [
            -4.4102376,
            5.2015146
          ],
          [
            -4.4099392,
            5.2015373
          ],
          [
            -4.4092351,
            5.2015934
          ],
          [
            -4.4083446,
            5.2016415
          ],
          [
            -4.4077196,
            5.2016922
          ],
          [
            -4.406695,
            5.2018071
          ],
          [
            -4.4058207,
            5.2018979
          ],
          [
            -4.404772,
            5.2020235
          ],
          [
            -4.4028676,
            5.2021597
          ],
          [
            -4.4020113,
            5.2022659
          ],
          [
            -4.4006521,
            5.2024268
          ],
          [
            -4.4000848,
            5.2025043
          ]
        ]
      },
      "id": "way/289084600"
    },
    {
      "type": "Feature",
      "properties": {
        "@id": "way/4181487",
        "@relations": [
          {
            "role": "",
            "rel": 19465792,
            "reltags": {
              "admin_level": "8",
              "boundary": "administrative",
              "name": "Commune de Jacqueville",
              "natural": "Décret n° 90-1594 du 12 décembre 1990"
            }
          }
        ]
      },
      "geometry": {
        "type": "LineString",
        "coordinates": [
          [
            -4.4000848,
            5.2025043
          ],
          [
            -4.398686,
            5.2026338
          ],
          [
            -4.3979162,
            5.2027053
          ],
          [
            -4.3977848,
            5.2027166
          ],
          [
            -4.3976654,
            5.202742
          ],
          [
            -4.3976057,
            5.2027641
          ],
          [
            -4.3975668,
            5.2027781
          ],
          [
            -4.3975266,
            5.2027848
          ],
          [
            -4.3974562,
            5.2027807
          ],
          [
            -4.3972121,
            5.2027781
          ],
          [
            -4.3965201,
            5.2028328
          ],
          [
            -4.3955438,
            5.2029023
          ],
          [
            -4.3948424,
            5.2029597
          ],
          [
            -4.3935576,
            5.2030786
          ],
          [
            -4.3931647,
            5.2031066
          ],
          [
            -4.3926966,
            5.2032015
          ],
          [
            -4.3924324,
            5.2032856
          ],
          [
            -4.3923131,
            5.203307
          ],
          [
            -4.3921776,
            5.2033217
          ],
          [
            -4.3920019,
            5.2033337
          ],
          [
            -4.3918034,
            5.2033444
          ],
          [
            -4.3914333,
            5.2033697
          ],
          [
            -4.3906648,
            5.2034151
          ],
          [
            -4.3899916,
            5.2034632
          ],
          [
            -4.3894123,
            5.2035167
          ],
          [
            -4.3888852,
            5.2035714
          ],
          [
            -4.388452,
            5.2036128
          ],
          [
            -4.3880323,
            5.2036676
          ],
          [
            -4.3875253,
            5.2037357
          ],
          [
            -4.3873617,
            5.2037477
          ],
          [
            -4.3870975,
            5.2037584
          ],
          [
            -4.3866368,
            5.2037804
          ],
          [
            -4.3863217,
            5.2038091
          ],
          [
            -4.3862285,
            5.2038339
          ],
          [
            -4.3861748,
            5.2038519
          ],
          [
            -4.3861359,
            5.2038599
          ],
          [
            -4.3860843,
            5.2038592
          ],
          [
            -4.385802,
            5.2038492
          ],
          [
            -4.3850979,
            5.203932
          ],
          [
            -4.3839633,
            5.2040282
          ],
          [
            -4.3832365,
            5.204111
          ],
          [
            -4.3827175,
            5.2041671
          ],
          [
            -4.3820295,
            5.2042579
          ],
          [
            -4.3818846,
            5.2042672
          ],
          [
            -4.3812912,
            5.2043427
          ],
          [
            -4.3809928,
            5.2043881
          ],
          [
            -4.3799548,
            5.2044903
          ],
          [
            -4.379134,
            5.2045384
          ],
          [
            -4.3784527,
            5.2045931
          ],
          [
            -4.3777205,
            5.2046733
          ],
          [
            -4.3771532,
            5.20472
          ],
          [
            -4.3764894,
            5.2047895
          ],
          [
            -4.3759033,
            5.2048349
          ],
          [
            -4.3748988,
            5.204935
          ],
          [
            -4.3738286,
            5.2050205
          ],
          [
            -4.3733988,
            5.2050713
          ],
          [
            -4.3724929,
            5.2051674
          ],
          [
            -4.3721241,
            5.2052088
          ],
          [
            -4.3719658,
            5.2052349
          ],
          [
            -4.3718639,
            5.2052489
          ],
          [
            -4.3717828,
            5.2052542
          ],
          [
            -4.3716185,
            5.2052542
          ],
          [
            -4.3712208,
            5.2053016
          ],
          [
            -4.3710968,
            5.2053197
          ],
          [
            -4.3709895,
            5.205325
          ],
          [
            -4.3708024,
            5.2053277
          ],
          [
            -4.3699957,
            5.2053865
          ],
          [
            -4.3696618,
            5.2054239
          ],
          [
            -4.3692032,
            5.2054886
          ],
          [
            -4.3690744,
            5.205504
          ],
          [
            -4.3689658,
            5.2055093
          ],
          [
            -4.3686157,
            5.205504
          ],
          [
            -4.3682738,
            5.2055267
          ],
          [
            -4.3677776,
            5.2056082
          ],
          [
            -4.3675643,
            5.2056416
          ],
          [
            -4.3667664,
            5.2057284
          ],
          [
            -4.3656787,
            5.2058365
          ],
          [
            -4.3647051,
            5.2059073
          ],
          [
            -4.3630019,
            5.2060703
          ],
          [
            -4.3622924,
            5.2061611
          ],
          [
            -4.361528,
            5.2062853
          ],
          [
            -4.361359,
            5.206316
          ],
          [
            -4.3611981,
            5.2063294
          ],
          [
            -4.3590644,
            5.206511
          ],
          [
            -4.3573987,
            5.206682
          ],
          [
            -4.3567134,
            5.2067661
          ],
          [
            -4.356456,
            5.2068048
          ],
          [
            -4.3558659,
            5.2068703
          ],
          [
            -4.3553066,
            5.206929
          ],
          [
            -4.3538716,
            5.2069945
          ],
          [
            -4.3522489,
            5.2071187
          ],
          [
            -4.3515542,
            5.2071521
          ],
          [
            -4.3496177,
            5.2073471
          ],
          [
            -4.3484898,
            5.207482
          ],
          [
            -4.3473579,
            5.2076129
          ],
          [
            -4.346045,
            5.2077437
          ],
          [
            -4.3453275,
            5.2078332
          ],
          [
            -4.3430543,
            5.2079935
          ],
          [
            -4.3418755,
            5.208087
          ],
          [
            -4.3415228,
            5.208123
          ],
          [
            -4.3407127,
            5.2082286
          ],
          [
            -4.340077,
            5.2083127
          ],
          [
            -4.339786,
            5.2083301
          ],
          [
            -4.3394883,
            5.2083354
          ],
          [
            -4.338972,
            5.2083594
          ],
          [
            -4.3376577,
            5.208509
          ],
          [
            -4.337313,
            5.2085478
          ],
          [
            -4.3370233,
            5.2085985
          ],
          [
            -4.3367176,
            5.2086573
          ],
          [
            -4.3365043,
            5.2086987
          ],
          [
            -4.3362898,
            5.2087267
          ],
          [
            -4.3359639,
            5.2087414
          ],
          [
            -4.3352222,
            5.2088055
          ]
        ]
      },
      "id": "way/4181487"
    },
    {
      "type": "Feature",
      "properties": {
        "@id": "way/1422518111",
        "@relations": [
          {
            "role": "",
            "rel": 19465792,
            "reltags": {
              "admin_level": "8",
              "boundary": "administrative",
              "name": "Commune de Jacqueville",
              "natural": "Décret n° 90-1594 du 12 décembre 1990"
            }
          }
        ]
      },
      "geometry": {
        "type": "LineString",
        "coordinates": [
          [
            -4.2166565,
            5.2208709
          ],
          [
            -4.2155314,
            5.2210151
          ],
          [
            -4.2145188,
            5.2211474
          ],
          [
            -4.2137919,
            5.2212288
          ],
          [
            -4.2131522,
            5.221301
          ],
          [
            -4.2126721,
            5.2213651
          ],
          [
            -4.2122135,
            5.2214158
          ],
          [
            -4.2113981,
            5.2215333
          ],
          [
            -4.2104553,
            5.2216348
          ],
          [
            -4.2099939,
            5.2216883
          ]
        ]
      },
      "id": "way/1422518111"
    },
    {
      "type": "Feature",
      "properties": {
        "@id": "way/1421565093",
        "@relations": [
          {
            "role": "",
            "rel": 19465792,
            "reltags": {
              "admin_level": "8",
              "boundary": "administrative",
              "name": "Commune de Jacqueville",
              "natural": "Décret n° 90-1594 du 12 décembre 1990"
            }
          }
        ]
      },
      "geometry": {
        "type": "LineString",
        "coordinates": [
          [
            -4.3352222,
            5.2088055
          ],
          [
            -4.3337631,
            5.2089097
          ],
          [
            -4.3311882,
            5.2091928
          ],
          [
            -4.3300724,
            5.2093264
          ],
          [
            -4.32886,
            5.2094199
          ],
          [
            -4.3266875,
            5.2095775
          ],
          [
            -4.325451,
            5.2097217
          ],
          [
            -4.3236002,
            5.2099247
          ],
          [
            -4.3219601,
            5.210065
          ],
          [
            -4.3208309,
            5.2101892
          ],
          [
            -4.319589,
            5.2103387
          ],
          [
            -4.3187401,
            5.2104429
          ],
          [
            -4.3178335,
            5.2105177
          ],
          [
            -4.3170798,
            5.2105658
          ],
          [
            -4.3166748,
            5.2106005
          ],
          [
            -4.3154919,
            5.2107127
          ],
          [
            -4.3138638,
            5.2108382
          ],
          [
            -4.312681,
            5.2109703
          ]
        ]
      },
      "id": "way/1421565093"
    },
    {
      "type": "Feature",
      "properties": {
        "@id": "way/4181490",
        "@relations": [
          {
            "role": "",
            "rel": 19465792,
            "reltags": {
              "admin_level": "8",
              "boundary": "administrative",
              "name": "Commune de Jacqueville",
              "natural": "Décret n° 90-1594 du 12 décembre 1990"
            }
          }
        ]
      },
      "geometry": {
        "type": "LineString",
        "coordinates": [
          [
            -4.2694196,
            5.2152683
          ],
          [
            -4.2685224,
            5.2153364
          ],
          [
            -4.2675166,
            5.2154246
          ],
          [
            -4.2661205,
            5.21551
          ],
          [
            -4.2651629,
            5.2156062
          ],
          [
            -4.2643704,
            5.215705
          ],
          [
            -4.2633967,
            5.2158172
          ],
          [
            -4.2621723,
            5.2159574
          ],
          [
            -4.2610189,
            5.2160883
          ],
          [
            -4.2599688,
            5.2161831
          ],
          [
            -4.2583501,
            5.2163648
          ],
          [
            -4.257701,
            5.2164182
          ],
          [
            -4.2565128,
            5.2164903
          ],
          [
            -4.2548901,
            5.216696
          ],
          [
            -4.2532513,
            5.2169177
          ],
          [
            -4.2521462,
            5.2170112
          ],
          [
            -4.2506576,
            5.2171207
          ],
          [
            -4.2487505,
            5.2173932
          ],
          [
            -4.2476213,
            5.2175748
          ],
          [
            -4.246881,
            5.2176549
          ],
          [
            -4.24602,
            5.2177324
          ],
          [
            -4.2446253,
            5.2178419
          ],
          [
            -4.2439279,
            5.2178833
          ],
          [
            -4.2428698,
            5.2180088
          ],
          [
            -4.241825,
            5.2181664
          ],
          [
            -4.2410365,
            5.2182466
          ],
          [
            -4.239863,
            5.2183828
          ],
          [
            -4.2386533,
            5.2184843
          ],
          [
            -4.2375711,
            5.2185938
          ],
          [
            -4.2367034,
            5.218714
          ],
          [
            -4.2355634,
            5.2188209
          ],
          [
            -4.2346957,
            5.2188729
          ],
          [
            -4.233647,
            5.2189838
          ],
          [
            -4.2328893,
            5.2190906
          ],
          [
            -4.2323796,
            5.2191347
          ],
          [
            -4.2315079,
            5.2192135
          ],
          [
            -4.23025,
            5.2193604
          ],
          [
            -4.2294319,
            5.2194472
          ],
          [
            -4.2286675,
            5.2195167
          ],
          [
            -4.2259249,
            5.2198345
          ],
          [
            -4.2240447,
            5.2200268
          ],
          [
            -4.2225105,
            5.2201898
          ],
          [
            -4.221231,
            5.2203447
          ],
          [
            -4.2188653,
            5.2206332
          ],
          [
            -4.2166565,
            5.2208709
          ]
        ]
      },
      "id": "way/4181490"
    },
    {
      "type": "Feature",
      "properties": {
        "@id": "way/4181489",
        "@relations": [
          {
            "role": "",
            "rel": 19465792,
            "reltags": {
              "admin_level": "8",
              "boundary": "administrative",
              "name": "Commune de Jacqueville",
              "natural": "Décret n° 90-1594 du 12 décembre 1990"
            }
          }
        ]
      },
      "geometry": {
        "type": "LineString",
        "coordinates": [
          [
            -4.312681,
            5.2109703
          ],
          [
            -4.311592,
            5.211092
          ],
          [
            -4.3095535,
            5.211295
          ],
          [
            -4.3079066,
            5.2114526
          ],
          [
            -4.3066058,
            5.2116209
          ],
          [
            -4.3060881,
            5.2116983
          ],
          [
            -4.3055007,
            5.2117544
          ],
          [
            -4.3046263,
            5.2118212
          ],
          [
            -4.3038283,
            5.2118613
          ],
          [
            -4.3027984,
            5.2119481
          ],
          [
            -4.3016236,
            5.2120483
          ],
          [
            -4.3004823,
            5.2121364
          ],
          [
            -4.299809,
            5.2122085
          ],
          [
            -4.2995321,
            5.2122506
          ],
          [
            -4.2991512,
            5.212302
          ],
          [
            -4.2979489,
            5.2124142
          ],
          [
            -4.2970236,
            5.2124676
          ],
          [
            -4.2958461,
            5.2125705
          ],
          [
            -4.2940061,
            5.2127534
          ],
          [
            -4.2922586,
            5.212915
          ],
          [
            -4.2910342,
            5.2130633
          ],
          [
            -4.2907874,
            5.2130927
          ],
          [
            -4.290019,
            5.2131421
          ],
          [
            -4.2894919,
            5.2131741
          ],
          [
            -4.2881817,
            5.213313
          ],
          [
            -4.2874414,
            5.2133945
          ],
          [
            -4.2862237,
            5.2135374
          ],
          [
            -4.2855088,
            5.2136082
          ],
          [
            -4.284896,
            5.2136683
          ],
          [
            -4.284263,
            5.2137124
          ],
          [
            -4.2833939,
            5.2138059
          ],
          [
            -4.2824766,
            5.2139261
          ],
          [
            -4.2818771,
            5.2139835
          ],
          [
            -4.2808673,
            5.2140556
          ],
          [
            -4.2801002,
            5.2141211
          ],
          [
            -4.2796187,
            5.2141745
          ],
          [
            -4.2791802,
            5.2142319
          ],
          [
            -4.2788985,
            5.214276
          ],
          [
            -4.2785304,
            5.2143421
          ],
          [
            -4.2783608,
            5.2143688
          ],
          [
            -4.2781998,
            5.2143801
          ],
          [
            -4.2780885,
            5.2143815
          ],
          [
            -4.2766991,
            5.2144389
          ],
          [
            -4.2755525,
            5.2145117
          ],
          [
            -4.275173,
            5.2145484
          ],
          [
            -4.2746674,
            5.2145952
          ],
          [
            -4.2742154,
            5.2146566
          ],
          [
            -4.2737822,
            5.2147354
          ],
          [
            -4.273508,
            5.2147868
          ],
          [
            -4.2729011,
            5.2149064
          ],
          [
            -4.2724814,
            5.2149745
          ],
          [
            -4.2721716,
            5.2150239
          ],
          [
            -4.2718577,
            5.2150586
          ],
          [
            -4.2714728,
            5.21508
          ],
          [
            -4.2710638,
            5.2151067
          ],
          [
            -4.2706695,
            5.2151414
          ],
          [
            -4.2699078,
            5.2152162
          ],
          [
            -4.2694196,
            5.2152683
          ]
        ]
      },
      "id": "way/4181489"
    },
    {
      "type": "Feature",
      "properties": {
        "@id": "way/1426069870",
        "@relations": [
          {
            "role": "",
            "rel": 19543651,
            "reltags": {
              "admin_level": "8",
              "boundary": "administrative",
              "fixme": "Préciser les limites officielles",
              "name": "Grand-Bassam",
              "note": "DECRET N° 2010-233 du 25 AOUT 2010"
            }
          }
        ]
      },
      "geometry": {
        "type": "LineString",
        "coordinates": [
          [
            -3.7842751,
            5.2712215
          ],
          [
            -3.7395145,
            5.2902805
          ],
          [
            -3.7148381,
            5.2994679
          ],
          [
            -3.730588,
            5.2754094
          ],
          [
            -3.7193872,
            5.2181439
          ],
          [
            -3.6653996,
            5.1816449
          ],
          [
            -3.8089085,
            5.2079722
          ],
          [
            -3.8546348,
            5.2266485
          ],
          [
            -3.8432408,
            5.2531876
          ],
          [
            -3.8187791,
            5.2499397
          ],
          [
            -3.8034368,
            5.2877379
          ],
          [
            -3.7842751,
            5.2712215
          ]
        ]
      },
      "id": "way/1426069870"
    },
    {
      "type": "Feature",
      "properties": {
        "@id": "way/1429053588",
        "@relations": [
          {
            "role": "",
            "rel": 19591341,
            "reltags": {
              "admin_level": "8",
              "boundary": "administrative",
              "fixme": "Préciser les limites officielles",
              "name": "Guessiguié",
              "note": "DECRET N° 2010-233 du 25 AOUT 2010"
            }
          }
        ]
      },
      "geometry": {
        "type": "LineString",
        "coordinates": [
          [
            -4.162016,
            5.593862
          ],
          [
            -4.2470591,
            5.6017831
          ],
          [
            -4.2602751,
            5.6005938
          ],
          [
            -4.2669011,
            5.6239298
          ],
          [
            -4.2950411,
            5.6721181
          ],
          [
            -4.2761708,
            5.6938825
          ],
          [
            -4.2721368,
            5.7248845
          ],
          [
            -4.2916164,
            5.7543895
          ]
        ]
      },
      "id": "way/1429053588"
    },
    {
      "type": "Feature",
      "properties": {
        "@id": "way/1435199212",
        "@relations": [
          {
            "role": "",
            "rel": 19591341,
            "reltags": {
              "admin_level": "8",
              "boundary": "administrative",
              "fixme": "Préciser les limites officielles",
              "name": "Guessiguié",
              "note": "DECRET N° 2010-233 du 25 AOUT 2010"
            }
          }
        ]
      },
      "geometry": {
        "type": "LineString",
        "coordinates": [
          [
            -4.2636433,
            5.7982095
          ],
          [
            -4.2639336,
            5.7982241
          ],
          [
            -4.2641171,
            5.7986514
          ],
          [
            -4.2643221,
            5.7993121
          ],
          [
            -4.2646673,
            5.7995967
          ],
          [
            -4.2657299,
            5.7991572
          ],
          [
            -4.2669086,
            5.7986616
          ],
          [
            -4.2677255,
            5.7979362
          ],
          [
            -4.2686036,
            5.7975107
          ],
          [
            -4.2690877,
            5.7976446
          ],
          [
            -4.269423,
            5.7979104
          ],
          [
            -4.2697392,
            5.7978587
          ],
          [
            -4.2705001,
            5.7974897
          ],
          [
            -4.2706923,
            5.797223
          ],
          [
            -4.2704818,
            5.7963005
          ],
          [
            -4.270371,
            5.7953528
          ],
          [
            -4.2699123,
            5.794551
          ],
          [
            -4.269415,
            5.7937863
          ],
          [
            -4.269393,
            5.793412
          ],
          [
            -4.2694932,
            5.7930111
          ],
          [
            -4.2697363,
            5.7921958
          ],
          [
            -4.26968,
            5.7916398
          ],
          [
            -4.2695275,
            5.7910929
          ],
          [
            -4.2701265,
            5.7903823
          ],
          [
            -4.2708048,
            5.7896143
          ],
          [
            -4.2709511,
            5.7890656
          ],
          [
            -4.2712306,
            5.7885673
          ],
          [
            -4.2714933,
            5.7885553
          ],
          [
            -4.271809,
            5.7886792
          ],
          [
            -4.2718896,
            5.7890611
          ],
          [
            -4.2718623,
            5.7895759
          ],
          [
            -4.2719853,
            5.7899996
          ],
          [
            -4.2721185,
            5.7908801
          ],
          [
            -4.2717608,
            5.7918042
          ],
          [
            -4.2715662,
            5.7923596
          ],
          [
            -4.2716322,
            5.7928752
          ],
          [
            -4.2717302,
            5.7932207
          ],
          [
            -4.272066,
            5.7934027
          ],
          [
            -4.2733192,
            5.7937224
          ],
          [
            -4.2742815,
            5.794018
          ],
          [
            -4.2749179,
            5.7945056
          ],
          [
            -4.275129,
            5.7950203
          ],
          [
            -4.2753919,
            5.7952969
          ],
          [
            -4.2757486,
            5.7953165
          ],
          [
            -4.2768057,
            5.7949372
          ],
          [
            -4.2775026,
            5.7945602
          ],
          [
            -4.2779063,
            5.7939541
          ],
          [
            -4.2789287,
            5.7923368
          ],
          [
            -4.2790631,
            5.7913886
          ],
          [
            -4.2787965,
            5.7909381
          ],
          [
            -4.2784446,
            5.7907252
          ],
          [
            -4.2772556,
            5.7906613
          ],
          [
            -4.2771017,
            5.7905235
          ],
          [
            -4.2771351,
            5.7903656
          ],
          [
            -4.2775254,
            5.7900862
          ],
          [
            -4.278075,
            5.7898061
          ],
          [
            -4.2783364,
            5.7890246
          ],
          [
            -4.2784821,
            5.7881446
          ],
          [
            -4.2788694,
            5.7878674
          ],
          [
            -4.2793443,
            5.7877041
          ],
          [
            -4.2800084,
            5.7877489
          ],
          [
            -4.2805333,
            5.7876401
          ],
          [
            -4.281228,
            5.787171
          ],
          [
            -4.2821452,
            5.7859949
          ],
          [
            -4.2824915,
            5.7852431
          ],
          [
            -4.282742,
            5.7843638
          ],
          [
            -4.2836988,
            5.781981
          ],
          [
            -4.284076,
            5.7815339
          ],
          [
            -4.2843549,
            5.7800493
          ],
          [
            -4.2849198,
            5.7787964
          ],
          [
            -4.2855394,
            5.7767097
          ],
          [
            -4.2855584,
            5.7761845
          ],
          [
            -4.2852843,
            5.7757439
          ],
          [
            -4.2848697,
            5.7755252
          ],
          [
            -4.2846122,
            5.7752677
          ],
          [
            -4.2847786,
            5.7747826
          ],
          [
            -4.2852432,
            5.7740809
          ],
          [
            -4.285771,
            5.7736851
          ],
          [
            -4.2869609,
            5.7743042
          ],
          [
            -4.2879481,
            5.7751318
          ],
          [
            -4.2881819,
            5.7753156
          ],
          [
            -4.2885104,
            5.7753396
          ],
          [
            -4.2886952,
            5.7742126
          ],
          [
            -4.2895708,
            5.7741327
          ],
          [
            -4.2898279,
            5.7745723
          ],
          [
            -4.2900528,
            5.7757312
          ],
          [
            -4.2912579,
            5.7762588
          ],
          [
            -4.2918202,
            5.7756673
          ],
          [
            -4.2913462,
            5.7746922
          ],
          [
            -4.2907678,
            5.7739409
          ],
          [
            -4.291531,
            5.7732615
          ],
          [
            -4.2923906,
            5.7735173
          ],
          [
            -4.2922861,
            5.774892
          ],
          [
            -4.292991,
            5.7761939
          ],
          [
            -4.2937636,
            5.7762166
          ],
          [
            -4.2943884,
            5.7760018
          ],
          [
            -4.2950474,
            5.7752897
          ],
          [
            -4.2953373,
            5.7747004
          ],
          [
            -4.2958767,
            5.7738203
          ],
          [
            -4.2964221,
            5.7729499
          ],
          [
            -4.29724,
            5.7725204
          ],
          [
            -4.2963539,
            5.771537
          ],
          [
            -4.2962176,
            5.771164
          ],
          [
            -4.2967061,
            5.7708023
          ],
          [
            -4.2966834,
            5.7694006
          ],
          [
            -4.2961153,
            5.768632
          ],
          [
            -4.2953541,
            5.7684398
          ],
          [
            -4.2937522,
            5.7692537
          ],
          [
            -4.2929456,
            5.7705423
          ],
          [
            -4.2924571,
            5.7708701
          ],
          [
            -4.2921844,
            5.7704519
          ],
          [
            -4.2927297,
            5.7692537
          ],
          [
            -4.2921547,
            5.7683814
          ],
          [
            -4.2914232,
            5.767626
          ],
          [
            -4.2907302,
            5.7673321
          ],
          [
            -4.2901735,
            5.7674564
          ],
          [
            -4.2890374,
            5.766507
          ],
          [
            -4.2889579,
            5.7654331
          ],
          [
            -4.2889806,
            5.7640767
          ],
          [
            -4.2899463,
            5.7623473
          ],
          [
            -4.2902644,
            5.7615221
          ],
          [
            -4.2903667,
            5.7599057
          ],
          [
            -4.2910824,
            5.7586736
          ],
          [
            -4.2910597,
            5.7570346
          ],
          [
            -4.2910256,
            5.7558477
          ],
          [
            -4.291605,
            5.7552599
          ],
          [
            -4.2916164,
            5.7543895
          ]
        ]
      },
      "id": "way/1435199212"
    },
    {
      "type": "Feature",
      "properties": {
        "@id": "way/1445848691",
        "@relations": [
          {
            "role": "",
            "rel": 19591341,
            "reltags": {
              "admin_level": "8",
              "boundary": "administrative",
              "fixme": "Préciser les limites officielles",
              "name": "Guessiguié",
              "note": "DECRET N° 2010-233 du 25 AOUT 2010"
            }
          }
        ]
      },
      "geometry": {
        "type": "LineString",
        "coordinates": [
          [
            -4.2636433,
            5.7982095
          ],
          [
            -4.1378117,
            5.7847486
          ],
          [
            -4.0964413,
            5.7681393
          ]
        ]
      },
      "id": "way/1445848691"
    },
    {
      "type": "Feature",
      "properties": {
        "@id": "way/1445848690",
        "@relations": [
          {
            "role": "",
            "rel": 19591341,
            "reltags": {
              "admin_level": "8",
              "boundary": "administrative",
              "fixme": "Préciser les limites officielles",
              "name": "Guessiguié",
              "note": "DECRET N° 2010-233 du 25 AOUT 2010"
            }
          }
        ]
      },
      "geometry": {
        "type": "LineString",
        "coordinates": [
          [
            -4.162016,
            5.593862
          ],
          [
            -4.1556645,
            5.6668078
          ],
          [
            -4.1577597,
            5.7315762
          ],
          [
            -4.0964413,
            5.7681393
          ]
        ]
      },
      "id": "way/1445848690"
    },
    {
      "type": "Feature",
      "properties": {
        "@id": "way/1431003863",
        "@relations": [
          {
            "role": "",
            "rel": 19619158,
            "reltags": {
              "admin_level": "8",
              "boundary": "administrative",
              "fixme": "Préciser les limites officielles",
              "name": "Sassako-Bégnini",
              "note": "DECRET N° 2010-233 du 25 AOUT 2010"
            }
          }
        ]
      },
      "geometry": {
        "type": "LineString",
        "coordinates": [
          [
            -4.2929078,
            5.2510508
          ],
          [
            -4.2858697,
            5.2790845
          ],
          [
            -4.2630387,
            5.2958357
          ],
          [
            -4.2496491,
            5.2767769
          ],
          [
            -4.2265392,
            5.2800673
          ],
          [
            -4.2156602,
            5.22105
          ],
          [
            -4.2929507,
            5.2095107
          ],
          [
            -4.2929078,
            5.2510508
          ]
        ]
      },
      "id": "way/1431003863"
    },
    {
      "type": "Feature",
      "properties": {
        "@id": "way/1431003867",
        "@relations": [
          {
            "role": "",
            "rel": 19619163,
            "reltags": {
              "admin_level": "8",
              "boundary": "administrative",
              "fixme": "Préciser les limites officielles",
              "name": "Taboth",
              "note": "DECRET N° 2010-233 du 25 AOUT 2010"
            }
          }
        ]
      },
      "geometry": {
        "type": "LineString",
        "coordinates": [
          [
            -4.3655634,
            5.2867337
          ],
          [
            -4.3732882,
            5.2992115
          ],
          [
            -4.4270182,
            5.299767
          ],
          [
            -4.4326401,
            5.2575892
          ],
          [
            -4.4153882,
            5.2564354
          ],
          [
            -4.4011403,
            5.2388284
          ],
          [
            -4.3663789,
            5.2319906
          ],
          [
            -4.3137646,
            5.2380164
          ],
          [
            -4.2929078,
            5.2510508
          ],
          [
            -4.2858697,
            5.2790845
          ],
          [
            -4.2630387,
            5.2958357
          ],
          [
            -4.2774584,
            5.3225856
          ],
          [
            -4.2976284,
            5.3248929
          ],
          [
            -4.3249655,
            5.3119882
          ],
          [
            -4.3357373,
            5.3110482
          ],
          [
            -4.3384839,
            5.2928445
          ],
          [
            -4.3655634,
            5.2867337
          ]
        ]
      },
      "id": "way/1431003867"
    },
    {
      "type": "Feature",
      "properties": {
        "@id": "way/1431003892",
        "@relations": [
          {
            "role": "",
            "rel": 19619196,
            "reltags": {
              "admin_level": "8",
              "boundary": "administrative",
              "fixme": "Préciser les limites officielles",
              "name": "Andou-M'Batto",
              "note": "DECRET N° 2010-233 du 25 AOUT 2010"
            }
          }
        ]
      },
      "geometry": {
        "type": "LineString",
        "coordinates": [
          [
            -3.6651421,
            5.4220535
          ],
          [
            -3.6818791,
            5.4296155
          ],
          [
            -3.7108899,
            5.4258132
          ],
          [
            -3.7111903,
            5.3848403
          ],
          [
            -3.7148381,
            5.2994679
          ],
          [
            -3.730588,
            5.2754094
          ],
          [
            -3.7193872,
            5.2181439
          ],
          [
            -3.6653996,
            5.1816449
          ],
          [
            -3.6450578,
            5.1814739
          ],
          [
            -3.6398221,
            5.1987407
          ],
          [
            -3.6579538,
            5.2590316
          ],
          [
            -3.6188258,
            5.2509974
          ],
          [
            -3.6189652,
            5.2952375
          ],
          [
            -3.6181069,
            5.3085698
          ],
          [
            -3.6371613,
            5.3306187
          ],
          [
            -3.6345864,
            5.3618961
          ],
          [
            -3.6405947,
            5.380696
          ],
          [
            -3.6457015,
            5.400606
          ],
          [
            -3.6651421,
            5.4220535
          ]
        ]
      },
      "id": "way/1431003892"
    },
    {
      "type": "Feature",
      "properties": {
        "@id": "way/1431003893",
        "@relations": [
          {
            "role": "",
            "rel": 19619197,
            "reltags": {
              "admin_level": "8",
              "boundary": "administrative",
              "fixme": "Préciser les limites officielles",
              "name": "Akouré",
              "note": "DECRET N° 2010-233 du 25 AOUT 2010"
            }
          }
        ]
      },
      "geometry": {
        "type": "LineString",
        "coordinates": [
          [
            -3.7590838,
            5.3868484
          ],
          [
            -3.7111903,
            5.3848403
          ],
          [
            -3.7148381,
            5.2994679
          ],
          [
            -3.7667174,
            5.3436031
          ],
          [
            -3.7738038,
            5.3559569
          ],
          [
            -3.7814427,
            5.3622806
          ],
          [
            -3.8281668,
            5.3763618
          ],
          [
            -3.827671,
            5.4029421
          ],
          [
            -3.7514879,
            5.4201738
          ],
          [
            -3.7590838,
            5.3868484
          ]
        ]
      },
      "id": "way/1431003893"
    },
    {
      "type": "Feature",
      "properties": {
        "@id": "way/1445848595",
        "@relations": [
          {
            "role": "",
            "rel": 19619202,
            "reltags": {
              "admin_level": "8",
              "boundary": "administrative",
              "fixme": "Préciser les limites officielles",
              "name": "Dzeudji",
              "note": "DECRET N° 2010-233 du 25 AOUT 2010"
            }
          },
          {
            "role": "",
            "rel": 19619210,
            "reltags": {
              "admin_level": "8",
              "boundary": "administrative",
              "fixme": "Préciser les limites officielles",
              "name": "Grand-Alépé",
              "note": "DECRET N° 2010-233 du 25 AOUT 2010"
            }
          }
        ]
      },
      "geometry": {
        "type": "LineString",
        "coordinates": [
          [
            -3.8159614,
            5.5866288
          ],
          [
            -3.8164535,
            5.5866288
          ],
          [
            -3.8167177,
            5.5865286
          ],
          [
            -3.8169,
            5.5865012
          ],
          [
            -3.8170868,
            5.5865286
          ],
          [
            -3.8171779,
            5.5865331
          ],
          [
            -3.8174558,
            5.5865969
          ],
          [
            -3.8176608,
            5.5865969
          ],
          [
            -3.8177702,
            5.586565
          ],
          [
            -3.8178339,
            5.5864967
          ],
          [
            -3.8177565,
            5.5862689
          ],
          [
            -3.8176563,
            5.5861048
          ],
          [
            -3.8175287,
            5.5859499
          ],
          [
            -3.8173738,
            5.5858315
          ],
          [
            -3.8172736,
            5.5856584
          ],
          [
            -3.8171369,
            5.5850934
          ],
          [
            -3.8171915,
            5.5849112
          ],
          [
            -3.8172827,
            5.5847563
          ],
          [
            -3.8174193,
            5.5846287
          ],
          [
            -3.8175651,
            5.5845194
          ],
          [
            -3.8177383,
            5.58441
          ],
          [
            -3.8181027,
            5.5842916
          ],
          [
            -3.8182394,
            5.5841549
          ],
          [
            -3.8183305,
            5.5839635
          ],
          [
            -3.818449,
            5.5837995
          ],
          [
            -3.8185492,
            5.5836355
          ],
          [
            -3.8187315,
            5.5833075
          ],
          [
            -3.8190413,
            5.5830979
          ],
          [
            -3.8192053,
            5.5829977
          ],
          [
            -3.8193146,
            5.5828245
          ],
          [
            -3.8191506,
            5.5819589
          ],
          [
            -3.8190322,
            5.5815853
          ],
          [
            -3.8189957,
            5.5813939
          ],
          [
            -3.8189957,
            5.5812026
          ],
          [
            -3.8190322,
            5.5810204
          ],
          [
            -3.8191688,
            5.5808928
          ],
          [
            -3.8193693,
            5.5808837
          ],
          [
            -3.8197429,
            5.5808928
          ],
          [
            -3.8199251,
            5.5809383
          ],
          [
            -3.8201256,
            5.5810021
          ],
          [
            -3.8203078,
            5.5810659
          ],
          [
            -3.8204719,
            5.5811479
          ],
          [
            -3.8208272,
            5.5813575
          ],
          [
            -3.820973,
            5.581476
          ],
          [
            -3.8211279,
            5.5815671
          ],
          [
            -3.8214104,
            5.5818313
          ],
          [
            -3.8216018,
            5.5818769
          ],
          [
            -3.8217931,
            5.5819042
          ],
          [
            -3.821948,
            5.5817766
          ],
          [
            -3.8220482,
            5.5815944
          ],
          [
            -3.8220847,
            5.5814031
          ],
          [
            -3.8220756,
            5.5810112
          ],
          [
            -3.8219845,
            5.580829
          ],
          [
            -3.8220027,
            5.5806376
          ],
          [
            -3.8221667,
            5.5805465
          ],
          [
            -3.8223398,
            5.5804736
          ],
          [
            -3.8225221,
            5.5804372
          ],
          [
            -3.8226952,
            5.5803643
          ],
          [
            -3.8231143,
            5.5798631
          ],
          [
            -3.8231235,
            5.5796718
          ],
          [
            -3.8231964,
            5.5794895
          ],
          [
            -3.8232784,
            5.5793164
          ],
          [
            -3.8233877,
            5.5791524
          ]
        ]
      },
      "id": "way/1445848595"
    },
    {
      "type": "Feature",
      "properties": {
        "@id": "way/1359397314",
        "@relations": [
          {
            "role": "",
            "rel": 19619202,
            "reltags": {
              "admin_level": "8",
              "boundary": "administrative",
              "fixme": "Préciser les limites officielles",
              "name": "Dzeudji",
              "note": "DECRET N° 2010-233 du 25 AOUT 2010"
            }
          },
          {
            "role": "",
            "rel": 19619210,
            "reltags": {
              "admin_level": "8",
              "boundary": "administrative",
              "fixme": "Préciser les limites officielles",
              "name": "Grand-Alépé",
              "note": "DECRET N° 2010-233 du 25 AOUT 2010"
            }
          }
        ]
      },
      "geometry": {
        "type": "LineString",
        "coordinates": [
          [
            -3.8233877,
            5.5791524
          ],
          [
            -3.8237704,
            5.5787241
          ],
          [
            -3.8238798,
            5.5785692
          ],
          [
            -3.8240164,
            5.5782047
          ],
          [
            -3.8241167,
            5.5780498
          ],
          [
            -3.8242533,
            5.5779223
          ],
          [
            -3.824308,
            5.57774
          ],
          [
            -3.8243171,
            5.5775396
          ],
          [
            -3.8243991,
            5.5773573
          ],
          [
            -3.8244538,
            5.5771842
          ],
          [
            -3.8245449,
            5.5770293
          ],
          [
            -3.8246634,
            5.5768835
          ],
          [
            -3.8248092,
            5.5767742
          ],
          [
            -3.8249823,
            5.5766739
          ],
          [
            -3.8251372,
            5.5765464
          ],
          [
            -3.825283,
            5.5764097
          ],
          [
            -3.825447,
            5.5763186
          ],
          [
            -3.825611,
            5.576191
          ],
          [
            -3.8257295,
            5.5760179
          ],
          [
            -3.8258479,
            5.5758721
          ],
          [
            -3.826012,
            5.5757809
          ],
          [
            -3.8263673,
            5.5756716
          ],
          [
            -3.8265405,
            5.5755805
          ],
          [
            -3.8268867,
            5.5754347
          ],
          [
            -3.8270416,
            5.5752069
          ],
          [
            -3.8270781,
            5.5750155
          ],
          [
            -3.8269232,
            5.574888
          ],
          [
            -3.8268776,
            5.5746875
          ],
          [
            -3.8269232,
            5.5745053
          ],
          [
            -3.8269961,
            5.5743321
          ],
          [
            -3.8271145,
            5.5741863
          ],
          [
            -3.8272603,
            5.5740497
          ],
          [
            -3.8274243,
            5.5739768
          ],
          [
            -3.8276339,
            5.5739403
          ],
          [
            -3.8278981,
            5.5736305
          ],
          [
            -3.8280531,
            5.5735212
          ],
          [
            -3.8282262,
            5.5734847
          ],
          [
            -3.8285269,
            5.5732478
          ],
          [
            -3.8286909,
            5.5731476
          ],
          [
            -3.8290645,
            5.5730473
          ],
          [
            -3.8292194,
            5.5729289
          ],
          [
            -3.8293196,
            5.5727649
          ],
          [
            -3.8294472,
            5.57261
          ],
          [
            -3.829757,
            5.5724186
          ],
          [
            -3.8298755,
            5.5722546
          ],
          [
            -3.8298663,
            5.5720633
          ],
          [
            -3.8297843,
            5.5718719
          ],
          [
            -3.8297023,
            5.5717079
          ],
          [
            -3.8295839,
            5.5715621
          ],
          [
            -3.82911,
            5.5710245
          ],
          [
            -3.8290371,
            5.5708331
          ],
          [
            -3.8290371,
            5.5706327
          ],
          [
            -3.8290736,
            5.5704413
          ],
          [
            -3.8291465,
            5.5702591
          ],
          [
            -3.8292194,
            5.5700859
          ],
          [
            -3.8293105,
            5.5699219
          ],
          [
            -3.829429,
            5.5697761
          ],
          [
            -3.8295292,
            5.5696212
          ],
          [
            -3.8295474,
            5.5694299
          ],
          [
            -3.8294745,
            5.5692476
          ],
          [
            -3.8294199,
            5.5690654
          ],
          [
            -3.8295019,
            5.5689014
          ],
          [
            -3.8296841,
            5.5688376
          ],
          [
            -3.8298481,
            5.5688923
          ],
          [
            -3.8300395,
            5.5689014
          ],
          [
            -3.8302217,
            5.5688285
          ],
          [
            -3.8303675,
            5.5687191
          ],
          [
            -3.8304313,
            5.5685369
          ],
          [
            -3.8303675,
            5.5683364
          ],
          [
            -3.8301944,
            5.5682544
          ],
          [
            -3.8299939,
            5.5682271
          ],
          [
            -3.8298117,
            5.5681815
          ],
          [
            -3.8297023,
            5.5680084
          ],
          [
            -3.8300759,
            5.5679264
          ],
          [
            -3.8302582,
            5.5678717
          ],
          [
            -3.830404,
            5.5677442
          ],
          [
            -3.8305042,
            5.5675801
          ],
          [
            -3.8304677,
            5.5673888
          ],
          [
            -3.8300941,
            5.5668967
          ],
          [
            -3.8298026,
            5.566268
          ],
          [
            -3.8297388,
            5.5660858
          ],
          [
            -3.8297661,
            5.5658944
          ],
          [
            -3.8299301,
            5.5658306
          ],
          [
            -3.830085,
            5.5657395
          ],
          [
            -3.8302217,
            5.565612
          ],
          [
            -3.8303857,
            5.5655026
          ],
          [
            -3.8305589,
            5.5654297
          ],
          [
            -3.8307502,
            5.5654115
          ],
          [
            -3.8309233,
            5.5653295
          ],
          [
            -3.8310874,
            5.565211
          ],
          [
            -3.8312514,
            5.5651381
          ],
          [
            -3.8317434,
            5.5646552
          ],
          [
            -3.8318436,
            5.5644912
          ],
          [
            -3.8318983,
            5.5642998
          ],
          [
            -3.8318072,
            5.5641267
          ],
          [
            -3.8318072,
            5.5639353
          ],
          [
            -3.8318254,
            5.563744
          ],
          [
            -3.8318983,
            5.5635526
          ],
          [
            -3.8320623,
            5.5634615
          ],
          [
            -3.8322446,
            5.5634797
          ],
          [
            -3.8324268,
            5.5635162
          ],
          [
            -3.8325908,
            5.5634524
          ],
          [
            -3.8326637,
            5.5632793
          ],
          [
            -3.8327093,
            5.5630879
          ],
          [
            -3.8329006,
            5.5627326
          ],
          [
            -3.83301,
            5.5625594
          ],
          [
            -3.8331467,
            5.5624228
          ],
          [
            -3.8333107,
            5.5623499
          ],
          [
            -3.833502,
            5.5622952
          ],
          [
            -3.8336478,
            5.5621494
          ],
          [
            -3.8337389,
            5.5619672
          ],
          [
            -3.8338574,
            5.5618031
          ],
          [
            -3.8339941,
            5.5616665
          ],
          [
            -3.8341672,
            5.5616027
          ],
          [
            -3.8343677,
            5.5616027
          ],
          [
            -3.8345499,
            5.5615844
          ],
          [
            -3.834723,
            5.5614751
          ],
          [
            -3.8348233,
            5.5612473
          ],
          [
            -3.8348871,
            5.5610651
          ],
          [
            -3.8348871,
            5.5606915
          ],
          [
            -3.8349144,
            5.560491
          ],
          [
            -3.835042,
            5.5603452
          ],
          [
            -3.835206,
            5.5602541
          ],
          [
            -3.8353791,
            5.5602541
          ],
          [
            -3.8355522,
            5.5602905
          ],
          [
            -3.8356707,
            5.5604272
          ],
          [
            -3.8358347,
            5.560491
          ],
          [
            -3.8359987,
            5.5603817
          ],
          [
            -3.8360898,
            5.5601994
          ],
          [
            -3.8361445,
            5.5600081
          ],
          [
            -3.8361354,
            5.5596163
          ],
          [
            -3.8364179,
            5.5593657
          ],
          [
            -3.8365318,
            5.5591925
          ],
          [
            -3.8366502,
            5.5590513
          ],
          [
            -3.8366548,
            5.5588189
          ],
          [
            -3.8366867,
            5.5587278
          ],
          [
            -3.8367368,
            5.5584408
          ],
          [
            -3.8367368,
            5.5582403
          ],
          [
            -3.8367277,
            5.5581355
          ],
          [
            -3.8366912,
            5.558049
          ],
          [
            -3.83655,
            5.5577938
          ],
          [
            -3.8364771,
            5.5577073
          ],
          [
            -3.8363131,
            5.5575888
          ],
          [
            -3.8362447,
            5.5575068
          ],
          [
            -3.8361536,
            5.5573155
          ],
          [
            -3.8360989,
            5.5571104
          ],
          [
            -3.8359349,
            5.5567004
          ],
          [
            -3.8358894,
            5.5566138
          ],
          [
            -3.8357618,
            5.5564498
          ],
          [
            -3.8356935,
            5.5560626
          ],
          [
            -3.8356935,
            5.5558667
          ],
          [
            -3.8357299,
            5.5557664
          ],
          [
            -3.8357937,
            5.5556844
          ],
          [
            -3.8358757,
            5.5556252
          ],
          [
            -3.8359668,
            5.5556206
          ],
          [
            -3.8360625,
            5.5556434
          ],
          [
            -3.8361308,
            5.5557072
          ],
          [
            -3.8361764,
            5.5557847
          ],
          [
            -3.8362539,
            5.5558348
          ],
          [
            -3.8363495,
            5.5558621
          ],
          [
            -3.8366092,
            5.5558211
          ],
          [
            -3.8367095,
            5.5557892
          ],
          [
            -3.8368871,
            5.5556981
          ],
          [
            -3.8369281,
            5.5556115
          ],
          [
            -3.8369145,
            5.5554247
          ],
          [
            -3.8368917,
            5.5553291
          ],
          [
            -3.8368416,
            5.555247
          ],
          [
            -3.8366912,
            5.5551104
          ],
          [
            -3.836509,
            5.5550192
          ],
          [
            -3.8364361,
            5.5549327
          ],
          [
            -3.8364179,
            5.5548233
          ],
          [
            -3.8364361,
            5.5547231
          ],
          [
            -3.8365227,
            5.5546867
          ],
          [
            -3.8366457,
            5.5546502
          ],
          [
            -3.8367368,
            5.5546092
          ],
          [
            -3.8367869,
            5.5545318
          ],
          [
            -3.836796,
            5.5543358
          ],
          [
            -3.8367368,
            5.5542493
          ],
          [
            -3.8366684,
            5.5541809
          ],
          [
            -3.8366684,
            5.5540853
          ],
          [
            -3.8367277,
            5.5540124
          ],
          [
            -3.8368234,
            5.5539987
          ],
          [
            -3.8370147,
            5.5539987
          ],
          [
            -3.8371058,
            5.5540215
          ],
          [
            -3.8372015,
            5.554026
          ],
          [
            -3.8372881,
            5.5540625
          ],
          [
            -3.8374794,
            5.5539941
          ],
          [
            -3.8375751,
            5.5539896
          ],
          [
            -3.8377619,
            5.5539258
          ],
          [
            -3.8378485,
            5.5539121
          ],
          [
            -3.8380808,
            5.5537299
          ],
          [
            -3.8385319,
            5.5534315
          ],
          [
            -3.8387369,
            5.5533404
          ],
          [
            -3.8387893,
            5.5532583
          ],
          [
            -3.8387984,
            5.5532037
          ],
          [
            -3.8387824,
            5.5530602
          ],
          [
            -3.8387574,
            5.5530192
          ],
          [
            -3.8386799,
            5.5529622
          ],
          [
            -3.838623,
            5.552944
          ],
          [
            -3.838459,
            5.5529212
          ],
          [
            -3.8383451,
            5.552887
          ],
          [
            -3.8380717,
            5.5527549
          ],
          [
            -3.8380717,
            5.5525499
          ],
          [
            -3.8380626,
            5.5524542
          ],
          [
            -3.8380626,
            5.5523449
          ],
          [
            -3.8380899,
            5.5522446
          ],
          [
            -3.8381491,
            5.5521581
          ],
          [
            -3.8382949,
            5.5519804
          ],
          [
            -3.8383086,
            5.5518802
          ],
          [
            -3.8382266,
            5.5515658
          ],
          [
            -3.8381947,
            5.5514747
          ],
          [
            -3.8381674,
            5.5513744
          ],
          [
            -3.8380671,
            5.5511876
          ],
          [
            -3.8380307,
            5.5510829
          ],
          [
            -3.8380352,
            5.5509872
          ],
          [
            -3.8380899,
            5.5509052
          ],
          [
            -3.8382676,
            5.5508642
          ],
          [
            -3.8384635,
            5.5508642
          ],
          [
            -3.8385546,
            5.5508687
          ],
          [
            -3.8386503,
            5.5508915
          ],
          [
            -3.8387141,
            5.5509644
          ],
          [
            -3.8387141,
            5.5512651
          ],
          [
            -3.8387232,
            5.5513653
          ],
          [
            -3.8387642,
            5.5514473
          ],
          [
            -3.8388553,
            5.5514565
          ],
          [
            -3.838951,
            5.5514063
          ],
          [
            -3.8390193,
            5.5513426
          ],
          [
            -3.8390603,
            5.551256
          ],
          [
            -3.8390922,
            5.5511603
          ],
          [
            -3.839115,
            5.5510419
          ],
          [
            -3.839115,
            5.5509416
          ],
          [
            -3.8391287,
            5.5508459
          ],
          [
            -3.8392016,
            5.5507822
          ],
          [
            -3.8392973,
            5.550732
          ],
          [
            -3.8393975,
            5.5506956
          ],
          [
            -3.8395023,
            5.5506956
          ],
          [
            -3.8395934,
            5.5507138
          ],
          [
            -3.8396982,
            5.5507275
          ],
          [
            -3.8397984,
            5.5507503
          ],
          [
            -3.839885,
            5.5507867
          ],
          [
            -3.8399898,
            5.5507913
          ],
          [
            -3.8400763,
            5.5507548
          ],
          [
            -3.840172,
            5.5506865
          ],
          [
            -3.8401993,
            5.5505908
          ],
          [
            -3.8402176,
            5.5504951
          ],
          [
            -3.8402176,
            5.5502856
          ],
          [
            -3.8402996,
            5.5502263
          ],
          [
            -3.8403861,
            5.550199
          ],
          [
            -3.8409238,
            5.5498482
          ],
          [
            -3.840983,
            5.5497662
          ],
          [
            -3.8410468,
            5.5496933
          ],
          [
            -3.8411014,
            5.5496067
          ],
          [
            -3.8411014,
            5.549511
          ],
          [
            -3.8410923,
            5.5494108
          ],
          [
            -3.8410923,
            5.5493015
          ],
          [
            -3.8411288,
            5.5492103
          ],
          [
            -3.841188,
            5.5491329
          ],
          [
            -3.84127,
            5.5490919
          ],
          [
            -3.8413748,
            5.5490691
          ],
          [
            -3.8414614,
            5.5490281
          ],
          [
            -3.8415525,
            5.5490008
          ],
          [
            -3.8416436,
            5.5489643
          ],
          [
            -3.8417256,
            5.5489233
          ],
          [
            -3.8418258,
            5.5489005
          ],
          [
            -3.8419215,
            5.548855
          ],
          [
            -3.8420081,
            5.5487912
          ],
          [
            -3.8420901,
            5.5487411
          ],
          [
            -3.8421994,
            5.5487137
          ],
          [
            -3.8422951,
            5.5486955
          ],
          [
            -3.8423999,
            5.548691
          ],
          [
            -3.8424865,
            5.5486955
          ],
          [
            -3.8425867,
            5.5487228
          ],
          [
            -3.8426186,
            5.5488094
          ],
          [
            -3.8426778,
            5.5488869
          ],
          [
            -3.8427598,
            5.5489142
          ],
          [
            -3.8428418,
            5.5488778
          ],
          [
            -3.842933,
            5.5488276
          ],
          [
            -3.8429011,
            5.5486454
          ],
          [
            -3.8428692,
            5.5485315
          ],
          [
            -3.8428191,
            5.5484313
          ],
          [
            -3.842737,
            5.5483766
          ],
          [
            -3.8426641,
            5.5483174
          ],
          [
            -3.8425821,
            5.5482718
          ],
          [
            -3.8424819,
            5.5482308
          ],
          [
            -3.842163,
            5.5481807
          ],
          [
            -3.8420901,
            5.5481078
          ],
          [
            -3.841999,
            5.5480622
          ],
          [
            -3.8419033,
            5.5480303
          ],
          [
            -3.8418167,
            5.5479848
          ],
          [
            -3.8417347,
            5.547921
          ],
          [
            -3.8416709,
            5.5478481
          ],
          [
            -3.8416345,
            5.5477615
          ],
          [
            -3.8416026,
            5.5475747
          ],
          [
            -3.8416208,
            5.5474791
          ],
          [
            -3.8417165,
            5.5474335
          ],
          [
            -3.841835,
            5.5474016
          ],
          [
            -3.8419443,
            5.5473606
          ],
          [
            -3.8420218,
            5.5473014
          ],
          [
            -3.8420126,
            5.5471966
          ],
          [
            -3.8419534,
            5.5471146
          ],
          [
            -3.841876,
            5.5469323
          ],
          [
            -3.8418441,
            5.5468412
          ],
          [
            -3.8417985,
            5.5465177
          ],
          [
            -3.8417666,
            5.546413
          ],
          [
            -3.8417484,
            5.5462899
          ],
          [
            -3.8417347,
            5.546094
          ],
          [
            -3.8417438,
            5.5460029
          ],
          [
            -3.8417757,
            5.5459164
          ],
          [
            -3.8418304,
            5.5458298
          ],
          [
            -3.8419215,
            5.5457933
          ],
          [
            -3.8421038,
            5.5457979
          ],
          [
            -3.8421858,
            5.5458298
          ],
          [
            -3.8422723,
            5.5458708
          ],
          [
            -3.8423361,
            5.5459528
          ],
          [
            -3.8423771,
            5.5460439
          ],
          [
            -3.8424409,
            5.5461123
          ],
          [
            -3.8425092,
            5.5461715
          ],
          [
            -3.8426049,
            5.546217
          ],
          [
            -3.842696,
            5.5462444
          ],
          [
            -3.8427917,
            5.5462444
          ],
          [
            -3.8428783,
            5.5462262
          ],
          [
            -3.843056,
            5.5461396
          ],
          [
            -3.843138,
            5.546094
          ],
          [
            -3.8432109,
            5.5460211
          ],
          [
            -3.8432701,
            5.5459346
          ],
          [
            -3.8432701,
            5.5458343
          ],
          [
            -3.843261,
            5.5457432
          ],
          [
            -3.8432838,
            5.5454608
          ],
          [
            -3.843261,
            5.5452694
          ],
          [
            -3.843261,
            5.544545
          ],
          [
            -3.8432473,
            5.5444402
          ],
          [
            -3.8432428,
            5.5443445
          ],
          [
            -3.8432655,
            5.5442352
          ],
          [
            -3.843302,
            5.5441304
          ],
          [
            -3.8433293,
            5.5440302
          ],
          [
            -3.8434159,
            5.5438297
          ],
          [
            -3.8434706,
            5.5437295
          ],
          [
            -3.8435161,
            5.5436201
          ],
          [
            -3.8435161,
            5.5435199
          ],
          [
            -3.8434751,
            5.5433331
          ],
          [
            -3.8433977,
            5.5432693
          ],
          [
            -3.843302,
            5.5432556
          ],
          [
            -3.8431972,
            5.5432511
          ],
          [
            -3.8431015,
            5.5432055
          ],
          [
            -3.8431061,
            5.5431144
          ],
          [
            -3.8431334,
            5.5430142
          ],
          [
            -3.8431699,
            5.5429185
          ],
          [
            -3.8432154,
            5.5428365
          ],
          [
            -3.8432747,
            5.5427545
          ],
          [
            -3.8436756,
            5.5420984
          ],
          [
            -3.8436938,
            5.5420073
          ],
          [
            -3.8436938,
            5.5419116
          ],
          [
            -3.8436801,
            5.5418114
          ],
          [
            -3.8436027,
            5.5417476
          ],
          [
            -3.8435116,
            5.5416884
          ],
          [
            -3.8434159,
            5.5417021
          ],
          [
            -3.8433157,
            5.5417339
          ],
          [
            -3.84322,
            5.5417385
          ],
          [
            -3.843015,
            5.5417385
          ],
          [
            -3.8429102,
            5.5417112
          ],
          [
            -3.8428692,
            5.54162
          ],
          [
            -3.8428008,
            5.5415517
          ],
          [
            -3.8427234,
            5.5414879
          ],
          [
            -3.8426414,
            5.5414378
          ],
          [
            -3.842491,
            5.541169
          ],
          [
            -3.842491,
            5.5410688
          ],
          [
            -3.8425138,
            5.5409731
          ],
          [
            -3.8425685,
            5.540882
          ],
          [
            -3.8426049,
            5.5407817
          ],
          [
            -3.8426824,
            5.5407225
          ],
          [
            -3.8427735,
            5.5406769
          ],
          [
            -3.8428464,
            5.5406223
          ],
          [
            -3.8429694,
            5.5404309
          ],
          [
            -3.8430286,
            5.5403535
          ],
          [
            -3.843056,
            5.5402578
          ],
          [
            -3.843056,
            5.5401576
          ],
          [
            -3.8430696,
            5.5400346
          ],
          [
            -3.8431061,
            5.5399389
          ],
          [
            -3.8431699,
            5.5398705
          ],
          [
            -3.8432564,
            5.5398295
          ],
          [
            -3.843425,
            5.5397156
          ],
          [
            -3.8435571,
            5.5395881
          ],
          [
            -3.8436482,
            5.5395471
          ],
          [
            -3.8437348,
            5.5395425
          ],
          [
            -3.8439262,
            5.5395425
          ],
          [
            -3.8440173,
            5.5395471
          ],
          [
            -3.8442086,
            5.5395698
          ],
          [
            -3.8443271,
            5.5395653
          ],
          [
            -3.8444273,
            5.5395334
          ],
          [
            -3.8448693,
            5.5392691
          ],
          [
            -3.8449695,
            5.5389776
          ],
          [
            -3.8449832,
            5.5388819
          ],
          [
            -3.8449832,
            5.5383579
          ],
          [
            -3.8451016,
            5.53808
          ],
          [
            -3.8451563,
            5.5380026
          ],
          [
            -3.8452292,
            5.5379297
          ],
          [
            -3.8452884,
            5.5378522
          ],
          [
            -3.8453659,
            5.5377976
          ],
          [
            -3.8454433,
            5.5377292
          ],
          [
            -3.8455208,
            5.5376837
          ],
          [
            -3.8456119,
            5.5376153
          ],
          [
            -3.8457349,
            5.5374604
          ],
          [
            -3.845785,
            5.537383
          ],
          [
            -3.8458533,
            5.5372918
          ],
          [
            -3.8459718,
            5.5370732
          ],
          [
            -3.8460493,
            5.5370003
          ],
          [
            -3.846113,
            5.5369046
          ],
          [
            -3.8461996,
            5.5368499
          ],
          [
            -3.8463636,
            5.5367041
          ],
          [
            -3.8465231,
            5.5366039
          ],
          [
            -3.8465914,
            5.5365264
          ],
          [
            -3.8466734,
            5.5364535
          ],
          [
            -3.8467554,
            5.5363989
          ],
          [
            -3.8468283,
            5.5363351
          ],
          [
            -3.8469195,
            5.536285
          ],
          [
            -3.8470106,
            5.5362212
          ],
          [
            -3.84717,
            5.5359433
          ]
        ]
      },
      "id": "way/1359397314"
    },
    {
      "type": "Feature",
      "properties": {
        "@id": "way/1418650632",
        "@relations": [
          {
            "role": "",
            "rel": 19619202,
            "reltags": {
              "admin_level": "8",
              "boundary": "administrative",
              "fixme": "Préciser les limites officielles",
              "name": "Dzeudji",
              "note": "DECRET N° 2010-233 du 25 AOUT 2010"
            }
          },
          {
            "role": "",
            "rel": 19619210,
            "reltags": {
              "admin_level": "8",
              "boundary": "administrative",
              "fixme": "Préciser les limites officielles",
              "name": "Grand-Alépé",
              "note": "DECRET N° 2010-233 du 25 AOUT 2010"
            }
          }
        ]
      },
      "geometry": {
        "type": "LineString",
        "coordinates": [
          [
            -3.84717,
            5.5359433
          ],
          [
            -3.8472156,
            5.5358385
          ],
          [
            -3.8472429,
            5.5357337
          ],
          [
            -3.847211,
            5.5351141
          ],
          [
            -3.8472293,
            5.5350184
          ],
          [
            -3.8472703,
            5.5349364
          ],
          [
            -3.8473432,
            5.5348635
          ],
          [
            -3.8474753,
            5.5346858
          ],
          [
            -3.8475482,
            5.534622
          ],
          [
            -3.8477031,
            5.5345081
          ],
          [
            -3.8477896,
            5.5344626
          ],
          [
            -3.8478625,
            5.534376
          ],
          [
            -3.8479127,
            5.534294
          ],
          [
            -3.8479764,
            5.5342165
          ],
          [
            -3.8479947,
            5.5340981
          ],
          [
            -3.8479947,
            5.5339979
          ],
          [
            -3.847981,
            5.5339022
          ],
          [
            -3.8479582,
            5.5338019
          ],
          [
            -3.8479218,
            5.5337154
          ],
          [
            -3.8478489,
            5.5336288
          ],
          [
            -3.847694,
            5.5334921
          ],
          [
            -3.8475983,
            5.5334466
          ],
          [
            -3.8475208,
            5.5333919
          ],
          [
            -3.8474434,
            5.5333236
          ],
          [
            -3.8473568,
            5.5332598
          ],
          [
            -3.8472566,
            5.5332233
          ],
          [
            -3.8469286,
            5.5328178
          ],
          [
            -3.8468876,
            5.5327313
          ],
          [
            -3.8468557,
            5.5326356
          ],
          [
            -3.8467645,
            5.5325809
          ],
          [
            -3.846678,
            5.5325217
          ],
          [
            -3.8465914,
            5.5324534
          ],
          [
            -3.8465322,
            5.5323668
          ],
          [
            -3.8464957,
            5.5322666
          ],
          [
            -3.8464365,
            5.5321846
          ],
          [
            -3.8462543,
            5.5321026
          ],
          [
            -3.8461859,
            5.5320342
          ],
          [
            -3.8461222,
            5.5319477
          ],
          [
            -3.8461404,
            5.5318474
          ],
          [
            -3.846195,
            5.5317472
          ],
          [
            -3.8462224,
            5.5316561
          ],
          [
            -3.846195,
            5.5315604
          ],
          [
            -3.8461267,
            5.5314829
          ],
          [
            -3.845785,
            5.5312734
          ],
          [
            -3.8457121,
            5.5312141
          ],
          [
            -3.8456757,
            5.531123
          ],
          [
            -3.8456848,
            5.5309225
          ],
          [
            -3.8456119,
            5.5306082
          ],
          [
            -3.845539,
            5.5304123
          ],
          [
            -3.845539,
            5.5303166
          ],
          [
            -3.8455618,
            5.5302118
          ],
          [
            -3.8456164,
            5.5301252
          ],
          [
            -3.8456574,
            5.5300387
          ],
          [
            -3.8456939,
            5.5299521
          ],
          [
            -3.8457531,
            5.5297699
          ],
          [
            -3.8458032,
            5.5296879
          ],
          [
            -3.8458579,
            5.5296104
          ],
          [
            -3.8460493,
            5.5295603
          ],
          [
            -3.8461449,
            5.5295512
          ],
          [
            -3.8462406,
            5.5295284
          ],
          [
            -3.8463226,
            5.529492
          ],
          [
            -3.8466188,
            5.5291047
          ],
          [
            -3.8466871,
            5.5290409
          ],
          [
            -3.8467782,
            5.5289908
          ],
          [
            -3.8468557,
            5.5289361
          ],
          [
            -3.8470151,
            5.528804
          ],
          [
            -3.8470607,
            5.5287174
          ],
          [
            -3.8471199,
            5.5286491
          ],
          [
            -3.8472156,
            5.5286172
          ],
          [
            -3.8472976,
            5.5285762
          ],
          [
            -3.8473386,
            5.5282482
          ],
          [
            -3.8472885,
            5.5280568
          ],
          [
            -3.8472065,
            5.5280113
          ],
          [
            -3.8471062,
            5.5279703
          ],
          [
            -3.8470516,
            5.5278928
          ],
          [
            -3.8470607,
            5.5277971
          ],
          [
            -3.8470926,
            5.5276058
          ],
          [
            -3.8471154,
            5.5274053
          ],
          [
            -3.8471518,
            5.5273188
          ],
          [
            -3.8472293,
            5.5272641
          ],
          [
            -3.8473295,
            5.5272185
          ],
          [
            -3.8474115,
            5.5271684
          ],
          [
            -3.8474707,
            5.5270864
          ],
          [
            -3.8475527,
            5.5270044
          ],
          [
            -3.8475527,
            5.5268814
          ],
          [
            -3.8475391,
            5.526772
          ],
          [
            -3.8475391,
            5.5266718
          ],
          [
            -3.8472065,
            5.5261661
          ],
          [
            -3.8472065,
            5.5259793
          ],
          [
            -3.8471837,
            5.5258882
          ],
          [
            -3.8470607,
            5.5257242
          ],
          [
            -3.8470106,
            5.5256376
          ],
          [
            -3.8469195,
            5.5256057
          ],
          [
            -3.8467235,
            5.525592
          ],
          [
            -3.8466279,
            5.525592
          ],
          [
            -3.8465367,
            5.5255556
          ],
          [
            -3.8464593,
            5.5254827
          ],
          [
            -3.8464046,
            5.5254052
          ],
          [
            -3.8464046,
            5.5253141
          ],
          [
            -3.8464228,
            5.5252139
          ],
          [
            -3.8464593,
            5.5251319
          ],
          [
            -3.8465276,
            5.5250499
          ],
          [
            -3.8466096,
            5.5249952
          ],
          [
            -3.8466962,
            5.5249633
          ],
          [
            -3.8467828,
            5.5249177
          ],
          [
            -3.8468648,
            5.5248631
          ],
          [
            -3.8469605,
            5.5248403
          ],
          [
            -3.8470652,
            5.5248266
          ],
          [
            -3.8472475,
            5.5247492
          ],
          [
            -3.8473249,
            5.5246854
          ],
          [
            -3.8473705,
            5.5245852
          ],
          [
            -3.8474024,
            5.5244986
          ],
          [
            -3.8473614,
            5.5241113
          ],
          [
            -3.8474069,
            5.5240293
          ],
          [
            -3.8474343,
            5.5239382
          ],
          [
            -3.8474252,
            5.5238425
          ],
          [
            -3.8473933,
            5.5237514
          ],
          [
            -3.8472201,
            5.5236329
          ],
          [
            -3.8471336,
            5.5236011
          ],
          [
            -3.8470288,
            5.5235783
          ],
          [
            -3.8469195,
            5.5235646
          ],
          [
            -3.8468101,
            5.5235282
          ],
          [
            -3.8466142,
            5.5234917
          ],
          [
            -3.8465413,
            5.5234234
          ],
          [
            -3.8464957,
            5.5233414
          ],
          [
            -3.8464365,
            5.5232685
          ],
          [
            -3.84635,
            5.5232229
          ],
          [
            -3.8462543,
            5.523191
          ],
          [
            -3.846031,
            5.5231637
          ],
          [
            -3.845949,
            5.5231136
          ],
          [
            -3.845908,
            5.5230179
          ],
          [
            -3.845949,
            5.5229359
          ],
          [
            -3.8460401,
            5.5228949
          ],
          [
            -3.8461267,
            5.5228858
          ],
          [
            -3.8462178,
            5.522863
          ],
          [
            -3.8464001,
            5.5227992
          ],
          [
            -3.8464912,
            5.5227764
          ],
          [
            -3.8465823,
            5.5227354
          ],
          [
            -3.8466598,
            5.5226716
          ],
          [
            -3.8467691,
            5.5223664
          ],
          [
            -3.8467418,
            5.522175
          ],
          [
            -3.8466598,
            5.5220019
          ],
          [
            -3.8466415,
            5.5218197
          ],
          [
            -3.8467509,
            5.5216739
          ],
          [
            -3.8469331,
            5.5216192
          ],
          [
            -3.8473067,
            5.5215645
          ],
          [
            -3.8474981,
            5.5215463
          ],
          [
            -3.8476803,
            5.5215463
          ],
          [
            -3.8478443,
            5.5214552
          ],
          [
            -3.8478625,
            5.5212638
          ],
          [
            -3.8478534,
            5.5210816
          ],
          [
            -3.8477623,
            5.5209085
          ],
          [
            -3.8477623,
            5.520708
          ],
          [
            -3.8478534,
            5.5205258
          ],
          [
            -3.8479901,
            5.5204073
          ],
          [
            -3.8485368,
            5.5202433
          ],
          [
            -3.8486644,
            5.5201157
          ],
          [
            -3.8487464,
            5.5199517
          ],
          [
            -3.8488011,
            5.5197512
          ],
          [
            -3.8488193,
            5.5193868
          ],
          [
            -3.8488193,
            5.5190223
          ],
          [
            -3.8487874,
            5.5185712
          ],
          [
            -3.8487874,
            5.5184801
          ],
          [
            -3.8487737,
            5.5183799
          ],
          [
            -3.8487008,
            5.5181384
          ],
          [
            -3.848915,
            5.5179197
          ],
          [
            -3.8489924,
            5.517865
          ],
          [
            -3.8492476,
            5.517701
          ],
          [
            -3.8495164,
            5.5175598
          ],
          [
            -3.8496166,
            5.5175325
          ],
          [
            -3.8497032,
            5.5175006
          ],
          [
            -3.8497852,
            5.5174596
          ],
          [
            -3.8499082,
            5.5173047
          ],
          [
            -3.8499765,
            5.5172044
          ],
          [
            -3.8500266,
            5.5170951
          ],
          [
            -3.8500631,
            5.5169857
          ],
          [
            -3.8500722,
            5.516881
          ],
          [
            -3.8500722,
            5.5167898
          ],
          [
            -3.8499902,
            5.5162932
          ],
          [
            -3.8499948,
            5.516193
          ],
          [
            -3.8499765,
            5.5161019
          ],
          [
            -3.8498307,
            5.5159834
          ],
          [
            -3.8497761,
            5.5158969
          ],
          [
            -3.8497806,
            5.5158057
          ],
          [
            -3.8498216,
            5.5157237
          ],
          [
            -3.84989,
            5.5155278
          ],
          [
            -3.8498854,
            5.515423
          ],
          [
            -3.8498444,
            5.5153274
          ],
          [
            -3.8497988,
            5.5152362
          ],
          [
            -3.8497305,
            5.5151588
          ],
          [
            -3.8494845,
            5.5150084
          ],
          [
            -3.8493979,
            5.5149674
          ],
          [
            -3.8492066,
            5.5149264
          ],
          [
            -3.8491063,
            5.5148854
          ],
          [
            -3.8490562,
            5.5147943
          ],
          [
            -3.8489378,
            5.5144845
          ],
          [
            -3.8489059,
            5.5143843
          ],
          [
            -3.8489013,
            5.5142886
          ],
          [
            -3.848915,
            5.5141929
          ],
          [
            -3.8490152,
            5.5140289
          ],
          [
            -3.8490972,
            5.5138558
          ],
          [
            -3.849243,
            5.5134822
          ],
          [
            -3.8492476,
            5.5133774
          ],
          [
            -3.8492476,
            5.5131724
          ],
          [
            -3.8492248,
            5.5130676
          ],
          [
            -3.8491929,
            5.5129765
          ],
          [
            -3.8491382,
            5.5128945
          ],
          [
            -3.8490608,
            5.5128307
          ],
          [
            -3.8489651,
            5.5127806
          ],
          [
            -3.8488785,
            5.5127487
          ],
          [
            -3.8487829,
            5.5127031
          ],
          [
            -3.8486826,
            5.5123614
          ],
          [
            -3.848669,
            5.5122657
          ],
          [
            -3.8486872,
            5.5121746
          ],
          [
            -3.848956,
            5.511924
          ],
          [
            -3.8492567,
            5.511596
          ],
          [
            -3.8493341,
            5.5111267
          ],
          [
            -3.8493888,
            5.510334
          ],
          [
            -3.8493205,
            5.5102611
          ],
          [
            -3.8492385,
            5.5102201
          ],
          [
            -3.8491382,
            5.5102201
          ],
          [
            -3.8490425,
            5.5102292
          ],
          [
            -3.8489423,
            5.5102246
          ],
          [
            -3.8488922,
            5.5101198
          ],
          [
            -3.8489241,
            5.5100333
          ],
          [
            -3.8489833,
            5.5099467
          ],
          [
            -3.8491291,
            5.5098237
          ],
          [
            -3.8492248,
            5.5097964
          ],
          [
            -3.8493296,
            5.5097554
          ],
          [
            -3.8493569,
            5.5096642
          ],
          [
            -3.8493296,
            5.5095731
          ],
          [
            -3.8492521,
            5.5095093
          ],
          [
            -3.849161,
            5.5094456
          ],
          [
            -3.8491018,
            5.5093681
          ],
          [
            -3.8491154,
            5.5092679
          ],
          [
            -3.8492749,
            5.5091494
          ],
          [
            -3.8493296,
            5.5090629
          ],
          [
            -3.849325,
            5.5089626
          ],
          [
            -3.849325,
            5.5086756
          ],
          [
            -3.8493341,
            5.5085799
          ],
          [
            -3.8493979,
            5.5085025
          ],
          [
            -3.8494708,
            5.5084432
          ],
          [
            -3.8495483,
            5.5084022
          ],
          [
            -3.8496212,
            5.5083521
          ],
          [
            -3.8497032,
            5.5083111
          ],
          [
            -3.8497806,
            5.5082656
          ],
          [
            -3.8498717,
            5.5082245
          ],
          [
            -3.850054,
            5.5081653
          ],
          [
            -3.8501314,
            5.5081106
          ],
          [
            -3.8501861,
            5.5080286
          ],
          [
            -3.8502453,
            5.5079512
          ],
          [
            -3.8502909,
            5.5078646
          ],
          [
            -3.8503137,
            5.5077689
          ],
          [
            -3.8503319,
            5.5076596
          ],
          [
            -3.8503365,
            5.5074546
          ],
          [
            -3.8503775,
            5.5073589
          ],
          [
            -3.8504276,
            5.5072769
          ],
          [
            -3.8505005,
            5.5072086
          ],
          [
            -3.8505779,
            5.5071493
          ],
          [
            -3.8507556,
            5.5070992
          ],
          [
            -3.8508513,
            5.5070947
          ],
          [
            -3.8511246,
            5.5071083
          ],
          [
            -3.8513616,
            5.507081
          ]
        ]
      },
      "id": "way/1418650632"
    },
    {
      "type": "Feature",
      "properties": {
        "@id": "way/1431003897",
        "@relations": [
          {
            "role": "",
            "rel": 19619202,
            "reltags": {
              "admin_level": "8",
              "boundary": "administrative",
              "fixme": "Préciser les limites officielles",
              "name": "Dzeudji",
              "note": "DECRET N° 2010-233 du 25 AOUT 2010"
            }
          }
        ]
      },
      "geometry": {
        "type": "LineString",
        "coordinates": [
          [
            -3.8513616,
            5.507081
          ],
          [
            -3.87105,
            5.5014282
          ],
          [
            -3.9115621,
            5.5614008
          ],
          [
            -3.939457,
            5.5985602
          ],
          [
            -3.9366246,
            5.6150463
          ],
          [
            -3.9276124,
            5.6393902
          ],
          [
            -3.9369679,
            5.6653558
          ],
          [
            -3.9317323,
            5.7113908
          ],
          [
            -3.9532758,
            5.7344495
          ],
          [
            -3.9422747,
            5.7584573
          ],
          [
            -3.9172375,
            5.7663992
          ],
          [
            -3.8850834,
            5.724543
          ],
          [
            -3.8884737,
            5.6451985
          ],
          [
            -3.76153,
            5.644515
          ],
          [
            -3.7676239,
            5.6397104
          ]
        ]
      },
      "id": "way/1431003897"
    },
    {
      "type": "Feature",
      "properties": {
        "@id": "way/1387790441",
        "@relations": [
          {
            "role": "",
            "rel": 19619202,
            "reltags": {
              "admin_level": "8",
              "boundary": "administrative",
              "fixme": "Préciser les limites officielles",
              "name": "Dzeudji",
              "note": "DECRET N° 2010-233 du 25 AOUT 2010"
            }
          },
          {
            "role": "",
            "rel": 19619210,
            "reltags": {
              "admin_level": "8",
              "boundary": "administrative",
              "fixme": "Préciser les limites officielles",
              "name": "Grand-Alépé",
              "note": "DECRET N° 2010-233 du 25 AOUT 2010"
            }
          }
        ]
      },
      "geometry": {
        "type": "LineString",
        "coordinates": [
          [
            -3.7676239,
            5.6397104
          ],
          [
            -3.76786,
            5.6387708
          ],
          [
            -3.76786,
            5.637874
          ],
          [
            -3.7675059,
            5.6337206
          ],
          [
            -3.768611,
            5.6331868
          ],
          [
            -3.7688577,
            5.6328238
          ],
          [
            -3.7690723,
            5.632717
          ],
          [
            -3.7695873,
            5.6326636
          ],
          [
            -3.7708855,
            5.6327597
          ],
          [
            -3.7713575,
            5.6326102
          ],
          [
            -3.7724733,
            5.6319376
          ],
          [
            -3.7727201,
            5.6313076
          ],
          [
            -3.7729025,
            5.6311581
          ],
          [
            -3.7738037,
            5.6308271
          ],
          [
            -3.7745011,
            5.6308485
          ],
          [
            -3.774941,
            5.6307631
          ],
          [
            -3.7759978,
            5.6302879
          ],
          [
            -3.7760782,
            5.6296847
          ],
          [
            -3.7761802,
            5.6294925
          ],
          [
            -3.7767595,
            5.6295939
          ],
          [
            -3.7772745,
            5.6295245
          ],
          [
            -3.7777788,
            5.6297274
          ],
          [
            -3.7786532,
            5.6294284
          ],
          [
            -3.7789911,
            5.6291081
          ],
          [
            -3.778975,
            5.6282112
          ],
          [
            -3.7791681,
            5.6280885
          ],
          [
            -3.7800318,
            5.6280885
          ],
          [
            -3.7823546,
            5.6271329
          ],
          [
            -3.7831807,
            5.6266951
          ],
          [
            -3.783524,
            5.6263534
          ],
          [
            -3.7836635,
            5.6261612
          ],
          [
            -3.7837386,
            5.6259691
          ],
          [
            -3.7838566,
            5.6257769
          ],
          [
            -3.7841249,
            5.6256915
          ],
          [
            -3.7843394,
            5.6256487
          ],
          [
            -3.7845111,
            5.6255206
          ],
          [
            -3.7846613,
            5.6252964
          ],
          [
            -3.7847579,
            5.6250935
          ],
          [
            -3.7852085,
            5.6250188
          ],
          [
            -3.7853372,
            5.6248266
          ],
          [
            -3.7855303,
            5.6243248
          ],
          [
            -3.7856484,
            5.6241219
          ],
          [
            -3.7857235,
            5.623919
          ],
          [
            -3.7859702,
            5.6238657
          ],
          [
            -3.7865281,
            5.6237909
          ],
          [
            -3.7869787,
            5.6236414
          ],
          [
            -3.7871289,
            5.6234706
          ],
          [
            -3.7872255,
            5.6232571
          ],
          [
            -3.7874293,
            5.6231182
          ],
          [
            -3.7876546,
            5.6230328
          ],
          [
            -3.78788,
            5.6229794
          ],
          [
            -3.7881374,
            5.6228727
          ],
          [
            -3.7883413,
            5.6227552
          ],
          [
            -3.7884915,
            5.622563
          ],
          [
            -3.7886953,
            5.6223922
          ],
          [
            -3.7893498,
            5.6220719
          ],
          [
            -3.7895537,
            5.6219438
          ],
          [
            -3.7897039,
            5.6217622
          ],
          [
            -3.789779,
            5.6215594
          ],
          [
            -3.7904227,
            5.6207159
          ],
          [
            -3.7904441,
            5.620513
          ],
          [
            -3.790766,
            5.6202034
          ],
          [
            -3.7910557,
            5.6187406
          ],
          [
            -3.7910342,
            5.6183028
          ],
          [
            -3.7918496,
            5.6177903
          ],
          [
            -3.7920213,
            5.6176408
          ],
          [
            -3.7921393,
            5.6174593
          ],
          [
            -3.7924826,
            5.6173525
          ],
          [
            -3.7929869,
            5.6172778
          ],
          [
            -3.7932122,
            5.6171817
          ],
          [
            -3.7936199,
            5.6169468
          ],
          [
            -3.7937915,
            5.616776
          ],
          [
            -3.7939096,
            5.6165624
          ],
          [
            -3.7939954,
            5.6163489
          ],
          [
            -3.7940276,
            5.6159004
          ],
          [
            -3.7941241,
            5.6157082
          ],
          [
            -3.7942851,
            5.6155481
          ],
          [
            -3.7946713,
            5.6152704
          ],
          [
            -3.7948215,
            5.6150462
          ],
          [
            -3.7964308,
            5.6139358
          ],
          [
            -3.7970424,
            5.6134873
          ],
          [
            -3.7971926,
            5.6133058
          ],
          [
            -3.7972677,
            5.6130709
          ],
          [
            -3.797375,
            5.6128467
          ],
          [
            -3.7975896,
            5.6127613
          ],
          [
            -3.7981153,
            5.6126972
          ],
          [
            -3.7983728,
            5.6126118
          ],
          [
            -3.7987912,
            5.6123769
          ],
          [
            -3.7990594,
            5.6120032
          ],
          [
            -3.7991023,
            5.6117789
          ],
          [
            -3.7989628,
            5.6116295
          ],
          [
            -3.7989414,
            5.6114052
          ],
          [
            -3.7990916,
            5.6109675
          ],
          [
            -3.7990058,
            5.6107539
          ],
          [
            -3.7988985,
            5.6103161
          ],
          [
            -3.7988877,
            5.6100919
          ],
          [
            -3.7990058,
            5.6098997
          ],
          [
            -3.7990487,
            5.6096755
          ],
          [
            -3.7990379,
            5.6092377
          ],
          [
            -3.7991452,
            5.6082981
          ],
          [
            -3.7991238,
            5.6080739
          ],
          [
            -3.7990487,
            5.6078817
          ],
          [
            -3.7986946,
            5.6074759
          ],
          [
            -3.798641,
            5.6072624
          ],
          [
            -3.7986624,
            5.6070488
          ],
          [
            -3.7986302,
            5.6056928
          ],
          [
            -3.7985873,
            5.6051909
          ],
          [
            -3.7985337,
            5.604924
          ],
          [
            -3.7984908,
            5.6044862
          ],
          [
            -3.7987268,
            5.6040378
          ],
          [
            -3.7986946,
            5.6039523
          ],
          [
            -3.7987268,
            5.6037174
          ],
          [
            -3.7987161,
            5.6034719
          ],
          [
            -3.7984264,
            5.6030554
          ],
          [
            -3.7983728,
            5.6027992
          ],
          [
            -3.798362,
            5.6025536
          ],
          [
            -3.798362,
            5.6023294
          ],
          [
            -3.7983942,
            5.6020944
          ],
          [
            -3.7985444,
            5.6018916
          ],
          [
            -3.7987054,
            5.6017207
          ],
          [
            -3.7989414,
            5.6016246
          ],
          [
            -3.7994242,
            5.6015606
          ],
          [
            -3.799628,
            5.6014858
          ],
          [
            -3.7998641,
            5.6013897
          ],
          [
            -3.800261,
            5.6011121
          ],
          [
            -3.800379,
            5.6009306
          ],
          [
            -3.8004756,
            5.600717
          ],
          [
            -3.8008726,
            5.6001191
          ],
          [
            -3.8009584,
            5.599692
          ],
          [
            -3.8010657,
            5.5994998
          ],
          [
            -3.8012052,
            5.5993076
          ],
          [
            -3.8013768,
            5.5991261
          ],
          [
            -3.8014948,
            5.598368
          ],
          [
            -3.8016236,
            5.598133
          ],
          [
            -3.8021922,
            5.5973536
          ],
          [
            -3.8023102,
            5.59714
          ],
          [
            -3.8023532,
            5.5969158
          ],
          [
            -3.8022995,
            5.5966916
          ],
          [
            -3.8021708,
            5.5964887
          ],
          [
            -3.8021922,
            5.5962431
          ],
          [
            -3.8025141,
            5.5959334
          ],
          [
            -3.8028252,
            5.5955704
          ],
          [
            -3.8030076,
            5.5954102
          ],
          [
            -3.803426,
            5.5948657
          ],
          [
            -3.8034904,
            5.5946521
          ],
          [
            -3.8034904,
            5.5944279
          ],
          [
            -3.8037264,
            5.5937552
          ],
          [
            -3.8037264,
            5.5935416
          ],
          [
            -3.8036943,
            5.5933281
          ],
          [
            -3.8037372,
            5.5930932
          ],
          [
            -3.8039518,
            5.5926874
          ],
          [
            -3.8041341,
            5.5925272
          ],
          [
            -3.8043594,
            5.5924205
          ],
          [
            -3.805207,
            5.5916623
          ],
          [
            -3.8052607,
            5.5914488
          ],
          [
            -3.8053572,
            5.5912139
          ],
          [
            -3.805604,
            5.5907868
          ],
          [
            -3.8057757,
            5.5906052
          ],
          [
            -3.8059795,
            5.5904771
          ],
          [
            -3.8061941,
            5.5903917
          ],
          [
            -3.8064087,
            5.590349
          ],
          [
            -3.8068915,
            5.5903383
          ],
          [
            -3.8073099,
            5.5901034
          ],
          [
            -3.807503,
            5.5899539
          ],
          [
            -3.8076532,
            5.5897831
          ],
          [
            -3.8078249,
            5.5896336
          ],
          [
            -3.8082218,
            5.589388
          ],
          [
            -3.8084471,
            5.5892919
          ],
          [
            -3.8086832,
            5.5892385
          ],
          [
            -3.8089192,
            5.5892385
          ],
          [
            -3.809638,
            5.5891317
          ],
          [
            -3.8101208,
            5.5889609
          ],
          [
            -3.8103998,
            5.5888968
          ],
          [
            -3.8112903,
            5.5885978
          ],
          [
            -3.811419,
            5.5884163
          ],
          [
            -3.811698,
            5.5882775
          ],
          [
            -3.8127387,
            5.5879892
          ],
          [
            -3.8129747,
            5.5879465
          ],
          [
            -3.8132107,
            5.5879465
          ],
          [
            -3.8135862,
            5.5877009
          ],
          [
            -3.8138008,
            5.5876155
          ],
          [
            -3.8145948,
            5.587466
          ],
          [
            -3.8150883,
            5.5873165
          ],
          [
            -3.815335,
            5.5872204
          ],
          [
            -3.8155282,
            5.5871029
          ],
          [
            -3.8159614,
            5.5866288
          ]
        ]
      },
      "id": "way/1387790441"
    },
    {
      "type": "Feature",
      "properties": {
        "@id": "way/1445848599",
        "@relations": [
          {
            "role": "",
            "rel": 19619210,
            "reltags": {
              "admin_level": "8",
              "boundary": "administrative",
              "fixme": "Préciser les limites officielles",
              "name": "Grand-Alépé",
              "note": "DECRET N° 2010-233 du 25 AOUT 2010"
            }
          },
          {
            "role": "",
            "rel": 19619218,
            "reltags": {
              "admin_level": "8",
              "boundary": "administrative",
              "fixme": "Préciser les limites officielles",
              "name": "Brofodoumé",
              "note": "DECRET N° 2010-233 du 25 AOUT 2010"
            }
          }
        ]
      },
      "geometry": {
        "type": "LineString",
        "coordinates": [
          [
            -3.8513616,
            5.507081
          ],
          [
            -3.8511152,
            5.5066821
          ],
          [
            -3.8507875,
            5.5063156
          ],
          [
            -3.8502761,
            5.5063524
          ],
          [
            -3.8493354,
            5.5074737
          ],
          [
            -3.8485402,
            5.508039
          ],
          [
            -3.8481724,
            5.5081744
          ],
          [
            -3.8477828,
            5.5080014
          ],
          [
            -3.8468361,
            5.5073983
          ],
          [
            -3.8456312,
            5.5058682
          ],
          [
            -3.8451376,
            5.5052842
          ],
          [
            -3.8449525,
            5.5036738
          ],
          [
            -3.8452646,
            5.5024888
          ],
          [
            -3.8460728,
            5.5017164
          ],
          [
            -3.8461527,
            5.5009905
          ],
          [
            -3.8446682,
            5.4996053
          ],
          [
            -3.8442706,
            5.4988702
          ],
          [
            -3.8446114,
            5.4983614
          ],
          [
            -3.845293,
            5.4982483
          ],
          [
            -3.8458043,
            5.4978808
          ],
          [
            -3.8459581,
            5.4975453
          ],
          [
            -3.8456907,
            5.4973437
          ],
          [
            -3.845151,
            5.4974002
          ],
          [
            -3.8444323,
            5.4977981
          ],
          [
            -3.8419204,
            5.4978481
          ],
          [
            -3.8414683,
            5.4976481
          ],
          [
            -3.8414683,
            5.496898
          ],
          [
            -3.8418022,
            5.4955304
          ],
          [
            -3.8424036,
            5.4938345
          ],
          [
            -3.8427253,
            5.4933303
          ],
          [
            -3.8431151,
            5.4931062
          ],
          [
            -3.8434738,
            5.4929811
          ],
          [
            -3.8437065,
            5.492737
          ],
          [
            -3.8439996,
            5.491882
          ],
          [
            -3.8439571,
            5.4915898
          ],
          [
            -3.8437863,
            5.4913872
          ],
          [
            -3.8432396,
            5.4910825
          ],
          [
            -3.8425943,
            5.4907829
          ],
          [
            -3.8418745,
            5.4902793
          ],
          [
            -3.8412804,
            5.4898451
          ],
          [
            -3.8409503,
            5.4898439
          ],
          [
            -3.8405678,
            5.4899037
          ],
          [
            -3.8401895,
            5.4902304
          ],
          [
            -3.8400969,
            5.4902521
          ],
          [
            -3.8399982,
            5.4902429
          ],
          [
            -3.8399646,
            5.4901038
          ],
          [
            -3.8399807,
            5.4899029
          ],
          [
            -3.840045,
            5.4896443
          ],
          [
            -3.8406998,
            5.4890956
          ],
          [
            -3.8413117,
            5.4883319
          ],
          [
            -3.8416854,
            5.4879217
          ],
          [
            -3.8418053,
            5.4875827
          ],
          [
            -3.8416877,
            5.487311
          ],
          [
            -3.8413186,
            5.4869248
          ],
          [
            -3.84103,
            5.4867343
          ],
          [
            -3.8403633,
            5.4862485
          ],
          [
            -3.8402211,
            5.4861863
          ],
          [
            -3.8399078,
            5.4861719
          ],
          [
            -3.8391611,
            5.4864245
          ],
          [
            -3.8384017,
            5.4867934
          ],
          [
            -3.8375403,
            5.4871189
          ],
          [
            -3.8362226,
            5.4875527
          ],
          [
            -3.8352122,
            5.4880147
          ],
          [
            -3.8347536,
            5.4881319
          ],
          [
            -3.8343572,
            5.4880823
          ],
          [
            -3.8340775,
            5.4879799
          ],
          [
            -3.8338414,
            5.487794
          ],
          [
            -3.8336637,
            5.4873969
          ],
          [
            -3.8338313,
            5.4867469
          ],
          [
            -3.8338133,
            5.4862553
          ],
          [
            -3.8337311,
            5.4854976
          ],
          [
            -3.8334791,
            5.4847425
          ],
          [
            -3.8323175,
            5.4832773
          ],
          [
            -3.8319011,
            5.4826691
          ],
          [
            -3.8314608,
            5.481612
          ],
          [
            -3.831338,
            5.4811363
          ],
          [
            -3.8313827,
            5.4803466
          ],
          [
            -3.8313493,
            5.4799742
          ],
          [
            -3.831247,
            5.4796915
          ],
          [
            -3.8307012,
            5.4792456
          ],
          [
            -3.8300997,
            5.4787785
          ],
          [
            -3.8296819,
            5.4782088
          ],
          [
            -3.8295108,
            5.477618
          ],
          [
            -3.8295021,
            5.4771543
          ],
          [
            -3.8296233,
            5.4768412
          ],
          [
            -3.8299196,
            5.4765579
          ],
          [
            -3.8302848,
            5.4763169
          ],
          [
            -3.8306179,
            5.4763391
          ],
          [
            -3.8309107,
            5.4766014
          ],
          [
            -3.8313202,
            5.4773708
          ],
          [
            -3.8315207,
            5.4777193
          ],
          [
            -3.8317085,
            5.4779042
          ],
          [
            -3.8319271,
            5.4778963
          ],
          [
            -3.832135,
            5.4777933
          ],
          [
            -3.8328166,
            5.4771317
          ],
          [
            -3.8332059,
            5.4767489
          ],
          [
            -3.8341125,
            5.4752862
          ],
          [
            -3.834661,
            5.4745913
          ],
          [
            -3.8334705,
            5.4739303
          ],
          [
            -3.8331259,
            5.4735825
          ],
          [
            -3.8327692,
            5.473004
          ],
          [
            -3.8327692,
            5.4716837
          ],
          [
            -3.8323713,
            5.4706935
          ],
          [
            -3.8306471,
            5.4699013
          ],
          [
            -3.8269157,
            5.4665881
          ],
          [
            -3.8265391,
            5.465785
          ],
          [
            -3.8267848,
            5.4650769
          ],
          [
            -3.8269509,
            5.4648929
          ],
          [
            -3.827656,
            5.4641114
          ],
          [
            -3.8299316,
            5.4629216
          ],
          [
            -3.8309798,
            5.46222
          ],
          [
            -3.8308919,
            5.461936
          ],
          [
            -3.8307685,
            5.4615375
          ],
          [
            -3.8298994,
            5.4609747
          ],
          [
            -3.8287902,
            5.4611213
          ],
          [
            -3.8285583,
            5.4608663
          ],
          [
            -3.8285913,
            5.4605272
          ],
          [
            -3.8295197,
            5.459867
          ],
          [
            -3.8309124,
            5.4598011
          ],
          [
            -3.832305,
            5.459141
          ],
          [
            -3.8341619,
            5.4586128
          ],
          [
            -3.8358861,
            5.4580187
          ],
          [
            -3.8364224,
            5.4575026
          ],
          [
            -3.8367482,
            5.4568964
          ],
          [
            -3.8366593,
            5.4565595
          ],
          [
            -3.8361514,
            5.4563683
          ],
          [
            -3.8349577,
            5.4561042
          ],
          [
            -3.8345561,
            5.4556873
          ],
          [
            -3.8344607,
            5.4549634
          ],
          [
            -3.8350903,
            5.4535956
          ],
          [
            -3.8351999,
            5.4526232
          ],
          [
            -3.834995,
            5.4522063
          ],
          [
            -3.8346924,
            5.4520773
          ],
          [
            -3.8338303,
            5.4524073
          ],
          [
            -3.8331001,
            5.4525245
          ],
          [
            -3.8328573,
            5.4522063
          ],
          [
            -3.8327298,
            5.4511634
          ],
          [
            -3.832221,
            5.4503406
          ],
          [
            -3.8327654,
            5.4490069
          ],
          [
            -3.8330696,
            5.4476683
          ],
          [
            -3.8328225,
            5.4469192
          ],
          [
            -3.8328007,
            5.4456915
          ],
          [
            -3.8325174,
            5.4443288
          ],
          [
            -3.8331057,
            5.4430314
          ],
          [
            -3.8331335,
            5.4427595
          ],
          [
            -3.8331546,
            5.4425524
          ],
          [
            -3.8327943,
            5.4419803
          ],
          [
            -3.8327064,
            5.4418767
          ],
          [
            -3.8314661,
            5.4404151
          ],
          [
            -3.8313272,
            5.4402514
          ],
          [
            -3.8308196,
            5.4401955
          ],
          [
            -3.830682,
            5.4401804
          ],
          [
            -3.8300829,
            5.4405382
          ],
          [
            -3.8299377,
            5.4406249
          ],
          [
            -3.8290301,
            5.441521
          ],
          [
            -3.8278921,
            5.4419885
          ],
          [
            -3.8274499,
            5.4421702
          ],
          [
            -3.8267272,
            5.4422282
          ],
          [
            -3.8260431,
            5.4416172
          ],
          [
            -3.8259835,
            5.4415639
          ],
          [
            -3.825955,
            5.4412919
          ],
          [
            -3.8259191,
            5.44095
          ],
          [
            -3.8261561,
            5.4405225
          ],
          [
            -3.8263298,
            5.4402091
          ],
          [
            -3.8266573,
            5.4396491
          ],
          [
            -3.8267055,
            5.4395668
          ],
          [
            -3.8269675,
            5.4391188
          ],
          [
            -3.8270375,
            5.4387927
          ],
          [
            -3.8270146,
            5.4385648
          ],
          [
            -3.8269668,
            5.4384364
          ],
          [
            -3.8269195,
            5.4383095
          ],
          [
            -3.8266888,
            5.4380985
          ],
          [
            -3.8265289,
            5.43796
          ],
          [
            -3.8264439,
            5.4378863
          ],
          [
            -3.8262302,
            5.437674
          ],
          [
            -3.8260156,
            5.4373295
          ],
          [
            -3.8258772,
            5.4371342
          ],
          [
            -3.8257071,
            5.4368943
          ],
          [
            -3.8256294,
            5.4367181
          ],
          [
            -3.8255508,
            5.4364981
          ],
          [
            -3.8254657,
            5.4361867
          ],
          [
            -3.8253142,
            5.4357227
          ],
          [
            -3.8252807,
            5.4355378
          ],
          [
            -3.825278,
            5.4353403
          ],
          [
            -3.8253181,
            5.4351637
          ],
          [
            -3.8253745,
            5.4349157
          ],
          [
            -3.8254366,
            5.4342673
          ],
          [
            -3.825396,
            5.4338129
          ],
          [
            -3.8253638,
            5.4336367
          ],
          [
            -3.8253635,
            5.433461
          ],
          [
            -3.8254184,
            5.4333184
          ],
          [
            -3.8255442,
            5.4331295
          ],
          [
            -3.8256747,
            5.4330024
          ],
          [
            -3.8259586,
            5.4327786
          ],
          [
            -3.8260963,
            5.4325955
          ],
          [
            -3.8260761,
            5.4324152
          ],
          [
            -3.8259492,
            5.4322885
          ],
          [
            -3.8257771,
            5.4322469
          ],
          [
            -3.8255318,
            5.4322428
          ],
          [
            -3.8252844,
            5.4322736
          ],
          [
            -3.8250241,
            5.43225
          ],
          [
            -3.8247008,
            5.432095
          ],
          [
            -3.8243762,
            5.4319603
          ],
          [
            -3.8239194,
            5.43182
          ],
          [
            -3.823734,
            5.4317791
          ],
          [
            -3.8234348,
            5.4317132
          ],
          [
            -3.8230678,
            5.4316894
          ],
          [
            -3.8227957,
            5.4317707
          ],
          [
            -3.8226519,
            5.4318627
          ],
          [
            -3.8225618,
            5.4319204
          ],
          [
            -3.8223503,
            5.4320786
          ],
          [
            -3.8221771,
            5.4322941
          ],
          [
            -3.8219923,
            5.4326382
          ],
          [
            -3.8219371,
            5.4327517
          ],
          [
            -3.8216493,
            5.433343
          ],
          [
            -3.8213113,
            5.4338663
          ],
          [
            -3.8212409,
            5.4339753
          ],
          [
            -3.8208128,
            5.4345482
          ],
          [
            -3.8206905,
            5.4346649
          ],
          [
            -3.8205441,
            5.4347491
          ],
          [
            -3.8203152,
            5.434786
          ],
          [
            -3.8201363,
            5.4347434
          ],
          [
            -3.8199894,
            5.4346444
          ],
          [
            -3.8198719,
            5.4344986
          ],
          [
            -3.8197101,
            5.4341495
          ],
          [
            -3.8196017,
            5.4338888
          ],
          [
            -3.8194587,
            5.4335447
          ],
          [
            -3.8193193,
            5.4332958
          ],
          [
            -3.8191648,
            5.4331531
          ],
          [
            -3.8190121,
            5.4331254
          ],
          [
            -3.8188337,
            5.4331911
          ],
          [
            -3.818674,
            5.4333553
          ],
          [
            -3.8185461,
            5.4336673
          ],
          [
            -3.8183291,
            5.4343142
          ],
          [
            -3.8182039,
            5.4346013
          ],
          [
            -3.8180095,
            5.4347937
          ],
          [
            -3.8177606,
            5.434864
          ],
          [
            -3.817433,
            5.4347955
          ],
          [
            -3.8171829,
            5.4346473
          ],
          [
            -3.8169296,
            5.4344637
          ],
          [
            -3.8167873,
            5.4343385
          ],
          [
            -3.816375,
            5.4338816
          ],
          [
            -3.8161007,
            5.4335852
          ],
          [
            -3.8158224,
            5.4332486
          ],
          [
            -3.8155331,
            5.4327117
          ],
          [
            -3.8154739,
            5.4323598
          ],
          [
            -3.815557,
            5.4321323
          ],
          [
            -3.8156241,
            5.4319486
          ],
          [
            -3.8159647,
            5.4315921
          ],
          [
            -3.8163915,
            5.4312692
          ],
          [
            -3.8165585,
            5.4311323
          ],
          [
            -3.8178162,
            5.4303996
          ],
          [
            -3.8181863,
            5.4301332
          ],
          [
            -3.818476,
            5.4299316
          ],
          [
            -3.818711,
            5.4296814
          ],
          [
            -3.8187523,
            5.4294554
          ],
          [
            -3.8187235,
            5.4291947
          ],
          [
            -3.818615,
            5.4289802
          ],
          [
            -3.8182781,
            5.4286589
          ],
          [
            -3.8179457,
            5.428454
          ],
          [
            -3.8176616,
            5.4283387
          ],
          [
            -3.8173667,
            5.4282771
          ],
          [
            -3.8168946,
            5.4282525
          ],
          [
            -3.8163654,
            5.4282922
          ],
          [
            -3.8157049,
            5.4283059
          ],
          [
            -3.8151213,
            5.4282628
          ],
          [
            -3.8145969,
            5.4281672
          ],
          [
            -3.8141027,
            5.4280057
          ],
          [
            -3.8137852,
            5.4278584
          ],
          [
            -3.8135513,
            5.4276948
          ],
          [
            -3.8134945,
            5.4275382
          ],
          [
            -3.8135234,
            5.4273678
          ],
          [
            -3.8136105,
            5.4271752
          ],
          [
            -3.8146855,
            5.4258149
          ],
          [
            -3.8149306,
            5.4255732
          ],
          [
            -3.8151959,
            5.4254165
          ],
          [
            -3.8154744,
            5.4253998
          ],
          [
            -3.8157609,
            5.4254773
          ],
          [
            -3.8160166,
            5.4255552
          ],
          [
            -3.8165968,
            5.4257546
          ],
          [
            -3.8169672,
            5.4258267
          ],
          [
            -3.817444,
            5.4258542
          ],
          [
            -3.8177288,
            5.425817
          ],
          [
            -3.8180753,
            5.425712
          ],
          [
            -3.8183859,
            5.4256046
          ],
          [
            -3.8186618,
            5.4254562
          ],
          [
            -3.8190117,
            5.4252082
          ],
          [
            -3.8191979,
            5.424995
          ],
          [
            -3.8193,
            5.424802
          ],
          [
            -3.8193487,
            5.4245703
          ],
          [
            -3.8193714,
            5.4244623
          ],
          [
            -3.8193554,
            5.4242983
          ],
          [
            -3.8192812,
            5.4241177
          ],
          [
            -3.8192475,
            5.423918
          ],
          [
            -3.8192344,
            5.4238005
          ],
          [
            -3.81916,
            5.4236858
          ],
          [
            -3.8190099,
            5.4236161
          ],
          [
            -3.8187524,
            5.4235755
          ],
          [
            -3.8184923,
            5.4234405
          ],
          [
            -3.8182815,
            5.4232968
          ],
          [
            -3.8178079,
            5.4228452
          ],
          [
            -3.8173064,
            5.4222002
          ],
          [
            -3.8167925,
            5.4215393
          ],
          [
            -3.8166355,
            5.4212563
          ],
          [
            -3.8163881,
            5.4205469
          ],
          [
            -3.8162966,
            5.420358
          ],
          [
            -3.8158768,
            5.4194907
          ],
          [
            -3.8155626,
            5.4187776
          ],
          [
            -3.8155697,
            5.4183647
          ],
          [
            -3.815628,
            5.4179735
          ],
          [
            -3.8158014,
            5.4176435
          ],
          [
            -3.8161531,
            5.4173922
          ],
          [
            -3.8167657,
            5.417241
          ],
          [
            -3.8172472,
            5.4171087
          ],
          [
            -3.8176352,
            5.4170476
          ],
          [
            -3.8180182,
            5.4171075
          ],
          [
            -3.8184974,
            5.4174534
          ],
          [
            -3.8186867,
            5.4177915
          ],
          [
            -3.8187595,
            5.4179215
          ],
          [
            -3.8189665,
            5.4181257
          ],
          [
            -3.8192373,
            5.4181952
          ],
          [
            -3.8193522,
            5.4181946
          ],
          [
            -3.8195763,
            5.4181934
          ],
          [
            -3.8198215,
            5.4181064
          ],
          [
            -3.8199691,
            5.418054
          ],
          [
            -3.8202038,
            5.4177661
          ],
          [
            -3.8203887,
            5.4174259
          ],
          [
            -3.8204755,
            5.4170634
          ],
          [
            -3.820871,
            5.4154108
          ],
          [
            -3.8208907,
            5.4147546
          ],
          [
            -3.8207885,
            5.4142694
          ],
          [
            -3.8206594,
            5.4138564
          ],
          [
            -3.8204328,
            5.4131317
          ],
          [
            -3.820289,
            5.4127978
          ],
          [
            -3.8199829,
            5.4123575
          ],
          [
            -3.8197824,
            5.4120264
          ],
          [
            -3.8197658,
            5.4117602
          ],
          [
            -3.8199121,
            5.4115572
          ],
          [
            -3.8202854,
            5.4114596
          ],
          [
            -3.820871,
            5.4115801
          ],
          [
            -3.8215926,
            5.4121028
          ],
          [
            -3.8218395,
            5.4124823
          ],
          [
            -3.8220986,
            5.4130649
          ],
          [
            -3.8222774,
            5.4133473
          ],
          [
            -3.822442,
            5.413391
          ],
          [
            -3.8226119,
            5.413379
          ],
          [
            -3.8227893,
            5.4132928
          ],
          [
            -3.8229145,
            5.4131094
          ],
          [
            -3.8230559,
            5.4125519
          ],
          [
            -3.8230025,
            5.4121218
          ],
          [
            -3.822803,
            5.4117587
          ],
          [
            -3.8225291,
            5.4115154
          ],
          [
            -3.8219521,
            5.4111238
          ],
          [
            -3.8214397,
            5.410755
          ],
          [
            -3.821013,
            5.4104176
          ],
          [
            -3.8206185,
            5.4100049
          ],
          [
            -3.8203064,
            5.4095484
          ],
          [
            -3.8202148,
            5.4093648
          ],
          [
            -3.8201788,
            5.4091446
          ],
          [
            -3.8202636,
            5.4089757
          ],
          [
            -3.8205523,
            5.4087866
          ],
          [
            -3.8211513,
            5.4084831
          ],
          [
            -3.8215906,
            5.4082486
          ],
          [
            -3.8216548,
            5.4081975
          ],
          [
            -3.8218735,
            5.4080233
          ],
          [
            -3.8221358,
            5.4076904
          ],
          [
            -3.822429,
            5.4072194
          ],
          [
            -3.8228404,
            5.4067227
          ],
          [
            -3.8230462,
            5.4064923
          ],
          [
            -3.8232519,
            5.4062977
          ],
          [
            -3.8236222,
            5.4060058
          ],
          [
            -3.824224,
            5.4055962
          ],
          [
            -3.824728,
            5.4052173
          ],
          [
            -3.8251238,
            5.4048143
          ],
          [
            -3.8253184,
            5.4044845
          ],
          [
            -3.82551,
            5.4040825
          ],
          [
            -3.8256198,
            5.4038859
          ],
          [
            -3.8258006,
            5.4037292
          ],
          [
            -3.8258308,
            5.4037128
          ],
          [
            -3.8260006,
            5.4036208
          ],
          [
            -3.8262977,
            5.4035438
          ],
          [
            -3.8267786,
            5.4034567
          ],
          [
            -3.8272638,
            5.403286
          ],
          [
            -3.827671,
            5.4029421
          ]
        ]
      },
      "id": "way/1445848599"
    },
    {
      "type": "Feature",
      "properties": {
        "@id": "way/1445848596",
        "@relations": [
          {
            "role": "",
            "rel": 19619210,
            "reltags": {
              "admin_level": "8",
              "boundary": "administrative",
              "fixme": "Préciser les limites officielles",
              "name": "Grand-Alépé",
              "note": "DECRET N° 2010-233 du 25 AOUT 2010"
            }
          }
        ]
      },
      "geometry": {
        "type": "LineString",
        "coordinates": [
          [
            -3.7676239,
            5.6397104
          ],
          [
            -3.76153,
            5.644515
          ],
          [
            -3.7587405,
            5.4965584
          ],
          [
            -3.7514879,
            5.4201738
          ],
          [
            -3.827671,
            5.4029421
          ]
        ]
      },
      "id": "way/1445848596"
    },
    {
      "type": "Feature",
      "properties": {
        "@id": "way/1431003905",
        "@relations": [
          {
            "role": "",
            "rel": 19619214,
            "reltags": {
              "admin_level": "8",
              "boundary": "administrative",
              "fixme": "Préciser les limites officielles",
              "name": "Songon",
              "note": "DECRET N° 2010-233 du 25 AOUT 2010"
            }
          }
        ]
      },
      "geometry": {
        "type": "LineString",
        "coordinates": [
          [
            -4.3061258,
            5.3925311
          ],
          [
            -4.2529108,
            5.3873613
          ],
          [
            -4.169655,
            5.3865068
          ],
          [
            -4.1617585,
            5.3608279
          ],
          [
            -4.1609431,
            5.3004935
          ],
          [
            -4.2087937,
            5.3008781
          ],
          [
            -4.2265392,
            5.2800673
          ],
          [
            -4.2496491,
            5.2767769
          ],
          [
            -4.2630387,
            5.2958357
          ],
          [
            -4.2774584,
            5.3225856
          ],
          [
            -4.2976284,
            5.3248929
          ],
          [
            -4.3028642,
            5.3591615
          ],
          [
            -4.3050282,
            5.3781283
          ],
          [
            -4.3061258,
            5.3925311
          ]
        ]
      },
      "id": "way/1431003905"
    },
    {
      "type": "Feature",
      "properties": {
        "@id": "way/1431003906",
        "@relations": [
          {
            "role": "",
            "rel": 19619215,
            "reltags": {
              "admin_level": "8",
              "boundary": "administrative",
              "fixme": "Préciser les limites officielles",
              "name": "Kossihouen",
              "note": "DECRET N° 2010-233 du 25 AOUT 2010"
            }
          }
        ]
      },
      "geometry": {
        "type": "LineString",
        "coordinates": [
          [
            -4.4577154,
            5.5386984
          ],
          [
            -4.4400591,
            5.5557679
          ],
          [
            -4.4011724,
            5.5969585
          ],
          [
            -4.3598216,
            5.5814152
          ],
          [
            -4.2602751,
            5.6005938
          ],
          [
            -4.2465592,
            5.5659284
          ],
          [
            -4.2614937,
            5.5406417
          ],
          [
            -4.2428685,
            5.4934827
          ],
          [
            -4.2444135,
            5.4854516
          ],
          [
            -4.2585755,
            5.4837428
          ],
          [
            -4.2576743,
            5.4714823
          ],
          [
            -4.2677165,
            5.4544796
          ],
          [
            -4.2687035,
            5.4338237
          ],
          [
            -4.2836889,
            5.435034
          ],
          [
            -4.2869855,
            5.4516173
          ],
          [
            -4.2940552,
            5.4614267
          ],
          [
            -4.3017484,
            5.4837428
          ],
          [
            -4.3324757,
            5.4964302
          ],
          [
            -4.3799401,
            5.5260331
          ],
          [
            -4.4077493,
            5.5239401
          ],
          [
            -4.4319664,
            5.529938
          ]
        ]
      },
      "id": "way/1431003906"
    },
    {
      "type": "Feature",
      "properties": {
        "@id": "way/1445848612",
        "@relations": [
          {
            "role": "",
            "rel": 19619215,
            "reltags": {
              "admin_level": "8",
              "boundary": "administrative",
              "fixme": "Préciser les limites officielles",
              "name": "Kossihouen",
              "note": "DECRET N° 2010-233 du 25 AOUT 2010"
            }
          }
        ]
      },
      "geometry": {
        "type": "LineString",
        "coordinates": [
          [
            -4.4577154,
            5.5386984
          ],
          [
            -4.4576974,
            5.5382689
          ],
          [
            -4.4575596,
            5.5380481
          ],
          [
            -4.4573438,
            5.5380541
          ],
          [
            -4.457176,
            5.5381496
          ],
          [
            -4.45714,
            5.538424
          ],
          [
            -4.4567804,
            5.5384956
          ],
          [
            -4.4563788,
            5.5382927
          ],
          [
            -4.4562949,
            5.53772
          ],
          [
            -4.4560552,
            5.5366224
          ],
          [
            -4.4550423,
            5.5359602
          ],
          [
            -4.4546766,
            5.5359781
          ],
          [
            -4.4544968,
            5.535817
          ],
          [
            -4.4543949,
            5.5353636
          ],
          [
            -4.4540114,
            5.5350773
          ],
          [
            -4.4535558,
            5.534946
          ],
          [
            -4.453382,
            5.534773
          ],
          [
            -4.4533101,
            5.5345582
          ],
          [
            -4.4530764,
            5.5344568
          ],
          [
            -4.4528786,
            5.5344628
          ],
          [
            -4.4527047,
            5.5346835
          ],
          [
            -4.4526628,
            5.5349102
          ],
          [
            -4.452441,
            5.5350415
          ],
          [
            -4.4522013,
            5.534952
          ],
          [
            -4.4521653,
            5.5347491
          ],
          [
            -4.4519076,
            5.5345284
          ],
          [
            -4.4516079,
            5.5346179
          ],
          [
            -4.451542,
            5.5348207
          ],
          [
            -4.4516079,
            5.5350594
          ],
          [
            -4.4513802,
            5.5353994
          ],
          [
            -4.4511764,
            5.5353517
          ],
          [
            -4.4506969,
            5.5346835
          ],
          [
            -4.4503792,
            5.5346179
          ],
          [
            -4.4501575,
            5.5346537
          ],
          [
            -4.4503193,
            5.5351369
          ],
          [
            -4.4499657,
            5.5352622
          ],
          [
            -4.449678,
            5.5351071
          ],
          [
            -4.4495761,
            5.5352861
          ],
          [
            -4.4495401,
            5.5356977
          ],
          [
            -4.4493363,
            5.5357454
          ],
          [
            -4.4491805,
            5.5353636
          ],
          [
            -4.4490007,
            5.5353039
          ],
          [
            -4.4488629,
            5.5358528
          ],
          [
            -4.4481916,
            5.5362585
          ],
          [
            -4.4482455,
            5.5367297
          ],
          [
            -4.4476641,
            5.5370936
          ],
          [
            -4.4473585,
            5.5370698
          ],
          [
            -4.4472865,
            5.5367297
          ],
          [
            -4.4470468,
            5.5365806
          ],
          [
            -4.4463156,
            5.5365329
          ],
          [
            -4.4460758,
            5.5361511
          ],
          [
            -4.4456683,
            5.5360795
          ],
          [
            -4.4453506,
            5.5362406
          ],
          [
            -4.4452547,
            5.5365329
          ],
          [
            -4.4457222,
            5.5368371
          ],
          [
            -4.4457162,
            5.5371175
          ],
          [
            -4.4455604,
            5.5372487
          ],
          [
            -4.4451049,
            5.5372249
          ],
          [
            -4.4445654,
            5.5364255
          ],
          [
            -4.4439961,
            5.5366641
          ],
          [
            -4.4435226,
            5.5365746
          ],
          [
            -4.4433907,
            5.5363897
          ],
          [
            -4.4434866,
            5.535996
          ],
          [
            -4.4433607,
            5.5356022
          ],
          [
            -4.4434566,
            5.5353755
          ],
          [
            -4.4439002,
            5.5353934
          ],
          [
            -4.4438702,
            5.5350713
          ],
          [
            -4.4431809,
            5.5349639
          ],
          [
            -4.4428333,
            5.5347909
          ],
          [
            -4.4427853,
            5.5345582
          ],
          [
            -4.4429232,
            5.5343375
          ],
          [
            -4.4428153,
            5.5341764
          ],
          [
            -4.4423658,
            5.5341406
          ],
          [
            -4.442216,
            5.5340154
          ],
          [
            -4.4422279,
            5.5338424
          ],
          [
            -4.4425456,
            5.5333293
          ],
          [
            -4.4425216,
            5.5330967
          ],
          [
            -4.4418324,
            5.5329415
          ],
          [
            -4.4413169,
            5.5329356
          ],
          [
            -4.4408614,
            5.5334486
          ],
          [
            -4.4407355,
            5.5333949
          ],
          [
            -4.4407715,
            5.5330668
          ],
          [
            -4.4402441,
            5.5328342
          ],
          [
            -4.4400822,
            5.532339
          ],
          [
            -4.4389814,
            5.5314843
          ],
          [
            -4.4372677,
            5.5316923
          ],
          [
            -4.4360973,
            5.532358
          ],
          [
            -4.4361224,
            5.532799
          ],
          [
            -4.4356459,
            5.5332816
          ],
          [
            -4.4353366,
            5.5329321
          ],
          [
            -4.4348601,
            5.5331484
          ],
          [
            -4.4346739,
            5.5330775
          ],
          [
            -4.4345999,
            5.5328537
          ],
          [
            -4.4347728,
            5.5327939
          ],
          [
            -4.4349059,
            5.5327574
          ],
          [
            -4.434893,
            5.5325961
          ],
          [
            -4.4350305,
            5.532318
          ],
          [
            -4.4350391,
            5.5321256
          ],
          [
            -4.4348114,
            5.5321042
          ],
          [
            -4.4346008,
            5.5324678
          ],
          [
            -4.4343688,
            5.5325661
          ],
          [
            -4.4342484,
            5.5324549
          ],
          [
            -4.4342441,
            5.5321855
          ],
          [
            -4.4340207,
            5.5317619
          ],
          [
            -4.4339907,
            5.5315257
          ],
          [
            -4.434067,
            5.5313511
          ],
          [
            -4.4342226,
            5.5311803
          ],
          [
            -4.4339982,
            5.5309012
          ],
          [
            -4.4339403,
            5.5307099
          ],
          [
            -4.4340937,
            5.5304104
          ],
          [
            -4.4340035,
            5.5301281
          ],
          [
            -4.4337199,
            5.5300297
          ],
          [
            -4.4332772,
            5.5302051
          ],
          [
            -4.4331268,
            5.5305216
          ],
          [
            -4.4329024,
            5.5306006
          ],
          [
            -4.4327745,
            5.5305002
          ],
          [
            -4.4326871,
            5.5301299
          ],
          [
            -4.4319664,
            5.529938
          ]
        ]
      },
      "id": "way/1445848612"
    },
    {
      "type": "Feature",
      "properties": {
        "@id": "way/1431003907",
        "@relations": [
          {
            "role": "",
            "rel": 19619216,
            "reltags": {
              "admin_level": "8",
              "boundary": "administrative",
              "fixme": "Préciser les limites officielles",
              "name": "Abadjin",
              "note": "DECRET N° 2010-233 du 25 AOUT 2010"
            }
          }
        ]
      },
      "geometry": {
        "type": "LineString",
        "coordinates": [
          [
            -4.1609431,
            5.3004935
          ],
          [
            -4.2087937,
            5.3008781
          ],
          [
            -4.2265392,
            5.2800673
          ],
          [
            -4.2156602,
            5.22105
          ],
          [
            -4.1390992,
            5.2318197
          ],
          [
            -4.1325761,
            5.2289136
          ],
          [
            -4.1353226,
            5.2943828
          ],
          [
            -4.1412878,
            5.3084843
          ],
          [
            -4.1467649,
            5.3108345
          ],
          [
            -4.1433102,
            5.3156577
          ],
          [
            -4.1433049,
            5.3350626
          ],
          [
            -4.1224909,
            5.360016
          ],
          [
            -4.1617585,
            5.3608279
          ],
          [
            -4.1609431,
            5.3004935
          ]
        ]
      },
      "id": "way/1431003907"
    },
    {
      "type": "Feature",
      "properties": {
        "@id": "way/1445848598",
        "@relations": [
          {
            "role": "",
            "rel": 19619218,
            "reltags": {
              "admin_level": "8",
              "boundary": "administrative",
              "fixme": "Préciser les limites officielles",
              "name": "Brofodoumé",
              "note": "DECRET N° 2010-233 du 25 AOUT 2010"
            }
          }
        ]
      },
      "geometry": {
        "type": "LineString",
        "coordinates": [
          [
            -4.0113959,
            5.5965549
          ],
          [
            -3.9490701,
            5.6081273
          ],
          [
            -3.9366246,
            5.6150463
          ],
          [
            -3.939457,
            5.5985602
          ],
          [
            -3.9115621,
            5.5614008
          ],
          [
            -3.87105,
            5.5014282
          ],
          [
            -3.8513616,
            5.507081
          ]
        ]
      },
      "id": "way/1445848598"
    },
    {
      "type": "Feature",
      "properties": {
        "@id": "way/1443311876",
        "@relations": [
          {
            "role": "",
            "rel": 19619218,
            "reltags": {
              "admin_level": "8",
              "boundary": "administrative",
              "fixme": "Préciser les limites officielles",
              "name": "Brofodoumé",
              "note": "DECRET N° 2010-233 du 25 AOUT 2010"
            }
          },
          {
            "role": "",
            "rel": 19637347,
            "reltags": {
              "admin_level": "8",
              "boundary": "administrative",
              "fixme": "Préciser les limites officielles",
              "name": "Atchékoi",
              "note": "DECRET N° 2010-233 du 25 AOUT 2010"
            }
          }
        ]
      },
      "geometry": {
        "type": "LineString",
        "coordinates": [
          [
            -3.966322,
            5.5118512
          ],
          [
            -3.939972,
            5.5213343
          ],
          [
            -4.0113959,
            5.5965549
          ]
        ]
      },
      "id": "way/1443311876"
    },
    {
      "type": "Feature",
      "properties": {
        "@id": "way/1431003908",
        "@relations": [
          {
            "role": "",
            "rel": 19619218,
            "reltags": {
              "admin_level": "8",
              "boundary": "administrative",
              "fixme": "Préciser les limites officielles",
              "name": "Brofodoumé",
              "note": "DECRET N° 2010-233 du 25 AOUT 2010"
            }
          }
        ]
      },
      "geometry": {
        "type": "LineString",
        "coordinates": [
          [
            -3.827671,
            5.4029421
          ],
          [
            -3.8281668,
            5.3763618
          ],
          [
            -3.8626385,
            5.4140642
          ],
          [
            -3.9150811,
            5.4303845
          ],
          [
            -3.9274407,
            5.4352122
          ],
          [
            -3.9547349,
            5.4647753
          ],
          [
            -3.9689398,
            5.4644335
          ],
          [
            -3.955679,
            5.4986089
          ],
          [
            -3.966322,
            5.5118512
          ]
        ]
      },
      "id": "way/1431003908"
    },
    {
      "type": "Feature",
      "properties": {
        "@id": "way/1431003909",
        "@relations": [
          {
            "role": "",
            "rel": 19619220,
            "reltags": {
              "admin_level": "8",
              "boundary": "administrative",
              "fixme": "Préciser les limites officielles",
              "name": "Bingerville",
              "note": "DECRET N° 2010-233 du 25 AOUT 2010"
            }
          }
        ]
      },
      "geometry": {
        "type": "LineString",
        "coordinates": [
          [
            -3.9035798,
            5.3208335
          ],
          [
            -3.9271832,
            5.3230982
          ],
          [
            -3.9297582,
            5.3606143
          ],
          [
            -3.9141798,
            5.3896256
          ],
          [
            -3.9150811,
            5.4303845
          ],
          [
            -3.8626385,
            5.4140642
          ],
          [
            -3.8281668,
            5.3763618
          ],
          [
            -3.7814427,
            5.3622806
          ],
          [
            -3.7738038,
            5.3559569
          ],
          [
            -3.7842751,
            5.2712215
          ],
          [
            -3.8034368,
            5.2877379
          ],
          [
            -3.8150025,
            5.2942119
          ],
          [
            -3.8563729,
            5.3043393
          ],
          [
            -3.9035798,
            5.3208335
          ]
        ]
      },
      "id": "way/1431003909"
    },
    {
      "type": "Feature",
      "properties": {
        "@id": "way/1431003910",
        "@relations": [
          {
            "role": "",
            "rel": 19619221,
            "reltags": {
              "admin_level": "8",
              "boundary": "administrative",
              "fixme": "Préciser les limites officielles",
              "name": "Eloka",
              "note": "DECRET N° 2010-233 du 25 AOUT 2010"
            }
          }
        ]
      },
      "geometry": {
        "type": "LineString",
        "coordinates": [
          [
            -3.7148381,
            5.2994679
          ],
          [
            -3.7667174,
            5.3436031
          ],
          [
            -3.7738038,
            5.3559569
          ],
          [
            -3.7842751,
            5.2712215
          ],
          [
            -3.7395145,
            5.2902805
          ],
          [
            -3.7148381,
            5.2994679
          ]
        ]
      },
      "id": "way/1431003910"
    },
    {
      "type": "Feature",
      "properties": {
        "@id": "way/1431003911",
        "@relations": [
          {
            "role": "",
            "rel": 19619223,
            "reltags": {
              "admin_level": "8",
              "boundary": "administrative",
              "fixme": "Préciser les limites officielles",
              "name": "M'Pody",
              "note": "DECRET N° 2010-233 du 25 AOUT 2010"
            }
          }
        ]
      },
      "geometry": {
        "type": "LineString",
        "coordinates": [
          [
            -4.2470591,
            5.6017831
          ],
          [
            -4.162016,
            5.593862
          ],
          [
            -4.1234351,
            5.5907441
          ],
          [
            -4.1200449,
            5.5655868
          ],
          [
            -4.1785813,
            5.5655866
          ],
          [
            -4.2465592,
            5.5659284
          ],
          [
            -4.2602751,
            5.6005938
          ],
          [
            -4.2470591,
            5.6017831
          ]
        ]
      },
      "id": "way/1431003911"
    },
    {
      "type": "Feature",
      "properties": {
        "@id": "way/1431003912",
        "@relations": [
          {
            "role": "",
            "rel": 19619224,
            "reltags": {
              "admin_level": "8",
              "boundary": "administrative",
              "fixme": "Préciser les limites officielles",
              "name": "M'Bonoua",
              "note": "DECRET N° 2010-233 du 25 AOUT 2010"
            }
          }
        ]
      },
      "geometry": {
        "type": "LineString",
        "coordinates": [
          [
            -4.2465592,
            5.5659284
          ],
          [
            -4.1785813,
            5.5655866
          ],
          [
            -4.1752768,
            5.5228294
          ],
          [
            -4.2245866,
            5.5224449
          ],
          [
            -4.2614937,
            5.5406417
          ],
          [
            -4.2465592,
            5.5659284
          ]
        ]
      },
      "id": "way/1431003912"
    },
    {
      "type": "Feature",
      "properties": {
        "@id": "way/1431003913",
        "@relations": [
          {
            "role": "",
            "rel": 19619225,
            "reltags": {
              "admin_level": "8",
              "boundary": "administrative",
              "fixme": "Préciser les limites officielles",
              "name": "Attinguié",
              "note": "DECRET N° 2010-233 du 25 AOUT 2010"
            }
          }
        ]
      },
      "geometry": {
        "type": "LineString",
        "coordinates": [
          [
            -4.2614937,
            5.5406417
          ],
          [
            -4.2245866,
            5.5224449
          ],
          [
            -4.1752768,
            5.5228294
          ],
          [
            -4.1692686,
            5.4886448
          ],
          [
            -4.1695476,
            5.4724222
          ],
          [
            -4.169655,
            5.3865068
          ],
          [
            -4.2529108,
            5.3873613
          ],
          [
            -4.3061258,
            5.3925311
          ],
          [
            -4.3174554,
            5.4005206
          ],
          [
            -4.3118764,
            5.4199174
          ],
          [
            -4.2836889,
            5.435034
          ],
          [
            -4.2687035,
            5.4338237
          ],
          [
            -4.2677165,
            5.4544796
          ],
          [
            -4.2576743,
            5.4714823
          ],
          [
            -4.2585755,
            5.4837428
          ],
          [
            -4.2444135,
            5.4854516
          ],
          [
            -4.2428685,
            5.4934827
          ],
          [
            -4.2614937,
            5.5406417
          ]
        ]
      },
      "id": "way/1431003913"
    },
    {
      "type": "Feature",
      "properties": {
        "@id": "way/1431003914",
        "@relations": [
          {
            "role": "",
            "rel": 19619226,
            "reltags": {
              "admin_level": "8",
              "boundary": "administrative",
              "fixme": "Préciser les limites officielles",
              "name": "Anyama",
              "note": "DECRET N° 2010-233 du 25 AOUT 2010"
            }
          }
        ]
      },
      "geometry": {
        "type": "LineString",
        "coordinates": [
          [
            -3.966322,
            5.5118512
          ],
          [
            -3.955679,
            5.4986089
          ],
          [
            -3.9689398,
            5.4644335
          ],
          [
            -3.9813853,
            5.4632801
          ],
          [
            -3.9989806,
            5.467424
          ],
          [
            -4.0083361,
            5.4575128
          ],
          [
            -4.0349865,
            5.4588799
          ],
          [
            -4.0515519,
            5.4351267
          ],
          [
            -4.0927077,
            5.4344431
          ],
          [
            -4.11747,
            5.4346996
          ],
          [
            -4.1200449,
            5.5655868
          ],
          [
            -4.1234351,
            5.5907441
          ],
          [
            -4.1097452,
            5.5925808
          ],
          [
            -4.0934373,
            5.5884804
          ],
          [
            -4.0644049,
            5.5902877
          ],
          [
            -4.0330125,
            5.5924099
          ],
          [
            -4.0113959,
            5.5965549
          ]
        ]
      },
      "id": "way/1431003914"
    },
    {
      "type": "Feature",
      "properties": {
        "@id": "way/1443564577",
        "@relations": [
          {
            "role": "",
            "rel": 19619226,
            "reltags": {
              "admin_level": "8",
              "boundary": "administrative",
              "fixme": "Préciser les limites officielles",
              "name": "Anyama",
              "note": "DECRET N° 2010-233 du 25 AOUT 2010"
            }
          },
          {
            "role": "",
            "rel": 19637347,
            "reltags": {
              "admin_level": "8",
              "boundary": "administrative",
              "fixme": "Préciser les limites officielles",
              "name": "Atchékoi",
              "note": "DECRET N° 2010-233 du 25 AOUT 2010"
            }
          }
        ]
      },
      "geometry": {
        "type": "LineString",
        "coordinates": [
          [
            -4.0113959,
            5.5965549
          ],
          [
            -4.0142155,
            5.5881814
          ],
          [
            -4.0094948,
            5.5816892
          ],
          [
            -4.0025855,
            5.581732
          ],
          [
            -4.0028859,
            5.565245
          ],
          [
            -3.9894105,
            5.5526872
          ],
          [
            -3.9932729,
            5.5398729
          ],
          [
            -3.9889813,
            5.5174044
          ],
          [
            -3.966322,
            5.5118512
          ]
        ]
      },
      "id": "way/1443564577"
    },
    {
      "type": "Feature",
      "properties": {
        "@id": "way/1431003915",
        "@relations": [
          {
            "role": "",
            "rel": 19619227,
            "reltags": {
              "admin_level": "8",
              "boundary": "administrative",
              "fixme": "Préciser les limites officielles",
              "name": "Akoupé-Zeudji",
              "note": "DECRET N° 2010-233 du 25 AOUT 2010"
            }
          }
        ]
      },
      "geometry": {
        "type": "LineString",
        "coordinates": [
          [
            -4.1692686,
            5.4886448
          ],
          [
            -4.1752768,
            5.5228294
          ],
          [
            -4.1785813,
            5.5655866
          ],
          [
            -4.1200449,
            5.5655868
          ],
          [
            -4.11747,
            5.4346996
          ],
          [
            -4.1140796,
            5.3881303
          ],
          [
            -4.169655,
            5.3865068
          ],
          [
            -4.1695476,
            5.4724222
          ],
          [
            -4.1692686,
            5.4886448
          ]
        ]
      },
      "id": "way/1431003915"
    },
    {
      "type": "Feature",
      "properties": {
        "@id": "node/243777009",
        "@relations": [
          {
            "role": "label",
            "rel": 3308306,
            "reltags": {
              "admin_level": "8",
              "boundary": "administrative",
              "name": "Le Plateau",
              "place": "suburb",
              "population": "137502",
              "type": "boundary",
              "wikidata": "Q960327",
              "wikipedia": "fr:Le Plateau"
            }
          }
        ]
      },
      "geometry": {
        "type": "Point",
        "coordinates": [
          -4.021246,
          5.328049
        ]
      },
      "id": "node/243777009"
    },
    {
      "type": "Feature",
      "properties": {
        "@id": "node/243777012",
        "@relations": [
          {
            "role": "label",
            "rel": 3363950,
            "reltags": {
              "admin_level": "8",
              "boundary": "administrative",
              "name": "Cocody",
              "place": "suburb",
              "population": "251000",
              "type": "boundary",
              "wikidata": "Q1105423",
              "wikipedia": "fr:Cocody"
            }
          }
        ]
      },
      "geometry": {
        "type": "Point",
        "coordinates": [
          -3.994934,
          5.357367
        ]
      },
      "id": "node/243777012"
    },
    {
      "type": "Feature",
      "properties": {
        "@id": "node/243777014",
        "@relations": [
          {
            "role": "label",
            "rel": 3377881,
            "reltags": {
              "admin_level": "8",
              "boundary": "administrative",
              "name": "Yopougon",
              "place": "suburb",
              "population": "1375020",
              "short_name": "Yop",
              "type": "boundary",
              "wikidata": "Q1470529",
              "wikipedia": "fr:Yopougon"
            }
          }
        ]
      },
      "geometry": {
        "type": "Point",
        "coordinates": [
          -4.075756,
          5.335194
        ]
      },
      "id": "node/243777014"
    },
    {
      "type": "Feature",
      "properties": {
        "@id": "node/244527828",
        "@relations": [
          {
            "role": "label",
            "rel": 3377835,
            "reltags": {
              "admin_level": "8",
              "boundary": "administrative",
              "name": "Adjamé",
              "place": "suburb",
              "population": "254290",
              "type": "boundary",
              "wikidata": "Q357695",
              "wikipedia": "fr:Adjamé"
            }
          }
        ]
      },
      "geometry": {
        "type": "Point",
        "coordinates": [
          -4.0222008,
          5.3531211
        ]
      },
      "id": "node/244527828"
    },
    {
      "type": "Feature",
      "properties": {
        "@id": "node/489212182",
        "@relations": [
          {
            "role": "label",
            "rel": 3377820,
            "reltags": {
              "admin_level": "8",
              "boundary": "administrative",
              "name": "Attécoubé",
              "place": "suburb",
              "population": "207586",
              "type": "boundary",
              "wikidata": "Q2870172",
              "wikipedia": "fr:Attécoubé"
            }
          }
        ]
      },
      "geometry": {
        "type": "Point",
        "coordinates": [
          -4.034076,
          5.3481717
        ]
      },
      "id": "node/489212182"
    },
    {
      "type": "Feature",
      "properties": {
        "@id": "node/489212186",
        "@relations": [
          {
            "role": "label",
            "rel": 3377741,
            "reltags": {
              "admin_level": "8",
              "boundary": "administrative",
              "name": "Koumassi",
              "place": "municipality",
              "population": "317562",
              "type": "boundary",
              "wikidata": "Q1283513",
              "wikipedia": "fr:Koumassi"
            }
          }
        ]
      },
      "geometry": {
        "type": "Point",
        "coordinates": [
          -3.9585801,
          5.2927045
        ]
      },
      "id": "node/489212186"
    },
    {
      "type": "Feature",
      "properties": {
        "@id": "node/489212197",
        "@relations": [
          {
            "role": "label",
            "rel": 3377873,
            "reltags": {
              "admin_level": "8",
              "alt_name": "Port-Bouët 1",
              "boundary": "administrative",
              "name": "Port-Bouët",
              "place": "suburb",
              "population": "137502",
              "type": "boundary",
              "wikidata": "Q1491106",
              "wikipedia": "fr:Port-Bouët"
            }
          }
        ]
      },
      "geometry": {
        "type": "Point",
        "coordinates": [
          -3.958626,
          5.256881
        ]
      },
      "id": "node/489212197"
    },
    {
      "type": "Feature",
      "properties": {
        "@id": "node/489212228",
        "@relations": [
          {
            "role": "label",
            "rel": 3377895,
            "reltags": {
              "admin_level": "8",
              "boundary": "administrative",
              "name": "Abobo",
              "name:ar": "أبوبو",
              "place": "suburb",
              "population": "1500000",
              "type": "boundary",
              "wikidata": "Q322624"
            }
          }
        ]
      },
      "geometry": {
        "type": "Point",
        "coordinates": [
          -4.0202247,
          5.4263155
        ]
      },
      "id": "node/489212228"
    },
    {
      "type": "Feature",
      "properties": {
        "@id": "node/846760113",
        "@relations": [
          {
            "role": "",
            "rel": 19619202,
            "reltags": {
              "admin_level": "8",
              "boundary": "administrative",
              "fixme": "Préciser les limites officielles",
              "name": "Dzeudji",
              "note": "DECRET N° 2010-233 du 25 AOUT 2010"
            }
          }
        ]
      },
      "geometry": {
        "type": "Point",
        "coordinates": [
          -3.853529,
          5.5961216
        ]
      },
      "id": "node/846760113"
    },
    {
      "type": "Feature",
      "properties": {
        "@id": "node/846760636",
        "@relations": [
          {
            "role": "",
            "rel": 19619210,
            "reltags": {
              "admin_level": "8",
              "boundary": "administrative",
              "fixme": "Préciser les limites officielles",
              "name": "Grand-Alépé",
              "note": "DECRET N° 2010-233 du 25 AOUT 2010"
            }
          }
        ]
      },
      "geometry": {
        "type": "Point",
        "coordinates": [
          -3.7631865,
          5.4754288
        ]
      },
      "id": "node/846760636"
    },
    {
      "type": "Feature",
      "properties": {
        "@id": "node/846761206",
        "@relations": [
          {
            "role": "",
            "rel": 19637347,
            "reltags": {
              "admin_level": "8",
              "boundary": "administrative",
              "fixme": "Préciser les limites officielles",
              "name": "Atchékoi",
              "note": "DECRET N° 2010-233 du 25 AOUT 2010"
            }
          }
        ]
      },
      "geometry": {
        "type": "Point",
        "coordinates": [
          -3.9663653,
          5.5375371
        ]
      },
      "id": "node/846761206"
    },
    {
      "type": "Feature",
      "properties": {
        "@id": "node/846762466",
        "@relations": [
          {
            "role": "",
            "rel": 19619218,
            "reltags": {
              "admin_level": "8",
              "boundary": "administrative",
              "fixme": "Préciser les limites officielles",
              "name": "Brofodoumé",
              "note": "DECRET N° 2010-233 du 25 AOUT 2010"
            }
          }
        ]
      },
      "geometry": {
        "type": "Point",
        "coordinates": [
          -3.9305097,
          5.5140414
        ]
      },
      "id": "node/846762466"
    },
    {
      "type": "Feature",
      "properties": {
        "@id": "node/846762798",
        "@relations": [
          {
            "role": "",
            "rel": 19619197,
            "reltags": {
              "admin_level": "8",
              "boundary": "administrative",
              "fixme": "Préciser les limites officielles",
              "name": "Akouré",
              "note": "DECRET N° 2010-233 du 25 AOUT 2010"
            }
          }
        ]
      },
      "geometry": {
        "type": "Point",
        "coordinates": [
          -3.7479983,
          5.3773412
        ]
      },
      "id": "node/846762798"
    },
    {
      "type": "Feature",
      "properties": {
        "@id": "node/1225859428",
        "@relations": [
          {
            "role": "",
            "rel": 19619226,
            "reltags": {
              "admin_level": "8",
              "boundary": "administrative",
              "fixme": "Préciser les limites officielles",
              "name": "Anyama",
              "note": "DECRET N° 2010-233 du 25 AOUT 2010"
            }
          }
        ]
      },
      "geometry": {
        "type": "Point",
        "coordinates": [
          -4.0512414,
          5.4960537
        ]
      },
      "id": "node/1225859428"
    },
    {
      "type": "Feature",
      "properties": {
        "@id": "node/1225951579",
        "@relations": [
          {
            "role": "",
            "rel": 19465792,
            "reltags": {
              "admin_level": "8",
              "boundary": "administrative",
              "name": "Commune de Jacqueville",
              "natural": "Décret n° 90-1594 du 12 décembre 1990"
            }
          }
        ]
      },
      "geometry": {
        "type": "Point",
        "coordinates": [
          -4.4195117,
          5.2076511
        ]
      },
      "id": "node/1225951579"
    },
    {
      "type": "Feature",
      "properties": {
        "@id": "node/1386814344",
        "@relations": [
          {
            "role": "",
            "rel": 19619227,
            "reltags": {
              "admin_level": "8",
              "boundary": "administrative",
              "fixme": "Préciser les limites officielles",
              "name": "Akoupé-Zeudji",
              "note": "DECRET N° 2010-233 du 25 AOUT 2010"
            }
          }
        ]
      },
      "geometry": {
        "type": "Point",
        "coordinates": [
          -4.1554385,
          5.4788682
        ]
      },
      "id": "node/1386814344"
    },
    {
      "type": "Feature",
      "properties": {
        "@id": "node/1593622307",
        "@relations": [
          {
            "role": "",
            "rel": 19449285,
            "reltags": {
              "admin_level": "8",
              "boundary": "administrative",
              "name": "Commune de Grand-Bassam",
              "note": "DECRET N° 80-1078 DU 19 SEPTEMBRE 1980"
            }
          },
          {
            "role": "",
            "rel": 19543651,
            "reltags": {
              "admin_level": "8",
              "boundary": "administrative",
              "fixme": "Préciser les limites officielles",
              "name": "Grand-Bassam",
              "note": "DECRET N° 2010-233 du 25 AOUT 2010"
            }
          }
        ]
      },
      "geometry": {
        "type": "Point",
        "coordinates": [
          -3.743226,
          5.212884
        ]
      },
      "id": "node/1593622307"
    },
    {
      "type": "Feature",
      "properties": {
        "@id": "node/1601215067",
        "@relations": [
          {
            "role": "",
            "rel": 19619220,
            "reltags": {
              "admin_level": "8",
              "boundary": "administrative",
              "fixme": "Préciser les limites officielles",
              "name": "Bingerville",
              "note": "DECRET N° 2010-233 du 25 AOUT 2010"
            }
          }
        ]
      },
      "geometry": {
        "type": "Point",
        "coordinates": [
          -3.8885591,
          5.3577727
        ]
      },
      "id": "node/1601215067"
    },
    {
      "type": "Feature",
      "properties": {
        "@id": "node/2082753726",
        "@relations": [
          {
            "role": "admin_centre",
            "rel": 3377873,
            "reltags": {
              "admin_level": "8",
              "alt_name": "Port-Bouët 1",
              "boundary": "administrative",
              "name": "Port-Bouët",
              "place": "suburb",
              "population": "137502",
              "type": "boundary",
              "wikidata": "Q1491106",
              "wikipedia": "fr:Port-Bouët"
            }
          }
        ]
      },
      "geometry": {
        "type": "Point",
        "coordinates": [
          -3.9652499,
          5.2590981
        ]
      },
      "id": "node/2082753726"
    },
    {
      "type": "Feature",
      "properties": {
        "@id": "node/2519977357",
        "@relations": [
          {
            "role": "label",
            "rel": 3308780,
            "reltags": {
              "admin_level": "8",
              "boundary": "administrative",
              "name": "Marcory",
              "place": "suburb",
              "population": "600000",
              "type": "boundary",
              "wikidata": "Q3290197",
              "wikipedia": "fr:Marcory"
            }
          }
        ]
      },
      "geometry": {
        "type": "Point",
        "coordinates": [
          -3.985395,
          5.303612
        ]
      },
      "id": "node/2519977357"
    },
    {
      "type": "Feature",
      "properties": {
        "@id": "node/2519977362",
        "@relations": [
          {
            "role": "label",
            "rel": 3308305,
            "reltags": {
              "admin_level": "8",
              "boundary": "administrative",
              "name": "Treichville",
              "name:ar": "تريشفيل",
              "place": "municipality",
              "population": "120526",
              "type": "boundary",
              "wikidata": "Q493643",
              "wikipedia": "fr:Treichville"
            }
          }
        ]
      },
      "geometry": {
        "type": "Point",
        "coordinates": [
          -4.0081051,
          5.306008
        ]
      },
      "id": "node/2519977362"
    },
    {
      "type": "Feature",
      "properties": {
        "@id": "node/2905034837",
        "@relations": [
          {
            "role": "",
            "rel": 19619214,
            "reltags": {
              "admin_level": "8",
              "boundary": "administrative",
              "fixme": "Préciser les limites officielles",
              "name": "Songon",
              "note": "DECRET N° 2010-233 du 25 AOUT 2010"
            }
          }
        ]
      },
      "geometry": {
        "type": "Point",
        "coordinates": [
          -4.2516692,
          5.3249036
        ]
      },
      "id": "node/2905034837"
    },
    {
      "type": "Feature",
      "properties": {
        "@id": "node/2916596911",
        "@relations": [
          {
            "role": "",
            "rel": 19591341,
            "reltags": {
              "admin_level": "8",
              "boundary": "administrative",
              "fixme": "Préciser les limites officielles",
              "name": "Guessiguié",
              "note": "DECRET N° 2010-233 du 25 AOUT 2010"
            }
          }
        ]
      },
      "geometry": {
        "type": "Point",
        "coordinates": [
          -4.235497,
          5.738526
        ]
      },
      "id": "node/2916596911"
    },
    {
      "type": "Feature",
      "properties": {
        "@id": "node/2982253950",
        "@relations": [
          {
            "role": "",
            "rel": 19619196,
            "reltags": {
              "admin_level": "8",
              "boundary": "administrative",
              "fixme": "Préciser les limites officielles",
              "name": "Andou-M'Batto",
              "note": "DECRET N° 2010-233 du 25 AOUT 2010"
            }
          }
        ]
      },
      "geometry": {
        "type": "Point",
        "coordinates": [
          -3.656998,
          5.404886
        ]
      },
      "id": "node/2982253950"
    },
    {
      "type": "Feature",
      "properties": {
        "@id": "node/2983245632",
        "@relations": [
          {
            "role": "",
            "rel": 19619225,
            "reltags": {
              "admin_level": "8",
              "boundary": "administrative",
              "fixme": "Préciser les limites officielles",
              "name": "Attinguié",
              "note": "DECRET N° 2010-233 du 25 AOUT 2010"
            }
          }
        ]
      },
      "geometry": {
        "type": "Point",
        "coordinates": [
          -4.185492,
          5.467386
        ]
      },
      "id": "node/2983245632"
    },
    {
      "type": "Feature",
      "properties": {
        "@id": "node/2983246151",
        "@relations": [
          {
            "role": "",
            "rel": 19619224,
            "reltags": {
              "admin_level": "8",
              "boundary": "administrative",
              "fixme": "Préciser les limites officielles",
              "name": "M'Bonoua",
              "note": "DECRET N° 2010-233 du 25 AOUT 2010"
            }
          }
        ]
      },
      "geometry": {
        "type": "Point",
        "coordinates": [
          -4.229478,
          5.551846
        ]
      },
      "id": "node/2983246151"
    },
    {
      "type": "Feature",
      "properties": {
        "@id": "node/2983246154",
        "@relations": [
          {
            "role": "",
            "rel": 19619223,
            "reltags": {
              "admin_level": "8",
              "boundary": "administrative",
              "fixme": "Préciser les limites officielles",
              "name": "M'Pody",
              "note": "DECRET N° 2010-233 du 25 AOUT 2010"
            }
          }
        ]
      },
      "geometry": {
        "type": "Point",
        "coordinates": [
          -4.227169,
          5.577578
        ]
      },
      "id": "node/2983246154"
    },
    {
      "type": "Feature",
      "properties": {
        "@id": "node/2987667094",
        "@relations": [
          {
            "role": "",
            "rel": 19619158,
            "reltags": {
              "admin_level": "8",
              "boundary": "administrative",
              "fixme": "Préciser les limites officielles",
              "name": "Sassako-Bégnini",
              "note": "DECRET N° 2010-233 du 25 AOUT 2010"
            }
          }
        ]
      },
      "geometry": {
        "type": "Point",
        "coordinates": [
          -4.277362,
          5.216453
        ]
      },
      "id": "node/2987667094"
    },
    {
      "type": "Feature",
      "properties": {
        "@id": "node/4783213431",
        "@relations": [
          {
            "role": "admin_centre",
            "rel": 3308305,
            "reltags": {
              "admin_level": "8",
              "boundary": "administrative",
              "name": "Treichville",
              "name:ar": "تريشفيل",
              "place": "municipality",
              "population": "120526",
              "type": "boundary",
              "wikidata": "Q493643",
              "wikipedia": "fr:Treichville"
            }
          }
        ]
      },
      "geometry": {
        "type": "Point",
        "coordinates": [
          -4.0128891,
          5.3102135
        ]
      },
      "id": "node/4783213431"
    },
    {
      "type": "Feature",
      "properties": {
        "@id": "node/4787169222",
        "@relations": [
          {
            "role": "admin_centre",
            "rel": 3308306,
            "reltags": {
              "admin_level": "8",
              "boundary": "administrative",
              "name": "Le Plateau",
              "place": "suburb",
              "population": "137502",
              "type": "boundary",
              "wikidata": "Q960327",
              "wikipedia": "fr:Le Plateau"
            }
          }
        ]
      },
      "geometry": {
        "type": "Point",
        "coordinates": [
          -4.0241128,
          5.3239287
        ]
      },
      "id": "node/4787169222"
    },
    {
      "type": "Feature",
      "properties": {
        "@id": "node/4783189523",
        "@relations": [
          {
            "role": "admin_centre",
            "rel": 3308780,
            "reltags": {
              "admin_level": "8",
              "boundary": "administrative",
              "name": "Marcory",
              "place": "suburb",
              "population": "600000",
              "type": "boundary",
              "wikidata": "Q3290197",
              "wikipedia": "fr:Marcory"
            }
          }
        ]
      },
      "geometry": {
        "type": "Point",
        "coordinates": [
          -3.9898458,
          5.2905538
        ]
      },
      "id": "node/4783189523"
    },
    {
      "type": "Feature",
      "properties": {
        "@id": "node/4787169221",
        "@relations": [
          {
            "role": "admin_centre",
            "rel": 3363950,
            "reltags": {
              "admin_level": "8",
              "boundary": "administrative",
              "name": "Cocody",
              "place": "suburb",
              "population": "251000",
              "type": "boundary",
              "wikidata": "Q1105423",
              "wikipedia": "fr:Cocody"
            }
          }
        ]
      },
      "geometry": {
        "type": "Point",
        "coordinates": [
          -4.0038353,
          5.3327578
        ]
      },
      "id": "node/4787169221"
    },
    {
      "type": "Feature",
      "properties": {
        "@id": "node/13116619718",
        "@relations": [
          {
            "role": "",
            "rel": 19591341,
            "reltags": {
              "admin_level": "8",
              "boundary": "administrative",
              "fixme": "Préciser les limites officielles",
              "name": "Guessiguié",
              "note": "DECRET N° 2010-233 du 25 AOUT 2010"
            }
          }
        ]
      },
      "geometry": {
        "type": "Point",
        "coordinates": [
          -4.2307774,
          5.7270561
        ]
      },
      "id": "node/13116619718"
    },
    {
      "type": "Feature",
      "properties": {
        "@id": "node/8308142661",
        "@relations": [
          {
            "role": "",
            "rel": 19619163,
            "reltags": {
              "admin_level": "8",
              "boundary": "administrative",
              "fixme": "Préciser les limites officielles",
              "name": "Taboth",
              "note": "DECRET N° 2010-233 du 25 AOUT 2010"
            }
          }
        ]
      },
      "geometry": {
        "type": "Point",
        "coordinates": [
          -4.3291411,
          5.2591582
        ]
      },
      "id": "node/8308142661"
    },
    {
      "type": "Feature",
      "properties": {
        "@id": "node/12772710334",
        "@relations": [
          {
            "role": "",
            "rel": 19619215,
            "reltags": {
              "admin_level": "8",
              "boundary": "administrative",
              "fixme": "Préciser les limites officielles",
              "name": "Kossihouen",
              "note": "DECRET N° 2010-233 du 25 AOUT 2010"
            }
          }
        ]
      },
      "geometry": {
        "type": "Point",
        "coordinates": [
          -4.2922904,
          5.522396
        ]
      },
      "id": "node/12772710334"
    },
    {
      "type": "Feature",
      "properties": {
        "@id": "node/5819972110",
        "@relations": [
          {
            "role": "",
            "rel": 19619221,
            "reltags": {
              "admin_level": "8",
              "boundary": "administrative",
              "fixme": "Préciser les limites officielles",
              "name": "Eloka",
              "note": "DECRET N° 2010-233 du 25 AOUT 2010"
            }
          }
        ]
      },
      "geometry": {
        "type": "Point",
        "coordinates": [
          -3.7456175,
          5.2982985
        ]
      },
      "id": "node/5819972110"
    }
  ]
}