{"type": "FeatureCollection", "features": [{"type": "Feature", "properties": {"stop_id": "RTM-00001532", "stop_name": "3 Frères Barthélemy", "main_mode": "bus", "modes": ["bus"]}, "geometry": {"type": "Point", "coordinates": [5.385872, 43.29314]}}, {"type": "Feature", "properties": {"stop_id": "RTM-00000154", "stop_name": "4 Chemins des Aygalades", "main_mode": "bus", "modes": ["bus"]}, "geometry": {"type": "Point", "coordinates": [5.366183, 43.3467]}}, {"type": "Feature", "properties": {"stop_id": "RTM-00000182", "stop_name": "4 Chemins des Aygalades", "main_mode": "bus", "modes": ["bus"]}, "geometry": {"type": "Point", "coordinates": [5.366084, 43.345998]}}, {"type": "Feature", "properties": {"stop_id": "RTM-00000992", "stop_name": "4 Chemins des Aygalades", "main_mode": "bus", "modes": ["bus"]}, "geometry": {"type": "Point", "coordinates": [5.365527, 43.346393]}}, {"type": "Feature", "properties": {"stop_id": "RTM-00000999", "stop_name": "4 Chemins des Aygalades", "main_mode": "bus", "modes": ["bus"]}, "geometry": {"type": "Point", "coordinates": [5.365732, 43.346226]}}, {"type": "Feature", "properties": {"stop_id": "RTM-00000212", "stop_name": "5 Avenues Burel", "main_mode": "bus", "modes": ["bus"]}, "geometry": {"type": "Point", "coordinates": [5.39009232, 43.31757281]}}, {"type": "Feature", "properties": {"stop_id": "RTM-00000217", "stop_name": "5 Avenues Burel", "main_mode": "bus", "modes": ["bus"]}, "geometry": {"type": "Point", "coordinates": [5.389619, 43.317198]}}, {"type": "Feature", "properties": {"stop_id": "RTM-00001022", "stop_name": "5 Avenues Burel", "main_mode": "bus", "modes": ["bus"]}, "geometry": {"type": "Point", "coordinates": [5.390096, 43.317125]}}, {"type": "Feature", "properties": {"stop_id": "RTM-00001056", "stop_name": "5 Avenues Burel", "main_mode": "bus", "modes": ["bus"]}, "geometry": {"type": "Point", "coordinates": [5.389552, 43.317075]}}, {"type": "Feature", "properties": {"stop_id": "RTM-00001099", "stop_name": "5 Avenues Chartreux", "main_mode": "bus", "modes": ["bus"]}, "geometry": {"type": "Point", "coordinates": [5.397563, 43.30328]}}, {"type": "Feature", "properties": {"stop_id": "RTM-00001218", "stop_name": "AFPA La Treille", "main_mode": "bus", "modes": ["bus"]}, "geometry": {"type": "Point", "coordinates": [5.509729, 43.308107]}}, {"type": "Feature", "properties": {"stop_id": "RTM-00001220", "stop_name": "AFPA La Treille", "main_mode": "bus", "modes": ["bus"]}, "geometry": {"type": "Point", "coordinates": [5.509507, 43.30806]}}, {"type": "Feature", "properties": {"stop_id": "RTM-00001956", "stop_name": "Aiguier CNRS", "main_mode": "bus", "modes": ["bus"]}, "geometry": {"type": "Point", "coordinates": [5.40534, 43.255968]}}, {"type": "Feature", "properties": {"stop_id": "RTM-00001970", "stop_name": "Aiguier CNRS", "main_mode": "bus", "modes": ["bus"]}, "geometry": {"type": "Point", "coordinates": [5.405153, 43.256227]}}, {"type": "Feature", "properties": {"stop_id": "RTM-00002000", "stop_name": "Aiguier CPCAM", "main_mode": "bus", "modes": ["bus"]}, "geometry": {"type": "Point", "coordinates": [5.413757, 43.250819]}}, {"type": "Feature", "properties": {"stop_id": "RTM-00002006", "stop_name": "Aiguier CPCAM", "main_mode": "bus", "modes": ["bus"]}, "geometry": {"type": "Point", "coordinates": [5.41409, 43.25089]}}, {"type": "Feature", "properties": {"stop_id": "RTM-00001998", "stop_name": "Aiguier St Jacques", "main_mode": "bus", "modes": ["bus"]}, "geometry": {"type": "Point", "coordinates": [5.409037, 43.252924]}}, {"type": "Feature", "properties": {"stop_id": "RTM-00002008", "stop_name": "Aiguier St Jacques", "main_mode": "bus", "modes": ["bus"]}, "geometry": {"type": "Point", "coordinates": [5.408596, 43.253511]}}, {"type": "Feature", "properties": {"stop_id": "RTM-00001954", "stop_name": "Aiguier Trioulet", "main_mode": "bus", "modes": ["bus"]}, "geometry": {"type": "Point", "coordinates": [5.40249, 43.259404]}}, {"type": "Feature", "properties": {"stop_id": "RTM-00001972", "stop_name": "Aiguier Trioulet", "main_mode": "bus", "modes": ["bus"]}, "geometry": {"type": "Point", "coordinates": [5.40296, 43.258962]}}, {"type": "Feature", "properties": {"stop_id": "RTM-00003236", "stop_name": "Air Bel", "main_mode": "tram", "modes": ["tram"]}, "geometry": {"type": "Point", "coordinates": [5.429054, 43.294265]}}, {"type": "Feature", "properties": {"stop_id": "RTM-00003251", "stop_name": "Air Bel", "main_mode": "tram", "modes": ["tram"]}, "geometry": {"type": "Point", "coordinates": [5.429061, 43.294348]}}, {"type": "Feature", "properties": {"stop_id": "RTM-00004430", "stop_name": "Allar", "main_mode": "bus", "modes": ["bus"]}, "geometry": {"type": "Point", "coordinates": [5.36505103, 43.32456889]}}, {"type": "Feature", "properties": {"stop_id": "RTM-00004652", "stop_name": "Allar", "main_mode": "bus", "modes": ["bus"]}, "geometry": {"type": "Point", "coordinates": [5.36491647, 43.32464234]}}, {"type": "Feature", "properties": {"stop_id": "RTM-00001164", "stop_name": "Allard Mireille Lauze", "main_mode": "bus", "modes": ["bus"]}, "geometry": {"type": "Point", "coordinates": [5.438519, 43.289322]}}, {"type": "Feature", "properties": {"stop_id": "RTM-00004546", "stop_name": "Allauch Côtes Rôties", "main_mode": "bus", "modes": ["bus"]}, "geometry": {"type": "Point", "coordinates": [5.48753078, 43.35984004]}}, {"type": "Feature", "properties": {"stop_id": "RTM-00002420", "stop_name": "Allauch La Fève", "main_mode": "bus", "modes": ["bus"]}, "geometry": {"type": "Point", "coordinates": [5.496278, 43.363811]}}, {"type": "Feature", "properties": {"stop_id": "RTM-00002185", "stop_name": "Allauch Village", "main_mode": "bus", "modes": ["bus"]}, "geometry": {"type": "Point", "coordinates": [5.48332822, 43.33702368]}}, {"type": "Feature", "properties": {"stop_id": "RTM-00004692", "stop_name": "Allauch Village", "main_mode": "bus", "modes": ["bus"]}, "geometry": {"type": "Point", "coordinates": [5.48313991, 43.33712903]}}, {"type": "Feature", "properties": {"stop_id": "RTM-00001896", "stop_name": "Allée des Pins", "main_mode": "bus", "modes": ["bus"]}, "geometry": {"type": "Point", "coordinates": [5.420425, 43.254547]}}, {"type": "Feature", "properties": {"stop_id": "RTM-00001905", "stop_name": "Allée des Pins", "main_mode": "bus", "modes": ["bus"]}, "geometry": {"type": "Point", "coordinates": [5.420715, 43.254485]}}, {"type": "Feature", "properties": {"stop_id": "RTM-00002720", "stop_name": "Alpes Cauvin", "main_mode": "bus", "modes": ["bus"]}, "geometry": {"type": "Point", "coordinates": [5.416232, 43.298736]}}, {"type": "Feature", "properties": {"stop_id": "RTM-00002726", "stop_name": "Alpes Cauvin", "main_mode": "bus", "modes": ["bus"]}, "geometry": {"type": "Point", "coordinates": [5.416046, 43.298719]}}, {"type": "Feature", "properties": {"stop_id": "RTM-00002721", "stop_name": "Alpes Leman", "main_mode": "bus", "modes": ["bus"]}, "geometry": {"type": "Point", "coordinates": [5.41525662, 43.30037248]}}, {"type": "Feature", "properties": {"stop_id": "RTM-00002725", "stop_name": "Alpes Leman", "main_mode": "bus", "modes": ["bus"]}, "geometry": {"type": "Point", "coordinates": [5.415181, 43.29997]}}, {"type": "Feature", "properties": {"stop_id": "RTM-00002724", "stop_name": "Alpes Merle", "main_mode": "bus", "modes": ["bus"]}, "geometry": {"type": "Point", "coordinates": [5.415029, 43.30131]}}, {"type": "Feature", "properties": {"stop_id": "RTM-00003741", "stop_name": "Alpes Merle", "main_mode": "bus", "modes": ["bus"]}, "geometry": {"type": "Point", "coordinates": [5.41500846, 43.30224826]}}, {"type": "Feature", "properties": {"stop_id": "RTM-00001427", "stop_name": "Amédée Autran", "main_mode": "bus", "modes": ["bus"]}, "geometry": {"type": "Point", "coordinates": [5.367535, 43.282099]}}, {"type": "Feature", "properties": {"stop_id": "RTM-00001435", "stop_name": "Amédée Autran", "main_mode": "bus", "modes": ["bus"]}, "geometry": {"type": "Point", "coordinates": [5.367698, 43.282104]}}, {"type": "Feature", "properties": {"stop_id": "RTM-00003498", "stop_name": "Ansaldi La Javie", "main_mode": "bus", "modes": ["bus"]}, "geometry": {"type": "Point", "coordinates": [5.399639, 43.335467]}}, {"type": "Feature", "properties": {"stop_id": "RTM-00001890", "stop_name": "Antide Boyer", "main_mode": "bus", "modes": ["bus"]}, "geometry": {"type": "Point", "coordinates": [5.408822, 43.265329]}}, {"type": "Feature", "properties": {"stop_id": "RTM-00001911", "stop_name": "Antide Boyer", "main_mode": "bus", "modes": ["bus"]}, "geometry": {"type": "Point", "coordinates": [5.408995, 43.26526]}}, {"type": "Feature", "properties": {"stop_id": "RTM-00003699", "stop_name": "Archives Municipales", "main_mode": "bus", "modes": ["bus"]}, "geometry": {"type": "Point", "coordinates": [5.387063, 43.308919]}}, {"type": "Feature", "properties": {"stop_id": "RTM-00003610", "stop_name": "Arenc Euroméditerranée", "main_mode": "bus", "modes": ["bus"]}, "geometry": {"type": "Point", "coordinates": [5.36835014, 43.31306201]}}, {"type": "Feature", "properties": {"stop_id": "RTM-00004619", "stop_name": "Arenc Euroméditerranée", "main_mode": "bus", "modes": ["bus"]}, "geometry": {"type": "Point", "coordinates": [5.36784473, 43.3139588]}}, {"type": "Feature", "properties": {"stop_id": "RTM-00004622", "stop_name": "Arenc Euroméditerranée", "main_mode": "bus", "modes": ["bus"]}, "geometry": {"type": "Point", "coordinates": [5.368575, 43.312681]}}, {"type": "Feature", "properties": {"stop_id": "RTM-00003554", "stop_name": "Arenc Le Silo", "main_mode": "tram", "modes": ["tram"]}, "geometry": {"type": "Point", "coordinates": [5.368079, 43.313317]}}, {"type": "Feature", "properties": {"stop_id": "RTM-00003556", "stop_name": "Arenc Le Silo", "main_mode": "tram", "modes": ["tram"]}, "geometry": {"type": "Point", "coordinates": [5.368208, 43.313315]}}, {"type": "Feature", "properties": {"stop_id": "RTM-00003795", "stop_name": "Arenc Mirabeau", "main_mode": "bus", "modes": ["bus"]}, "geometry": {"type": "Point", "coordinates": [5.3665477, 43.312992]}}, {"type": "Feature", "properties": {"stop_id": "RTM-00004139", "stop_name": "Arenc Mirabeau", "main_mode": "bus", "modes": ["bus"]}, "geometry": {"type": "Point", "coordinates": [5.36622182, 43.31285246]}}, {"type": "Feature", "properties": {"stop_id": "RTM-00004306", "stop_name": "Aristarché", "main_mode": "bus", "modes": ["bus"]}, "geometry": {"type": "Point", "coordinates": [5.35163462, 43.36168593]}}, {"type": "Feature", "properties": {"stop_id": "RTM-00004310", "stop_name": "Aristarché", "main_mode": "bus", "modes": ["bus"]}, "geometry": {"type": "Point", "coordinates": [5.35176605, 43.36146459]}}, {"type": "Feature", "properties": {"stop_id": "RTM-00000544", "stop_name": "Arnavaux Jaurès", "main_mode": "bus", "modes": ["bus"]}, "geometry": {"type": "Point", "coordinates": [5.380561, 43.332597]}}, {"type": "Feature", "properties": {"stop_id": "RTM-00000545", "stop_name": "Arnavaux Tisseron", "main_mode": "bus", "modes": ["bus"]}, "geometry": {"type": "Point", "coordinates": [5.378887, 43.332858]}}, {"type": "Feature", "properties": {"stop_id": "RTM-00004710", "stop_name": "Arnavon Calvet", "main_mode": "bus", "modes": ["bus"]}, "geometry": {"type": "Point", "coordinates": [5.38467346, 43.32992913]}}, {"type": "Feature", "properties": {"stop_id": "RTM-00004731", "stop_name": "Arnavon Calvet", "main_mode": "bus", "modes": ["bus"]}, "geometry": {"type": "Point", "coordinates": [5.38378047, 43.32993153]}}, {"type": "Feature", "properties": {"stop_id": "RTM-00004709", "stop_name": "Arnavon Muret", "main_mode": "bus", "modes": ["bus"]}, "geometry": {"type": "Point", "coordinates": [5.38064847, 43.33036914]}}, {"type": "Feature", "properties": {"stop_id": "RTM-00004732", "stop_name": "Arnavon Muret", "main_mode": "bus", "modes": ["bus"]}, "geometry": {"type": "Point", "coordinates": [5.38019708, 43.33066162]}}, {"type": "Feature", "properties": {"stop_id": "RTM-00001465", "stop_name": "Ascenseur", "main_mode": "bus", "modes": ["bus"]}, "geometry": {"type": "Point", "coordinates": [5.37222, 43.285567]}}, {"type": "Feature", "properties": {"stop_id": "RTM-00001952", "stop_name": "Aubert Coin Joli", "main_mode": "bus", "modes": ["bus"]}, "geometry": {"type": "Point", "coordinates": [5.40431187, 43.26356272]}}, {"type": "Feature", "properties": {"stop_id": "RTM-00001974", "stop_name": "Aubert Coin Joli", "main_mode": "bus", "modes": ["bus"]}, "geometry": {"type": "Point", "coordinates": [5.40471025, 43.2631015]}}, {"type": "Feature", "properties": {"stop_id": "RTM-00001951", "stop_name": "Aubert Ganay", "main_mode": "bus", "modes": ["bus"]}, "geometry": {"type": "Point", "coordinates": [5.40339539, 43.26565164]}}, {"type": "Feature", "properties": {"stop_id": "RTM-00001975", "stop_name": "Aubert Ganay", "main_mode": "bus", "modes": ["bus"]}, "geometry": {"type": "Point", "coordinates": [5.40314258, 43.26631664]}}, {"type": "Feature", "properties": {"stop_id": "RTM-00004354", "stop_name": "Audisio Santa Cruz", "main_mode": "bus", "modes": ["bus"]}, "geometry": {"type": "Point", "coordinates": [5.405634, 43.342386]}}, {"type": "Feature", "properties": {"stop_id": "RTM-00004359", "stop_name": "Audisio Santa Cruz", "main_mode": "bus", "modes": ["bus"]}, "geometry": {"type": "Point", "coordinates": [5.405665, 43.342329]}}, {"type": "Feature", "properties": {"stop_id": "RTM-00004355", "stop_name": "Audisio Valmalète", "main_mode": "bus", "modes": ["bus"]}, "geometry": {"type": "Point", "coordinates": [5.40191, 43.342346]}}, {"type": "Feature", "properties": {"stop_id": "RTM-00004358", "stop_name": "Audisio Valmalète", "main_mode": "bus", "modes": ["bus"]}, "geometry": {"type": "Point", "coordinates": [5.402405, 43.342174]}}, {"type": "Feature", "properties": {"stop_id": "RTM-00000529", "stop_name": "Auphan Félix Pyat", "main_mode": "bus", "modes": ["bus"]}, "geometry": {"type": "Point", "coordinates": [5.375036, 43.316668]}}, {"type": "Feature", "properties": {"stop_id": "RTM-00000560", "stop_name": "Auphan Félix Pyat", "main_mode": "bus", "modes": ["bus"]}, "geometry": {"type": "Point", "coordinates": [5.374425, 43.316683]}}, {"type": "Feature", "properties": {"stop_id": "RTM-00000530", "stop_name": "Auphan Vaillant", "main_mode": "bus", "modes": ["bus"]}, "geometry": {"type": "Point", "coordinates": [5.37724319, 43.31696704]}}, {"type": "Feature", "properties": {"stop_id": "RTM-00000559", "stop_name": "Auphan Vaillant", "main_mode": "bus", "modes": ["bus"]}, "geometry": {"type": "Point", "coordinates": [5.377068, 43.317061]}}, {"type": "Feature", "properties": {"stop_id": "RTM-00000157", "stop_name": "Aygalades Village", "main_mode": "bus", "modes": ["bus"]}, "geometry": {"type": "Point", "coordinates": [5.367216, 43.353336]}}, {"type": "Feature", "properties": {"stop_id": "RTM-00000179", "stop_name": "Aygalades Village", "main_mode": "bus", "modes": ["bus"]}, "geometry": {"type": "Point", "coordinates": [5.366689, 43.353412]}}, {"type": "Feature", "properties": {"stop_id": "RTM-00002302", "stop_name": "Baille", "main_mode": "metro", "modes": ["metro"]}, "geometry": {"type": "Point", "coordinates": [5.3920085, 43.288089]}}, {"type": "Feature", "properties": {"stop_id": "RTM-00002468", "stop_name": "Baille", "main_mode": "metro", "modes": ["metro"]}, "geometry": {"type": "Point", "coordinates": [5.3919765, 43.2881685]}}, {"type": "Feature", "properties": {"stop_id": "RTM-00003956", "stop_name": "Baille Castellane", "main_mode": "bus", "modes": ["bus"]}, "geometry": {"type": "Point", "coordinates": [5.384982, 43.286376]}}, {"type": "Feature", "properties": {"stop_id": "RTM-00001228", "stop_name": "Baille Hôpital Conception", "main_mode": "bus", "modes": ["bus"]}, "geometry": {"type": "Point", "coordinates": [5.397094, 43.289427]}}, {"type": "Feature", "properties": {"stop_id": "RTM-00001255", "stop_name": "Baille Hôpital Conception", "main_mode": "bus", "modes": ["bus"]}, "geometry": {"type": "Point", "coordinates": [5.396354, 43.289419]}}, {"type": "Feature", "properties": {"stop_id": "RTM-00001407", "stop_name": "Baille Lieutaud", "main_mode": "bus", "modes": ["bus"]}, "geometry": {"type": "Point", "coordinates": [5.38628937, 43.28657912]}}, {"type": "Feature", "properties": {"stop_id": "RTM-00001226", "stop_name": "Baille Lodi", "main_mode": "bus", "modes": ["bus"]}, "geometry": {"type": "Point", "coordinates": [5.389754, 43.287442]}}, {"type": "Feature", "properties": {"stop_id": "RTM-00001257", "stop_name": "Baille Lodi", "main_mode": "bus", "modes": ["bus"]}, "geometry": {"type": "Point", "coordinates": [5.389617, 43.287585]}}, {"type": "Feature", "properties": {"stop_id": "RTM-00001229", "stop_name": "Baille Nègre", "main_mode": "bus", "modes": ["bus"]}, "geometry": {"type": "Point", "coordinates": [5.39918019, 43.28999644]}}, {"type": "Feature", "properties": {"stop_id": "RTM-00001254", "stop_name": "Baille Nègre", "main_mode": "bus", "modes": ["bus"]}, "geometry": {"type": "Point", "coordinates": [5.398354, 43.289952]}}, {"type": "Feature", "properties": {"stop_id": "RTM-00001227", "stop_name": "Baille Vertus", "main_mode": "bus", "modes": ["bus"]}, "geometry": {"type": "Point", "coordinates": [5.39328, 43.288391]}}, {"type": "Feature", "properties": {"stop_id": "RTM-00001256", "stop_name": "Baille Vertus", "main_mode": "bus", "modes": ["bus"]}, "geometry": {"type": "Point", "coordinates": [5.393392, 43.288595]}}, {"type": "Feature", "properties": {"stop_id": "RTM-00001385", "stop_name": "Bancal Barasse", "main_mode": "bus", "modes": ["bus"]}, "geometry": {"type": "Point", "coordinates": [5.479529, 43.286116]}}, {"type": "Feature", "properties": {"stop_id": "RTM-00002125", "stop_name": "Bancal Barasse", "main_mode": "bus", "modes": ["bus"]}, "geometry": {"type": "Point", "coordinates": [5.479792, 43.286091]}}, {"type": "Feature", "properties": {"stop_id": "RTM-00002147", "stop_name": "Bar 1900", "main_mode": "bus", "modes": ["bus"]}, "geometry": {"type": "Point", "coordinates": [5.452728, 43.337385]}}, {"type": "Feature", "properties": {"stop_id": "RTM-00002204", "stop_name": "Bar 1900", "main_mode": "bus", "modes": ["bus"]}, "geometry": {"type": "Point", "coordinates": [5.45256327, 43.337367]}}, {"type": "Feature", "properties": {"stop_id": "RTM-00000722", "stop_name": "Bara Bessons", "main_mode": "bus", "modes": ["bus"]}, "geometry": {"type": "Point", "coordinates": [5.447855, 43.347827]}}, {"type": "Feature", "properties": {"stop_id": "RTM-00000724", "stop_name": "Bara Bessons", "main_mode": "bus", "modes": ["bus"]}, "geometry": {"type": "Point", "coordinates": [5.44807, 43.347863]}}, {"type": "Feature", "properties": {"stop_id": "RTM-00004661", "stop_name": "Bara Einstein", "main_mode": "bus", "modes": ["bus"]}, "geometry": {"type": "Point", "coordinates": [5.45077192, 43.34696893]}}, {"type": "Feature", "properties": {"stop_id": "RTM-00004669", "stop_name": "Bara Einstein", "main_mode": "bus", "modes": ["bus"]}, "geometry": {"type": "Point", "coordinates": [5.45080954, 43.34705811]}}, {"type": "Feature", "properties": {"stop_id": "RTM-00000721", "stop_name": "Bara La Croix", "main_mode": "bus", "modes": ["bus"]}, "geometry": {"type": "Point", "coordinates": [5.443665, 43.349824]}}, {"type": "Feature", "properties": {"stop_id": "RTM-00000725", "stop_name": "Bara La Croix", "main_mode": "bus", "modes": ["bus"]}, "geometry": {"type": "Point", "coordinates": [5.443951, 43.349709]}}, {"type": "Feature", "properties": {"stop_id": "RTM-00000720", "stop_name": "Bara Prats", "main_mode": "bus", "modes": ["bus"]}, "geometry": {"type": "Point", "coordinates": [5.441364, 43.351158]}}, {"type": "Feature", "properties": {"stop_id": "RTM-00000726", "stop_name": "Bara Prats", "main_mode": "bus", "modes": ["bus"]}, "geometry": {"type": "Point", "coordinates": [5.441135, 43.351315]}}, {"type": "Feature", "properties": {"stop_id": "RTM-00003874", "stop_name": "Bara Val de Gray", "main_mode": "bus", "modes": ["bus"]}, "geometry": {"type": "Point", "coordinates": [5.445017, 43.349028]}}, {"type": "Feature", "properties": {"stop_id": "RTM-00003875", "stop_name": "Bara Val de Gray", "main_mode": "bus", "modes": ["bus"]}, "geometry": {"type": "Point", "coordinates": [5.44500929, 43.34891167]}}, {"type": "Feature", "properties": {"stop_id": "RTM-00001327", "stop_name": "Barasse Beau Site", "main_mode": "bus", "modes": ["bus"]}, "geometry": {"type": "Point", "coordinates": [5.473901, 43.286238]}}, {"type": "Feature", "properties": {"stop_id": "RTM-00001374", "stop_name": "Barasse Beau Site", "main_mode": "bus", "modes": ["bus"]}, "geometry": {"type": "Point", "coordinates": [5.472988, 43.286315]}}, {"type": "Feature", "properties": {"stop_id": "RTM-00001373", "stop_name": "Barasse Chouquet", "main_mode": "bus", "modes": ["bus"]}, "geometry": {"type": "Point", "coordinates": [5.475968, 43.286314]}}, {"type": "Feature", "properties": {"stop_id": "RTM-00003531", "stop_name": "Barbini Belle Vue", "main_mode": "bus", "modes": ["bus"]}, "geometry": {"type": "Point", "coordinates": [5.38100643, 43.31391469]}}, {"type": "Feature", "properties": {"stop_id": "RTM-00003532", "stop_name": "Barbini Loubon", "main_mode": "bus", "modes": ["bus"]}, "geometry": {"type": "Point", "coordinates": [5.382716, 43.313061]}}, {"type": "Feature", "properties": {"stop_id": "RTM-00000419", "stop_name": "Barbusse Colbert", "main_mode": "bus", "modes": ["bus"]}, "geometry": {"type": "Point", "coordinates": [5.37416106, 43.29842459]}}, {"type": "Feature", "properties": {"stop_id": "RTM-00003053", "stop_name": "Barbusse Colbert", "main_mode": "bus", "modes": ["bus"]}, "geometry": {"type": "Point", "coordinates": [5.374036, 43.298149]}}, {"type": "Feature", "properties": {"stop_id": "RTM-00000731", "stop_name": "Barielle", "main_mode": "bus", "modes": ["bus"]}, "geometry": {"type": "Point", "coordinates": [5.432339, 43.33761]}}, {"type": "Feature", "properties": {"stop_id": "RTM-00000738", "stop_name": "Barielle", "main_mode": "bus", "modes": ["bus"]}, "geometry": {"type": "Point", "coordinates": [5.43230055, 43.33735584]}}, {"type": "Feature", "properties": {"stop_id": "RTM-00001848", "stop_name": "Barquière Martheline", "main_mode": "bus", "modes": ["bus"]}, "geometry": {"type": "Point", "coordinates": [5.398606, 43.246072]}}, {"type": "Feature", "properties": {"stop_id": "RTM-00001875", "stop_name": "Barquière Martheline", "main_mode": "bus", "modes": ["bus"]}, "geometry": {"type": "Point", "coordinates": [5.398837, 43.246126]}}, {"type": "Feature", "properties": {"stop_id": "RTM-00000959", "stop_name": "Bastide Basse", "main_mode": "bus", "modes": ["bus"]}, "geometry": {"type": "Point", "coordinates": [5.439746, 43.299256]}}, {"type": "Feature", "properties": {"stop_id": "RTM-00000964", "stop_name": "Bastide Basse", "main_mode": "bus", "modes": ["bus"]}, "geometry": {"type": "Point", "coordinates": [5.439954, 43.299498]}}, {"type": "Feature", "properties": {"stop_id": "RTM-00000960", "stop_name": "Bastide Cazaulx", "main_mode": "bus", "modes": ["bus"]}, "geometry": {"type": "Point", "coordinates": [5.440513, 43.297755]}}, {"type": "Feature", "properties": {"stop_id": "RTM-00000963", "stop_name": "Bastide Cazaulx", "main_mode": "bus", "modes": ["bus"]}, "geometry": {"type": "Point", "coordinates": [5.440259, 43.298324]}}, {"type": "Feature", "properties": {"stop_id": "RTM-00000943", "stop_name": "Bastide St Jean", "main_mode": "bus", "modes": ["bus"]}, "geometry": {"type": "Point", "coordinates": [5.421511, 43.298942]}}, {"type": "Feature", "properties": {"stop_id": "RTM-00001810", "stop_name": "Baumettes Beauvallon", "main_mode": "bus", "modes": ["bus"]}, "geometry": {"type": "Point", "coordinates": [5.412501, 43.233058]}}, {"type": "Feature", "properties": {"stop_id": "RTM-00001811", "stop_name": "Baumettes Rimbaud", "main_mode": "bus", "modes": ["bus"]}, "geometry": {"type": "Point", "coordinates": [5.414141, 43.230575]}}, {"type": "Feature", "properties": {"stop_id": "RTM-00001815", "stop_name": "Baumettes Rimbaud", "main_mode": "bus", "modes": ["bus"]}, "geometry": {"type": "Point", "coordinates": [5.414258, 43.230788]}}, {"type": "Feature", "properties": {"stop_id": "RTM-00000161", "stop_name": "Bd de la Gare", "main_mode": "bus", "modes": ["bus"]}, "geometry": {"type": "Point", "coordinates": [5.36708, 43.357265]}}, {"type": "Feature", "properties": {"stop_id": "RTM-00000175", "stop_name": "Bd de la Gare", "main_mode": "bus", "modes": ["bus"]}, "geometry": {"type": "Point", "coordinates": [5.3668642, 43.35719283]}}, {"type": "Feature", "properties": {"stop_id": "RTM-00000025", "stop_name": "Bd Falcot", "main_mode": "bus", "modes": ["bus"]}, "geometry": {"type": "Point", "coordinates": [5.351682, 43.372984]}}, {"type": "Feature", "properties": {"stop_id": "RTM-00000028", "stop_name": "Bd Falcot", "main_mode": "bus", "modes": ["bus"]}, "geometry": {"type": "Point", "coordinates": [5.350831, 43.373038]}}, {"type": "Feature", "properties": {"stop_id": "RTM-00000868", "stop_name": "Beaumont", "main_mode": "bus", "modes": ["bus"]}, "geometry": {"type": "Point", "coordinates": [5.437473, 43.316835]}}, {"type": "Feature", "properties": {"stop_id": "RTM-00000864", "stop_name": "Beaumont Eglise", "main_mode": "bus", "modes": ["bus"]}, "geometry": {"type": "Point", "coordinates": [5.438899, 43.309127]}}, {"type": "Feature", "properties": {"stop_id": "RTM-00000822", "stop_name": "Beaumont Figone", "main_mode": "bus", "modes": ["bus"]}, "geometry": {"type": "Point", "coordinates": [5.435888, 43.308226]}}, {"type": "Feature", "properties": {"stop_id": "RTM-00000848", "stop_name": "Beaumont Figone", "main_mode": "bus", "modes": ["bus"]}, "geometry": {"type": "Point", "coordinates": [5.435809, 43.308344]}}, {"type": "Feature", "properties": {"stop_id": "RTM-00000865", "stop_name": "Beaumont Pasteur", "main_mode": "bus", "modes": ["bus"]}, "geometry": {"type": "Point", "coordinates": [5.438668, 43.310661]}}, {"type": "Feature", "properties": {"stop_id": "RTM-00000870", "stop_name": "Beaumont Pasteur", "main_mode": "bus", "modes": ["bus"]}, "geometry": {"type": "Point", "coordinates": [5.438481, 43.311151]}}, {"type": "Feature", "properties": {"stop_id": "RTM-00001816", "stop_name": "Beauvallon", "main_mode": "bus", "modes": ["bus"]}, "geometry": {"type": "Point", "coordinates": [5.412005, 43.234058]}}, {"type": "Feature", "properties": {"stop_id": "RTM-00003388", "stop_name": "Belle de Mai", "main_mode": "bus", "modes": ["bus"]}, "geometry": {"type": "Point", "coordinates": [5.388821, 43.311094]}}, {"type": "Feature", "properties": {"stop_id": "RTM-00004624", "stop_name": "Belle de Mai", "main_mode": "bus", "modes": ["bus"]}, "geometry": {"type": "Point", "coordinates": [5.38832267, 43.3113328]}}, {"type": "Feature", "properties": {"stop_id": "RTM-00000431", "stop_name": "Belle de Mai La Friche", "main_mode": "bus", "modes": ["bus"]}, "geometry": {"type": "Point", "coordinates": [5.390241, 43.30955]}}, {"type": "Feature", "properties": {"stop_id": "RTM-00000474", "stop_name": "Belle de Mai La Friche", "main_mode": "bus", "modes": ["bus"]}, "geometry": {"type": "Point", "coordinates": [5.390209, 43.309722]}}, {"type": "Feature", "properties": {"stop_id": "RTM-00003866", "stop_name": "Belle de Mai La Friche", "main_mode": "bus", "modes": ["bus"]}, "geometry": {"type": "Point", "coordinates": [5.390047, 43.309195]}}, {"type": "Feature", "properties": {"stop_id": "RTM-00000210", "stop_name": "Belle de Mai Loubon", "main_mode": "bus", "modes": ["bus"]}, "geometry": {"type": "Point", "coordinates": [5.38573, 43.312898]}}, {"type": "Feature", "properties": {"stop_id": "RTM-00000208", "stop_name": "Belle de Mai National", "main_mode": "bus", "modes": ["bus"]}, "geometry": {"type": "Point", "coordinates": [5.381849, 43.308475]}}, {"type": "Feature", "properties": {"stop_id": "RTM-00001642", "stop_name": "Belle Ombre Romain Rolland", "main_mode": "bus", "modes": ["bus"]}, "geometry": {"type": "Point", "coordinates": [5.407766, 43.270208]}}, {"type": "Feature", "properties": {"stop_id": "RTM-00002871", "stop_name": "Belle Ombre Romain Rolland", "main_mode": "bus", "modes": ["bus"]}, "geometry": {"type": "Point", "coordinates": [5.407934, 43.270193]}}, {"type": "Feature", "properties": {"stop_id": "RTM-00000957", "stop_name": "Belle Vue", "main_mode": "bus", "modes": ["bus"]}, "geometry": {"type": "Point", "coordinates": [5.436492, 43.298469]}}, {"type": "Feature", "properties": {"stop_id": "RTM-00000966", "stop_name": "Belle Vue", "main_mode": "bus", "modes": ["bus"]}, "geometry": {"type": "Point", "coordinates": [5.436092, 43.298343]}}, {"type": "Feature", "properties": {"stop_id": "RTM-00003951", "stop_name": "Belle Vue Barsotti", "main_mode": "bus", "modes": ["bus"]}, "geometry": {"type": "Point", "coordinates": [5.37971311, 43.31283903]}}, {"type": "Feature", "properties": {"stop_id": "RTM-00003536", "stop_name": "Belle Vue Vaillant", "main_mode": "bus", "modes": ["bus"]}, "geometry": {"type": "Point", "coordinates": [5.38041, 43.315287]}}, {"type": "Feature", "properties": {"stop_id": "RTM-00003736", "stop_name": "Belle Vue Vaillant", "main_mode": "bus", "modes": ["bus"]}, "geometry": {"type": "Point", "coordinates": [5.380337, 43.315244]}}, {"type": "Feature", "properties": {"stop_id": "RTM-00003213", "stop_name": "Belsunce Alcazar", "main_mode": "tram", "modes": ["tram"]}, "geometry": {"type": "Point", "coordinates": [5.3766, 43.298488]}}, {"type": "Feature", "properties": {"stop_id": "RTM-00003275", "stop_name": "Belsunce Alcazar", "main_mode": "tram", "modes": ["tram"]}, "geometry": {"type": "Point", "coordinates": [5.376773, 43.298525]}}, {"type": "Feature", "properties": {"stop_id": "RTM-00004256", "stop_name": "Bernabo Littoral", "main_mode": "bus", "modes": ["bus"]}, "geometry": {"type": "Point", "coordinates": [5.354519, 43.336259]}}, {"type": "Feature", "properties": {"stop_id": "RTM-00004257", "stop_name": "Bernabo Littoral", "main_mode": "bus", "modes": ["bus"]}, "geometry": {"type": "Point", "coordinates": [5.3547, 43.336264]}}, {"type": "Feature", "properties": {"stop_id": "RTM-00000110", "stop_name": "Bertrandon", "main_mode": "bus", "modes": ["bus"]}, "geometry": {"type": "Point", "coordinates": [5.387847, 43.328349]}}, {"type": "Feature", "properties": {"stop_id": "RTM-00000136", "stop_name": "Bertrandon", "main_mode": "bus", "modes": ["bus"]}, "geometry": {"type": "Point", "coordinates": [5.387738, 43.328981]}}, {"type": "Feature", "properties": {"stop_id": "RTM-00004224", "stop_name": "Bezombes", "main_mode": "bus", "modes": ["bus"]}, "geometry": {"type": "Point", "coordinates": [5.429264, 43.287464]}}, {"type": "Feature", "properties": {"stop_id": "RTM-00004215", "stop_name": "Bianco Florian", "main_mode": "bus", "modes": ["bus"]}, "geometry": {"type": "Point", "coordinates": [5.425268, 43.287254]}}, {"type": "Feature", "properties": {"stop_id": "RTM-00003160", "stop_name": "Bianco Mazenode", "main_mode": "bus", "modes": ["bus"]}, "geometry": {"type": "Point", "coordinates": [5.425857, 43.289411]}}, {"type": "Feature", "properties": {"stop_id": "RTM-00003963", "stop_name": "Billoux Mairie 15-16", "main_mode": "bus", "modes": ["bus"]}, "geometry": {"type": "Point", "coordinates": [5.36443949, 43.33263092]}}, {"type": "Feature", "properties": {"stop_id": "RTM-00004029", "stop_name": "Billoux Mairie 15-16", "main_mode": "bus", "modes": ["bus"]}, "geometry": {"type": "Point", "coordinates": [5.364361, 43.332494]}}, {"type": "Feature", "properties": {"stop_id": "RTM-00003087", "stop_name": "Blancarde 5 Avenues", "main_mode": "bus", "modes": ["bus"]}, "geometry": {"type": "Point", "coordinates": [5.397174, 43.30273]}}, {"type": "Feature", "properties": {"stop_id": "RTM-00004464", "stop_name": "Blancarde Duparc", "main_mode": "bus", "modes": ["bus"]}, "geometry": {"type": "Point", "coordinates": [5.400174, 43.30292]}}, {"type": "Feature", "properties": {"stop_id": "RTM-00003086", "stop_name": "Blancarde Jeanne de Chantal", "main_mode": "bus", "modes": ["bus"]}, "geometry": {"type": "Point", "coordinates": [5.40254831, 43.30279685]}}, {"type": "Feature", "properties": {"stop_id": "RTM-00000813", "stop_name": "Blancarde Progin", "main_mode": "bus", "modes": ["bus"]}, "geometry": {"type": "Point", "coordinates": [5.405051, 43.303407]}}, {"type": "Feature", "properties": {"stop_id": "RTM-00000858", "stop_name": "Blancarde Progin", "main_mode": "bus", "modes": ["bus"]}, "geometry": {"type": "Point", "coordinates": [5.40495301, 43.30349332]}}, {"type": "Feature", "properties": {"stop_id": "RTM-00000859", "stop_name": "Blancarde Rougier", "main_mode": "bus", "modes": ["bus"]}, "geometry": {"type": "Point", "coordinates": [5.40288, 43.303237]}}, {"type": "Feature", "properties": {"stop_id": "RTM-00003926", "stop_name": "Blidah St Lazare", "main_mode": "bus", "modes": ["bus"]}, "geometry": {"type": "Point", "coordinates": [5.373547, 43.305065]}}, {"type": "Feature", "properties": {"stop_id": "RTM-00004638", "stop_name": "Blum Cabot", "main_mode": "bus", "modes": ["bus"]}, "geometry": {"type": "Point", "coordinates": [5.41581529, 43.26080925]}}, {"type": "Feature", "properties": {"stop_id": "RTM-00004640", "stop_name": "Blum Cabot", "main_mode": "bus", "modes": ["bus"]}, "geometry": {"type": "Point", "coordinates": [5.41620219, 43.26085564]}}, {"type": "Feature", "properties": {"stop_id": "RTM-00001649", "stop_name": "Bois Fleury", "main_mode": "bus", "modes": ["bus"]}, "geometry": {"type": "Point", "coordinates": [5.42529, 43.270944]}}, {"type": "Feature", "properties": {"stop_id": "RTM-00001659", "stop_name": "Bois Fleury", "main_mode": "bus", "modes": ["bus"]}, "geometry": {"type": "Point", "coordinates": [5.424745, 43.270911]}}, {"type": "Feature", "properties": {"stop_id": "RTM-00000764", "stop_name": "Bois Lemaître", "main_mode": "bus", "modes": ["bus"]}, "geometry": {"type": "Point", "coordinates": [5.43281972, 43.32067407]}}, {"type": "Feature", "properties": {"stop_id": "RTM-00000788", "stop_name": "Bois Lemaître", "main_mode": "bus", "modes": ["bus"]}, "geometry": {"type": "Point", "coordinates": [5.43278217, 43.32063895]}}, {"type": "Feature", "properties": {"stop_id": "RTM-00001483", "stop_name": "Bompard", "main_mode": "bus", "modes": ["bus"]}, "geometry": {"type": "Point", "coordinates": [5.3604269, 43.27880657]}}, {"type": "Feature", "properties": {"stop_id": "RTM-00001484", "stop_name": "Bompard", "main_mode": "bus", "modes": ["bus"]}, "geometry": {"type": "Point", "coordinates": [5.36049128, 43.27916587]}}, {"type": "Feature", "properties": {"stop_id": "RTM-00001481", "stop_name": "Bompard Beaulieu", "main_mode": "bus", "modes": ["bus"]}, "geometry": {"type": "Point", "coordinates": [5.360074, 43.281353]}}, {"type": "Feature", "properties": {"stop_id": "RTM-00001479", "stop_name": "Bompard Endoume", "main_mode": "bus", "modes": ["bus"]}, "geometry": {"type": "Point", "coordinates": [5.360192, 43.284465]}}, {"type": "Feature", "properties": {"stop_id": "RTM-00001487", "stop_name": "Bompard Endoume", "main_mode": "bus", "modes": ["bus"]}, "geometry": {"type": "Point", "coordinates": [5.360237, 43.28467]}}, {"type": "Feature", "properties": {"stop_id": "RTM-00001482", "stop_name": "Bompard Fedeli", "main_mode": "bus", "modes": ["bus"]}, "geometry": {"type": "Point", "coordinates": [5.360771, 43.280484]}}, {"type": "Feature", "properties": {"stop_id": "RTM-00001485", "stop_name": "Bompard Fedeli", "main_mode": "bus", "modes": ["bus"]}, "geometry": {"type": "Point", "coordinates": [5.360664, 43.280816]}}, {"type": "Feature", "properties": {"stop_id": "RTM-00001480", "stop_name": "Bompard Rigaud", "main_mode": "bus", "modes": ["bus"]}, "geometry": {"type": "Point", "coordinates": [5.361038, 43.282273]}}, {"type": "Feature", "properties": {"stop_id": "RTM-00001486", "stop_name": "Bompard Rigaud", "main_mode": "bus", "modes": ["bus"]}, "geometry": {"type": "Point", "coordinates": [5.361097, 43.282436]}}, {"type": "Feature", "properties": {"stop_id": "RTM-00002165", "stop_name": "Bon Rencontre", "main_mode": "bus", "modes": ["bus"]}, "geometry": {"type": "Point", "coordinates": [5.47889, 43.352009]}}, {"type": "Feature", "properties": {"stop_id": "RTM-00002194", "stop_name": "Bon Rencontre", "main_mode": "bus", "modes": ["bus"]}, "geometry": {"type": "Point", "coordinates": [5.478743, 43.352092]}}, {"type": "Feature", "properties": {"stop_id": "RTM-00002024", "stop_name": "Bonnefoy Rabatau", "main_mode": "bus", "modes": ["bus"]}, "geometry": {"type": "Point", "coordinates": [5.399711, 43.279679]}}, {"type": "Feature", "properties": {"stop_id": "RTM-00002030", "stop_name": "Bonnefoy Rabatau", "main_mode": "bus", "modes": ["bus"]}, "geometry": {"type": "Point", "coordinates": [5.400128, 43.279876]}}, {"type": "Feature", "properties": {"stop_id": "RTM-00003830", "stop_name": "Bonneterie", "main_mode": "bus", "modes": ["bus"]}, "geometry": {"type": "Point", "coordinates": [5.371628, 43.296763]}}, {"type": "Feature", "properties": {"stop_id": "RTM-00004230", "stop_name": "Bonneterie", "main_mode": "bus", "modes": ["bus"]}, "geometry": {"type": "Point", "coordinates": [5.371632, 43.297115]}}, {"type": "Feature", "properties": {"stop_id": "RTM-00001922", "stop_name": "Bonneveine", "main_mode": "bus", "modes": ["bus"]}, "geometry": {"type": "Point", "coordinates": [5.382068, 43.247222]}}, {"type": "Feature", "properties": {"stop_id": "RTM-00000925", "stop_name": "Booth La Moularde", "main_mode": "bus", "modes": ["bus"]}, "geometry": {"type": "Point", "coordinates": [5.448706, 43.297092]}}, {"type": "Feature", "properties": {"stop_id": "RTM-00000930", "stop_name": "Booth La Moularde", "main_mode": "bus", "modes": ["bus"]}, "geometry": {"type": "Point", "coordinates": [5.448675, 43.296807]}}, {"type": "Feature", "properties": {"stop_id": "RTM-00000926", "stop_name": "Booth Lecache", "main_mode": "bus", "modes": ["bus"]}, "geometry": {"type": "Point", "coordinates": [5.44730365, 43.29611692]}}, {"type": "Feature", "properties": {"stop_id": "RTM-00000929", "stop_name": "Booth Lecache", "main_mode": "bus", "modes": ["bus"]}, "geometry": {"type": "Point", "coordinates": [5.447106, 43.295857]}}, {"type": "Feature", "properties": {"stop_id": "RTM-00002304", "stop_name": "Bougainville", "main_mode": "metro", "modes": ["metro"]}, "geometry": {"type": "Point", "coordinates": [5.371352, 43.3208465]}}, {"type": "Feature", "properties": {"stop_id": "RTM-00002333", "stop_name": "Bougainville", "main_mode": "metro", "modes": ["metro"]}, "geometry": {"type": "Point", "coordinates": [5.3714625, 43.320844]}}, {"type": "Feature", "properties": {"stop_id": "RTM-00003369", "stop_name": "Bourdet St Charles", "main_mode": "bus", "modes": ["bus"]}, "geometry": {"type": "Point", "coordinates": [5.37957823, 43.3026665]}}, {"type": "Feature", "properties": {"stop_id": "RTM-00004414", "stop_name": "Bourdet St Charles", "main_mode": "bus", "modes": ["bus"]}, "geometry": {"type": "Point", "coordinates": [5.379507, 43.302455]}}, {"type": "Feature", "properties": {"stop_id": "RTM-00000563", "stop_name": "Bourrely Dramard", "main_mode": "bus", "modes": ["bus"]}, "geometry": {"type": "Point", "coordinates": [5.359197, 43.377349]}}, {"type": "Feature", "properties": {"stop_id": "RTM-00003986", "stop_name": "Bourrély Granière", "main_mode": "bus", "modes": ["bus"]}, "geometry": {"type": "Point", "coordinates": [5.364172, 43.382678]}}, {"type": "Feature", "properties": {"stop_id": "RTM-00004006", "stop_name": "Bourrély Granière", "main_mode": "bus", "modes": ["bus"]}, "geometry": {"type": "Point", "coordinates": [5.364381, 43.382766]}}, {"type": "Feature", "properties": {"stop_id": "RTM-00000543", "stop_name": "Bovet Muret", "main_mode": "bus", "modes": ["bus"]}, "geometry": {"type": "Point", "coordinates": [5.381046, 43.331062]}}, {"type": "Feature", "properties": {"stop_id": "RTM-00000548", "stop_name": "Bovet Muret", "main_mode": "bus", "modes": ["bus"]}, "geometry": {"type": "Point", "coordinates": [5.380711, 43.331045]}}, {"type": "Feature", "properties": {"stop_id": "RTM-00001707", "stop_name": "Bowl du Prado", "main_mode": "bus", "modes": ["bus"]}, "geometry": {"type": "Point", "coordinates": [5.375515, 43.251632]}}, {"type": "Feature", "properties": {"stop_id": "RTM-00001729", "stop_name": "Bowl du Prado", "main_mode": "bus", "modes": ["bus"]}, "geometry": {"type": "Point", "coordinates": [5.375764, 43.251808]}}, {"type": "Feature", "properties": {"stop_id": "RTM-00000338", "stop_name": "Braque Les Flamants", "main_mode": "bus", "modes": ["bus"]}, "geometry": {"type": "Point", "coordinates": [5.401915, 43.33251]}}, {"type": "Feature", "properties": {"stop_id": "RTM-00000360", "stop_name": "Braque Les Flamants", "main_mode": "bus", "modes": ["bus"]}, "geometry": {"type": "Point", "coordinates": [5.401403, 43.332857]}}, {"type": "Feature", "properties": {"stop_id": "RTM-00001445", "stop_name": "Breteuil Delanglade", "main_mode": "bus", "modes": ["bus"]}, "geometry": {"type": "Point", "coordinates": [5.376076, 43.289559]}}, {"type": "Feature", "properties": {"stop_id": "RTM-00001446", "stop_name": "Breteuil Dragon", "main_mode": "bus", "modes": ["bus"]}, "geometry": {"type": "Point", "coordinates": [5.37702363, 43.28729186]}}, {"type": "Feature", "properties": {"stop_id": "RTM-00001444", "stop_name": "Breteuil Puget", "main_mode": "bus", "modes": ["bus"]}, "geometry": {"type": "Point", "coordinates": [5.375594, 43.290644]}}, {"type": "Feature", "properties": {"stop_id": "RTM-00000218", "stop_name": "Burel Plombières", "main_mode": "bus", "modes": ["bus"]}, "geometry": {"type": "Point", "coordinates": [5.388305, 43.315531]}}, {"type": "Feature", "properties": {"stop_id": "RTM-00002995", "stop_name": "Bédoule Sauze", "main_mode": "bus", "modes": ["bus"]}, "geometry": {"type": "Point", "coordinates": [5.357103, 43.402643]}}, {"type": "Feature", "properties": {"stop_id": "RTM-00004274", "stop_name": "Bédoule Sauze", "main_mode": "bus", "modes": ["bus"]}, "geometry": {"type": "Point", "coordinates": [5.357315, 43.402641]}}, {"type": "Feature", "properties": {"stop_id": "RTM-00003813", "stop_name": "Bénédit", "main_mode": "bus", "modes": ["bus"]}, "geometry": {"type": "Point", "coordinates": [5.392355, 43.307365]}}, {"type": "Feature", "properties": {"stop_id": "RTM-00003838", "stop_name": "Bénédit", "main_mode": "bus", "modes": ["bus"]}, "geometry": {"type": "Point", "coordinates": [5.392305, 43.307748]}}, {"type": "Feature", "properties": {"stop_id": "RTM-00001588", "stop_name": "Cabassud Mireille Lauze", "main_mode": "bus", "modes": ["bus"]}, "geometry": {"type": "Point", "coordinates": [5.412719, 43.283606]}}, {"type": "Feature", "properties": {"stop_id": "RTM-00001612", "stop_name": "Cabassud Mireille Lauze", "main_mode": "bus", "modes": ["bus"]}, "geometry": {"type": "Point", "coordinates": [5.412954, 43.283702]}}, {"type": "Feature", "properties": {"stop_id": "RTM-00001587", "stop_name": "Cabassud Timone", "main_mode": "bus", "modes": ["bus"]}, "geometry": {"type": "Point", "coordinates": [5.412786, 43.285764]}}, {"type": "Feature", "properties": {"stop_id": "RTM-00001613", "stop_name": "Cabassud Timone", "main_mode": "bus", "modes": ["bus"]}, "geometry": {"type": "Point", "coordinates": [5.412936, 43.286031]}}, {"type": "Feature", "properties": {"stop_id": "RTM-00000333", "stop_name": "Cade Mouton", "main_mode": "bus", "modes": ["bus"]}, "geometry": {"type": "Point", "coordinates": [5.39194988, 43.33179721]}}, {"type": "Feature", "properties": {"stop_id": "RTM-00003452", "stop_name": "Cade Mouton", "main_mode": "bus", "modes": ["bus"]}, "geometry": {"type": "Point", "coordinates": [5.39230227, 43.33194807]}}, {"type": "Feature", "properties": {"stop_id": "RTM-00004204", "stop_name": "Cadenelle Charley", "main_mode": "bus", "modes": ["bus"]}, "geometry": {"type": "Point", "coordinates": [5.38251758, 43.26799927]}}, {"type": "Feature", "properties": {"stop_id": "RTM-00000918", "stop_name": "Caillols Figone", "main_mode": "bus", "modes": ["bus"]}, "geometry": {"type": "Point", "coordinates": [5.438418, 43.303151]}}, {"type": "Feature", "properties": {"stop_id": "RTM-00000937", "stop_name": "Caillols Figone", "main_mode": "bus", "modes": ["bus"]}, "geometry": {"type": "Point", "coordinates": [5.437272, 43.303667]}}, {"type": "Feature", "properties": {"stop_id": "RTM-00000920", "stop_name": "Caillols Fort Fouque", "main_mode": "bus", "modes": ["bus"]}, "geometry": {"type": "Point", "coordinates": [5.44223428, 43.30326532]}}, {"type": "Feature", "properties": {"stop_id": "RTM-00000935", "stop_name": "Caillols Fort Fouque", "main_mode": "bus", "modes": ["bus"]}, "geometry": {"type": "Point", "coordinates": [5.442164, 43.303385]}}, {"type": "Feature", "properties": {"stop_id": "RTM-00000915", "stop_name": "Caillols La Fourragère", "main_mode": "bus", "modes": ["bus"]}, "geometry": {"type": "Point", "coordinates": [5.427655, 43.303854]}}, {"type": "Feature", "properties": {"stop_id": "RTM-00000940", "stop_name": "Caillols La Fourragère", "main_mode": "bus", "modes": ["bus"]}, "geometry": {"type": "Point", "coordinates": [5.427783, 43.30398]}}, {"type": "Feature", "properties": {"stop_id": "RTM-00000919", "stop_name": "Caillols Monette", "main_mode": "bus", "modes": ["bus"]}, "geometry": {"type": "Point", "coordinates": [5.43975, 43.303531]}}, {"type": "Feature", "properties": {"stop_id": "RTM-00000936", "stop_name": "Caillols Monette", "main_mode": "bus", "modes": ["bus"]}, "geometry": {"type": "Point", "coordinates": [5.439481, 43.3035]}}, {"type": "Feature", "properties": {"stop_id": "RTM-00000916", "stop_name": "Caillols Parini", "main_mode": "bus", "modes": ["bus"]}, "geometry": {"type": "Point", "coordinates": [5.431113, 43.303492]}}, {"type": "Feature", "properties": {"stop_id": "RTM-00000939", "stop_name": "Caillols Parini", "main_mode": "bus", "modes": ["bus"]}, "geometry": {"type": "Point", "coordinates": [5.430785, 43.303549]}}, {"type": "Feature", "properties": {"stop_id": "RTM-00000922", "stop_name": "Caillols Provence", "main_mode": "bus", "modes": ["bus"]}, "geometry": {"type": "Point", "coordinates": [5.448703, 43.303119]}}, {"type": "Feature", "properties": {"stop_id": "RTM-00000933", "stop_name": "Caillols Provence", "main_mode": "bus", "modes": ["bus"]}, "geometry": {"type": "Point", "coordinates": [5.449196, 43.303252]}}, {"type": "Feature", "properties": {"stop_id": "RTM-00000917", "stop_name": "Caillols Rosière", "main_mode": "bus", "modes": ["bus"]}, "geometry": {"type": "Point", "coordinates": [5.43507279, 43.30402604]}}, {"type": "Feature", "properties": {"stop_id": "RTM-00000938", "stop_name": "Caillols Rosière", "main_mode": "bus", "modes": ["bus"]}, "geometry": {"type": "Point", "coordinates": [5.434428, 43.304273]}}, {"type": "Feature", "properties": {"stop_id": "RTM-00000921", "stop_name": "Caillols Vieux Moulin", "main_mode": "bus", "modes": ["bus"]}, "geometry": {"type": "Point", "coordinates": [5.4459026, 43.3026091]}}, {"type": "Feature", "properties": {"stop_id": "RTM-00000934", "stop_name": "Caillols Vieux Moulin", "main_mode": "bus", "modes": ["bus"]}, "geometry": {"type": "Point", "coordinates": [5.445345, 43.302436]}}, {"type": "Feature", "properties": {"stop_id": "RTM-00000438", "stop_name": "Caisserie Beauregard", "main_mode": "bus", "modes": ["bus"]}, "geometry": {"type": "Point", "coordinates": [5.367532, 43.296926]}}, {"type": "Feature", "properties": {"stop_id": "RTM-00003832", "stop_name": "Caisserie Beauregard", "main_mode": "bus", "modes": ["bus"]}, "geometry": {"type": "Point", "coordinates": [5.368049, 43.296943]}}, {"type": "Feature", "properties": {"stop_id": "RTM-00002739", "stop_name": "Calanque Blanche", "main_mode": "bus", "modes": ["bus"]}, "geometry": {"type": "Point", "coordinates": [5.346565, 43.223748]}}, {"type": "Feature", "properties": {"stop_id": "RTM-00002740", "stop_name": "Calanque Blanche", "main_mode": "bus", "modes": ["bus"]}, "geometry": {"type": "Point", "coordinates": [5.346781, 43.223598]}}, {"type": "Feature", "properties": {"stop_id": "RTM-00002360", "stop_name": "Callelongue", "main_mode": "bus", "modes": ["bus"]}, "geometry": {"type": "Point", "coordinates": [5.352956, 43.212648]}}, {"type": "Feature", "properties": {"stop_id": "RTM-00000539", "stop_name": "Calvet Jaloux", "main_mode": "bus", "modes": ["bus"]}, "geometry": {"type": "Point", "coordinates": [5.384852, 43.329357]}}, {"type": "Feature", "properties": {"stop_id": "RTM-00000551", "stop_name": "Calvet Jaloux", "main_mode": "bus", "modes": ["bus"]}, "geometry": {"type": "Point", "coordinates": [5.384989, 43.329178]}}, {"type": "Feature", "properties": {"stop_id": "RTM-00003413", "stop_name": "Camas", "main_mode": "tram", "modes": ["tram"]}, "geometry": {"type": "Point", "coordinates": [5.393169, 43.295345]}}, {"type": "Feature", "properties": {"stop_id": "RTM-00003421", "stop_name": "Camas", "main_mode": "tram", "modes": ["tram"]}, "geometry": {"type": "Point", "coordinates": [5.393121, 43.295463]}}, {"type": "Feature", "properties": {"stop_id": "RTM-00001216", "stop_name": "Camoins Les Bains", "main_mode": "bus", "modes": ["bus"]}, "geometry": {"type": "Point", "coordinates": [5.506381, 43.305535]}}, {"type": "Feature", "properties": {"stop_id": "RTM-00001222", "stop_name": "Camoins Les Bains", "main_mode": "bus", "modes": ["bus"]}, "geometry": {"type": "Point", "coordinates": [5.50639, 43.305944]}}, {"type": "Feature", "properties": {"stop_id": "RTM-00001179", "stop_name": "Camoins Les Clos", "main_mode": "bus", "modes": ["bus"]}, "geometry": {"type": "Point", "coordinates": [5.507328, 43.301167]}}, {"type": "Feature", "properties": {"stop_id": "RTM-00001191", "stop_name": "Camoins Les Clos", "main_mode": "bus", "modes": ["bus"]}, "geometry": {"type": "Point", "coordinates": [5.507301, 43.301241]}}, {"type": "Feature", "properties": {"stop_id": "RTM-00001217", "stop_name": "Camoins Les Côteaux", "main_mode": "bus", "modes": ["bus"]}, "geometry": {"type": "Point", "coordinates": [5.508326, 43.307341]}}, {"type": "Feature", "properties": {"stop_id": "RTM-00001221", "stop_name": "Camoins Les Côteaux", "main_mode": "bus", "modes": ["bus"]}, "geometry": {"type": "Point", "coordinates": [5.508098, 43.307352]}}, {"type": "Feature", "properties": {"stop_id": "RTM-00001215", "stop_name": "Camoins Les Ombrées", "main_mode": "bus", "modes": ["bus"]}, "geometry": {"type": "Point", "coordinates": [5.505782, 43.303639]}}, {"type": "Feature", "properties": {"stop_id": "RTM-00001223", "stop_name": "Camoins Les Ombrées", "main_mode": "bus", "modes": ["bus"]}, "geometry": {"type": "Point", "coordinates": [5.505614, 43.303684]}}, {"type": "Feature", "properties": {"stop_id": "RTM-00001181", "stop_name": "Camoins St Roch", "main_mode": "bus", "modes": ["bus"]}, "geometry": {"type": "Point", "coordinates": [5.514301, 43.300283]}}, {"type": "Feature", "properties": {"stop_id": "RTM-00001189", "stop_name": "Camoins St Roch", "main_mode": "bus", "modes": ["bus"]}, "geometry": {"type": "Point", "coordinates": [5.514277, 43.30036]}}, {"type": "Feature", "properties": {"stop_id": "RTM-00003564", "stop_name": "Campagne Bleue", "main_mode": "bus", "modes": ["bus"]}, "geometry": {"type": "Point", "coordinates": [5.308428, 43.37024]}}, {"type": "Feature", "properties": {"stop_id": "RTM-00000502", "stop_name": "Campagne Lévêque", "main_mode": "bus", "modes": ["bus"]}, "geometry": {"type": "Point", "coordinates": [5.352933, 43.342499]}}, {"type": "Feature", "properties": {"stop_id": "RTM-00000506", "stop_name": "Campagne Lévêque", "main_mode": "bus", "modes": ["bus"]}, "geometry": {"type": "Point", "coordinates": [5.352759, 43.342621]}}, {"type": "Feature", "properties": {"stop_id": "RTM-00004349", "stop_name": "Campus de Luminy", "main_mode": "bus", "modes": ["bus"]}, "geometry": {"type": "Point", "coordinates": [5.444094, 43.231169]}}, {"type": "Feature", "properties": {"stop_id": "RTM-00004350", "stop_name": "Campus de Luminy", "main_mode": "bus", "modes": ["bus"]}, "geometry": {"type": "Point", "coordinates": [5.4440072, 43.2312389]}}, {"type": "Feature", "properties": {"stop_id": "RTM-00004596", "stop_name": "Campus de Luminy", "main_mode": "bus", "modes": ["bus"]}, "geometry": {"type": "Point", "coordinates": [5.44404184, 43.23115193]}}, {"type": "Feature", "properties": {"stop_id": "RTM-00004597", "stop_name": "Campus de Luminy", "main_mode": "bus", "modes": ["bus"]}, "geometry": {"type": "Point", "coordinates": [5.44372873, 43.23122972]}}, {"type": "Feature", "properties": {"stop_id": "RTM-00004401", "stop_name": "Canebière Bourse", "main_mode": "bus", "modes": ["bus"]}, "geometry": {"type": "Point", "coordinates": [5.376246, 43.296791]}}, {"type": "Feature", "properties": {"stop_id": "RTM-00004402", "stop_name": "Canebière Bourse", "main_mode": "bus", "modes": ["bus"]}, "geometry": {"type": "Point", "coordinates": [5.37678, 43.296939]}}, {"type": "Feature", "properties": {"stop_id": "RTM-00004403", "stop_name": "Canebière Bourse", "main_mode": "bus", "modes": ["bus"]}, "geometry": {"type": "Point", "coordinates": [5.376682, 43.296702]}}, {"type": "Feature", "properties": {"stop_id": "RTM-00004404", "stop_name": "Canebière Bourse", "main_mode": "bus", "modes": ["bus"]}, "geometry": {"type": "Point", "coordinates": [5.37674, 43.296603]}}, {"type": "Feature", "properties": {"stop_id": "RTM-00004405", "stop_name": "Canebière Bourse", "main_mode": "bus", "modes": ["bus"]}, "geometry": {"type": "Point", "coordinates": [5.376079, 43.296394]}}, {"type": "Feature", "properties": {"stop_id": "RTM-00004406", "stop_name": "Canebière Bourse", "main_mode": "bus", "modes": ["bus"]}, "geometry": {"type": "Point", "coordinates": [5.375993, 43.296482]}}, {"type": "Feature", "properties": {"stop_id": "RTM-00004119", "stop_name": "Canebière Capucins", "main_mode": "tram", "modes": ["tram"]}, "geometry": {"type": "Point", "coordinates": [5.378976, 43.296743]}}, {"type": "Feature", "properties": {"stop_id": "RTM-00004128", "stop_name": "Canebière Capucins", "main_mode": "tram", "modes": ["tram"]}, "geometry": {"type": "Point", "coordinates": [5.37887, 43.296923]}}, {"type": "Feature", "properties": {"stop_id": "RTM-00003217", "stop_name": "Canebière Garibaldi", "main_mode": "tram", "modes": ["tram"]}, "geometry": {"type": "Point", "coordinates": [5.381626, 43.29771]}}, {"type": "Feature", "properties": {"stop_id": "RTM-00003272", "stop_name": "Canebière Garibaldi", "main_mode": "tram", "modes": ["tram"]}, "geometry": {"type": "Point", "coordinates": [5.381482, 43.297928]}}, {"type": "Feature", "properties": {"stop_id": "RTM-00002635", "stop_name": "Canet Ambrosini", "main_mode": "bus", "modes": ["bus"]}, "geometry": {"type": "Point", "coordinates": [5.374729, 43.332132]}}, {"type": "Feature", "properties": {"stop_id": "RTM-00004331", "stop_name": "Canet Ambrosini", "main_mode": "bus", "modes": ["bus"]}, "geometry": {"type": "Point", "coordinates": [5.37381692, 43.33128567]}}, {"type": "Feature", "properties": {"stop_id": "RTM-00004708", "stop_name": "Canet Ambrosini", "main_mode": "bus", "modes": ["bus"]}, "geometry": {"type": "Point", "coordinates": [5.37390927, 43.33116064]}}, {"type": "Feature", "properties": {"stop_id": "RTM-00004733", "stop_name": "Canet Ambrosini", "main_mode": "bus", "modes": ["bus"]}, "geometry": {"type": "Point", "coordinates": [5.374162, 43.331358]}}, {"type": "Feature", "properties": {"stop_id": "RTM-00000408", "stop_name": "Cantini Borde", "main_mode": "bus", "modes": ["bus"]}, "geometry": {"type": "Point", "coordinates": [5.394929, 43.279889]}}, {"type": "Feature", "properties": {"stop_id": "RTM-00002178", "stop_name": "Cantons Rouges", "main_mode": "bus", "modes": ["bus"]}, "geometry": {"type": "Point", "coordinates": [5.46529617, 43.33751327]}}, {"type": "Feature", "properties": {"stop_id": "RTM-00002213", "stop_name": "Cantons Rouges", "main_mode": "bus", "modes": ["bus"]}, "geometry": {"type": "Point", "coordinates": [5.46526145, 43.33735914]}}, {"type": "Feature", "properties": {"stop_id": "RTM-00000241", "stop_name": "Cap Pinède", "main_mode": "bus", "modes": ["bus"]}, "geometry": {"type": "Point", "coordinates": [5.358808, 43.326392]}}, {"type": "Feature", "properties": {"stop_id": "RTM-00000279", "stop_name": "Cap Pinède", "main_mode": "bus", "modes": ["bus"]}, "geometry": {"type": "Point", "coordinates": [5.3585279, 43.32636792]}}, {"type": "Feature", "properties": {"stop_id": "RTM-00004305", "stop_name": "Cap Pinède Lyon", "main_mode": "bus", "modes": ["bus"]}, "geometry": {"type": "Point", "coordinates": [5.364527, 43.328516]}}, {"type": "Feature", "properties": {"stop_id": "RTM-00004311", "stop_name": "Cap Pinède Lyon", "main_mode": "bus", "modes": ["bus"]}, "geometry": {"type": "Point", "coordinates": [5.364233, 43.328254]}}, {"type": "Feature", "properties": {"stop_id": "RTM-00001269", "stop_name": "Capelette Curtel", "main_mode": "bus", "modes": ["bus"]}, "geometry": {"type": "Point", "coordinates": [5.408647, 43.280244]}}, {"type": "Feature", "properties": {"stop_id": "RTM-00001311", "stop_name": "Capelette Curtel", "main_mode": "bus", "modes": ["bus"]}, "geometry": {"type": "Point", "coordinates": [5.408019, 43.280575]}}, {"type": "Feature", "properties": {"stop_id": "RTM-00001266", "stop_name": "Capelette Rabatau", "main_mode": "bus", "modes": ["bus"]}, "geometry": {"type": "Point", "coordinates": [5.400098, 43.283595]}}, {"type": "Feature", "properties": {"stop_id": "RTM-00001314", "stop_name": "Capelette Rabatau", "main_mode": "bus", "modes": ["bus"]}, "geometry": {"type": "Point", "coordinates": [5.399904, 43.283709]}}, {"type": "Feature", "properties": {"stop_id": "RTM-00004529", "stop_name": "Carambot", "main_mode": "bus", "modes": ["bus"]}, "geometry": {"type": "Point", "coordinates": [5.47166398, 43.33004841]}}, {"type": "Feature", "properties": {"stop_id": "RTM-00004536", "stop_name": "Carambot", "main_mode": "bus", "modes": ["bus"]}, "geometry": {"type": "Point", "coordinates": [5.47172436, 43.33011072]}}, {"type": "Feature", "properties": {"stop_id": "RTM-00001172", "stop_name": "Cartonnerie", "main_mode": "bus", "modes": ["bus"]}, "geometry": {"type": "Point", "coordinates": [5.463808, 43.289984]}}, {"type": "Feature", "properties": {"stop_id": "RTM-00001199", "stop_name": "Cartonnerie", "main_mode": "bus", "modes": ["bus"]}, "geometry": {"type": "Point", "coordinates": [5.462804, 43.290748]}}, {"type": "Feature", "properties": {"stop_id": "RTM-00000102", "stop_name": "Casanova Barbès", "main_mode": "bus", "modes": ["bus"]}, "geometry": {"type": "Point", "coordinates": [5.374146, 43.323471]}}, {"type": "Feature", "properties": {"stop_id": "RTM-00000143", "stop_name": "Casanova Barbès", "main_mode": "bus", "modes": ["bus"]}, "geometry": {"type": "Point", "coordinates": [5.374347, 43.322933]}}, {"type": "Feature", "properties": {"stop_id": "RTM-00000323", "stop_name": "Casanova Canet", "main_mode": "bus", "modes": ["bus"]}, "geometry": {"type": "Point", "coordinates": [5.375822, 43.329092]}}, {"type": "Feature", "properties": {"stop_id": "RTM-00000374", "stop_name": "Casanova Canet", "main_mode": "bus", "modes": ["bus"]}, "geometry": {"type": "Point", "coordinates": [5.374823, 43.329259]}}, {"type": "Feature", "properties": {"stop_id": "RTM-00000101", "stop_name": "Casanova De Lesseps", "main_mode": "bus", "modes": ["bus"]}, "geometry": {"type": "Point", "coordinates": [5.374766, 43.321824]}}, {"type": "Feature", "properties": {"stop_id": "RTM-00000103", "stop_name": "Casanova Etats Unis", "main_mode": "bus", "modes": ["bus"]}, "geometry": {"type": "Point", "coordinates": [5.374236, 43.325574]}}, {"type": "Feature", "properties": {"stop_id": "RTM-00002849", "stop_name": "Casanova Etats Unis", "main_mode": "bus", "modes": ["bus"]}, "geometry": {"type": "Point", "coordinates": [5.37381707, 43.32510058]}}, {"type": "Feature", "properties": {"stop_id": "RTM-00000324", "stop_name": "Casanova Larousse", "main_mode": "bus", "modes": ["bus"]}, "geometry": {"type": "Point", "coordinates": [5.376523, 43.330413]}}, {"type": "Feature", "properties": {"stop_id": "RTM-00003124", "stop_name": "Cassini", "main_mode": "bus", "modes": ["bus"]}, "geometry": {"type": "Point", "coordinates": [5.396778, 43.30592]}}, {"type": "Feature", "properties": {"stop_id": "RTM-00003125", "stop_name": "Cassini", "main_mode": "bus", "modes": ["bus"]}, "geometry": {"type": "Point", "coordinates": [5.396762, 43.306053]}}, {"type": "Feature", "properties": {"stop_id": "RTM-00001091", "stop_name": "Castellane", "main_mode": "bus", "modes": ["bus"]}, "geometry": {"type": "Point", "coordinates": [5.38425986, 43.2852469]}}, {"type": "Feature", "properties": {"stop_id": "RTM-00001224", "stop_name": "Castellane", "main_mode": "bus", "modes": ["bus"]}, "geometry": {"type": "Point", "coordinates": [5.38511235, 43.28552959]}}, {"type": "Feature", "properties": {"stop_id": "RTM-00001493", "stop_name": "Castellane", "main_mode": "bus", "modes": ["bus"]}, "geometry": {"type": "Point", "coordinates": [5.3845633, 43.2842561]}}, {"type": "Feature", "properties": {"stop_id": "RTM-00001695", "stop_name": "Castellane", "main_mode": "bus", "modes": ["bus"]}, "geometry": {"type": "Point", "coordinates": [5.3844198, 43.2844992]}}, {"type": "Feature", "properties": {"stop_id": "RTM-00002287", "stop_name": "Castellane", "main_mode": "metro", "modes": ["metro"]}, "geometry": {"type": "Point", "coordinates": [5.384552, 43.2861185]}}, {"type": "Feature", "properties": {"stop_id": "RTM-00002313", "stop_name": "Castellane", "main_mode": "metro", "modes": ["metro"]}, "geometry": {"type": "Point", "coordinates": [5.384331, 43.2851435]}}, {"type": "Feature", "properties": {"stop_id": "RTM-00002324", "stop_name": "Castellane", "main_mode": "metro", "modes": ["metro"]}, "geometry": {"type": "Point", "coordinates": [5.3844335, 43.2851755]}}, {"type": "Feature", "properties": {"stop_id": "RTM-00002467", "stop_name": "Castellane", "main_mode": "metro", "modes": ["metro"]}, "geometry": {"type": "Point", "coordinates": [5.384512, 43.286195]}}, {"type": "Feature", "properties": {"stop_id": "RTM-00002532", "stop_name": "Castellane", "main_mode": "bus", "modes": ["bus"]}, "geometry": {"type": "Point", "coordinates": [5.38542811, 43.28476324]}}, {"type": "Feature", "properties": {"stop_id": "RTM-00003773", "stop_name": "Castellane", "main_mode": "bus", "modes": ["bus"]}, "geometry": {"type": "Point", "coordinates": [5.3842401, 43.2848292]}}, {"type": "Feature", "properties": {"stop_id": "RTM-00004124", "stop_name": "Castellane", "main_mode": "tram", "modes": ["tram"]}, "geometry": {"type": "Point", "coordinates": [5.38463689, 43.28539789]}}, {"type": "Feature", "properties": {"stop_id": "RTM-00004129", "stop_name": "Castellane", "main_mode": "tram", "modes": ["tram"]}, "geometry": {"type": "Point", "coordinates": [5.38468254, 43.28544531]}}, {"type": "Feature", "properties": {"stop_id": "RTM-00000121", "stop_name": "Castellas Les Lions", "main_mode": "bus", "modes": ["bus"]}, "geometry": {"type": "Point", "coordinates": [5.374648, 43.3504]}}, {"type": "Feature", "properties": {"stop_id": "RTM-00000124", "stop_name": "Castellas Les Lions", "main_mode": "bus", "modes": ["bus"]}, "geometry": {"type": "Point", "coordinates": [5.375116, 43.349444]}}, {"type": "Feature", "properties": {"stop_id": "RTM-00004706", "stop_name": "Castors de Servières", "main_mode": "bus", "modes": ["bus"]}, "geometry": {"type": "Point", "coordinates": [5.37300665, 43.34131272]}}, {"type": "Feature", "properties": {"stop_id": "RTM-00004707", "stop_name": "Castors de Servières", "main_mode": "bus", "modes": ["bus"]}, "geometry": {"type": "Point", "coordinates": [5.37273642, 43.3413542]}}, {"type": "Feature", "properties": {"stop_id": "RTM-00004270", "stop_name": "Castors Isabella", "main_mode": "bus", "modes": ["bus"]}, "geometry": {"type": "Point", "coordinates": [5.348457, 43.405665]}}, {"type": "Feature", "properties": {"stop_id": "RTM-00004279", "stop_name": "Castors Isabella", "main_mode": "bus", "modes": ["bus"]}, "geometry": {"type": "Point", "coordinates": [5.347849, 43.4056]}}, {"type": "Feature", "properties": {"stop_id": "RTM-00002990", "stop_name": "Castors Isabella Sud", "main_mode": "bus", "modes": ["bus"]}, "geometry": {"type": "Point", "coordinates": [5.351196, 43.403718]}}, {"type": "Feature", "properties": {"stop_id": "RTM-00004269", "stop_name": "Castors Isabella Sud", "main_mode": "bus", "modes": ["bus"]}, "geometry": {"type": "Point", "coordinates": [5.35127, 43.403746]}}, {"type": "Feature", "properties": {"stop_id": "RTM-00001398", "stop_name": "Catalans", "main_mode": "bus", "modes": ["bus"]}, "geometry": {"type": "Point", "coordinates": [5.35497, 43.288948]}}, {"type": "Feature", "properties": {"stop_id": "RTM-00003670", "stop_name": "Catalans", "main_mode": "bus", "modes": ["bus"]}, "geometry": {"type": "Point", "coordinates": [5.355319, 43.288799]}}, {"type": "Feature", "properties": {"stop_id": "RTM-00000520", "stop_name": "Cazemajou D'Anthoine", "main_mode": "bus", "modes": ["bus"]}, "geometry": {"type": "Point", "coordinates": [5.368258, 43.316644]}}, {"type": "Feature", "properties": {"stop_id": "RTM-00001845", "stop_name": "CC Bonneveine", "main_mode": "bus", "modes": ["bus"]}, "geometry": {"type": "Point", "coordinates": [5.390311, 43.249275]}}, {"type": "Feature", "properties": {"stop_id": "RTM-00001878", "stop_name": "CC Bonneveine", "main_mode": "bus", "modes": ["bus"]}, "geometry": {"type": "Point", "coordinates": [5.390415, 43.249388]}}, {"type": "Feature", "properties": {"stop_id": "RTM-00000981", "stop_name": "CC Le Merlan", "main_mode": "bus", "modes": ["bus"]}, "geometry": {"type": "Point", "coordinates": [5.39946224, 43.32858919]}}, {"type": "Feature", "properties": {"stop_id": "RTM-00001008", "stop_name": "CC Le Merlan", "main_mode": "bus", "modes": ["bus"]}, "geometry": {"type": "Point", "coordinates": [5.39986707, 43.32867121]}}, {"type": "Feature", "properties": {"stop_id": "RTM-00004714", "stop_name": "CC Le Merlan", "main_mode": "bus", "modes": ["bus"]}, "geometry": {"type": "Point", "coordinates": [5.40026697, 43.3288343]}}, {"type": "Feature", "properties": {"stop_id": "RTM-00004727", "stop_name": "CC Le Merlan", "main_mode": "bus", "modes": ["bus"]}, "geometry": {"type": "Point", "coordinates": [5.39970604, 43.32868274]}}, {"type": "Feature", "properties": {"stop_id": "RTM-00004633", "stop_name": "CC Saint-Loup", "main_mode": "bus", "modes": ["bus"]}, "geometry": {"type": "Point", "coordinates": [5.4261181, 43.27896993]}}, {"type": "Feature", "properties": {"stop_id": "RTM-00004645", "stop_name": "CC Saint-Loup", "main_mode": "bus", "modes": ["bus"]}, "geometry": {"type": "Point", "coordinates": [5.42604501, 43.27912078]}}, {"type": "Feature", "properties": {"stop_id": "RTM-00004333", "stop_name": "CC Saint-Loup Doize", "main_mode": "bus", "modes": ["bus"]}, "geometry": {"type": "Point", "coordinates": [5.42749128, 43.27739647]}}, {"type": "Feature", "properties": {"stop_id": "RTM-00004467", "stop_name": "CC Saint-Loup Doize", "main_mode": "bus", "modes": ["bus"]}, "geometry": {"type": "Point", "coordinates": [5.427283, 43.277265]}}, {"type": "Feature", "properties": {"stop_id": "RTM-00001855", "stop_name": "CC Sormiou", "main_mode": "bus", "modes": ["bus"]}, "geometry": {"type": "Point", "coordinates": [5.400069, 43.232401]}}, {"type": "Feature", "properties": {"stop_id": "RTM-00001868", "stop_name": "CC Sormiou", "main_mode": "bus", "modes": ["bus"]}, "geometry": {"type": "Point", "coordinates": [5.4001, 43.232745]}}, {"type": "Feature", "properties": {"stop_id": "RTM-00001842", "stop_name": "CC Ste Anne", "main_mode": "bus", "modes": ["bus"]}, "geometry": {"type": "Point", "coordinates": [5.39405778, 43.25939345]}}, {"type": "Feature", "properties": {"stop_id": "RTM-00001882", "stop_name": "CC Ste Anne", "main_mode": "bus", "modes": ["bus"]}, "geometry": {"type": "Point", "coordinates": [5.394223, 43.25932]}}, {"type": "Feature", "properties": {"stop_id": "RTM-00001761", "stop_name": "CC Valmante", "main_mode": "bus", "modes": ["bus"]}, "geometry": {"type": "Point", "coordinates": [5.41660845, 43.24576151]}}, {"type": "Feature", "properties": {"stop_id": "RTM-00001778", "stop_name": "CC Valmante", "main_mode": "bus", "modes": ["bus"]}, "geometry": {"type": "Point", "coordinates": [5.41548997, 43.24574783]}}, {"type": "Feature", "properties": {"stop_id": "RTM-00002183", "stop_name": "CCAS d'Allauch", "main_mode": "bus", "modes": ["bus"]}, "geometry": {"type": "Point", "coordinates": [5.482861, 43.339737]}}, {"type": "Feature", "properties": {"stop_id": "RTM-00002207", "stop_name": "CCAS d'Allauch", "main_mode": "bus", "modes": ["bus"]}, "geometry": {"type": "Point", "coordinates": [5.482624, 43.339859]}}, {"type": "Feature", "properties": {"stop_id": "RTM-00000751", "stop_name": "Centre Gérontologique", "main_mode": "bus", "modes": ["bus"]}, "geometry": {"type": "Point", "coordinates": [5.410063, 43.311429]}}, {"type": "Feature", "properties": {"stop_id": "RTM-00000801", "stop_name": "Centre Gérontologique", "main_mode": "bus", "modes": ["bus"]}, "geometry": {"type": "Point", "coordinates": [5.409731, 43.311339]}}, {"type": "Feature", "properties": {"stop_id": "RTM-00000958", "stop_name": "Centre Social", "main_mode": "bus", "modes": ["bus"]}, "geometry": {"type": "Point", "coordinates": [5.438005, 43.297803]}}, {"type": "Feature", "properties": {"stop_id": "RTM-00000965", "stop_name": "Centre Social", "main_mode": "bus", "modes": ["bus"]}, "geometry": {"type": "Point", "coordinates": [5.437695, 43.297453]}}, {"type": "Feature", "properties": {"stop_id": "RTM-00002887", "stop_name": "CFA Corot", "main_mode": "bus", "modes": ["bus"]}, "geometry": {"type": "Point", "coordinates": [5.36802, 43.332969]}}, {"type": "Feature", "properties": {"stop_id": "RTM-00002888", "stop_name": "CFA Corot", "main_mode": "bus", "modes": ["bus"]}, "geometry": {"type": "Point", "coordinates": [5.36779225, 43.33287675]}}, {"type": "Feature", "properties": {"stop_id": "RTM-00001149", "stop_name": "Champfleuri", "main_mode": "bus", "modes": ["bus"]}, "geometry": {"type": "Point", "coordinates": [5.399685, 43.325688]}}, {"type": "Feature", "properties": {"stop_id": "RTM-00001153", "stop_name": "Champfleuri", "main_mode": "bus", "modes": ["bus"]}, "geometry": {"type": "Point", "coordinates": [5.400392, 43.325373]}}, {"type": "Feature", "properties": {"stop_id": "RTM-00004073", "stop_name": "Champollion", "main_mode": "bus", "modes": ["bus"]}, "geometry": {"type": "Point", "coordinates": [5.44952, 43.33979]}}, {"type": "Feature", "properties": {"stop_id": "RTM-00004074", "stop_name": "Champollion", "main_mode": "bus", "modes": ["bus"]}, "geometry": {"type": "Point", "coordinates": [5.449645, 43.339816]}}, {"type": "Feature", "properties": {"stop_id": "RTM-00001682", "stop_name": "Chante Perdrix", "main_mode": "bus", "modes": ["bus"]}, "geometry": {"type": "Point", "coordinates": [5.43155056, 43.27629564]}}, {"type": "Feature", "properties": {"stop_id": "RTM-00001690", "stop_name": "Chante Perdrix", "main_mode": "bus", "modes": ["bus"]}, "geometry": {"type": "Point", "coordinates": [5.432041, 43.276151]}}, {"type": "Feature", "properties": {"stop_id": "RTM-00002719", "stop_name": "Charbonnelle Trévaresse", "main_mode": "bus", "modes": ["bus"]}, "geometry": {"type": "Point", "coordinates": [5.416937, 43.297763]}}, {"type": "Feature", "properties": {"stop_id": "RTM-00002727", "stop_name": "Charbonnelle Trévaresse", "main_mode": "bus", "modes": ["bus"]}, "geometry": {"type": "Point", "coordinates": [5.416885, 43.297612]}}, {"type": "Feature", "properties": {"stop_id": "RTM-00002280", "stop_name": "Chartreux", "main_mode": "metro", "modes": ["metro"]}, "geometry": {"type": "Point", "coordinates": [5.401397, 43.309159]}}, {"type": "Feature", "properties": {"stop_id": "RTM-00002295", "stop_name": "Chartreux", "main_mode": "metro", "modes": ["metro"]}, "geometry": {"type": "Point", "coordinates": [5.401482, 43.309106]}}, {"type": "Feature", "properties": {"stop_id": "RTM-00001101", "stop_name": "Chartreux Pierre Roche", "main_mode": "bus", "modes": ["bus"]}, "geometry": {"type": "Point", "coordinates": [5.400645, 43.309652]}}, {"type": "Feature", "properties": {"stop_id": "RTM-00001125", "stop_name": "Chartreux Pierre Roche", "main_mode": "bus", "modes": ["bus"]}, "geometry": {"type": "Point", "coordinates": [5.400495, 43.309609]}}, {"type": "Feature", "properties": {"stop_id": "RTM-00001960", "stop_name": "Chemin Colline St Joseph", "main_mode": "bus", "modes": ["bus"]}, "geometry": {"type": "Point", "coordinates": [5.413779, 43.25313]}}, {"type": "Feature", "properties": {"stop_id": "RTM-00001966", "stop_name": "Chemin Colline St Joseph", "main_mode": "bus", "modes": ["bus"]}, "geometry": {"type": "Point", "coordinates": [5.413203, 43.253914]}}, {"type": "Feature", "properties": {"stop_id": "RTM-00000993", "stop_name": "Chemin de la Commanderie", "main_mode": "bus", "modes": ["bus"]}, "geometry": {"type": "Point", "coordinates": [5.362992, 43.347868]}}, {"type": "Feature", "properties": {"stop_id": "RTM-00000998", "stop_name": "Chemin de la Commanderie", "main_mode": "bus", "modes": ["bus"]}, "geometry": {"type": "Point", "coordinates": [5.362864, 43.347748]}}, {"type": "Feature", "properties": {"stop_id": "RTM-00000162", "stop_name": "Chemin de la Mûre", "main_mode": "bus", "modes": ["bus"]}, "geometry": {"type": "Point", "coordinates": [5.36533272, 43.35869004]}}, {"type": "Feature", "properties": {"stop_id": "RTM-00000174", "stop_name": "Chemin de la Mûre", "main_mode": "bus", "modes": ["bus"]}, "geometry": {"type": "Point", "coordinates": [5.36531085, 43.35850455]}}, {"type": "Feature", "properties": {"stop_id": "RTM-00001324", "stop_name": "Chemin de la Station", "main_mode": "bus", "modes": ["bus"]}, "geometry": {"type": "Point", "coordinates": [5.46276, 43.288322]}}, {"type": "Feature", "properties": {"stop_id": "RTM-00001377", "stop_name": "Chemin de la Station", "main_mode": "bus", "modes": ["bus"]}, "geometry": {"type": "Point", "coordinates": [5.461689, 43.288795]}}, {"type": "Feature", "properties": {"stop_id": "RTM-00000989", "stop_name": "Chemin de St Antoine", "main_mode": "bus", "modes": ["bus"]}, "geometry": {"type": "Point", "coordinates": [5.373566, 43.348955]}}, {"type": "Feature", "properties": {"stop_id": "RTM-00001002", "stop_name": "Chemin de St Antoine", "main_mode": "bus", "modes": ["bus"]}, "geometry": {"type": "Point", "coordinates": [5.374676, 43.348865]}}, {"type": "Feature", "properties": {"stop_id": "RTM-00001035", "stop_name": "Chemin des Grives", "main_mode": "bus", "modes": ["bus"]}, "geometry": {"type": "Point", "coordinates": [5.415365, 43.351744]}}, {"type": "Feature", "properties": {"stop_id": "RTM-00003924", "stop_name": "Chemin des Grives", "main_mode": "bus", "modes": ["bus"]}, "geometry": {"type": "Point", "coordinates": [5.415124, 43.351722]}}, {"type": "Feature", "properties": {"stop_id": "RTM-00002786", "stop_name": "Chemin du Passet", "main_mode": "bus", "modes": ["bus"]}, "geometry": {"type": "Point", "coordinates": [5.334238, 43.36045]}}, {"type": "Feature", "properties": {"stop_id": "RTM-00002791", "stop_name": "Chemin du Passet", "main_mode": "bus", "modes": ["bus"]}, "geometry": {"type": "Point", "coordinates": [5.334344, 43.36056]}}, {"type": "Feature", "properties": {"stop_id": "RTM-00002067", "stop_name": "Chemin du Roucas Blanc", "main_mode": "bus", "modes": ["bus"]}, "geometry": {"type": "Point", "coordinates": [5.365465, 43.26999]}}, {"type": "Feature", "properties": {"stop_id": "RTM-00002074", "stop_name": "Chemin du Roucas Blanc", "main_mode": "bus", "modes": ["bus"]}, "geometry": {"type": "Point", "coordinates": [5.365097, 43.270243]}}, {"type": "Feature", "properties": {"stop_id": "RTM-00001566", "stop_name": "Chutes Lavie", "main_mode": "bus", "modes": ["bus"]}, "geometry": {"type": "Point", "coordinates": [5.399535, 43.317117]}}, {"type": "Feature", "properties": {"stop_id": "RTM-00001570", "stop_name": "Chutes Lavie", "main_mode": "bus", "modes": ["bus"]}, "geometry": {"type": "Point", "coordinates": [5.39881, 43.316342]}}, {"type": "Feature", "properties": {"stop_id": "RTM-00001562", "stop_name": "Chutes Lavie Dahdah", "main_mode": "bus", "modes": ["bus"]}, "geometry": {"type": "Point", "coordinates": [5.396409, 43.310162]}}, {"type": "Feature", "properties": {"stop_id": "RTM-00001574", "stop_name": "Chutes Lavie Dahdah", "main_mode": "bus", "modes": ["bus"]}, "geometry": {"type": "Point", "coordinates": [5.39629993, 43.31014627]}}, {"type": "Feature", "properties": {"stop_id": "RTM-00003689", "stop_name": "Château de la Buzine", "main_mode": "bus", "modes": ["bus"]}, "geometry": {"type": "Point", "coordinates": [5.502065, 43.295822]}}, {"type": "Feature", "properties": {"stop_id": "RTM-00000687", "stop_name": "Château de la Parade", "main_mode": "bus", "modes": ["bus"]}, "geometry": {"type": "Point", "coordinates": [5.441919, 43.361347]}}, {"type": "Feature", "properties": {"stop_id": "RTM-00000695", "stop_name": "Château de la Parade", "main_mode": "bus", "modes": ["bus"]}, "geometry": {"type": "Point", "coordinates": [5.44165, 43.361239]}}, {"type": "Feature", "properties": {"stop_id": "RTM-00002750", "stop_name": "Château des Martégaux", "main_mode": "bus", "modes": ["bus"]}, "geometry": {"type": "Point", "coordinates": [5.443213, 43.32425]}}, {"type": "Feature", "properties": {"stop_id": "RTM-00002751", "stop_name": "Château des Martégaux", "main_mode": "bus", "modes": ["bus"]}, "geometry": {"type": "Point", "coordinates": [5.443243, 43.324359]}}, {"type": "Feature", "properties": {"stop_id": "RTM-00000681", "stop_name": "Château Gombert", "main_mode": "bus", "modes": ["bus"]}, "geometry": {"type": "Point", "coordinates": [5.43828607, 43.35352244]}}, {"type": "Feature", "properties": {"stop_id": "RTM-00000701", "stop_name": "Château Gombert", "main_mode": "bus", "modes": ["bus"]}, "geometry": {"type": "Point", "coordinates": [5.438034, 43.353238]}}, {"type": "Feature", "properties": {"stop_id": "RTM-00004160", "stop_name": "Château Gombert", "main_mode": "bus", "modes": ["bus"]}, "geometry": {"type": "Point", "coordinates": [5.438184, 43.3536]}}, {"type": "Feature", "properties": {"stop_id": "RTM-00001281", "stop_name": "Château Saint-Cyr", "main_mode": "bus", "modes": ["bus"]}, "geometry": {"type": "Point", "coordinates": [5.442682, 43.284243]}}, {"type": "Feature", "properties": {"stop_id": "RTM-00001299", "stop_name": "Château Saint-Cyr", "main_mode": "bus", "modes": ["bus"]}, "geometry": {"type": "Point", "coordinates": [5.44276799, 43.28378079]}}, {"type": "Feature", "properties": {"stop_id": "RTM-00001683", "stop_name": "Château Saint-Loup", "main_mode": "bus", "modes": ["bus"]}, "geometry": {"type": "Point", "coordinates": [5.434351, 43.274677]}}, {"type": "Feature", "properties": {"stop_id": "RTM-00001689", "stop_name": "Château Saint-Loup", "main_mode": "bus", "modes": ["bus"]}, "geometry": {"type": "Point", "coordinates": [5.433687, 43.275371]}}, {"type": "Feature", "properties": {"stop_id": "RTM-00001957", "stop_name": "Château Sec", "main_mode": "bus", "modes": ["bus"]}, "geometry": {"type": "Point", "coordinates": [5.406978, 43.2556]}}, {"type": "Feature", "properties": {"stop_id": "RTM-00001969", "stop_name": "Château Sec", "main_mode": "bus", "modes": ["bus"]}, "geometry": {"type": "Point", "coordinates": [5.406914, 43.25573]}}, {"type": "Feature", "properties": {"stop_id": "RTM-00002992", "stop_name": "Chêne Vert", "main_mode": "bus", "modes": ["bus"]}, "geometry": {"type": "Point", "coordinates": [5.354548, 43.407226]}}, {"type": "Feature", "properties": {"stop_id": "RTM-00004277", "stop_name": "Chêne Vert", "main_mode": "bus", "modes": ["bus"]}, "geometry": {"type": "Point", "coordinates": [5.354834, 43.407299]}}, {"type": "Feature", "properties": {"stop_id": "RTM-00000105", "stop_name": "Cimetière du Canet", "main_mode": "bus", "modes": ["bus"]}, "geometry": {"type": "Point", "coordinates": [5.379889, 43.325582]}}, {"type": "Feature", "properties": {"stop_id": "RTM-00000141", "stop_name": "Cimetière du Canet", "main_mode": "bus", "modes": ["bus"]}, "geometry": {"type": "Point", "coordinates": [5.38008, 43.325634]}}, {"type": "Feature", "properties": {"stop_id": "RTM-00002993", "stop_name": "Cimetière Nord", "main_mode": "bus", "modes": ["bus"]}, "geometry": {"type": "Point", "coordinates": [5.355244, 43.405579]}}, {"type": "Feature", "properties": {"stop_id": "RTM-00004276", "stop_name": "Cimetière Nord", "main_mode": "bus", "modes": ["bus"]}, "geometry": {"type": "Point", "coordinates": [5.355308, 43.405619]}}, {"type": "Feature", "properties": {"stop_id": "RTM-00002994", "stop_name": "Cimetière Sud", "main_mode": "bus", "modes": ["bus"]}, "geometry": {"type": "Point", "coordinates": [5.356296, 43.404337]}}, {"type": "Feature", "properties": {"stop_id": "RTM-00004275", "stop_name": "Cimetière Sud", "main_mode": "bus", "modes": ["bus"]}, "geometry": {"type": "Point", "coordinates": [5.356473, 43.404267]}}, {"type": "Feature", "properties": {"stop_id": "RTM-00003267", "stop_name": "Cinq Avenues", "main_mode": "tram", "modes": ["tram"]}, "geometry": {"type": "Point", "coordinates": [5.397134, 43.302338]}}, {"type": "Feature", "properties": {"stop_id": "RTM-00003285", "stop_name": "Cinq Avenues", "main_mode": "tram", "modes": ["tram"]}, "geometry": {"type": "Point", "coordinates": [5.397063, 43.302278]}}, {"type": "Feature", "properties": {"stop_id": "RTM-00002281", "stop_name": "Cinq Avenues Longchamp", "main_mode": "metro", "modes": ["metro"]}, "geometry": {"type": "Point", "coordinates": [5.396111, 43.3041025]}}, {"type": "Feature", "properties": {"stop_id": "RTM-00002296", "stop_name": "Cinq Avenues Longchamp", "main_mode": "metro", "modes": ["metro"]}, "geometry": {"type": "Point", "coordinates": [5.3961085, 43.3040585]}}, {"type": "Feature", "properties": {"stop_id": "RTM-00000328", "stop_name": "Cité Bassens", "main_mode": "bus", "modes": ["bus"]}, "geometry": {"type": "Point", "coordinates": [5.372878, 43.339037]}}, {"type": "Feature", "properties": {"stop_id": "RTM-00000370", "stop_name": "Cité Bassens", "main_mode": "bus", "modes": ["bus"]}, "geometry": {"type": "Point", "coordinates": [5.372966, 43.338655]}}, {"type": "Feature", "properties": {"stop_id": "RTM-00002014", "stop_name": "Cité Chutes Lavie", "main_mode": "bus", "modes": ["bus"]}, "geometry": {"type": "Point", "coordinates": [5.394691, 43.316219]}}, {"type": "Feature", "properties": {"stop_id": "RTM-00002041", "stop_name": "Cité Chutes Lavie", "main_mode": "bus", "modes": ["bus"]}, "geometry": {"type": "Point", "coordinates": [5.39526188, 43.31661961]}}, {"type": "Feature", "properties": {"stop_id": "RTM-00000156", "stop_name": "Cité des Arts de la Rue", "main_mode": "bus", "modes": ["bus"]}, "geometry": {"type": "Point", "coordinates": [5.365534, 43.352149]}}, {"type": "Feature", "properties": {"stop_id": "RTM-00000180", "stop_name": "Cité des Arts de la Rue", "main_mode": "bus", "modes": ["bus"]}, "geometry": {"type": "Point", "coordinates": [5.365285, 43.351633]}}, {"type": "Feature", "properties": {"stop_id": "RTM-00002882", "stop_name": "Cité La Marie Basse", "main_mode": "bus", "modes": ["bus"]}, "geometry": {"type": "Point", "coordinates": [5.457666, 43.329946]}}, {"type": "Feature", "properties": {"stop_id": "RTM-00002885", "stop_name": "Cité La Marie Basse", "main_mode": "bus", "modes": ["bus"]}, "geometry": {"type": "Point", "coordinates": [5.45737, 43.329368]}}, {"type": "Feature", "properties": {"stop_id": "RTM-00002884", "stop_name": "Cité La Marie Haute", "main_mode": "bus", "modes": ["bus"]}, "geometry": {"type": "Point", "coordinates": [5.454252, 43.328097]}}, {"type": "Feature", "properties": {"stop_id": "RTM-00003973", "stop_name": "Cité La Viste", "main_mode": "bus", "modes": ["bus"]}, "geometry": {"type": "Point", "coordinates": [5.357431, 43.355692]}}, {"type": "Feature", "properties": {"stop_id": "RTM-00004019", "stop_name": "Cité La Viste", "main_mode": "bus", "modes": ["bus"]}, "geometry": {"type": "Point", "coordinates": [5.357302, 43.355868]}}, {"type": "Feature", "properties": {"stop_id": "RTM-00001147", "stop_name": "Cité St Just", "main_mode": "bus", "modes": ["bus"]}, "geometry": {"type": "Point", "coordinates": [5.40285408, 43.32456304]}}, {"type": "Feature", "properties": {"stop_id": "RTM-00001154", "stop_name": "Cité St Just", "main_mode": "bus", "modes": ["bus"]}, "geometry": {"type": "Point", "coordinates": [5.40256508, 43.32466363]}}, {"type": "Feature", "properties": {"stop_id": "RTM-00000014", "stop_name": "Cité St Louis", "main_mode": "bus", "modes": ["bus"]}, "geometry": {"type": "Point", "coordinates": [5.354132, 43.351445]}}, {"type": "Feature", "properties": {"stop_id": "RTM-00000038", "stop_name": "Cité St Louis", "main_mode": "bus", "modes": ["bus"]}, "geometry": {"type": "Point", "coordinates": [5.354026, 43.351175]}}, {"type": "Feature", "properties": {"stop_id": "RTM-00001169", "stop_name": "Clairval Les Comtes", "main_mode": "bus", "modes": ["bus"]}, "geometry": {"type": "Point", "coordinates": [5.450676, 43.2934524]}}, {"type": "Feature", "properties": {"stop_id": "RTM-00001202", "stop_name": "Clairval Les Comtes", "main_mode": "bus", "modes": ["bus"]}, "geometry": {"type": "Point", "coordinates": [5.451152, 43.293576]}}, {"type": "Feature", "properties": {"stop_id": "RTM-00001645", "stop_name": "Claudel Mairie 9-10", "main_mode": "bus", "modes": ["bus"]}, "geometry": {"type": "Point", "coordinates": [5.413966, 43.268232]}}, {"type": "Feature", "properties": {"stop_id": "RTM-00001663", "stop_name": "Claudel Mairie 9-10", "main_mode": "bus", "modes": ["bus"]}, "geometry": {"type": "Point", "coordinates": [5.413889, 43.268356]}}, {"type": "Feature", "properties": {"stop_id": "RTM-00001921", "stop_name": "Clinique", "main_mode": "bus", "modes": ["bus"]}, "geometry": {"type": "Point", "coordinates": [5.38178, 43.249673]}}, {"type": "Feature", "properties": {"stop_id": "RTM-00001929", "stop_name": "Clinique", "main_mode": "bus", "modes": ["bus"]}, "geometry": {"type": "Point", "coordinates": [5.3818982, 43.2495341]}}, {"type": "Feature", "properties": {"stop_id": "RTM-00004202", "stop_name": "Clinique Juge", "main_mode": "bus", "modes": ["bus"]}, "geometry": {"type": "Point", "coordinates": [5.38712829, 43.27347737]}}, {"type": "Feature", "properties": {"stop_id": "RTM-00001178", "stop_name": "Clinique St Martin", "main_mode": "bus", "modes": ["bus"]}, "geometry": {"type": "Point", "coordinates": [5.50395727, 43.30110254]}}, {"type": "Feature", "properties": {"stop_id": "RTM-00001192", "stop_name": "Clinique St Martin", "main_mode": "bus", "modes": ["bus"]}, "geometry": {"type": "Point", "coordinates": [5.503599, 43.301067]}}, {"type": "Feature", "properties": {"stop_id": "RTM-00000618", "stop_name": "Clos d'Orville", "main_mode": "bus", "modes": ["bus"]}, "geometry": {"type": "Point", "coordinates": [5.436348, 43.327289]}}, {"type": "Feature", "properties": {"stop_id": "RTM-00004674", "stop_name": "Clos de Mélanie", "main_mode": "bus", "modes": ["bus"]}, "geometry": {"type": "Point", "coordinates": [5.5012414, 43.30774578]}}, {"type": "Feature", "properties": {"stop_id": "RTM-00004687", "stop_name": "Clos de Mélanie", "main_mode": "bus", "modes": ["bus"]}, "geometry": {"type": "Point", "coordinates": [5.50109893, 43.30779648]}}, {"type": "Feature", "properties": {"stop_id": "RTM-00001918", "stop_name": "Clot Bey Leau", "main_mode": "bus", "modes": ["bus"]}, "geometry": {"type": "Point", "coordinates": [5.382209, 43.255482]}}, {"type": "Feature", "properties": {"stop_id": "RTM-00001932", "stop_name": "Clot Bey Leau", "main_mode": "bus", "modes": ["bus"]}, "geometry": {"type": "Point", "coordinates": [5.382484, 43.256078]}}, {"type": "Feature", "properties": {"stop_id": "RTM-00001917", "stop_name": "Clot Bey Paul", "main_mode": "bus", "modes": ["bus"]}, "geometry": {"type": "Point", "coordinates": [5.383478, 43.258118]}}, {"type": "Feature", "properties": {"stop_id": "RTM-00001933", "stop_name": "Clot Bey Paul", "main_mode": "bus", "modes": ["bus"]}, "geometry": {"type": "Point", "coordinates": [5.38363619, 43.2581675]}}, {"type": "Feature", "properties": {"stop_id": "RTM-00000209", "stop_name": "Clovis Hugues", "main_mode": "bus", "modes": ["bus"]}, "geometry": {"type": "Point", "coordinates": [5.384015, 43.311017]}}, {"type": "Feature", "properties": {"stop_id": "RTM-00000456", "stop_name": "Clovis Hugues", "main_mode": "bus", "modes": ["bus"]}, "geometry": {"type": "Point", "coordinates": [5.384393, 43.311344]}}, {"type": "Feature", "properties": {"stop_id": "RTM-00004194", "stop_name": "Codaccioni", "main_mode": "bus", "modes": ["bus"]}, "geometry": {"type": "Point", "coordinates": [5.35839379, 43.28751117]}}, {"type": "Feature", "properties": {"stop_id": "RTM-00002284", "stop_name": "Colbert", "main_mode": "metro", "modes": ["metro"]}, "geometry": {"type": "Point", "coordinates": [5.374338, 43.3003195]}}, {"type": "Feature", "properties": {"stop_id": "RTM-00002299", "stop_name": "Colbert", "main_mode": "metro", "modes": ["metro"]}, "geometry": {"type": "Point", "coordinates": [5.374398, 43.3002955]}}, {"type": "Feature", "properties": {"stop_id": "RTM-00001861", "stop_name": "Colgate Agelasto", "main_mode": "bus", "modes": ["bus"]}, "geometry": {"type": "Point", "coordinates": [5.408942, 43.234032]}}, {"type": "Feature", "properties": {"stop_id": "RTM-00001862", "stop_name": "Colgate Agelasto", "main_mode": "bus", "modes": ["bus"]}, "geometry": {"type": "Point", "coordinates": [5.408865, 43.234091]}}, {"type": "Feature", "properties": {"stop_id": "RTM-00001860", "stop_name": "Colgate Valette", "main_mode": "bus", "modes": ["bus"]}, "geometry": {"type": "Point", "coordinates": [5.405982, 43.233521]}}, {"type": "Feature", "properties": {"stop_id": "RTM-00001863", "stop_name": "Colgate Valette", "main_mode": "bus", "modes": ["bus"]}, "geometry": {"type": "Point", "coordinates": [5.405154, 43.233105]}}, {"type": "Feature", "properties": {"stop_id": "RTM-00001239", "stop_name": "Collet des Comtes", "main_mode": "bus", "modes": ["bus"]}, "geometry": {"type": "Point", "coordinates": [5.45515, 43.299256]}}, {"type": "Feature", "properties": {"stop_id": "RTM-00001244", "stop_name": "Collet des Comtes", "main_mode": "bus", "modes": ["bus"]}, "geometry": {"type": "Point", "coordinates": [5.455356, 43.299437]}}, {"type": "Feature", "properties": {"stop_id": "RTM-00004586", "stop_name": "Colline de la Garde", "main_mode": "bus", "modes": ["bus"]}, "geometry": {"type": "Point", "coordinates": [5.37441999, 43.2934502]}}, {"type": "Feature", "properties": {"stop_id": "RTM-00000247", "stop_name": "Collège Arthur Rimbaud", "main_mode": "bus", "modes": ["bus"]}, "geometry": {"type": "Point", "coordinates": [5.347685, 43.343337]}}, {"type": "Feature", "properties": {"stop_id": "RTM-00000274", "stop_name": "Collège Arthur Rimbaud", "main_mode": "bus", "modes": ["bus"]}, "geometry": {"type": "Point", "coordinates": [5.346708, 43.344015]}}, {"type": "Feature", "properties": {"stop_id": "RTM-00002862", "stop_name": "Collège Chape", "main_mode": "bus", "modes": ["bus"]}, "geometry": {"type": "Point", "coordinates": [5.389504, 43.298925]}}, {"type": "Feature", "properties": {"stop_id": "RTM-00002865", "stop_name": "Collège Chape", "main_mode": "bus", "modes": ["bus"]}, "geometry": {"type": "Point", "coordinates": [5.389422, 43.298832]}}, {"type": "Feature", "properties": {"stop_id": "RTM-00001326", "stop_name": "Collège Château Forbin", "main_mode": "bus", "modes": ["bus"]}, "geometry": {"type": "Point", "coordinates": [5.470767, 43.286196]}}, {"type": "Feature", "properties": {"stop_id": "RTM-00001375", "stop_name": "Collège Château Forbin", "main_mode": "bus", "modes": ["bus"]}, "geometry": {"type": "Point", "coordinates": [5.471187, 43.286344]}}, {"type": "Feature", "properties": {"stop_id": "RTM-00000107", "stop_name": "Collège Clair Soleil", "main_mode": "bus", "modes": ["bus"]}, "geometry": {"type": "Point", "coordinates": [5.386095, 43.323403]}}, {"type": "Feature", "properties": {"stop_id": "RTM-00000139", "stop_name": "Collège Clair Soleil", "main_mode": "bus", "modes": ["bus"]}, "geometry": {"type": "Point", "coordinates": [5.386189, 43.323612]}}, {"type": "Feature", "properties": {"stop_id": "RTM-00000946", "stop_name": "Collège Darius Milhaud", "main_mode": "bus", "modes": ["bus"]}, "geometry": {"type": "Point", "coordinates": [5.413727, 43.297994]}}, {"type": "Feature", "properties": {"stop_id": "RTM-00002592", "stop_name": "Collège des Chartreux", "main_mode": "bus", "modes": ["bus"]}, "geometry": {"type": "Point", "coordinates": [5.398932, 43.304781]}}, {"type": "Feature", "properties": {"stop_id": "RTM-00000337", "stop_name": "Collège Edouard Manet", "main_mode": "bus", "modes": ["bus"]}, "geometry": {"type": "Point", "coordinates": [5.398839, 43.334104]}}, {"type": "Feature", "properties": {"stop_id": "RTM-00000361", "stop_name": "Collège Edouard Manet", "main_mode": "bus", "modes": ["bus"]}, "geometry": {"type": "Point", "coordinates": [5.398718, 43.333635]}}, {"type": "Feature", "properties": {"stop_id": "RTM-00002984", "stop_name": "Collège Ferrandi", "main_mode": "bus", "modes": ["bus"]}, "geometry": {"type": "Point", "coordinates": [5.370959, 43.407479]}}, {"type": "Feature", "properties": {"stop_id": "RTM-00003004", "stop_name": "Collège Ferrandi", "main_mode": "bus", "modes": ["bus"]}, "geometry": {"type": "Point", "coordinates": [5.371022, 43.406744]}}, {"type": "Feature", "properties": {"stop_id": "RTM-00003628", "stop_name": "Collège Grande Bastide", "main_mode": "bus", "modes": ["bus"]}, "geometry": {"type": "Point", "coordinates": [5.406854, 43.255041]}}, {"type": "Feature", "properties": {"stop_id": "RTM-00003630", "stop_name": "Collège Grande Bastide", "main_mode": "bus", "modes": ["bus"]}, "geometry": {"type": "Point", "coordinates": [5.406899, 43.255143]}}, {"type": "Feature", "properties": {"stop_id": "RTM-00004166", "stop_name": "Collège Gyptis", "main_mode": "bus", "modes": ["bus"]}, "geometry": {"type": "Point", "coordinates": [5.4196217, 43.2637732]}}, {"type": "Feature", "properties": {"stop_id": "RTM-00004167", "stop_name": "Collège Gyptis", "main_mode": "bus", "modes": ["bus"]}, "geometry": {"type": "Point", "coordinates": [5.4196975, 43.2636938]}}, {"type": "Feature", "properties": {"stop_id": "RTM-00003811", "stop_name": "Collège Izzo", "main_mode": "bus", "modes": ["bus"]}, "geometry": {"type": "Point", "coordinates": [5.369053, 43.306574]}}, {"type": "Feature", "properties": {"stop_id": "RTM-00000773", "stop_name": "Collège Jacques Prévert", "main_mode": "bus", "modes": ["bus"]}, "geometry": {"type": "Point", "coordinates": [5.430837, 43.325586]}}, {"type": "Feature", "properties": {"stop_id": "RTM-00000779", "stop_name": "Collège Jacques Prévert", "main_mode": "bus", "modes": ["bus"]}, "geometry": {"type": "Point", "coordinates": [5.431038, 43.325491]}}, {"type": "Feature", "properties": {"stop_id": "RTM-00004318", "stop_name": "Collège Jean Giono", "main_mode": "bus", "modes": ["bus"]}, "geometry": {"type": "Point", "coordinates": [5.43484479, 43.33655619]}}, {"type": "Feature", "properties": {"stop_id": "RTM-00003977", "stop_name": "Collège Jean Moulin", "main_mode": "bus", "modes": ["bus"]}, "geometry": {"type": "Point", "coordinates": [5.356878, 43.366218]}}, {"type": "Feature", "properties": {"stop_id": "RTM-00004015", "stop_name": "Collège Jean Moulin", "main_mode": "bus", "modes": ["bus"]}, "geometry": {"type": "Point", "coordinates": [5.356883, 43.365108]}}, {"type": "Feature", "properties": {"stop_id": "RTM-00001175", "stop_name": "Collège Le Ruissatel", "main_mode": "bus", "modes": ["bus"]}, "geometry": {"type": "Point", "coordinates": [5.489256, 43.295756]}}, {"type": "Feature", "properties": {"stop_id": "RTM-00001195", "stop_name": "Collège Le Ruissatel", "main_mode": "bus", "modes": ["bus"]}, "geometry": {"type": "Point", "coordinates": [5.487677, 43.295807]}}, {"type": "Feature", "properties": {"stop_id": "RTM-00003691", "stop_name": "Collège Le Ruissatel", "main_mode": "bus", "modes": ["bus"]}, "geometry": {"type": "Point", "coordinates": [5.488498, 43.295419]}}, {"type": "Feature", "properties": {"stop_id": "RTM-00001277", "stop_name": "Collège Les Bartavelles", "main_mode": "bus", "modes": ["bus"]}, "geometry": {"type": "Point", "coordinates": [5.437117, 43.281318]}}, {"type": "Feature", "properties": {"stop_id": "RTM-00001303", "stop_name": "Collège Les Bartavelles", "main_mode": "bus", "modes": ["bus"]}, "geometry": {"type": "Point", "coordinates": [5.437086, 43.281454]}}, {"type": "Feature", "properties": {"stop_id": "RTM-00003940", "stop_name": "Collège Malraux", "main_mode": "bus", "modes": ["bus"]}, "geometry": {"type": "Point", "coordinates": [5.445198, 43.342523]}}, {"type": "Feature", "properties": {"stop_id": "RTM-00003943", "stop_name": "Collège Malraux", "main_mode": "bus", "modes": ["bus"]}, "geometry": {"type": "Point", "coordinates": [5.445005, 43.342493]}}, {"type": "Feature", "properties": {"stop_id": "RTM-00004071", "stop_name": "Collège Malraux", "main_mode": "bus", "modes": ["bus"]}, "geometry": {"type": "Point", "coordinates": [5.44529155, 43.34311775]}}, {"type": "Feature", "properties": {"stop_id": "RTM-00004077", "stop_name": "Collège Malraux", "main_mode": "bus", "modes": ["bus"]}, "geometry": {"type": "Point", "coordinates": [5.44529691, 43.34321821]}}, {"type": "Feature", "properties": {"stop_id": "RTM-00002154", "stop_name": "Collège Olympe de Gouges", "main_mode": "bus", "modes": ["bus"]}, "geometry": {"type": "Point", "coordinates": [5.4671025, 43.35300499]}}, {"type": "Feature", "properties": {"stop_id": "RTM-00002161", "stop_name": "Collège Olympe de Gouges", "main_mode": "bus", "modes": ["bus"]}, "geometry": {"type": "Point", "coordinates": [5.467, 43.352958]}}, {"type": "Feature", "properties": {"stop_id": "RTM-00004679", "stop_name": "Collège Olympe de Gouges", "main_mode": "bus", "modes": ["bus"]}, "geometry": {"type": "Point", "coordinates": [5.46721029, 43.35291278]}}, {"type": "Feature", "properties": {"stop_id": "RTM-00001643", "stop_name": "Collège Pasteur", "main_mode": "bus", "modes": ["bus"]}, "geometry": {"type": "Point", "coordinates": [5.409854, 43.268236]}}, {"type": "Feature", "properties": {"stop_id": "RTM-00001665", "stop_name": "Collège Pasteur", "main_mode": "bus", "modes": ["bus"]}, "geometry": {"type": "Point", "coordinates": [5.409903, 43.268363]}}, {"type": "Feature", "properties": {"stop_id": "RTM-00001591", "stop_name": "Collège Pont de Vivaux", "main_mode": "bus", "modes": ["bus"]}, "geometry": {"type": "Point", "coordinates": [5.41660205, 43.27713686]}}, {"type": "Feature", "properties": {"stop_id": "RTM-00001853", "stop_name": "Collège Roy d'Espagne", "main_mode": "bus", "modes": ["bus"]}, "geometry": {"type": "Point", "coordinates": [5.397056, 43.240925]}}, {"type": "Feature", "properties": {"stop_id": "RTM-00001870", "stop_name": "Collège Roy d'Espagne", "main_mode": "bus", "modes": ["bus"]}, "geometry": {"type": "Point", "coordinates": [5.397203, 43.241327]}}, {"type": "Feature", "properties": {"stop_id": "RTM-00003694", "stop_name": "Collège Roy d'Espagne", "main_mode": "bus", "modes": ["bus"]}, "geometry": {"type": "Point", "coordinates": [5.39648116, 43.24151384]}}, {"type": "Feature", "properties": {"stop_id": "RTM-00003695", "stop_name": "Collège Roy d'Espagne", "main_mode": "bus", "modes": ["bus"]}, "geometry": {"type": "Point", "coordinates": [5.396181, 43.24161]}}, {"type": "Feature", "properties": {"stop_id": "RTM-00003991", "stop_name": "Collège Vallon des Pins", "main_mode": "bus", "modes": ["bus"]}, "geometry": {"type": "Point", "coordinates": [5.365035, 43.372254]}}, {"type": "Feature", "properties": {"stop_id": "RTM-00004001", "stop_name": "Collège Vallon des Pins", "main_mode": "bus", "modes": ["bus"]}, "geometry": {"type": "Point", "coordinates": [5.36497, 43.371774]}}, {"type": "Feature", "properties": {"stop_id": "RTM-00004470", "stop_name": "Collège Vallon des Pins", "main_mode": "bus", "modes": ["bus"]}, "geometry": {"type": "Point", "coordinates": [5.36520494, 43.37217605]}}, {"type": "Feature", "properties": {"stop_id": "RTM-00004740", "stop_name": "Collège Yves Montand", "main_mode": "bus", "modes": ["bus"]}, "geometry": {"type": "Point", "coordinates": [5.463579, 43.337272]}}, {"type": "Feature", "properties": {"stop_id": "RTM-00000343", "stop_name": "Collèges Renoir Rostand", "main_mode": "bus", "modes": ["bus"]}, "geometry": {"type": "Point", "coordinates": [5.407547, 43.327386]}}, {"type": "Feature", "properties": {"stop_id": "RTM-00000355", "stop_name": "Collèges Renoir Rostand", "main_mode": "bus", "modes": ["bus"]}, "geometry": {"type": "Point", "coordinates": [5.407404, 43.327686]}}, {"type": "Feature", "properties": {"stop_id": "RTM-00004283", "stop_name": "Commissariat", "main_mode": "bus", "modes": ["bus"]}, "geometry": {"type": "Point", "coordinates": [5.36749184, 43.39240714]}}, {"type": "Feature", "properties": {"stop_id": "RTM-00000765", "stop_name": "Compadieu", "main_mode": "bus", "modes": ["bus"]}, "geometry": {"type": "Point", "coordinates": [5.433636, 43.318934]}}, {"type": "Feature", "properties": {"stop_id": "RTM-00000787", "stop_name": "Compadieu", "main_mode": "bus", "modes": ["bus"]}, "geometry": {"type": "Point", "coordinates": [5.433564, 43.319311]}}, {"type": "Feature", "properties": {"stop_id": "RTM-00000815", "stop_name": "Compassion", "main_mode": "bus", "modes": ["bus"]}, "geometry": {"type": "Point", "coordinates": [5.41122258, 43.3040617]}}, {"type": "Feature", "properties": {"stop_id": "RTM-00000856", "stop_name": "Compassion", "main_mode": "bus", "modes": ["bus"]}, "geometry": {"type": "Point", "coordinates": [5.410836, 43.304157]}}, {"type": "Feature", "properties": {"stop_id": "RTM-00000790", "stop_name": "Compostelle Aiguillette", "main_mode": "bus", "modes": ["bus"]}, "geometry": {"type": "Point", "coordinates": [5.429525, 43.318524]}}, {"type": "Feature", "properties": {"stop_id": "RTM-00003148", "stop_name": "Comtesse", "main_mode": "bus", "modes": ["bus"]}, "geometry": {"type": "Point", "coordinates": [5.44732, 43.318927]}}, {"type": "Feature", "properties": {"stop_id": "RTM-00003149", "stop_name": "Comtesse", "main_mode": "bus", "modes": ["bus"]}, "geometry": {"type": "Point", "coordinates": [5.447192, 43.318872]}}, {"type": "Feature", "properties": {"stop_id": "RTM-00000888", "stop_name": "Comtesse Clinique", "main_mode": "bus", "modes": ["bus"]}, "geometry": {"type": "Point", "coordinates": [5.447266, 43.31566]}}, {"type": "Feature", "properties": {"stop_id": "RTM-00000891", "stop_name": "Comtesse Clinique", "main_mode": "bus", "modes": ["bus"]}, "geometry": {"type": "Point", "coordinates": [5.447472, 43.315814]}}, {"type": "Feature", "properties": {"stop_id": "RTM-00000887", "stop_name": "Comtesse Rampal", "main_mode": "bus", "modes": ["bus"]}, "geometry": {"type": "Point", "coordinates": [5.447245, 43.317385]}}, {"type": "Feature", "properties": {"stop_id": "RTM-00000892", "stop_name": "Comtesse Rampal", "main_mode": "bus", "modes": ["bus"]}, "geometry": {"type": "Point", "coordinates": [5.447385, 43.317431]}}, {"type": "Feature", "properties": {"stop_id": "RTM-00001978", "stop_name": "Concorde Obélisque", "main_mode": "bus", "modes": ["bus"]}, "geometry": {"type": "Point", "coordinates": [5.403009, 43.250169]}}, {"type": "Feature", "properties": {"stop_id": "RTM-00001992", "stop_name": "Concorde Obélisque", "main_mode": "bus", "modes": ["bus"]}, "geometry": {"type": "Point", "coordinates": [5.403259, 43.250316]}}, {"type": "Feature", "properties": {"stop_id": "RTM-00000295", "stop_name": "Condorcet Picaron", "main_mode": "bus", "modes": ["bus"]}, "geometry": {"type": "Point", "coordinates": [5.338898, 43.357814]}}, {"type": "Feature", "properties": {"stop_id": "RTM-00000317", "stop_name": "Condorcet Picaron", "main_mode": "bus", "modes": ["bus"]}, "geometry": {"type": "Point", "coordinates": [5.338875, 43.357677]}}, {"type": "Feature", "properties": {"stop_id": "RTM-00000294", "stop_name": "Consolat", "main_mode": "bus", "modes": ["bus"]}, "geometry": {"type": "Point", "coordinates": [5.350441, 43.350647]}}, {"type": "Feature", "properties": {"stop_id": "RTM-00000318", "stop_name": "Consolat", "main_mode": "bus", "modes": ["bus"]}, "geometry": {"type": "Point", "coordinates": [5.350157, 43.350685]}}, {"type": "Feature", "properties": {"stop_id": "RTM-00000734", "stop_name": "Consolation Balustres", "main_mode": "bus", "modes": ["bus"]}, "geometry": {"type": "Point", "coordinates": [5.421173, 43.339873]}}, {"type": "Feature", "properties": {"stop_id": "RTM-00000735", "stop_name": "Consolation Balustres", "main_mode": "bus", "modes": ["bus"]}, "geometry": {"type": "Point", "coordinates": [5.421885, 43.339626]}}, {"type": "Feature", "properties": {"stop_id": "RTM-00000732", "stop_name": "Consolation Gracieuse", "main_mode": "bus", "modes": ["bus"]}, "geometry": {"type": "Point", "coordinates": [5.42831878, 43.33911514]}}, {"type": "Feature", "properties": {"stop_id": "RTM-00000737", "stop_name": "Consolation Gracieuse", "main_mode": "bus", "modes": ["bus"]}, "geometry": {"type": "Point", "coordinates": [5.42885254, 43.33902686]}}, {"type": "Feature", "properties": {"stop_id": "RTM-00002824", "stop_name": "Copernic", "main_mode": "bus", "modes": ["bus"]}, "geometry": {"type": "Point", "coordinates": [5.448541, 43.342831]}}, {"type": "Feature", "properties": {"stop_id": "RTM-00004072", "stop_name": "Copernic", "main_mode": "bus", "modes": ["bus"]}, "geometry": {"type": "Point", "coordinates": [5.449105, 43.341897]}}, {"type": "Feature", "properties": {"stop_id": "RTM-00002226", "stop_name": "Corbières Base Nautique", "main_mode": "bus", "modes": ["bus"]}, "geometry": {"type": "Point", "coordinates": [5.293533, 43.359962]}}, {"type": "Feature", "properties": {"stop_id": "RTM-00002228", "stop_name": "Corbières Base Nautique", "main_mode": "bus", "modes": ["bus"]}, "geometry": {"type": "Point", "coordinates": [5.292686, 43.359012]}}, {"type": "Feature", "properties": {"stop_id": "RTM-00001418", "stop_name": "Corniche Audéoud", "main_mode": "bus", "modes": ["bus"]}, "geometry": {"type": "Point", "coordinates": [5.35695881, 43.28968029]}}, {"type": "Feature", "properties": {"stop_id": "RTM-00002085", "stop_name": "Corniche Audéoud", "main_mode": "bus", "modes": ["bus"]}, "geometry": {"type": "Point", "coordinates": [5.357203, 43.289474]}}, {"type": "Feature", "properties": {"stop_id": "RTM-00002056", "stop_name": "Corniche Dessemond", "main_mode": "bus", "modes": ["bus"]}, "geometry": {"type": "Point", "coordinates": [5.354199, 43.289064]}}, {"type": "Feature", "properties": {"stop_id": "RTM-00002084", "stop_name": "Corniche Dessemond", "main_mode": "bus", "modes": ["bus"]}, "geometry": {"type": "Point", "coordinates": [5.353624, 43.288642]}}, {"type": "Feature", "properties": {"stop_id": "RTM-00002057", "stop_name": "Corniche Frégier", "main_mode": "bus", "modes": ["bus"]}, "geometry": {"type": "Point", "coordinates": [5.352137, 43.287482]}}, {"type": "Feature", "properties": {"stop_id": "RTM-00002083", "stop_name": "Corniche Frégier", "main_mode": "bus", "modes": ["bus"]}, "geometry": {"type": "Point", "coordinates": [5.35216752, 43.28729358]}}, {"type": "Feature", "properties": {"stop_id": "RTM-00002065", "stop_name": "Corniche Napoule", "main_mode": "bus", "modes": ["bus"]}, "geometry": {"type": "Point", "coordinates": [5.361024, 43.274501]}}, {"type": "Feature", "properties": {"stop_id": "RTM-00002076", "stop_name": "Corniche Napoule", "main_mode": "bus", "modes": ["bus"]}, "geometry": {"type": "Point", "coordinates": [5.36098, 43.274655]}}, {"type": "Feature", "properties": {"stop_id": "RTM-00002068", "stop_name": "Corniche Talabot", "main_mode": "bus", "modes": ["bus"]}, "geometry": {"type": "Point", "coordinates": [5.37029592, 43.26865256]}}, {"type": "Feature", "properties": {"stop_id": "RTM-00002073", "stop_name": "Corniche Talabot", "main_mode": "bus", "modes": ["bus"]}, "geometry": {"type": "Point", "coordinates": [5.370017, 43.268885]}}, {"type": "Feature", "properties": {"stop_id": "RTM-00000791", "stop_name": "Corogne Aiguillette", "main_mode": "bus", "modes": ["bus"]}, "geometry": {"type": "Point", "coordinates": [5.428133, 43.318199]}}, {"type": "Feature", "properties": {"stop_id": "RTM-00001145", "stop_name": "Corot Lacordaire", "main_mode": "bus", "modes": ["bus"]}, "geometry": {"type": "Point", "coordinates": [5.406711, 43.322677]}}, {"type": "Feature", "properties": {"stop_id": "RTM-00001156", "stop_name": "Corot Lacordaire", "main_mode": "bus", "modes": ["bus"]}, "geometry": {"type": "Point", "coordinates": [5.4072, 43.3222]}}, {"type": "Feature", "properties": {"stop_id": "RTM-00001150", "stop_name": "Corot Monet", "main_mode": "bus", "modes": ["bus"]}, "geometry": {"type": "Point", "coordinates": [5.39621562, 43.32688498]}}, {"type": "Feature", "properties": {"stop_id": "RTM-00001152", "stop_name": "Corot Monet", "main_mode": "bus", "modes": ["bus"]}, "geometry": {"type": "Point", "coordinates": [5.3962459, 43.32676565]}}, {"type": "Feature", "properties": {"stop_id": "RTM-00001124", "stop_name": "Corot Moutte", "main_mode": "bus", "modes": ["bus"]}, "geometry": {"type": "Point", "coordinates": [5.407749, 43.320689]}}, {"type": "Feature", "properties": {"stop_id": "RTM-00002662", "stop_name": "Corot Moutte", "main_mode": "bus", "modes": ["bus"]}, "geometry": {"type": "Point", "coordinates": [5.407962, 43.32176]}}, {"type": "Feature", "properties": {"stop_id": "RTM-00001401", "stop_name": "Corse D'Aurelle", "main_mode": "bus", "modes": ["bus"]}, "geometry": {"type": "Point", "coordinates": [5.362842, 43.289179]}}, {"type": "Feature", "properties": {"stop_id": "RTM-00001415", "stop_name": "Corse D'Aurelle", "main_mode": "bus", "modes": ["bus"]}, "geometry": {"type": "Point", "coordinates": [5.3628, 43.289357]}}, {"type": "Feature", "properties": {"stop_id": "RTM-00004120", "stop_name": "Cours Saint-Louis", "main_mode": "tram", "modes": ["tram"]}, "geometry": {"type": "Point", "coordinates": [5.377919, 43.295856]}}, {"type": "Feature", "properties": {"stop_id": "RTM-00004133", "stop_name": "Cours Saint-Louis", "main_mode": "tram", "modes": ["tram"]}, "geometry": {"type": "Point", "coordinates": [5.378159, 43.29594]}}, {"type": "Feature", "properties": {"stop_id": "RTM-00000127", "stop_name": "Coxe Mairie 13-14", "main_mode": "bus", "modes": ["bus"]}, "geometry": {"type": "Point", "coordinates": [5.380147, 43.345921]}}, {"type": "Feature", "properties": {"stop_id": "RTM-00000118", "stop_name": "Coxe Massenet", "main_mode": "bus", "modes": ["bus"]}, "geometry": {"type": "Point", "coordinates": [5.382074, 43.345904]}}, {"type": "Feature", "properties": {"stop_id": "RTM-00000128", "stop_name": "Coxe Massenet", "main_mode": "bus", "modes": ["bus"]}, "geometry": {"type": "Point", "coordinates": [5.382087, 43.345478]}}, {"type": "Feature", "properties": {"stop_id": "RTM-00000457", "stop_name": "Cristofol Auzias", "main_mode": "bus", "modes": ["bus"]}, "geometry": {"type": "Point", "coordinates": [5.381671, 43.310648]}}, {"type": "Feature", "properties": {"stop_id": "RTM-00000458", "stop_name": "Cristofol National", "main_mode": "bus", "modes": ["bus"]}, "geometry": {"type": "Point", "coordinates": [5.379817, 43.309989]}}, {"type": "Feature", "properties": {"stop_id": "RTM-00003566", "stop_name": "Cézanne Marinier", "main_mode": "bus", "modes": ["bus"]}, "geometry": {"type": "Point", "coordinates": [5.31338, 43.368075]}}, {"type": "Feature", "properties": {"stop_id": "RTM-00003565", "stop_name": "Cézanne Pichou", "main_mode": "bus", "modes": ["bus"]}, "geometry": {"type": "Point", "coordinates": [5.311221, 43.368433]}}, {"type": "Feature", "properties": {"stop_id": "RTM-00000445", "stop_name": "Dames République", "main_mode": "bus", "modes": ["bus"]}, "geometry": {"type": "Point", "coordinates": [5.369913, 43.302272]}}, {"type": "Feature", "properties": {"stop_id": "RTM-00003841", "stop_name": "Dames République", "main_mode": "bus", "modes": ["bus"]}, "geometry": {"type": "Point", "coordinates": [5.368285, 43.30282]}}, {"type": "Feature", "properties": {"stop_id": "RTM-00003833", "stop_name": "Dames Schuman", "main_mode": "bus", "modes": ["bus"]}, "geometry": {"type": "Point", "coordinates": [5.366997, 43.302917]}}, {"type": "Feature", "properties": {"stop_id": "RTM-00001107", "stop_name": "Daudet Michel", "main_mode": "bus", "modes": ["bus"]}, "geometry": {"type": "Point", "coordinates": [5.410292, 43.320953]}}, {"type": "Feature", "properties": {"stop_id": "RTM-00001116", "stop_name": "Daudet Michel", "main_mode": "bus", "modes": ["bus"]}, "geometry": {"type": "Point", "coordinates": [5.4107347, 43.3214271]}}, {"type": "Feature", "properties": {"stop_id": "RTM-00001106", "stop_name": "Daudet St Just", "main_mode": "bus", "modes": ["bus"]}, "geometry": {"type": "Point", "coordinates": [5.408459, 43.319162]}}, {"type": "Feature", "properties": {"stop_id": "RTM-00000488", "stop_name": "De Lesseps Casanova", "main_mode": "bus", "modes": ["bus"]}, "geometry": {"type": "Point", "coordinates": [5.373777, 43.320807]}}, {"type": "Feature", "properties": {"stop_id": "RTM-00002011", "stop_name": "De Lesseps Pyat", "main_mode": "bus", "modes": ["bus"]}, "geometry": {"type": "Point", "coordinates": [5.374338, 43.320675]}}, {"type": "Feature", "properties": {"stop_id": "RTM-00003633", "stop_name": "De Roux Bohr", "main_mode": "bus", "modes": ["bus"]}, "geometry": {"type": "Point", "coordinates": [5.444461, 43.337055]}}, {"type": "Feature", "properties": {"stop_id": "RTM-00004654", "stop_name": "De Roux Bohr", "main_mode": "bus", "modes": ["bus"]}, "geometry": {"type": "Point", "coordinates": [5.44450639, 43.33718362]}}, {"type": "Feature", "properties": {"stop_id": "RTM-00003642", "stop_name": "De Roux Crémieux", "main_mode": "bus", "modes": ["bus"]}, "geometry": {"type": "Point", "coordinates": [5.44852, 43.338146]}}, {"type": "Feature", "properties": {"stop_id": "RTM-00003645", "stop_name": "De Roux Crémieux", "main_mode": "bus", "modes": ["bus"]}, "geometry": {"type": "Point", "coordinates": [5.448624, 43.338073]}}, {"type": "Feature", "properties": {"stop_id": "RTM-00003643", "stop_name": "De Roux Garlaban", "main_mode": "bus", "modes": ["bus"]}, "geometry": {"type": "Point", "coordinates": [5.446462, 43.337643]}}, {"type": "Feature", "properties": {"stop_id": "RTM-00003644", "stop_name": "De Roux Garlaban", "main_mode": "bus", "modes": ["bus"]}, "geometry": {"type": "Point", "coordinates": [5.446645, 43.337614]}}, {"type": "Feature", "properties": {"stop_id": "RTM-00001589", "stop_name": "Del Bello Aubépine", "main_mode": "bus", "modes": ["bus"]}, "geometry": {"type": "Point", "coordinates": [5.411816, 43.280807]}}, {"type": "Feature", "properties": {"stop_id": "RTM-00001458", "stop_name": "Delanglade", "main_mode": "bus", "modes": ["bus"]}, "geometry": {"type": "Point", "coordinates": [5.373275, 43.288561]}}, {"type": "Feature", "properties": {"stop_id": "RTM-00001268", "stop_name": "Delessert", "main_mode": "bus", "modes": ["bus"]}, "geometry": {"type": "Point", "coordinates": [5.405278, 43.281297]}}, {"type": "Feature", "properties": {"stop_id": "RTM-00001312", "stop_name": "Delessert", "main_mode": "bus", "modes": ["bus"]}, "geometry": {"type": "Point", "coordinates": [5.40516076, 43.2814484]}}, {"type": "Feature", "properties": {"stop_id": "RTM-00000580", "stop_name": "Delprat Vallon Vert", "main_mode": "bus", "modes": ["bus"]}, "geometry": {"type": "Point", "coordinates": [5.453028, 43.334972]}}, {"type": "Feature", "properties": {"stop_id": "RTM-00000586", "stop_name": "Delprat Vallon Vert", "main_mode": "bus", "modes": ["bus"]}, "geometry": {"type": "Point", "coordinates": [5.453944, 43.334812]}}, {"type": "Feature", "properties": {"stop_id": "RTM-00000496", "stop_name": "Demandolx", "main_mode": "bus", "modes": ["bus"]}, "geometry": {"type": "Point", "coordinates": [5.35848041, 43.33350439]}}, {"type": "Feature", "properties": {"stop_id": "RTM-00000512", "stop_name": "Demandolx", "main_mode": "bus", "modes": ["bus"]}, "geometry": {"type": "Point", "coordinates": [5.358269, 43.333746]}}, {"type": "Feature", "properties": {"stop_id": "RTM-00004084", "stop_name": "Docks", "main_mode": "bus", "modes": ["bus"]}, "geometry": {"type": "Point", "coordinates": [5.366647, 43.308803]}}, {"type": "Feature", "properties": {"stop_id": "RTM-00004086", "stop_name": "Docks", "main_mode": "bus", "modes": ["bus"]}, "geometry": {"type": "Point", "coordinates": [5.366277, 43.308763]}}, {"type": "Feature", "properties": {"stop_id": "RTM-00004091", "stop_name": "Donadille", "main_mode": "bus", "modes": ["bus"]}, "geometry": {"type": "Point", "coordinates": [5.429969, 43.346118]}}, {"type": "Feature", "properties": {"stop_id": "RTM-00004089", "stop_name": "Donadille Langevin", "main_mode": "bus", "modes": ["bus"]}, "geometry": {"type": "Point", "coordinates": [5.431098, 43.344267]}}, {"type": "Feature", "properties": {"stop_id": "RTM-00001556", "stop_name": "Duclaux Foch", "main_mode": "bus", "modes": ["bus"]}, "geometry": {"type": "Point", "coordinates": [5.40550411, 43.29689387]}}, {"type": "Feature", "properties": {"stop_id": "RTM-00000869", "stop_name": "Dumas Beaumont", "main_mode": "bus", "modes": ["bus"]}, "geometry": {"type": "Point", "coordinates": [5.4379642, 43.3141132]}}, {"type": "Feature", "properties": {"stop_id": "RTM-00000745", "stop_name": "Duparc Blancarde", "main_mode": "bus", "modes": ["bus"]}, "geometry": {"type": "Point", "coordinates": [5.40093899, 43.30326922]}}, {"type": "Feature", "properties": {"stop_id": "RTM-00000806", "stop_name": "Duparc Blancarde", "main_mode": "bus", "modes": ["bus"]}, "geometry": {"type": "Point", "coordinates": [5.400644, 43.303332]}}, {"type": "Feature", "properties": {"stop_id": "RTM-00002018", "stop_name": "Duparc Montolivet", "main_mode": "bus", "modes": ["bus"]}, "geometry": {"type": "Point", "coordinates": [5.401649, 43.307775]}}, {"type": "Feature", "properties": {"stop_id": "RTM-00002035", "stop_name": "Duparc Montolivet", "main_mode": "bus", "modes": ["bus"]}, "geometry": {"type": "Point", "coordinates": [5.402445, 43.308291]}}, {"type": "Feature", "properties": {"stop_id": "RTM-00001111", "stop_name": "Dépôt La Rose", "main_mode": "bus", "modes": ["bus"]}, "geometry": {"type": "Point", "coordinates": [5.432252, 43.33997]}}, {"type": "Feature", "properties": {"stop_id": "RTM-00001112", "stop_name": "Dépôt La Rose", "main_mode": "bus", "modes": ["bus"]}, "geometry": {"type": "Point", "coordinates": [5.431727, 43.339847]}}, {"type": "Feature", "properties": {"stop_id": "RTM-00002306", "stop_name": "Désirée Clary", "main_mode": "metro", "modes": ["metro"]}, "geometry": {"type": "Point", "coordinates": [5.3723195, 43.309399]}}, {"type": "Feature", "properties": {"stop_id": "RTM-00002318", "stop_name": "Désirée Clary", "main_mode": "metro", "modes": ["metro"]}, "geometry": {"type": "Point", "coordinates": [5.3723755, 43.3093295]}}, {"type": "Feature", "properties": {"stop_id": "RTM-00002961", "stop_name": "Ecole Castors Isabella", "main_mode": "bus", "modes": ["bus"]}, "geometry": {"type": "Point", "coordinates": [5.353562, 43.402616]}}, {"type": "Feature", "properties": {"stop_id": "RTM-00002989", "stop_name": "Ecole Castors Isabella", "main_mode": "bus", "modes": ["bus"]}, "geometry": {"type": "Point", "coordinates": [5.353721, 43.402616]}}, {"type": "Feature", "properties": {"stop_id": "RTM-00004211", "stop_name": "Eden Roc", "main_mode": "bus", "modes": ["bus"]}, "geometry": {"type": "Point", "coordinates": [5.377758, 43.277064]}}, {"type": "Feature", "properties": {"stop_id": "RTM-00001546", "stop_name": "Eglise d'Endoume", "main_mode": "bus", "modes": ["bus"]}, "geometry": {"type": "Point", "coordinates": [5.35274868, 43.28352411]}}, {"type": "Feature", "properties": {"stop_id": "RTM-00001547", "stop_name": "Eglise d'Endoume", "main_mode": "bus", "modes": ["bus"]}, "geometry": {"type": "Point", "coordinates": [5.352755, 43.283053]}}, {"type": "Feature", "properties": {"stop_id": "RTM-00000440", "stop_name": "Eglise St Laurent", "main_mode": "bus", "modes": ["bus"]}, "geometry": {"type": "Point", "coordinates": [5.36362, 43.295841]}}, {"type": "Feature", "properties": {"stop_id": "RTM-00003939", "stop_name": "Einstein Athéna", "main_mode": "bus", "modes": ["bus"]}, "geometry": {"type": "Point", "coordinates": [5.442052, 43.339974]}}, {"type": "Feature", "properties": {"stop_id": "RTM-00003944", "stop_name": "Einstein Athéna", "main_mode": "bus", "modes": ["bus"]}, "geometry": {"type": "Point", "coordinates": [5.441863, 43.339947]}}, {"type": "Feature", "properties": {"stop_id": "RTM-00003938", "stop_name": "Einstein Monnet", "main_mode": "bus", "modes": ["bus"]}, "geometry": {"type": "Point", "coordinates": [5.438563, 43.338997]}}, {"type": "Feature", "properties": {"stop_id": "RTM-00003945", "stop_name": "Einstein Monnet", "main_mode": "bus", "modes": ["bus"]}, "geometry": {"type": "Point", "coordinates": [5.438343, 43.339011]}}, {"type": "Feature", "properties": {"stop_id": "RTM-00003941", "stop_name": "Einstein Parking Relais", "main_mode": "bus", "modes": ["bus"]}, "geometry": {"type": "Point", "coordinates": [5.448497, 43.345708]}}, {"type": "Feature", "properties": {"stop_id": "RTM-00003942", "stop_name": "Einstein Parking Relais", "main_mode": "bus", "modes": ["bus"]}, "geometry": {"type": "Point", "coordinates": [5.448329, 43.345672]}}, {"type": "Feature", "properties": {"stop_id": "RTM-00003743", "stop_name": "Elzéard Rougier", "main_mode": "bus", "modes": ["bus"]}, "geometry": {"type": "Point", "coordinates": [5.410091, 43.309538]}}, {"type": "Feature", "properties": {"stop_id": "RTM-00002060", "stop_name": "Endoume", "main_mode": "bus", "modes": ["bus"]}, "geometry": {"type": "Point", "coordinates": [5.350393, 43.283024]}}, {"type": "Feature", "properties": {"stop_id": "RTM-00002081", "stop_name": "Endoume", "main_mode": "bus", "modes": ["bus"]}, "geometry": {"type": "Point", "coordinates": [5.350459, 43.283328]}}, {"type": "Feature", "properties": {"stop_id": "RTM-00001545", "stop_name": "Endoume Bensa", "main_mode": "bus", "modes": ["bus"]}, "geometry": {"type": "Point", "coordinates": [5.353377, 43.283827]}}, {"type": "Feature", "properties": {"stop_id": "RTM-00001542", "stop_name": "Endoume Bompard", "main_mode": "bus", "modes": ["bus"]}, "geometry": {"type": "Point", "coordinates": [5.359433, 43.284901]}}, {"type": "Feature", "properties": {"stop_id": "RTM-00001550", "stop_name": "Endoume Bompard", "main_mode": "bus", "modes": ["bus"]}, "geometry": {"type": "Point", "coordinates": [5.35947015, 43.28484118]}}, {"type": "Feature", "properties": {"stop_id": "RTM-00001477", "stop_name": "Endoume Taddéi", "main_mode": "bus", "modes": ["bus"]}, "geometry": {"type": "Point", "coordinates": [5.36462683, 43.28725813]}}, {"type": "Feature", "properties": {"stop_id": "RTM-00001489", "stop_name": "Endoume Taddéi", "main_mode": "bus", "modes": ["bus"]}, "geometry": {"type": "Point", "coordinates": [5.364603, 43.287143]}}, {"type": "Feature", "properties": {"stop_id": "RTM-00001476", "stop_name": "Endoume Tellène", "main_mode": "bus", "modes": ["bus"]}, "geometry": {"type": "Point", "coordinates": [5.36604025, 43.28771531]}}, {"type": "Feature", "properties": {"stop_id": "RTM-00001490", "stop_name": "Endoume Tellène", "main_mode": "bus", "modes": ["bus"]}, "geometry": {"type": "Point", "coordinates": [5.366449, 43.28786]}}, {"type": "Feature", "properties": {"stop_id": "RTM-00001544", "stop_name": "Endoume Vallon des Auffes", "main_mode": "bus", "modes": ["bus"]}, "geometry": {"type": "Point", "coordinates": [5.35573704, 43.28392933]}}, {"type": "Feature", "properties": {"stop_id": "RTM-00001548", "stop_name": "Endoume Vallon des Auffes", "main_mode": "bus", "modes": ["bus"]}, "geometry": {"type": "Point", "coordinates": [5.35584215, 43.2838669]}}, {"type": "Feature", "properties": {"stop_id": "RTM-00001713", "stop_name": "Engalière", "main_mode": "bus", "modes": ["bus"]}, "geometry": {"type": "Point", "coordinates": [5.365452, 43.239023]}}, {"type": "Feature", "properties": {"stop_id": "RTM-00001723", "stop_name": "Engalière", "main_mode": "bus", "modes": ["bus"]}, "geometry": {"type": "Point", "coordinates": [5.365196, 43.238692]}}, {"type": "Feature", "properties": {"stop_id": "RTM-00002783", "stop_name": "ENSM", "main_mode": "bus", "modes": ["bus"]}, "geometry": {"type": "Point", "coordinates": [5.373902, 43.238644]}}, {"type": "Feature", "properties": {"stop_id": "RTM-00001185", "stop_name": "Eoures", "main_mode": "bus", "modes": ["bus"]}, "geometry": {"type": "Point", "coordinates": [5.526175, 43.301307]}}, {"type": "Feature", "properties": {"stop_id": "RTM-00001184", "stop_name": "Eoures Cigales", "main_mode": "bus", "modes": ["bus"]}, "geometry": {"type": "Point", "coordinates": [5.523683, 43.301164]}}, {"type": "Feature", "properties": {"stop_id": "RTM-00001186", "stop_name": "Eoures Cigales", "main_mode": "bus", "modes": ["bus"]}, "geometry": {"type": "Point", "coordinates": [5.522809, 43.301287]}}, {"type": "Feature", "properties": {"stop_id": "RTM-00001182", "stop_name": "Eoures Notre Dame", "main_mode": "bus", "modes": ["bus"]}, "geometry": {"type": "Point", "coordinates": [5.518529, 43.300445]}}, {"type": "Feature", "properties": {"stop_id": "RTM-00001188", "stop_name": "Eoures Notre Dame", "main_mode": "bus", "modes": ["bus"]}, "geometry": {"type": "Point", "coordinates": [5.518317, 43.300496]}}, {"type": "Feature", "properties": {"stop_id": "RTM-00001183", "stop_name": "Eoures Village", "main_mode": "bus", "modes": ["bus"]}, "geometry": {"type": "Point", "coordinates": [5.521172, 43.301191]}}, {"type": "Feature", "properties": {"stop_id": "RTM-00001187", "stop_name": "Eoures Village", "main_mode": "bus", "modes": ["bus"]}, "geometry": {"type": "Point", "coordinates": [5.520652, 43.301279]}}, {"type": "Feature", "properties": {"stop_id": "RTM-00001706", "stop_name": "Escale Borély", "main_mode": "bus", "modes": ["bus"]}, "geometry": {"type": "Point", "coordinates": [5.3762244, 43.25498782]}}, {"type": "Feature", "properties": {"stop_id": "RTM-00001730", "stop_name": "Escale Borély", "main_mode": "bus", "modes": ["bus"]}, "geometry": {"type": "Point", "coordinates": [5.3765345, 43.25518742]}}, {"type": "Feature", "properties": {"stop_id": "RTM-00002356", "stop_name": "Escalette", "main_mode": "bus", "modes": ["bus"]}, "geometry": {"type": "Point", "coordinates": [5.348389, 43.225213]}}, {"type": "Feature", "properties": {"stop_id": "RTM-00002364", "stop_name": "Escalette", "main_mode": "bus", "modes": ["bus"]}, "geometry": {"type": "Point", "coordinates": [5.34853234, 43.22544091]}}, {"type": "Feature", "properties": {"stop_id": "RTM-00001466", "stop_name": "Escalier Notre Dame", "main_mode": "bus", "modes": ["bus"]}, "geometry": {"type": "Point", "coordinates": [5.371095, 43.284941]}}, {"type": "Feature", "properties": {"stop_id": "RTM-00001468", "stop_name": "Escalier Notre Dame", "main_mode": "bus", "modes": ["bus"]}, "geometry": {"type": "Point", "coordinates": [5.370793, 43.285169]}}, {"type": "Feature", "properties": {"stop_id": "RTM-00001388", "stop_name": "Escourtines Ecoles", "main_mode": "bus", "modes": ["bus"]}, "geometry": {"type": "Point", "coordinates": [5.503153, 43.280009]}}, {"type": "Feature", "properties": {"stop_id": "RTM-00001391", "stop_name": "Escourtines Ecoles", "main_mode": "bus", "modes": ["bus"]}, "geometry": {"type": "Point", "coordinates": [5.502514, 43.280049]}}, {"type": "Feature", "properties": {"stop_id": "RTM-00000259", "stop_name": "Espace Mistral", "main_mode": "bus", "modes": ["bus"]}, "geometry": {"type": "Point", "coordinates": [5.309472, 43.362146]}}, {"type": "Feature", "properties": {"stop_id": "RTM-00000261", "stop_name": "Espace Mistral", "main_mode": "bus", "modes": ["bus"]}, "geometry": {"type": "Point", "coordinates": [5.309938, 43.362064]}}, {"type": "Feature", "properties": {"stop_id": "RTM-00004528", "stop_name": "Esprit Julien", "main_mode": "bus", "modes": ["bus"]}, "geometry": {"type": "Point", "coordinates": [5.46971716, 43.33071775]}}, {"type": "Feature", "properties": {"stop_id": "RTM-00004537", "stop_name": "Esprit Julien", "main_mode": "bus", "modes": ["bus"]}, "geometry": {"type": "Point", "coordinates": [5.46977108, 43.33080274]}}, {"type": "Feature", "properties": {"stop_id": "RTM-00002224", "stop_name": "Estaque Castejon", "main_mode": "bus", "modes": ["bus"]}, "geometry": {"type": "Point", "coordinates": [5.30611, 43.361729]}}, {"type": "Feature", "properties": {"stop_id": "RTM-00002230", "stop_name": "Estaque Castejon", "main_mode": "bus", "modes": ["bus"]}, "geometry": {"type": "Point", "coordinates": [5.306643, 43.361587]}}, {"type": "Feature", "properties": {"stop_id": "RTM-00000257", "stop_name": "Estaque Port", "main_mode": "bus", "modes": ["bus"]}, "geometry": {"type": "Point", "coordinates": [5.315778, 43.359857]}}, {"type": "Feature", "properties": {"stop_id": "RTM-00000263", "stop_name": "Estaque Port", "main_mode": "bus", "modes": ["bus"]}, "geometry": {"type": "Point", "coordinates": [5.315138, 43.359911]}}, {"type": "Feature", "properties": {"stop_id": "RTM-00003895", "stop_name": "Estaque Port", "main_mode": "bus", "modes": ["bus"]}, "geometry": {"type": "Point", "coordinates": [5.315617, 43.359722]}}, {"type": "Feature", "properties": {"stop_id": "RTM-00004141", "stop_name": "Estaque Riaux", "main_mode": "bus", "modes": ["bus"]}, "geometry": {"type": "Point", "coordinates": [5.30318243, 43.3619359]}}, {"type": "Feature", "properties": {"stop_id": "RTM-00004142", "stop_name": "Estaque Riaux", "main_mode": "bus", "modes": ["bus"]}, "geometry": {"type": "Point", "coordinates": [5.303434, 43.361832]}}, {"type": "Feature", "properties": {"stop_id": "RTM-00000258", "stop_name": "Estaque Village", "main_mode": "bus", "modes": ["bus"]}, "geometry": {"type": "Point", "coordinates": [5.312262, 43.361191]}}, {"type": "Feature", "properties": {"stop_id": "RTM-00000262", "stop_name": "Estaque Village", "main_mode": "bus", "modes": ["bus"]}, "geometry": {"type": "Point", "coordinates": [5.312171, 43.361168]}}, {"type": "Feature", "properties": {"stop_id": "RTM-00002286", "stop_name": "Estrangin", "main_mode": "metro", "modes": ["metro"]}, "geometry": {"type": "Point", "coordinates": [5.3779635, 43.29031]}}, {"type": "Feature", "properties": {"stop_id": "RTM-00002301", "stop_name": "Estrangin", "main_mode": "metro", "modes": ["metro"]}, "geometry": {"type": "Point", "coordinates": [5.378027, 43.290329]}}, {"type": "Feature", "properties": {"stop_id": "RTM-00001503", "stop_name": "Estrangin Colonies", "main_mode": "bus", "modes": ["bus"]}, "geometry": {"type": "Point", "coordinates": [5.37269, 43.277005]}}, {"type": "Feature", "properties": {"stop_id": "RTM-00001513", "stop_name": "Estrangin Colonies", "main_mode": "bus", "modes": ["bus"]}, "geometry": {"type": "Point", "coordinates": [5.372589, 43.276813]}}, {"type": "Feature", "properties": {"stop_id": "RTM-00001504", "stop_name": "Estrangin Célina", "main_mode": "bus", "modes": ["bus"]}, "geometry": {"type": "Point", "coordinates": [5.370157, 43.27647]}}, {"type": "Feature", "properties": {"stop_id": "RTM-00001512", "stop_name": "Estrangin Célina", "main_mode": "bus", "modes": ["bus"]}, "geometry": {"type": "Point", "coordinates": [5.371307, 43.276501]}}, {"type": "Feature", "properties": {"stop_id": "RTM-00001406", "stop_name": "Estrangin Puget", "main_mode": "bus", "modes": ["bus"]}, "geometry": {"type": "Point", "coordinates": [5.37750989, 43.29036948]}}, {"type": "Feature", "properties": {"stop_id": "RTM-00001410", "stop_name": "Estrangin Puget", "main_mode": "bus", "modes": ["bus"]}, "geometry": {"type": "Point", "coordinates": [5.37685576, 43.2905615]}}, {"type": "Feature", "properties": {"stop_id": "RTM-00001433", "stop_name": "Estrangin Roucas", "main_mode": "bus", "modes": ["bus"]}, "geometry": {"type": "Point", "coordinates": [5.36789, 43.278792]}}, {"type": "Feature", "properties": {"stop_id": "RTM-00001505", "stop_name": "Estrangin Roucas", "main_mode": "bus", "modes": ["bus"]}, "geometry": {"type": "Point", "coordinates": [5.368275, 43.278901]}}, {"type": "Feature", "properties": {"stop_id": "RTM-00001511", "stop_name": "Estrangin Roucas", "main_mode": "bus", "modes": ["bus"]}, "geometry": {"type": "Point", "coordinates": [5.36812687, 43.27910681]}}, {"type": "Feature", "properties": {"stop_id": "RTM-00003044", "stop_name": "Eugène Michel", "main_mode": "bus", "modes": ["bus"]}, "geometry": {"type": "Point", "coordinates": [5.355312, 43.399291]}}, {"type": "Feature", "properties": {"stop_id": "RTM-00003045", "stop_name": "Eugène Michel", "main_mode": "bus", "modes": ["bus"]}, "geometry": {"type": "Point", "coordinates": [5.355572, 43.399705]}}, {"type": "Feature", "properties": {"stop_id": "RTM-00003411", "stop_name": "Eugène Pierre", "main_mode": "tram", "modes": ["tram"]}, "geometry": {"type": "Point", "coordinates": [5.389714, 43.295118]}}, {"type": "Feature", "properties": {"stop_id": "RTM-00003464", "stop_name": "Eugène Pierre", "main_mode": "tram", "modes": ["tram"]}, "geometry": {"type": "Point", "coordinates": [5.38959, 43.29525]}}, {"type": "Feature", "properties": {"stop_id": "RTM-00003206", "stop_name": "Euroméditerranée Gantès", "main_mode": "tram", "modes": ["tram"]}, "geometry": {"type": "Point", "coordinates": [5.368107, 43.30871]}}, {"type": "Feature", "properties": {"stop_id": "RTM-00003281", "stop_name": "Euroméditerranée Gantès", "main_mode": "tram", "modes": ["tram"]}, "geometry": {"type": "Point", "coordinates": [5.368196, 43.308679]}}, {"type": "Feature", "properties": {"stop_id": "RTM-00004565", "stop_name": "Eydoux Charmasson", "main_mode": "bus", "modes": ["bus"]}, "geometry": {"type": "Point", "coordinates": [5.33231462, 43.36264839]}}, {"type": "Feature", "properties": {"stop_id": "RTM-00004566", "stop_name": "Eydoux Charmasson", "main_mode": "bus", "modes": ["bus"]}, "geometry": {"type": "Point", "coordinates": [5.33198471, 43.36264011]}}, {"type": "Feature", "properties": {"stop_id": "RTM-00002788", "stop_name": "Eydoux Monjarde", "main_mode": "bus", "modes": ["bus"]}, "geometry": {"type": "Point", "coordinates": [5.329086, 43.362092]}}, {"type": "Feature", "properties": {"stop_id": "RTM-00002789", "stop_name": "Eydoux Monjarde", "main_mode": "bus", "modes": ["bus"]}, "geometry": {"type": "Point", "coordinates": [5.329348, 43.361968]}}, {"type": "Feature", "properties": {"stop_id": "RTM-00002787", "stop_name": "Eydoux Pelouque", "main_mode": "bus", "modes": ["bus"]}, "geometry": {"type": "Point", "coordinates": [5.33505416, 43.36286133]}}, {"type": "Feature", "properties": {"stop_id": "RTM-00002790", "stop_name": "Eydoux Pelouque", "main_mode": "bus", "modes": ["bus"]}, "geometry": {"type": "Point", "coordinates": [5.335631, 43.362644]}}, {"type": "Feature", "properties": {"stop_id": "RTM-00003988", "stop_name": "Faculté de Médecine", "main_mode": "bus", "modes": ["bus"]}, "geometry": {"type": "Point", "coordinates": [5.360479, 43.37734]}}, {"type": "Feature", "properties": {"stop_id": "RTM-00004004", "stop_name": "Faculté de Médecine", "main_mode": "bus", "modes": ["bus"]}, "geometry": {"type": "Point", "coordinates": [5.360301, 43.377402]}}, {"type": "Feature", "properties": {"stop_id": "RTM-00003355", "stop_name": "Faculté St Charles", "main_mode": "bus", "modes": ["bus"]}, "geometry": {"type": "Point", "coordinates": [5.37905, 43.304741]}}, {"type": "Feature", "properties": {"stop_id": "RTM-00003836", "stop_name": "Faculté St Charles", "main_mode": "bus", "modes": ["bus"]}, "geometry": {"type": "Point", "coordinates": [5.378504, 43.304364]}}, {"type": "Feature", "properties": {"stop_id": "RTM-00002061", "stop_name": "Fausse Monnaie", "main_mode": "bus", "modes": ["bus"]}, "geometry": {"type": "Point", "coordinates": [5.352626, 43.280605]}}, {"type": "Feature", "properties": {"stop_id": "RTM-00002080", "stop_name": "Fausse Monnaie", "main_mode": "bus", "modes": ["bus"]}, "geometry": {"type": "Point", "coordinates": [5.35251325, 43.2807591]}}, {"type": "Feature", "properties": {"stop_id": "RTM-00000866", "stop_name": "Fauvettes Charleroi", "main_mode": "bus", "modes": ["bus"]}, "geometry": {"type": "Point", "coordinates": [5.43968618, 43.31255972]}}, {"type": "Feature", "properties": {"stop_id": "RTM-00000867", "stop_name": "Fauvettes Pinatel", "main_mode": "bus", "modes": ["bus"]}, "geometry": {"type": "Point", "coordinates": [5.43912828, 43.31505385]}}, {"type": "Feature", "properties": {"stop_id": "RTM-00003892", "stop_name": "Fenouil Cerisier", "main_mode": "bus", "modes": ["bus"]}, "geometry": {"type": "Point", "coordinates": [5.319596, 43.358808]}}, {"type": "Feature", "properties": {"stop_id": "RTM-00003894", "stop_name": "Fenouil Cerisier", "main_mode": "bus", "modes": ["bus"]}, "geometry": {"type": "Point", "coordinates": [5.319496, 43.358322]}}, {"type": "Feature", "properties": {"stop_id": "RTM-00002109", "stop_name": "Fenouil Ecoles", "main_mode": "bus", "modes": ["bus"]}, "geometry": {"type": "Point", "coordinates": [5.320204, 43.360917]}}, {"type": "Feature", "properties": {"stop_id": "RTM-00003891", "stop_name": "Fenouil Ecoles", "main_mode": "bus", "modes": ["bus"]}, "geometry": {"type": "Point", "coordinates": [5.32032251, 43.3609332]}}, {"type": "Feature", "properties": {"stop_id": "RTM-00003890", "stop_name": "Fenouil Le Pelletier", "main_mode": "bus", "modes": ["bus"]}, "geometry": {"type": "Point", "coordinates": [5.32082677, 43.36243864]}}, {"type": "Feature", "properties": {"stop_id": "RTM-00003893", "stop_name": "Fenouil Le Pelletier", "main_mode": "bus", "modes": ["bus"]}, "geometry": {"type": "Point", "coordinates": [5.320701, 43.362382]}}, {"type": "Feature", "properties": {"stop_id": "RTM-00000827", "stop_name": "Fernandel Diable", "main_mode": "bus", "modes": ["bus"]}, "geometry": {"type": "Point", "coordinates": [5.45299682, 43.31172828]}}, {"type": "Feature", "properties": {"stop_id": "RTM-00000842", "stop_name": "Fernandel Diable", "main_mode": "bus", "modes": ["bus"]}, "geometry": {"type": "Point", "coordinates": [5.45289918, 43.31190735]}}, {"type": "Feature", "properties": {"stop_id": "RTM-00000826", "stop_name": "Fernandel Maroc", "main_mode": "bus", "modes": ["bus"]}, "geometry": {"type": "Point", "coordinates": [5.449698, 43.312294]}}, {"type": "Feature", "properties": {"stop_id": "RTM-00000843", "stop_name": "Fernandel Maroc", "main_mode": "bus", "modes": ["bus"]}, "geometry": {"type": "Point", "coordinates": [5.449416, 43.312388]}}, {"type": "Feature", "properties": {"stop_id": "RTM-00001270", "stop_name": "Fifi Turin", "main_mode": "bus", "modes": ["bus"]}, "geometry": {"type": "Point", "coordinates": [5.412602, 43.279078]}}, {"type": "Feature", "properties": {"stop_id": "RTM-00001310", "stop_name": "Fifi Turin", "main_mode": "bus", "modes": ["bus"]}, "geometry": {"type": "Point", "coordinates": [5.410411, 43.279759]}}, {"type": "Feature", "properties": {"stop_id": "RTM-00001611", "stop_name": "Fifi Turin Aubépine", "main_mode": "bus", "modes": ["bus"]}, "geometry": {"type": "Point", "coordinates": [5.412684, 43.281669]}}, {"type": "Feature", "properties": {"stop_id": "RTM-00001610", "stop_name": "Fifi Turin Capelette", "main_mode": "bus", "modes": ["bus"]}, "geometry": {"type": "Point", "coordinates": [5.412406, 43.279473]}}, {"type": "Feature", "properties": {"stop_id": "RTM-00000305", "stop_name": "Fillat Falaise", "main_mode": "bus", "modes": ["bus"]}, "geometry": {"type": "Point", "coordinates": [5.30935, 43.36354]}}, {"type": "Feature", "properties": {"stop_id": "RTM-00000307", "stop_name": "Fillat Falaise", "main_mode": "bus", "modes": ["bus"]}, "geometry": {"type": "Point", "coordinates": [5.309355, 43.363469]}}, {"type": "Feature", "properties": {"stop_id": "RTM-00000542", "stop_name": "Finat Duclos", "main_mode": "bus", "modes": ["bus"]}, "geometry": {"type": "Point", "coordinates": [5.383328, 43.333036]}}, {"type": "Feature", "properties": {"stop_id": "RTM-00000549", "stop_name": "Finat Duclos", "main_mode": "bus", "modes": ["bus"]}, "geometry": {"type": "Point", "coordinates": [5.382664, 43.33238]}}, {"type": "Feature", "properties": {"stop_id": "RTM-00002566", "stop_name": "Flammarion Cassini", "main_mode": "bus", "modes": ["bus"]}, "geometry": {"type": "Point", "coordinates": [5.395599, 43.307237]}}, {"type": "Feature", "properties": {"stop_id": "RTM-00002567", "stop_name": "Flammarion Cassini", "main_mode": "bus", "modes": ["bus"]}, "geometry": {"type": "Point", "coordinates": [5.39516, 43.307061]}}, {"type": "Feature", "properties": {"stop_id": "RTM-00000434", "stop_name": "Flammarion Isoard", "main_mode": "bus", "modes": ["bus"]}, "geometry": {"type": "Point", "coordinates": [5.388569, 43.304325]}}, {"type": "Feature", "properties": {"stop_id": "RTM-00000472", "stop_name": "Flammarion Isoard", "main_mode": "bus", "modes": ["bus"]}, "geometry": {"type": "Point", "coordinates": [5.388447, 43.304191]}}, {"type": "Feature", "properties": {"stop_id": "RTM-00001561", "stop_name": "Flammarion Siphon", "main_mode": "bus", "modes": ["bus"]}, "geometry": {"type": "Point", "coordinates": [5.3962992, 43.3080097]}}, {"type": "Feature", "properties": {"stop_id": "RTM-00001575", "stop_name": "Flammarion Siphon", "main_mode": "bus", "modes": ["bus"]}, "geometry": {"type": "Point", "coordinates": [5.396144, 43.30817]}}, {"type": "Feature", "properties": {"stop_id": "RTM-00003693", "stop_name": "Floralia", "main_mode": "bus", "modes": ["bus"]}, "geometry": {"type": "Point", "coordinates": [5.394394, 43.241246]}}, {"type": "Feature", "properties": {"stop_id": "RTM-00003696", "stop_name": "Floralia", "main_mode": "bus", "modes": ["bus"]}, "geometry": {"type": "Point", "coordinates": [5.394272, 43.241366]}}, {"type": "Feature", "properties": {"stop_id": "RTM-00002925", "stop_name": "Floralia Chiapale", "main_mode": "bus", "modes": ["bus"]}, "geometry": {"type": "Point", "coordinates": [5.38964154, 43.24510906]}}, {"type": "Feature", "properties": {"stop_id": "RTM-00002929", "stop_name": "Floralia Chiapale", "main_mode": "bus", "modes": ["bus"]}, "geometry": {"type": "Point", "coordinates": [5.389748, 43.245156]}}, {"type": "Feature", "properties": {"stop_id": "RTM-00002928", "stop_name": "Floralia Le Mée", "main_mode": "bus", "modes": ["bus"]}, "geometry": {"type": "Point", "coordinates": [5.39215748, 43.24344432]}}, {"type": "Feature", "properties": {"stop_id": "RTM-00002926", "stop_name": "Floralia Rimet", "main_mode": "bus", "modes": ["bus"]}, "geometry": {"type": "Point", "coordinates": [5.392528, 43.242741]}}, {"type": "Feature", "properties": {"stop_id": "RTM-00004226", "stop_name": "Florian Mireille Lauze", "main_mode": "bus", "modes": ["bus"]}, "geometry": {"type": "Point", "coordinates": [5.425044, 43.285197]}}, {"type": "Feature", "properties": {"stop_id": "RTM-00003133", "stop_name": "Foch 5 Avenues", "main_mode": "bus", "modes": ["bus"]}, "geometry": {"type": "Point", "coordinates": [5.397687, 43.301969]}}, {"type": "Feature", "properties": {"stop_id": "RTM-00003349", "stop_name": "Foch 5 Avenues", "main_mode": "bus", "modes": ["bus"]}, "geometry": {"type": "Point", "coordinates": [5.397497, 43.302095]}}, {"type": "Feature", "properties": {"stop_id": "RTM-00003527", "stop_name": "Foch 5 Avenues", "main_mode": "bus", "modes": ["bus"]}, "geometry": {"type": "Point", "coordinates": [5.397496, 43.302091]}}, {"type": "Feature", "properties": {"stop_id": "RTM-00003223", "stop_name": "Foch Boisson", "main_mode": "tram", "modes": ["tram"]}, "geometry": {"type": "Point", "coordinates": [5.403277, 43.298096]}}, {"type": "Feature", "properties": {"stop_id": "RTM-00003265", "stop_name": "Foch Boisson", "main_mode": "tram", "modes": ["tram"]}, "geometry": {"type": "Point", "coordinates": [5.403308, 43.298167]}}, {"type": "Feature", "properties": {"stop_id": "RTM-00003222", "stop_name": "Foch Sakakini", "main_mode": "tram", "modes": ["tram"]}, "geometry": {"type": "Point", "coordinates": [5.400062, 43.300277]}}, {"type": "Feature", "properties": {"stop_id": "RTM-00003266", "stop_name": "Foch Sakakini", "main_mode": "tram", "modes": ["tram"]}, "geometry": {"type": "Point", "coordinates": [5.40014, 43.300322]}}, {"type": "Feature", "properties": {"stop_id": "RTM-00001167", "stop_name": "Follereau La Pomme", "main_mode": "bus", "modes": ["bus"]}, "geometry": {"type": "Point", "coordinates": [5.445668, 43.29306]}}, {"type": "Feature", "properties": {"stop_id": "RTM-00001204", "stop_name": "Follereau La Pomme", "main_mode": "bus", "modes": ["bus"]}, "geometry": {"type": "Point", "coordinates": [5.445551, 43.292775]}}, {"type": "Feature", "properties": {"stop_id": "RTM-00000621", "stop_name": "Fondacle", "main_mode": "bus", "modes": ["bus"]}, "geometry": {"type": "Point", "coordinates": [5.445034, 43.323605]}}, {"type": "Feature", "properties": {"stop_id": "RTM-00000658", "stop_name": "Fondacle", "main_mode": "bus", "modes": ["bus"]}, "geometry": {"type": "Point", "coordinates": [5.445521, 43.32357]}}, {"type": "Feature", "properties": {"stop_id": "RTM-00000256", "stop_name": "Fontaine des Tuiles", "main_mode": "bus", "modes": ["bus"]}, "geometry": {"type": "Point", "coordinates": [5.3184613, 43.358757]}}, {"type": "Feature", "properties": {"stop_id": "RTM-00000264", "stop_name": "Fontaine des Tuiles", "main_mode": "bus", "modes": ["bus"]}, "geometry": {"type": "Point", "coordinates": [5.317908, 43.359026]}}, {"type": "Feature", "properties": {"stop_id": "RTM-00000461", "stop_name": "Forbin D'Hozier", "main_mode": "bus", "modes": ["bus"]}, "geometry": {"type": "Point", "coordinates": [5.3690812, 43.30527375]}}, {"type": "Feature", "properties": {"stop_id": "RTM-00004180", "stop_name": "Foresta", "main_mode": "bus", "modes": ["bus"]}, "geometry": {"type": "Point", "coordinates": [5.35396784, 43.36604625]}}, {"type": "Feature", "properties": {"stop_id": "RTM-00004181", "stop_name": "Foresta", "main_mode": "bus", "modes": ["bus"]}, "geometry": {"type": "Point", "coordinates": [5.353884, 43.365855]}}, {"type": "Feature", "properties": {"stop_id": "RTM-00000986", "stop_name": "Forge Dolet", "main_mode": "bus", "modes": ["bus"]}, "geometry": {"type": "Point", "coordinates": [5.3948, 43.337686]}}, {"type": "Feature", "properties": {"stop_id": "RTM-00001004", "stop_name": "Forge Dolet", "main_mode": "bus", "modes": ["bus"]}, "geometry": {"type": "Point", "coordinates": [5.394328, 43.337715]}}, {"type": "Feature", "properties": {"stop_id": "RTM-00001449", "stop_name": "Fort du Sanctuaire", "main_mode": "bus", "modes": ["bus"]}, "geometry": {"type": "Point", "coordinates": [5.374424, 43.282955]}}, {"type": "Feature", "properties": {"stop_id": "RTM-00001455", "stop_name": "Fort du Sanctuaire", "main_mode": "bus", "modes": ["bus"]}, "geometry": {"type": "Point", "coordinates": [5.374521, 43.282885]}}, {"type": "Feature", "properties": {"stop_id": "RTM-00001464", "stop_name": "Fort du Sanctuaire Notre Dame", "main_mode": "bus", "modes": ["bus"]}, "geometry": {"type": "Point", "coordinates": [5.372824, 43.284031]}}, {"type": "Feature", "properties": {"stop_id": "RTM-00003847", "stop_name": "Fort Notre Dame", "main_mode": "bus", "modes": ["bus"]}, "geometry": {"type": "Point", "coordinates": [5.371658, 43.292186]}}, {"type": "Feature", "properties": {"stop_id": "RTM-00002055", "stop_name": "Fort St Nicolas", "main_mode": "bus", "modes": ["bus"]}, "geometry": {"type": "Point", "coordinates": [5.3625802, 43.2923169]}}, {"type": "Feature", "properties": {"stop_id": "RTM-00002087", "stop_name": "Fort St Nicolas", "main_mode": "bus", "modes": ["bus"]}, "geometry": {"type": "Point", "coordinates": [5.3629251, 43.2921833]}}, {"type": "Feature", "properties": {"stop_id": "RTM-00004193", "stop_name": "Four à Chaux", "main_mode": "bus", "modes": ["bus"]}, "geometry": {"type": "Point", "coordinates": [5.3562724, 43.2875217]}}, {"type": "Feature", "properties": {"stop_id": "RTM-00000582", "stop_name": "Fournacle Les Aurengues", "main_mode": "bus", "modes": ["bus"]}, "geometry": {"type": "Point", "coordinates": [5.456573, 43.332167]}}, {"type": "Feature", "properties": {"stop_id": "RTM-00000584", "stop_name": "Fournacle Les Aurengues", "main_mode": "bus", "modes": ["bus"]}, "geometry": {"type": "Point", "coordinates": [5.45681, 43.332242]}}, {"type": "Feature", "properties": {"stop_id": "RTM-00003823", "stop_name": "FRAC", "main_mode": "bus", "modes": ["bus"]}, "geometry": {"type": "Point", "coordinates": [5.36787752, 43.30567215]}}, {"type": "Feature", "properties": {"stop_id": "RTM-00002277", "stop_name": "Frais Vallon", "main_mode": "metro", "modes": ["metro"]}, "geometry": {"type": "Point", "coordinates": [5.4232015, 43.3255405]}}, {"type": "Feature", "properties": {"stop_id": "RTM-00002292", "stop_name": "Frais Vallon", "main_mode": "metro", "modes": ["metro"]}, "geometry": {"type": "Point", "coordinates": [5.423258, 43.325467]}}, {"type": "Feature", "properties": {"stop_id": "RTM-00000772", "stop_name": "Frais Vallon Les Roses", "main_mode": "bus", "modes": ["bus"]}, "geometry": {"type": "Point", "coordinates": [5.436181, 43.324253]}}, {"type": "Feature", "properties": {"stop_id": "RTM-00000780", "stop_name": "Frais Vallon Les Roses", "main_mode": "bus", "modes": ["bus"]}, "geometry": {"type": "Point", "coordinates": [5.435666, 43.324397]}}, {"type": "Feature", "properties": {"stop_id": "RTM-00000775", "stop_name": "Frais Vallon Piscine", "main_mode": "bus", "modes": ["bus"]}, "geometry": {"type": "Point", "coordinates": [5.426906, 43.324941]}}, {"type": "Feature", "properties": {"stop_id": "RTM-00000777", "stop_name": "Frais Vallon Piscine", "main_mode": "bus", "modes": ["bus"]}, "geometry": {"type": "Point", "coordinates": [5.427077, 43.324904]}}, {"type": "Feature", "properties": {"stop_id": "RTM-00000879", "stop_name": "Félibres Aiguillette", "main_mode": "bus", "modes": ["bus"]}, "geometry": {"type": "Point", "coordinates": [5.427013, 43.311603]}}, {"type": "Feature", "properties": {"stop_id": "RTM-00000900", "stop_name": "Félibres Aiguillette", "main_mode": "bus", "modes": ["bus"]}, "geometry": {"type": "Point", "coordinates": [5.42679422, 43.3116799]}}, {"type": "Feature", "properties": {"stop_id": "RTM-00000878", "stop_name": "Félibres Lauriers", "main_mode": "bus", "modes": ["bus"]}, "geometry": {"type": "Point", "coordinates": [5.424753, 43.311436]}}, {"type": "Feature", "properties": {"stop_id": "RTM-00000901", "stop_name": "Félibres Lauriers", "main_mode": "bus", "modes": ["bus"]}, "geometry": {"type": "Point", "coordinates": [5.424783, 43.311522]}}, {"type": "Feature", "properties": {"stop_id": "RTM-00003367", "stop_name": "Gambetta Athènes", "main_mode": "bus", "modes": ["bus"]}, "geometry": {"type": "Point", "coordinates": [5.381771, 43.299239]}}, {"type": "Feature", "properties": {"stop_id": "RTM-00003377", "stop_name": "Gambetta Réformés", "main_mode": "bus", "modes": ["bus"]}, "geometry": {"type": "Point", "coordinates": [5.38461, 43.299138]}}, {"type": "Feature", "properties": {"stop_id": "RTM-00000301", "stop_name": "Gare de L'Estaque", "main_mode": "bus", "modes": ["bus"]}, "geometry": {"type": "Point", "coordinates": [5.321648, 43.3626]}}, {"type": "Feature", "properties": {"stop_id": "RTM-00000311", "stop_name": "Gare de L'Estaque", "main_mode": "bus", "modes": ["bus"]}, "geometry": {"type": "Point", "coordinates": [5.321552, 43.362528]}}, {"type": "Feature", "properties": {"stop_id": "RTM-00001330", "stop_name": "Gare de la Barasse", "main_mode": "bus", "modes": ["bus"]}, "geometry": {"type": "Point", "coordinates": [5.483373, 43.28488]}}, {"type": "Feature", "properties": {"stop_id": "RTM-00001370", "stop_name": "Gare de la Barasse", "main_mode": "bus", "modes": ["bus"]}, "geometry": {"type": "Point", "coordinates": [5.482977, 43.285122]}}, {"type": "Feature", "properties": {"stop_id": "RTM-00004670", "stop_name": "Gare de la Barasse", "main_mode": "bus", "modes": ["bus"]}, "geometry": {"type": "Point", "coordinates": [5.48282136, 43.28588462]}}, {"type": "Feature", "properties": {"stop_id": "RTM-00001206", "stop_name": "Gare de la Pomme", "main_mode": "bus", "modes": ["bus"]}, "geometry": {"type": "Point", "coordinates": [5.440004, 43.290636]}}, {"type": "Feature", "properties": {"stop_id": "RTM-00003396", "stop_name": "Gare de la Pomme", "main_mode": "bus", "modes": ["bus"]}, "geometry": {"type": "Point", "coordinates": [5.43985, 43.290455]}}, {"type": "Feature", "properties": {"stop_id": "RTM-00004712", "stop_name": "Gare de Picon Busserine", "main_mode": "bus", "modes": ["bus"]}, "geometry": {"type": "Point", "coordinates": [5.39281741, 43.33006869]}}, {"type": "Feature", "properties": {"stop_id": "RTM-00004729", "stop_name": "Gare de Picon Busserine", "main_mode": "bus", "modes": ["bus"]}, "geometry": {"type": "Point", "coordinates": [5.39262385, 43.33017457]}}, {"type": "Feature", "properties": {"stop_id": "RTM-00003978", "stop_name": "Gare de St Antoine", "main_mode": "bus", "modes": ["bus"]}, "geometry": {"type": "Point", "coordinates": [5.35642897, 43.36963096]}}, {"type": "Feature", "properties": {"stop_id": "RTM-00004014", "stop_name": "Gare de St Antoine", "main_mode": "bus", "modes": ["bus"]}, "geometry": {"type": "Point", "coordinates": [5.35633133, 43.36949732]}}, {"type": "Feature", "properties": {"stop_id": "RTM-00003820", "stop_name": "Gare Maritime Internationale", "main_mode": "bus", "modes": ["bus"]}, "geometry": {"type": "Point", "coordinates": [5.364178, 43.300729]}}, {"type": "Feature", "properties": {"stop_id": "RTM-00003826", "stop_name": "Gare Maritime Internationale", "main_mode": "bus", "modes": ["bus"]}, "geometry": {"type": "Point", "coordinates": [5.364076, 43.30129]}}, {"type": "Feature", "properties": {"stop_id": "RTM-00003837", "stop_name": "Gare St Charles", "main_mode": "bus", "modes": ["bus"]}, "geometry": {"type": "Point", "coordinates": [5.380798, 43.303869]}}, {"type": "Feature", "properties": {"stop_id": "RTM-00003902", "stop_name": "Gare St Charles", "main_mode": "bus", "modes": ["bus"]}, "geometry": {"type": "Point", "coordinates": [5.38178265, 43.30237523]}}, {"type": "Feature", "properties": {"stop_id": "RTM-00003903", "stop_name": "Gare St Charles", "main_mode": "bus", "modes": ["bus"]}, "geometry": {"type": "Point", "coordinates": [5.38163513, 43.30248454]}}, {"type": "Feature", "properties": {"stop_id": "RTM-00000944", "stop_name": "Garlaban Cauvin", "main_mode": "bus", "modes": ["bus"]}, "geometry": {"type": "Point", "coordinates": [5.417438, 43.298168]}}, {"type": "Feature", "properties": {"stop_id": "RTM-00002827", "stop_name": "Garoutte Gavoty", "main_mode": "bus", "modes": ["bus"]}, "geometry": {"type": "Point", "coordinates": [5.413862, 43.308609]}}, {"type": "Feature", "properties": {"stop_id": "RTM-00003740", "stop_name": "Garoutte Gavoty", "main_mode": "bus", "modes": ["bus"]}, "geometry": {"type": "Point", "coordinates": [5.413675, 43.308493]}}, {"type": "Feature", "properties": {"stop_id": "RTM-00002826", "stop_name": "Garoutte Philippine", "main_mode": "bus", "modes": ["bus"]}, "geometry": {"type": "Point", "coordinates": [5.413229, 43.306565]}}, {"type": "Feature", "properties": {"stop_id": "RTM-00002830", "stop_name": "Garoutte Philippine", "main_mode": "bus", "modes": ["bus"]}, "geometry": {"type": "Point", "coordinates": [5.413067, 43.306537]}}, {"type": "Feature", "properties": {"stop_id": "RTM-00000942", "stop_name": "Gasquy Vian", "main_mode": "bus", "modes": ["bus"]}, "geometry": {"type": "Point", "coordinates": [5.422693, 43.301383]}}, {"type": "Feature", "properties": {"stop_id": "RTM-00004433", "stop_name": "Gaston Castel", "main_mode": "bus", "modes": ["bus"]}, "geometry": {"type": "Point", "coordinates": [5.337015, 43.357268]}}, {"type": "Feature", "properties": {"stop_id": "RTM-00001524", "stop_name": "Gaston Crémieux", "main_mode": "bus", "modes": ["bus"]}, "geometry": {"type": "Point", "coordinates": [5.380494, 43.278872]}}, {"type": "Feature", "properties": {"stop_id": "RTM-00001529", "stop_name": "Gaston Crémieux", "main_mode": "bus", "modes": ["bus"]}, "geometry": {"type": "Point", "coordinates": [5.380138, 43.278938]}}, {"type": "Feature", "properties": {"stop_id": "RTM-00002963", "stop_name": "Gavotte Peyrets", "main_mode": "bus", "modes": ["bus"]}, "geometry": {"type": "Point", "coordinates": [5.35234836, 43.3883609]}}, {"type": "Feature", "properties": {"stop_id": "RTM-00003739", "stop_name": "Gavoty Gillet", "main_mode": "bus", "modes": ["bus"]}, "geometry": {"type": "Point", "coordinates": [5.414365, 43.312391]}}, {"type": "Feature", "properties": {"stop_id": "RTM-00000326", "stop_name": "Gay Lussac", "main_mode": "bus", "modes": ["bus"]}, "geometry": {"type": "Point", "coordinates": [5.374793, 43.334491]}}, {"type": "Feature", "properties": {"stop_id": "RTM-00000372", "stop_name": "Gay Lussac", "main_mode": "bus", "modes": ["bus"]}, "geometry": {"type": "Point", "coordinates": [5.374512, 43.334106]}}, {"type": "Feature", "properties": {"stop_id": "RTM-00003019", "stop_name": "Gendarmerie", "main_mode": "bus", "modes": ["bus"]}, "geometry": {"type": "Point", "coordinates": [5.36733091, 43.39233698]}}, {"type": "Feature", "properties": {"stop_id": "RTM-00003414", "stop_name": "George", "main_mode": "tram", "modes": ["tram"]}, "geometry": {"type": "Point", "coordinates": [5.397439, 43.295579]}}, {"type": "Feature", "properties": {"stop_id": "RTM-00003420", "stop_name": "George", "main_mode": "tram", "modes": ["tram"]}, "geometry": {"type": "Point", "coordinates": [5.397289, 43.295689]}}, {"type": "Feature", "properties": {"stop_id": "RTM-00003358", "stop_name": "George Verdun", "main_mode": "bus", "modes": ["bus"]}, "geometry": {"type": "Point", "coordinates": [5.397736, 43.296479]}}, {"type": "Feature", "properties": {"stop_id": "RTM-00003364", "stop_name": "George Verdun", "main_mode": "bus", "modes": ["bus"]}, "geometry": {"type": "Point", "coordinates": [5.397782, 43.296813]}}, {"type": "Feature", "properties": {"stop_id": "RTM-00000556", "stop_name": "Gibbes Bon Secours", "main_mode": "bus", "modes": ["bus"]}, "geometry": {"type": "Point", "coordinates": [5.380425, 43.320128]}}, {"type": "Feature", "properties": {"stop_id": "RTM-00002272", "stop_name": "Gibbes Bon Secours", "main_mode": "bus", "modes": ["bus"]}, "geometry": {"type": "Point", "coordinates": [5.380604, 43.320643]}}, {"type": "Feature", "properties": {"stop_id": "RTM-00000537", "stop_name": "Gibbes D'Artagnan", "main_mode": "bus", "modes": ["bus"]}, "geometry": {"type": "Point", "coordinates": [5.383861, 43.326271]}}, {"type": "Feature", "properties": {"stop_id": "RTM-00000552", "stop_name": "Gibbes D'Artagnan", "main_mode": "bus", "modes": ["bus"]}, "geometry": {"type": "Point", "coordinates": [5.38405046, 43.32668791]}}, {"type": "Feature", "properties": {"stop_id": "RTM-00000536", "stop_name": "Gibbes Moretti", "main_mode": "bus", "modes": ["bus"]}, "geometry": {"type": "Point", "coordinates": [5.382286, 43.324186]}}, {"type": "Feature", "properties": {"stop_id": "RTM-00000553", "stop_name": "Gibbes Moretti", "main_mode": "bus", "modes": ["bus"]}, "geometry": {"type": "Point", "coordinates": [5.382345, 43.324463]}}, {"type": "Feature", "properties": {"stop_id": "RTM-00000557", "stop_name": "Gibbes Plombières", "main_mode": "bus", "modes": ["bus"]}, "geometry": {"type": "Point", "coordinates": [5.379431, 43.319188]}}, {"type": "Feature", "properties": {"stop_id": "RTM-00002271", "stop_name": "Gibbes Plombières", "main_mode": "bus", "modes": ["bus"]}, "geometry": {"type": "Point", "coordinates": [5.37956715, 43.31913637]}}, {"type": "Feature", "properties": {"stop_id": "RTM-00000538", "stop_name": "Gibbes Rouffe", "main_mode": "bus", "modes": ["bus"]}, "geometry": {"type": "Point", "coordinates": [5.38519, 43.328483]}}, {"type": "Feature", "properties": {"stop_id": "RTM-00004244", "stop_name": "Gibbes Rouffe", "main_mode": "bus", "modes": ["bus"]}, "geometry": {"type": "Point", "coordinates": [5.38491686, 43.32821724]}}, {"type": "Feature", "properties": {"stop_id": "RTM-00004502", "stop_name": "Gibbes St Gabriel", "main_mode": "bus", "modes": ["bus"]}, "geometry": {"type": "Point", "coordinates": [5.381269, 43.322609]}}, {"type": "Feature", "properties": {"stop_id": "RTM-00004503", "stop_name": "Gibbes St Gabriel", "main_mode": "bus", "modes": ["bus"]}, "geometry": {"type": "Point", "coordinates": [5.380968, 43.322326]}}, {"type": "Feature", "properties": {"stop_id": "RTM-00004541", "stop_name": "Giono Bauquière", "main_mode": "bus", "modes": ["bus"]}, "geometry": {"type": "Point", "coordinates": [5.48099452, 43.33392097]}}, {"type": "Feature", "properties": {"stop_id": "RTM-00004543", "stop_name": "Giono Bauquière", "main_mode": "bus", "modes": ["bus"]}, "geometry": {"type": "Point", "coordinates": [5.48043829, 43.33413373]}}, {"type": "Feature", "properties": {"stop_id": "RTM-00002150", "stop_name": "Giono Libération", "main_mode": "bus", "modes": ["bus"]}, "geometry": {"type": "Point", "coordinates": [5.458367, 43.343524]}}, {"type": "Feature", "properties": {"stop_id": "RTM-00002201", "stop_name": "Giono Libération", "main_mode": "bus", "modes": ["bus"]}, "geometry": {"type": "Point", "coordinates": [5.4584315, 43.3436653]}}, {"type": "Feature", "properties": {"stop_id": "RTM-00004155", "stop_name": "Giono Libération", "main_mode": "bus", "modes": ["bus"]}, "geometry": {"type": "Point", "coordinates": [5.458735, 43.344067]}}, {"type": "Feature", "properties": {"stop_id": "RTM-00004158", "stop_name": "Giono Libération", "main_mode": "bus", "modes": ["bus"]}, "geometry": {"type": "Point", "coordinates": [5.458837, 43.344191]}}, {"type": "Feature", "properties": {"stop_id": "RTM-00004662", "stop_name": "Giono Messidor", "main_mode": "bus", "modes": ["bus"]}, "geometry": {"type": "Point", "coordinates": [5.45604806, 43.34639193]}}, {"type": "Feature", "properties": {"stop_id": "RTM-00004668", "stop_name": "Giono Messidor", "main_mode": "bus", "modes": ["bus"]}, "geometry": {"type": "Point", "coordinates": [5.45716348, 43.34609899]}}, {"type": "Feature", "properties": {"stop_id": "RTM-00004676", "stop_name": "Giono Moulins", "main_mode": "bus", "modes": ["bus"]}, "geometry": {"type": "Point", "coordinates": [5.47749187, 43.3353631]}}, {"type": "Feature", "properties": {"stop_id": "RTM-00004684", "stop_name": "Giono Moulins", "main_mode": "bus", "modes": ["bus"]}, "geometry": {"type": "Point", "coordinates": [5.47740229, 43.33527734]}}, {"type": "Feature", "properties": {"stop_id": "RTM-00003592", "stop_name": "Giono Provence", "main_mode": "bus", "modes": ["bus"]}, "geometry": {"type": "Point", "coordinates": [5.486087, 43.331172]}}, {"type": "Feature", "properties": {"stop_id": "RTM-00003598", "stop_name": "Giono Provence", "main_mode": "bus", "modes": ["bus"]}, "geometry": {"type": "Point", "coordinates": [5.486829, 43.331851]}}, {"type": "Feature", "properties": {"stop_id": "RTM-00004542", "stop_name": "Giono Provence", "main_mode": "bus", "modes": ["bus"]}, "geometry": {"type": "Point", "coordinates": [5.48754006, 43.33159897]}}, {"type": "Feature", "properties": {"stop_id": "RTM-00004699", "stop_name": "Giono Provence", "main_mode": "bus", "modes": ["bus"]}, "geometry": {"type": "Point", "coordinates": [5.48611903, 43.33136988]}}, {"type": "Feature", "properties": {"stop_id": "RTM-00004697", "stop_name": "Giono Roque", "main_mode": "bus", "modes": ["bus"]}, "geometry": {"type": "Point", "coordinates": [5.47969875, 43.33795312]}}, {"type": "Feature", "properties": {"stop_id": "RTM-00004698", "stop_name": "Giono Roque", "main_mode": "bus", "modes": ["bus"]}, "geometry": {"type": "Point", "coordinates": [5.47895382, 43.33761104]}}, {"type": "Feature", "properties": {"stop_id": "RTM-00003595", "stop_name": "Golf d'Allauch", "main_mode": "bus", "modes": ["bus"]}, "geometry": {"type": "Point", "coordinates": [5.492946, 43.322328]}}, {"type": "Feature", "properties": {"stop_id": "RTM-00004686", "stop_name": "Golf d'Allauch", "main_mode": "bus", "modes": ["bus"]}, "geometry": {"type": "Point", "coordinates": [5.4931849, 43.32149382]}}, {"type": "Feature", "properties": {"stop_id": "RTM-00004518", "stop_name": "Gouffé Austerlitz", "main_mode": "bus", "modes": ["bus"]}, "geometry": {"type": "Point", "coordinates": [5.387713, 43.28599192]}}, {"type": "Feature", "properties": {"stop_id": "RTM-00001629", "stop_name": "Granada", "main_mode": "bus", "modes": ["bus"]}, "geometry": {"type": "Point", "coordinates": [5.440509, 43.285106]}}, {"type": "Feature", "properties": {"stop_id": "RTM-00001630", "stop_name": "Granada", "main_mode": "bus", "modes": ["bus"]}, "geometry": {"type": "Point", "coordinates": [5.439497, 43.284955]}}, {"type": "Feature", "properties": {"stop_id": "RTM-00002639", "stop_name": "Grand Littoral Nord", "main_mode": "bus", "modes": ["bus"]}, "geometry": {"type": "Point", "coordinates": [5.347455, 43.365229]}}, {"type": "Feature", "properties": {"stop_id": "RTM-00002648", "stop_name": "Grand Littoral Nord", "main_mode": "bus", "modes": ["bus"]}, "geometry": {"type": "Point", "coordinates": [5.34753, 43.365008]}}, {"type": "Feature", "properties": {"stop_id": "RTM-00002647", "stop_name": "Grand Littoral Sud", "main_mode": "bus", "modes": ["bus"]}, "geometry": {"type": "Point", "coordinates": [5.34935, 43.362142]}}, {"type": "Feature", "properties": {"stop_id": "RTM-00004309", "stop_name": "Grand Littoral Sud", "main_mode": "bus", "modes": ["bus"]}, "geometry": {"type": "Point", "coordinates": [5.349146, 43.361826]}}, {"type": "Feature", "properties": {"stop_id": "RTM-00002987", "stop_name": "Grand Pavois", "main_mode": "bus", "modes": ["bus"]}, "geometry": {"type": "Point", "coordinates": [5.359851, 43.404755]}}, {"type": "Feature", "properties": {"stop_id": "RTM-00003001", "stop_name": "Grand Pavois", "main_mode": "bus", "modes": ["bus"]}, "geometry": {"type": "Point", "coordinates": [5.360268, 43.404907]}}, {"type": "Feature", "properties": {"stop_id": "RTM-00001893", "stop_name": "Grand Pré", "main_mode": "bus", "modes": ["bus"]}, "geometry": {"type": "Point", "coordinates": [5.41475773, 43.26129598]}}, {"type": "Feature", "properties": {"stop_id": "RTM-00001908", "stop_name": "Grand Pré", "main_mode": "bus", "modes": ["bus"]}, "geometry": {"type": "Point", "coordinates": [5.414764, 43.261494]}}, {"type": "Feature", "properties": {"stop_id": "RTM-00001840", "stop_name": "Grand St Giniez", "main_mode": "bus", "modes": ["bus"]}, "geometry": {"type": "Point", "coordinates": [5.391663, 43.264554]}}, {"type": "Feature", "properties": {"stop_id": "RTM-00001884", "stop_name": "Grand St Giniez", "main_mode": "bus", "modes": ["bus"]}, "geometry": {"type": "Point", "coordinates": [5.390873, 43.26518]}}, {"type": "Feature", "properties": {"stop_id": "RTM-00001915", "stop_name": "Grand St Giniez", "main_mode": "bus", "modes": ["bus"]}, "geometry": {"type": "Point", "coordinates": [5.390658, 43.264541]}}, {"type": "Feature", "properties": {"stop_id": "RTM-00000228", "stop_name": "Grande Armée", "main_mode": "bus", "modes": ["bus"]}, "geometry": {"type": "Point", "coordinates": [5.38426, 43.300166]}}, {"type": "Feature", "properties": {"stop_id": "RTM-00001286", "stop_name": "Granière Rente", "main_mode": "bus", "modes": ["bus"]}, "geometry": {"type": "Point", "coordinates": [5.457599, 43.287576]}}, {"type": "Feature", "properties": {"stop_id": "RTM-00001293", "stop_name": "Granière Rente", "main_mode": "bus", "modes": ["bus"]}, "geometry": {"type": "Point", "coordinates": [5.458582, 43.287514]}}, {"type": "Feature", "properties": {"stop_id": "RTM-00001714", "stop_name": "Grotte Rolland", "main_mode": "bus", "modes": ["bus"]}, "geometry": {"type": "Point", "coordinates": [5.362346, 43.236593]}}, {"type": "Feature", "properties": {"stop_id": "RTM-00001722", "stop_name": "Grotte Rolland", "main_mode": "bus", "modes": ["bus"]}, "geometry": {"type": "Point", "coordinates": [5.3623524, 43.2364661]}}, {"type": "Feature", "properties": {"stop_id": "RTM-00000678", "stop_name": "Grottes Loubière", "main_mode": "bus", "modes": ["bus"]}, "geometry": {"type": "Point", "coordinates": [5.43316, 43.351255]}}, {"type": "Feature", "properties": {"stop_id": "RTM-00000703", "stop_name": "Grottes Loubière", "main_mode": "bus", "modes": ["bus"]}, "geometry": {"type": "Point", "coordinates": [5.433362, 43.351496]}}, {"type": "Feature", "properties": {"stop_id": "RTM-00004152", "stop_name": "Groupe Clovis Hugues", "main_mode": "bus", "modes": ["bus"]}, "geometry": {"type": "Point", "coordinates": [5.378723, 43.316122]}}, {"type": "Feature", "properties": {"stop_id": "RTM-00004153", "stop_name": "Groupe Clovis Hugues", "main_mode": "bus", "modes": ["bus"]}, "geometry": {"type": "Point", "coordinates": [5.37876517, 43.31620331]}}, {"type": "Feature", "properties": {"stop_id": "RTM-00000540", "stop_name": "Groupe Le Canet", "main_mode": "bus", "modes": ["bus"]}, "geometry": {"type": "Point", "coordinates": [5.385463, 43.331202]}}, {"type": "Feature", "properties": {"stop_id": "RTM-00000550", "stop_name": "Groupe Le Canet", "main_mode": "bus", "modes": ["bus"]}, "geometry": {"type": "Point", "coordinates": [5.385083, 43.330994]}}, {"type": "Feature", "properties": {"stop_id": "RTM-00001454", "stop_name": "Guadeloupe Martinique", "main_mode": "bus", "modes": ["bus"]}, "geometry": {"type": "Point", "coordinates": [5.374328, 43.281922]}}, {"type": "Feature", "properties": {"stop_id": "RTM-00001453", "stop_name": "Guadeloupe Milly", "main_mode": "bus", "modes": ["bus"]}, "geometry": {"type": "Point", "coordinates": [5.376037, 43.280876]}}, {"type": "Feature", "properties": {"stop_id": "RTM-00003677", "stop_name": "Guey", "main_mode": "bus", "modes": ["bus"]}, "geometry": {"type": "Point", "coordinates": [5.42231086, 43.30655508]}}, {"type": "Feature", "properties": {"stop_id": "RTM-00003680", "stop_name": "Guey", "main_mode": "bus", "modes": ["bus"]}, "geometry": {"type": "Point", "coordinates": [5.422448, 43.30615468]}}, {"type": "Feature", "properties": {"stop_id": "RTM-00003698", "stop_name": "Guibal Cavaignac", "main_mode": "bus", "modes": ["bus"]}, "geometry": {"type": "Point", "coordinates": [5.385515, 43.306496]}}, {"type": "Feature", "properties": {"stop_id": "RTM-00003708", "stop_name": "Guibal Cavaignac", "main_mode": "bus", "modes": ["bus"]}, "geometry": {"type": "Point", "coordinates": [5.385305, 43.306513]}}, {"type": "Feature", "properties": {"stop_id": "RTM-00004190", "stop_name": "Guidicelli Charras", "main_mode": "bus", "modes": ["bus"]}, "geometry": {"type": "Point", "coordinates": [5.357659, 43.284938]}}, {"type": "Feature", "properties": {"stop_id": "RTM-00004191", "stop_name": "Guidicelli Fouquet", "main_mode": "bus", "modes": ["bus"]}, "geometry": {"type": "Point", "coordinates": [5.35467, 43.286505]}}, {"type": "Feature", "properties": {"stop_id": "RTM-00001564", "stop_name": "Guigou", "main_mode": "bus", "modes": ["bus"]}, "geometry": {"type": "Point", "coordinates": [5.397309, 43.313773]}}, {"type": "Feature", "properties": {"stop_id": "RTM-00001572", "stop_name": "Guigou", "main_mode": "bus", "modes": ["bus"]}, "geometry": {"type": "Point", "coordinates": [5.396862, 43.313198]}}, {"type": "Feature", "properties": {"stop_id": "RTM-00004263", "stop_name": "Gèze", "main_mode": "metro", "modes": ["metro"]}, "geometry": {"type": "Point", "coordinates": [5.36724843, 43.32792836]}}, {"type": "Feature", "properties": {"stop_id": "RTM-00004265", "stop_name": "Gèze", "main_mode": "metro", "modes": ["metro"]}, "geometry": {"type": "Point", "coordinates": [5.36735773, 43.32794836]}}, {"type": "Feature", "properties": {"stop_id": "RTM-00004330", "stop_name": "Gèze Bossy", "main_mode": "bus", "modes": ["bus"]}, "geometry": {"type": "Point", "coordinates": [5.36975059, 43.33012752]}}, {"type": "Feature", "properties": {"stop_id": "RTM-00004332", "stop_name": "Gèze Bossy", "main_mode": "bus", "modes": ["bus"]}, "geometry": {"type": "Point", "coordinates": [5.3704746, 43.33048436]}}, {"type": "Feature", "properties": {"stop_id": "RTM-00004734", "stop_name": "Gèze Bossy", "main_mode": "bus", "modes": ["bus"]}, "geometry": {"type": "Point", "coordinates": [5.37080216, 43.33054203]}}, {"type": "Feature", "properties": {"stop_id": "RTM-00004540", "stop_name": "Général Leclerc", "main_mode": "bus", "modes": ["bus"]}, "geometry": {"type": "Point", "coordinates": [5.48574975, 43.34157071]}}, {"type": "Feature", "properties": {"stop_id": "RTM-00004544", "stop_name": "Général Leclerc", "main_mode": "bus", "modes": ["bus"]}, "geometry": {"type": "Point", "coordinates": [5.48607, 43.34195]}}, {"type": "Feature", "properties": {"stop_id": "RTM-00001063", "stop_name": "Géraniums", "main_mode": "bus", "modes": ["bus"]}, "geometry": {"type": "Point", "coordinates": [5.409335, 43.341361]}}, {"type": "Feature", "properties": {"stop_id": "RTM-00001064", "stop_name": "Géraniums", "main_mode": "bus", "modes": ["bus"]}, "geometry": {"type": "Point", "coordinates": [5.40851, 43.341498]}}, {"type": "Feature", "properties": {"stop_id": "RTM-00000949", "stop_name": "Haguenau Alaska", "main_mode": "bus", "modes": ["bus"]}, "geometry": {"type": "Point", "coordinates": [5.413167, 43.303554]}}, {"type": "Feature", "properties": {"stop_id": "RTM-00000948", "stop_name": "Haguenau Merle", "main_mode": "bus", "modes": ["bus"]}, "geometry": {"type": "Point", "coordinates": [5.413203, 43.30132]}}, {"type": "Feature", "properties": {"stop_id": "RTM-00001982", "stop_name": "Hambourg Clot Bey", "main_mode": "bus", "modes": ["bus"]}, "geometry": {"type": "Point", "coordinates": [5.38263, 43.25429]}}, {"type": "Feature", "properties": {"stop_id": "RTM-00001846", "stop_name": "Hambourg Lancier", "main_mode": "bus", "modes": ["bus"]}, "geometry": {"type": "Point", "coordinates": [5.393007, 43.247245]}}, {"type": "Feature", "properties": {"stop_id": "RTM-00001877", "stop_name": "Hambourg Lancier", "main_mode": "bus", "modes": ["bus"]}, "geometry": {"type": "Point", "coordinates": [5.39308, 43.247413]}}, {"type": "Feature", "properties": {"stop_id": "RTM-00001981", "stop_name": "Hambourg Leau", "main_mode": "bus", "modes": ["bus"]}, "geometry": {"type": "Point", "coordinates": [5.386212, 43.252581]}}, {"type": "Feature", "properties": {"stop_id": "RTM-00001990", "stop_name": "Hambourg Leau", "main_mode": "bus", "modes": ["bus"]}, "geometry": {"type": "Point", "coordinates": [5.386164, 43.25239]}}, {"type": "Feature", "properties": {"stop_id": "RTM-00003821", "stop_name": "Hangar J1", "main_mode": "bus", "modes": ["bus"]}, "geometry": {"type": "Point", "coordinates": [5.364789, 43.302804]}}, {"type": "Feature", "properties": {"stop_id": "RTM-00003825", "stop_name": "Hangar J1", "main_mode": "bus", "modes": ["bus"]}, "geometry": {"type": "Point", "coordinates": [5.36483109, 43.30388213]}}, {"type": "Feature", "properties": {"stop_id": "RTM-00003842", "stop_name": "Hangar J1", "main_mode": "bus", "modes": ["bus"]}, "geometry": {"type": "Point", "coordinates": [5.365636, 43.303396]}}, {"type": "Feature", "properties": {"stop_id": "RTM-00003049", "stop_name": "Haut de la Rougière", "main_mode": "bus", "modes": ["bus"]}, "geometry": {"type": "Point", "coordinates": [5.37843, 43.386991]}}, {"type": "Feature", "properties": {"stop_id": "RTM-00004356", "stop_name": "Hauts de Ste Marthe", "main_mode": "bus", "modes": ["bus"]}, "geometry": {"type": "Point", "coordinates": [5.398844, 43.3429997]}}, {"type": "Feature", "properties": {"stop_id": "RTM-00004357", "stop_name": "Hauts de Ste Marthe", "main_mode": "bus", "modes": ["bus"]}, "geometry": {"type": "Point", "coordinates": [5.399692, 43.342736]}}, {"type": "Feature", "properties": {"stop_id": "RTM-00001843", "stop_name": "Haïfa Ollivary", "main_mode": "bus", "modes": ["bus"]}, "geometry": {"type": "Point", "coordinates": [5.392842, 43.253182]}}, {"type": "Feature", "properties": {"stop_id": "RTM-00001880", "stop_name": "Haïfa Ollivary", "main_mode": "bus", "modes": ["bus"]}, "geometry": {"type": "Point", "coordinates": [5.39291027, 43.25313718]}}, {"type": "Feature", "properties": {"stop_id": "RTM-00002715", "stop_name": "Haïti Fraissinet", "main_mode": "bus", "modes": ["bus"]}, "geometry": {"type": "Point", "coordinates": [5.406583, 43.297311]}}, {"type": "Feature", "properties": {"stop_id": "RTM-00002716", "stop_name": "Haïti Garguier", "main_mode": "bus", "modes": ["bus"]}, "geometry": {"type": "Point", "coordinates": [5.407921, 43.297215]}}, {"type": "Feature", "properties": {"stop_id": "RTM-00002730", "stop_name": "Haïti Garguier", "main_mode": "bus", "modes": ["bus"]}, "geometry": {"type": "Point", "coordinates": [5.407823, 43.297295]}}, {"type": "Feature", "properties": {"stop_id": "RTM-00000945", "stop_name": "Haïti Hespérides", "main_mode": "bus", "modes": ["bus"]}, "geometry": {"type": "Point", "coordinates": [5.415776, 43.298215]}}, {"type": "Feature", "properties": {"stop_id": "RTM-00004612", "stop_name": "Heckel", "main_mode": "bus", "modes": ["bus"]}, "geometry": {"type": "Point", "coordinates": [5.44199442, 43.28749818]}}, {"type": "Feature", "properties": {"stop_id": "RTM-00004614", "stop_name": "Heckel", "main_mode": "bus", "modes": ["bus"]}, "geometry": {"type": "Point", "coordinates": [5.44207974, 43.28688352]}}, {"type": "Feature", "properties": {"stop_id": "RTM-00002182", "stop_name": "Henri Tasso", "main_mode": "bus", "modes": ["bus"]}, "geometry": {"type": "Point", "coordinates": [5.476968, 43.338136]}}, {"type": "Feature", "properties": {"stop_id": "RTM-00002209", "stop_name": "Henri Tasso", "main_mode": "bus", "modes": ["bus"]}, "geometry": {"type": "Point", "coordinates": [5.47643, 43.338322]}}, {"type": "Feature", "properties": {"stop_id": "RTM-00001999", "stop_name": "Hespérides Montval", "main_mode": "bus", "modes": ["bus"]}, "geometry": {"type": "Point", "coordinates": [5.410857, 43.252011]}}, {"type": "Feature", "properties": {"stop_id": "RTM-00002007", "stop_name": "Hespérides Montval", "main_mode": "bus", "modes": ["bus"]}, "geometry": {"type": "Point", "coordinates": [5.411143, 43.252007]}}, {"type": "Feature", "properties": {"stop_id": "RTM-00002770", "stop_name": "Hippodrome Borély", "main_mode": "bus", "modes": ["bus"]}, "geometry": {"type": "Point", "coordinates": [5.377564, 43.254571]}}, {"type": "Feature", "properties": {"stop_id": "RTM-00002771", "stop_name": "Hippodrome Borély", "main_mode": "bus", "modes": ["bus"]}, "geometry": {"type": "Point", "coordinates": [5.377936, 43.254397]}}, {"type": "Feature", "properties": {"stop_id": "RTM-00001767", "stop_name": "HLM de Luminy", "main_mode": "bus", "modes": ["bus"]}, "geometry": {"type": "Point", "coordinates": [5.438127, 43.242633]}}, {"type": "Feature", "properties": {"stop_id": "RTM-00001772", "stop_name": "HLM de Luminy", "main_mode": "bus", "modes": ["bus"]}, "geometry": {"type": "Point", "coordinates": [5.4382186, 43.2431293]}}, {"type": "Feature", "properties": {"stop_id": "RTM-00004591", "stop_name": "HLM de Luminy", "main_mode": "bus", "modes": ["bus"]}, "geometry": {"type": "Point", "coordinates": [5.43814627, 43.24246643]}}, {"type": "Feature", "properties": {"stop_id": "RTM-00004601", "stop_name": "HLM de Luminy", "main_mode": "bus", "modes": ["bus"]}, "geometry": {"type": "Point", "coordinates": [5.43818303, 43.24326407]}}, {"type": "Feature", "properties": {"stop_id": "RTM-00001331", "stop_name": "HLM La Barasse", "main_mode": "bus", "modes": ["bus"]}, "geometry": {"type": "Point", "coordinates": [5.488366, 43.284475]}}, {"type": "Feature", "properties": {"stop_id": "RTM-00001369", "stop_name": "HLM La Barasse", "main_mode": "bus", "modes": ["bus"]}, "geometry": {"type": "Point", "coordinates": [5.487329, 43.28474]}}, {"type": "Feature", "properties": {"stop_id": "RTM-00001170", "stop_name": "HLM La Rouguière", "main_mode": "bus", "modes": ["bus"]}, "geometry": {"type": "Point", "coordinates": [5.454512, 43.293288]}}, {"type": "Feature", "properties": {"stop_id": "RTM-00001201", "stop_name": "HLM La Rouguière", "main_mode": "bus", "modes": ["bus"]}, "geometry": {"type": "Point", "coordinates": [5.454552, 43.293387]}}, {"type": "Feature", "properties": {"stop_id": "RTM-00000373", "stop_name": "HLM Le Canet", "main_mode": "bus", "modes": ["bus"]}, "geometry": {"type": "Point", "coordinates": [5.374738, 43.330912]}}, {"type": "Feature", "properties": {"stop_id": "RTM-00000158", "stop_name": "HLM Les Aygalades", "main_mode": "bus", "modes": ["bus"]}, "geometry": {"type": "Point", "coordinates": [5.370205, 43.353194]}}, {"type": "Feature", "properties": {"stop_id": "RTM-00000178", "stop_name": "HLM Les Aygalades", "main_mode": "bus", "modes": ["bus"]}, "geometry": {"type": "Point", "coordinates": [5.369291, 43.353367]}}, {"type": "Feature", "properties": {"stop_id": "RTM-00000923", "stop_name": "HLM Les Caillols", "main_mode": "bus", "modes": ["bus"]}, "geometry": {"type": "Point", "coordinates": [5.44976632, 43.30131132]}}, {"type": "Feature", "properties": {"stop_id": "RTM-00000932", "stop_name": "HLM Les Caillols", "main_mode": "bus", "modes": ["bus"]}, "geometry": {"type": "Point", "coordinates": [5.449786, 43.30176]}}, {"type": "Feature", "properties": {"stop_id": "RTM-00001323", "stop_name": "HLM Néréïdes", "main_mode": "bus", "modes": ["bus"]}, "geometry": {"type": "Point", "coordinates": [5.459762, 43.288723]}}, {"type": "Feature", "properties": {"stop_id": "RTM-00001378", "stop_name": "HLM Néréïdes", "main_mode": "bus", "modes": ["bus"]}, "geometry": {"type": "Point", "coordinates": [5.459199, 43.288809]}}, {"type": "Feature", "properties": {"stop_id": "RTM-00003751", "stop_name": "Honnorat Crimée", "main_mode": "bus", "modes": ["bus"]}, "geometry": {"type": "Point", "coordinates": [5.382746, 43.304959]}}, {"type": "Feature", "properties": {"stop_id": "RTM-00001638", "stop_name": "Huveaune Platanes", "main_mode": "bus", "modes": ["bus"]}, "geometry": {"type": "Point", "coordinates": [5.40733874, 43.27341292]}}, {"type": "Feature", "properties": {"stop_id": "RTM-00001913", "stop_name": "Hôpital Clairval", "main_mode": "bus", "modes": ["bus"]}, "geometry": {"type": "Point", "coordinates": [5.428142, 43.247926]}}, {"type": "Feature", "properties": {"stop_id": "RTM-00001231", "stop_name": "Hôpital de la Timone", "main_mode": "bus", "modes": ["bus"]}, "geometry": {"type": "Point", "coordinates": [5.402695, 43.291825]}}, {"type": "Feature", "properties": {"stop_id": "RTM-00001252", "stop_name": "Hôpital de la Timone", "main_mode": "bus", "modes": ["bus"]}, "geometry": {"type": "Point", "coordinates": [5.402872, 43.291876]}}, {"type": "Feature", "properties": {"stop_id": "RTM-00000564", "stop_name": "Hôpital Edouard Toulouse", "main_mode": "bus", "modes": ["bus"]}, "geometry": {"type": "Point", "coordinates": [5.358343, 43.381209]}}, {"type": "Feature", "properties": {"stop_id": "RTM-00004282", "stop_name": "Hôpital Edouard Toulouse", "main_mode": "bus", "modes": ["bus"]}, "geometry": {"type": "Point", "coordinates": [5.35799248, 43.3800331]}}, {"type": "Feature", "properties": {"stop_id": "RTM-00003917", "stop_name": "Hôpital Européen", "main_mode": "bus", "modes": ["bus"]}, "geometry": {"type": "Point", "coordinates": [5.373445, 43.310212]}}, {"type": "Feature", "properties": {"stop_id": "RTM-00002516", "stop_name": "Hôpital Laveran", "main_mode": "bus", "modes": ["bus"]}, "geometry": {"type": "Point", "coordinates": [5.413589, 43.326854]}}, {"type": "Feature", "properties": {"stop_id": "RTM-00002517", "stop_name": "Hôpital Laveran", "main_mode": "bus", "modes": ["bus"]}, "geometry": {"type": "Point", "coordinates": [5.413779, 43.327304]}}, {"type": "Feature", "properties": {"stop_id": "RTM-00003989", "stop_name": "Hôpital Nord", "main_mode": "bus", "modes": ["bus"]}, "geometry": {"type": "Point", "coordinates": [5.363369, 43.376989]}}, {"type": "Feature", "properties": {"stop_id": "RTM-00004003", "stop_name": "Hôpital Nord", "main_mode": "bus", "modes": ["bus"]}, "geometry": {"type": "Point", "coordinates": [5.363313, 43.377174]}}, {"type": "Feature", "properties": {"stop_id": "RTM-00004106", "stop_name": "Hôpital Nord", "main_mode": "bus", "modes": ["bus"]}, "geometry": {"type": "Point", "coordinates": [5.363819, 43.377203]}}, {"type": "Feature", "properties": {"stop_id": "RTM-00004107", "stop_name": "Hôpital Nord", "main_mode": "bus", "modes": ["bus"]}, "geometry": {"type": "Point", "coordinates": [5.363439, 43.377358]}}, {"type": "Feature", "properties": {"stop_id": "RTM-00004108", "stop_name": "Hôpital Nord", "main_mode": "bus", "modes": ["bus"]}, "geometry": {"type": "Point", "coordinates": [5.363905, 43.377058]}}, {"type": "Feature", "properties": {"stop_id": "RTM-00003987", "stop_name": "Hôpital Nord Urgences", "main_mode": "bus", "modes": ["bus"]}, "geometry": {"type": "Point", "coordinates": [5.361401, 43.379437]}}, {"type": "Feature", "properties": {"stop_id": "RTM-00004005", "stop_name": "Hôpital Nord Urgences", "main_mode": "bus", "modes": ["bus"]}, "geometry": {"type": "Point", "coordinates": [5.361595, 43.379474]}}, {"type": "Feature", "properties": {"stop_id": "RTM-00001995", "stop_name": "Hôpital Sainte-Marguerite", "main_mode": "bus", "modes": ["bus"]}, "geometry": {"type": "Point", "coordinates": [5.40858272, 43.25940737]}}, {"type": "Feature", "properties": {"stop_id": "RTM-00002010", "stop_name": "Hôpital Sainte-Marguerite", "main_mode": "bus", "modes": ["bus"]}, "geometry": {"type": "Point", "coordinates": [5.40919428, 43.25903621]}}, {"type": "Feature", "properties": {"stop_id": "RTM-00003652", "stop_name": "Hôpital Sainte-Marguerite", "main_mode": "bus", "modes": ["bus"]}, "geometry": {"type": "Point", "coordinates": [5.409, 43.258454]}}, {"type": "Feature", "properties": {"stop_id": "RTM-00004649", "stop_name": "Hôpital Sainte-Marguerite", "main_mode": "bus", "modes": ["bus"]}, "geometry": {"type": "Point", "coordinates": [5.40905257, 43.25865306]}}, {"type": "Feature", "properties": {"stop_id": "RTM-00004096", "stop_name": "Hôpital St Joseph", "main_mode": "bus", "modes": ["bus"]}, "geometry": {"type": "Point", "coordinates": [5.395272, 43.275122]}}, {"type": "Feature", "properties": {"stop_id": "RTM-00004099", "stop_name": "Hôpital St Joseph", "main_mode": "bus", "modes": ["bus"]}, "geometry": {"type": "Point", "coordinates": [5.395233, 43.274972]}}, {"type": "Feature", "properties": {"stop_id": "RTM-00001892", "stop_name": "Hôpital Ste Marguerite", "main_mode": "bus", "modes": ["bus"]}, "geometry": {"type": "Point", "coordinates": [5.413149, 43.26242]}}, {"type": "Feature", "properties": {"stop_id": "RTM-00001909", "stop_name": "Hôpital Ste Marguerite", "main_mode": "bus", "modes": ["bus"]}, "geometry": {"type": "Point", "coordinates": [5.412552, 43.262703]}}, {"type": "Feature", "properties": {"stop_id": "RTM-00000436", "stop_name": "Hôtel de Ville", "main_mode": "bus", "modes": ["bus"]}, "geometry": {"type": "Point", "coordinates": [5.371023, 43.296227]}}, {"type": "Feature", "properties": {"stop_id": "RTM-00000468", "stop_name": "Hôtel de Ville", "main_mode": "bus", "modes": ["bus"]}, "geometry": {"type": "Point", "coordinates": [5.371246, 43.296161]}}, {"type": "Feature", "properties": {"stop_id": "RTM-00002038", "stop_name": "Hôtel du Département", "main_mode": "bus", "modes": ["bus"]}, "geometry": {"type": "Point", "coordinates": [5.405852, 43.313987]}}, {"type": "Feature", "properties": {"stop_id": "RTM-00004621", "stop_name": "Hôtel du Département", "main_mode": "bus", "modes": ["bus"]}, "geometry": {"type": "Point", "coordinates": [5.4051867, 43.31361845]}}, {"type": "Feature", "properties": {"stop_id": "RTM-00001828", "stop_name": "Isaac Luce", "main_mode": "bus", "modes": ["bus"]}, "geometry": {"type": "Point", "coordinates": [5.3972429, 43.25770574]}}, {"type": "Feature", "properties": {"stop_id": "RTM-00001803", "stop_name": "Jardin Bortoli", "main_mode": "bus", "modes": ["bus"]}, "geometry": {"type": "Point", "coordinates": [5.39772, 43.248666]}}, {"type": "Feature", "properties": {"stop_id": "RTM-00001823", "stop_name": "Jardin Bortoli", "main_mode": "bus", "modes": ["bus"]}, "geometry": {"type": "Point", "coordinates": [5.39785864, 43.2487806]}}, {"type": "Feature", "properties": {"stop_id": "RTM-00001472", "stop_name": "Jardin de la Colonne", "main_mode": "bus", "modes": ["bus"]}, "geometry": {"type": "Point", "coordinates": [5.369946, 43.28917]}}, {"type": "Feature", "properties": {"stop_id": "RTM-00002664", "stop_name": "Jardins de Saint-Thys", "main_mode": "bus", "modes": ["bus"]}, "geometry": {"type": "Point", "coordinates": [5.42987, 43.277768]}}, {"type": "Feature", "properties": {"stop_id": "RTM-00002666", "stop_name": "Jardins de Saint-Thys", "main_mode": "bus", "modes": ["bus"]}, "geometry": {"type": "Point", "coordinates": [5.429743, 43.278058]}}, {"type": "Feature", "properties": {"stop_id": "RTM-00003415", "stop_name": "Jean Martin", "main_mode": "tram", "modes": ["tram"]}, "geometry": {"type": "Point", "coordinates": [5.401762, 43.29584]}}, {"type": "Feature", "properties": {"stop_id": "RTM-00003419", "stop_name": "Jean Martin", "main_mode": "tram", "modes": ["tram"]}, "geometry": {"type": "Point", "coordinates": [5.401652, 43.295964]}}, {"type": "Feature", "properties": {"stop_id": "RTM-00001580", "stop_name": "Jean Moulin Facultés", "main_mode": "bus", "modes": ["bus"]}, "geometry": {"type": "Point", "coordinates": [5.40007, 43.28851]}}, {"type": "Feature", "properties": {"stop_id": "RTM-00001618", "stop_name": "Jean Moulin Facultés", "main_mode": "bus", "modes": ["bus"]}, "geometry": {"type": "Point", "coordinates": [5.400384, 43.288501]}}, {"type": "Feature", "properties": {"stop_id": "RTM-00001581", "stop_name": "Jean Moulin Ste Baume", "main_mode": "bus", "modes": ["bus"]}, "geometry": {"type": "Point", "coordinates": [5.39933227, 43.28663694]}}, {"type": "Feature", "properties": {"stop_id": "RTM-00001617", "stop_name": "Jean Moulin Ste Baume", "main_mode": "bus", "modes": ["bus"]}, "geometry": {"type": "Point", "coordinates": [5.39967223, 43.2865703]}}, {"type": "Feature", "properties": {"stop_id": "RTM-00004567", "stop_name": "Jean Moulin Ste Baume", "main_mode": "bus", "modes": ["bus"]}, "geometry": {"type": "Point", "coordinates": [5.40064512, 43.28694438]}}, {"type": "Feature", "properties": {"stop_id": "RTM-00000874", "stop_name": "Jean Rameau", "main_mode": "bus", "modes": ["bus"]}, "geometry": {"type": "Point", "coordinates": [5.4183, 43.307131]}}, {"type": "Feature", "properties": {"stop_id": "RTM-00000904", "stop_name": "Jean Rameau", "main_mode": "bus", "modes": ["bus"]}, "geometry": {"type": "Point", "coordinates": [5.418345, 43.306229]}}, {"type": "Feature", "properties": {"stop_id": "RTM-00003360", "stop_name": "Jeanne d'Arc", "main_mode": "bus", "modes": ["bus"]}, "geometry": {"type": "Point", "coordinates": [5.39933, 43.294012]}}, {"type": "Feature", "properties": {"stop_id": "RTM-00004425", "stop_name": "Jeanne d'Arc", "main_mode": "bus", "modes": ["bus"]}, "geometry": {"type": "Point", "coordinates": [5.399425, 43.294078]}}, {"type": "Feature", "properties": {"stop_id": "RTM-00002181", "stop_name": "Jet d'Eau", "main_mode": "bus", "modes": ["bus"]}, "geometry": {"type": "Point", "coordinates": [5.473223, 43.337738]}}, {"type": "Feature", "properties": {"stop_id": "RTM-00002210", "stop_name": "Jet d'Eau", "main_mode": "bus", "modes": ["bus"]}, "geometry": {"type": "Point", "coordinates": [5.473743, 43.338068]}}, {"type": "Feature", "properties": {"stop_id": "RTM-00004364", "stop_name": "Jet d'Eau", "main_mode": "bus", "modes": ["bus"]}, "geometry": {"type": "Point", "coordinates": [5.474194, 43.338528]}}, {"type": "Feature", "properties": {"stop_id": "RTM-00004667", "stop_name": "Jet d'Eau", "main_mode": "bus", "modes": ["bus"]}, "geometry": {"type": "Point", "coordinates": [5.47429179, 43.3386175]}}, {"type": "Feature", "properties": {"stop_id": "RTM-00000444", "stop_name": "Joliette", "main_mode": "bus", "modes": ["bus"]}, "geometry": {"type": "Point", "coordinates": [5.36708, 43.304454]}}, {"type": "Feature", "properties": {"stop_id": "RTM-00002307", "stop_name": "Joliette", "main_mode": "metro", "modes": ["metro"]}, "geometry": {"type": "Point", "coordinates": [5.367867, 43.3038805]}}, {"type": "Feature", "properties": {"stop_id": "RTM-00002319", "stop_name": "Joliette", "main_mode": "metro", "modes": ["metro"]}, "geometry": {"type": "Point", "coordinates": [5.3679735, 43.3039105]}}, {"type": "Feature", "properties": {"stop_id": "RTM-00003209", "stop_name": "Joliette", "main_mode": "tram", "modes": ["tram"]}, "geometry": {"type": "Point", "coordinates": [5.367157, 43.305473]}}, {"type": "Feature", "properties": {"stop_id": "RTM-00003279", "stop_name": "Joliette", "main_mode": "tram", "modes": ["tram"]}, "geometry": {"type": "Point", "coordinates": [5.367262, 43.30539]}}, {"type": "Feature", "properties": {"stop_id": "RTM-00003790", "stop_name": "Joliette", "main_mode": "bus", "modes": ["bus"]}, "geometry": {"type": "Point", "coordinates": [5.366492, 43.305158]}}, {"type": "Feature", "properties": {"stop_id": "RTM-00003824", "stop_name": "Joliette", "main_mode": "bus", "modes": ["bus"]}, "geometry": {"type": "Point", "coordinates": [5.365706, 43.305287]}}, {"type": "Feature", "properties": {"stop_id": "RTM-00003843", "stop_name": "Joliette", "main_mode": "bus", "modes": ["bus"]}, "geometry": {"type": "Point", "coordinates": [5.366588, 43.304591]}}, {"type": "Feature", "properties": {"stop_id": "RTM-00004287", "stop_name": "Joliette", "main_mode": "bus", "modes": ["bus"]}, "geometry": {"type": "Point", "coordinates": [5.366088, 43.304663]}}, {"type": "Feature", "properties": {"stop_id": "RTM-00004570", "stop_name": "Joliette", "main_mode": "bus", "modes": ["bus"]}, "geometry": {"type": "Point", "coordinates": [5.3652085, 43.30500121]}}, {"type": "Feature", "properties": {"stop_id": "RTM-00004066", "stop_name": "Joliot Curie", "main_mode": "bus", "modes": ["bus"]}, "geometry": {"type": "Point", "coordinates": [5.435659, 43.343626]}}, {"type": "Feature", "properties": {"stop_id": "RTM-00004080", "stop_name": "Joliot Curie", "main_mode": "bus", "modes": ["bus"]}, "geometry": {"type": "Point", "coordinates": [5.435543, 43.343643]}}, {"type": "Feature", "properties": {"stop_id": "RTM-00000770", "stop_name": "Jonquilles Lotus", "main_mode": "bus", "modes": ["bus"]}, "geometry": {"type": "Point", "coordinates": [5.438715, 43.321212]}}, {"type": "Feature", "properties": {"stop_id": "RTM-00000782", "stop_name": "Jonquilles Lotus", "main_mode": "bus", "modes": ["bus"]}, "geometry": {"type": "Point", "coordinates": [5.438799, 43.320815]}}, {"type": "Feature", "properties": {"stop_id": "RTM-00000771", "stop_name": "Jonquilles Maurelle", "main_mode": "bus", "modes": ["bus"]}, "geometry": {"type": "Point", "coordinates": [5.438207, 43.322345]}}, {"type": "Feature", "properties": {"stop_id": "RTM-00000781", "stop_name": "Jonquilles Maurelle", "main_mode": "bus", "modes": ["bus"]}, "geometry": {"type": "Point", "coordinates": [5.438287, 43.321918]}}, {"type": "Feature", "properties": {"stop_id": "RTM-00003382", "stop_name": "Jourdan Bonnardel", "main_mode": "bus", "modes": ["bus"]}, "geometry": {"type": "Point", "coordinates": [5.387459, 43.311454]}}, {"type": "Feature", "properties": {"stop_id": "RTM-00002308", "stop_name": "Jules Guesde", "main_mode": "metro", "modes": ["metro"]}, "geometry": {"type": "Point", "coordinates": [5.374025, 43.301957]}}, {"type": "Feature", "properties": {"stop_id": "RTM-00002320", "stop_name": "Jules Guesde", "main_mode": "metro", "modes": ["metro"]}, "geometry": {"type": "Point", "coordinates": [5.3739855, 43.302]}}, {"type": "Feature", "properties": {"stop_id": "RTM-00001461", "stop_name": "Jules Moulet Aune", "main_mode": "bus", "modes": ["bus"]}, "geometry": {"type": "Point", "coordinates": [5.371956, 43.289104]}}, {"type": "Feature", "properties": {"stop_id": "RTM-00001462", "stop_name": "Jules Moulet Dragon", "main_mode": "bus", "modes": ["bus"]}, "geometry": {"type": "Point", "coordinates": [5.37314594, 43.28667943]}}, {"type": "Feature", "properties": {"stop_id": "RTM-00001463", "stop_name": "Jules Moulet Notre Dame", "main_mode": "bus", "modes": ["bus"]}, "geometry": {"type": "Point", "coordinates": [5.374042, 43.284751]}}, {"type": "Feature", "properties": {"stop_id": "RTM-00000880", "stop_name": "Kaddouz Aiguillette", "main_mode": "bus", "modes": ["bus"]}, "geometry": {"type": "Point", "coordinates": [5.429998, 43.312071]}}, {"type": "Feature", "properties": {"stop_id": "RTM-00000899", "stop_name": "Kaddouz Aiguillette", "main_mode": "bus", "modes": ["bus"]}, "geometry": {"type": "Point", "coordinates": [5.428984, 43.311719]}}, {"type": "Feature", "properties": {"stop_id": "RTM-00000767", "stop_name": "Kaddouz Beaumont", "main_mode": "bus", "modes": ["bus"]}, "geometry": {"type": "Point", "coordinates": [5.438673, 43.317548]}}, {"type": "Feature", "properties": {"stop_id": "RTM-00000785", "stop_name": "Kaddouz Beaumont", "main_mode": "bus", "modes": ["bus"]}, "geometry": {"type": "Point", "coordinates": [5.437918, 43.317278]}}, {"type": "Feature", "properties": {"stop_id": "RTM-00000883", "stop_name": "Kaddouz Bourrély", "main_mode": "bus", "modes": ["bus"]}, "geometry": {"type": "Point", "coordinates": [5.435641, 43.316217]}}, {"type": "Feature", "properties": {"stop_id": "RTM-00000896", "stop_name": "Kaddouz Bourrély", "main_mode": "bus", "modes": ["bus"]}, "geometry": {"type": "Point", "coordinates": [5.435289, 43.316157]}}, {"type": "Feature", "properties": {"stop_id": "RTM-00000882", "stop_name": "Kaddouz Mazarade", "main_mode": "bus", "modes": ["bus"]}, "geometry": {"type": "Point", "coordinates": [5.433188, 43.314645]}}, {"type": "Feature", "properties": {"stop_id": "RTM-00000897", "stop_name": "Kaddouz Mazarade", "main_mode": "bus", "modes": ["bus"]}, "geometry": {"type": "Point", "coordinates": [5.432735, 43.314549]}}, {"type": "Feature", "properties": {"stop_id": "RTM-00000881", "stop_name": "Kaddouz Sables Jaunes", "main_mode": "bus", "modes": ["bus"]}, "geometry": {"type": "Point", "coordinates": [5.431232, 43.313053]}}, {"type": "Feature", "properties": {"stop_id": "RTM-00000898", "stop_name": "Kaddouz Sables Jaunes", "main_mode": "bus", "modes": ["bus"]}, "geometry": {"type": "Point", "coordinates": [5.430574, 43.312639]}}, {"type": "Feature", "properties": {"stop_id": "RTM-00003869", "stop_name": "Kaddouz St Julien", "main_mode": "bus", "modes": ["bus"]}, "geometry": {"type": "Point", "coordinates": [5.426022, 43.308744]}}, {"type": "Feature", "properties": {"stop_id": "RTM-00003870", "stop_name": "Kaddouz St Julien", "main_mode": "bus", "modes": ["bus"]}, "geometry": {"type": "Point", "coordinates": [5.425751, 43.308642]}}, {"type": "Feature", "properties": {"stop_id": "RTM-00000768", "stop_name": "Kaddouz Séminaire", "main_mode": "bus", "modes": ["bus"]}, "geometry": {"type": "Point", "coordinates": [5.439508, 43.318852]}}, {"type": "Feature", "properties": {"stop_id": "RTM-00000784", "stop_name": "Kaddouz Séminaire", "main_mode": "bus", "modes": ["bus"]}, "geometry": {"type": "Point", "coordinates": [5.439284, 43.318629]}}, {"type": "Feature", "properties": {"stop_id": "RTM-00003654", "stop_name": "Keynes Langevin", "main_mode": "bus", "modes": ["bus"]}, "geometry": {"type": "Point", "coordinates": [5.432819, 43.343137]}}, {"type": "Feature", "properties": {"stop_id": "RTM-00003661", "stop_name": "Keynes Langevin", "main_mode": "bus", "modes": ["bus"]}, "geometry": {"type": "Point", "coordinates": [5.433028, 43.343062]}}, {"type": "Feature", "properties": {"stop_id": "RTM-00001801", "stop_name": "L'Aillaude", "main_mode": "bus", "modes": ["bus"]}, "geometry": {"type": "Point", "coordinates": [5.39456, 43.252476]}}, {"type": "Feature", "properties": {"stop_id": "RTM-00001825", "stop_name": "L'Aillaude", "main_mode": "bus", "modes": ["bus"]}, "geometry": {"type": "Point", "coordinates": [5.394663, 43.252535]}}, {"type": "Feature", "properties": {"stop_id": "RTM-00001174", "stop_name": "L'Audience", "main_mode": "bus", "modes": ["bus"]}, "geometry": {"type": "Point", "coordinates": [5.485864, 43.296336]}}, {"type": "Feature", "properties": {"stop_id": "RTM-00001196", "stop_name": "L'Audience", "main_mode": "bus", "modes": ["bus"]}, "geometry": {"type": "Point", "coordinates": [5.486066, 43.296336]}}, {"type": "Feature", "properties": {"stop_id": "RTM-00002163", "stop_name": "L'Elysée", "main_mode": "bus", "modes": ["bus"]}, "geometry": {"type": "Point", "coordinates": [5.47166, 43.350951]}}, {"type": "Feature", "properties": {"stop_id": "RTM-00002196", "stop_name": "L'Elysée", "main_mode": "bus", "modes": ["bus"]}, "geometry": {"type": "Point", "coordinates": [5.471905, 43.351219]}}, {"type": "Feature", "properties": {"stop_id": "RTM-00001043", "stop_name": "L'Escalet", "main_mode": "bus", "modes": ["bus"]}, "geometry": {"type": "Point", "coordinates": [5.415827, 43.352776]}}, {"type": "Feature", "properties": {"stop_id": "RTM-00003922", "stop_name": "L'Escalet", "main_mode": "bus", "modes": ["bus"]}, "geometry": {"type": "Point", "coordinates": [5.415902, 43.352921]}}, {"type": "Feature", "properties": {"stop_id": "RTM-00001425", "stop_name": "L'Esplanade", "main_mode": "bus", "modes": ["bus"]}, "geometry": {"type": "Point", "coordinates": [5.368318, 43.284958]}}, {"type": "Feature", "properties": {"stop_id": "RTM-00001437", "stop_name": "L'Esplanade", "main_mode": "bus", "modes": ["bus"]}, "geometry": {"type": "Point", "coordinates": [5.368185, 43.285055]}}, {"type": "Feature", "properties": {"stop_id": "RTM-00000302", "stop_name": "L'Estaque", "main_mode": "bus", "modes": ["bus"]}, "geometry": {"type": "Point", "coordinates": [5.318694, 43.362594]}}, {"type": "Feature", "properties": {"stop_id": "RTM-00000310", "stop_name": "L'Estaque", "main_mode": "bus", "modes": ["bus"]}, "geometry": {"type": "Point", "coordinates": [5.318617, 43.362364]}}, {"type": "Feature", "properties": {"stop_id": "RTM-00003574", "stop_name": "L'Estaque", "main_mode": "bus", "modes": ["bus"]}, "geometry": {"type": "Point", "coordinates": [5.31867517, 43.3625181]}}, {"type": "Feature", "properties": {"stop_id": "RTM-00004505", "stop_name": "L'Estaque", "main_mode": "bus", "modes": ["bus"]}, "geometry": {"type": "Point", "coordinates": [5.31869123, 43.36243915]}}, {"type": "Feature", "properties": {"stop_id": "RTM-00002164", "stop_name": "L'Hermitage", "main_mode": "bus", "modes": ["bus"]}, "geometry": {"type": "Point", "coordinates": [5.475663, 43.351839]}}, {"type": "Feature", "properties": {"stop_id": "RTM-00002195", "stop_name": "L'Hermitage", "main_mode": "bus", "modes": ["bus"]}, "geometry": {"type": "Point", "coordinates": [5.47599311, 43.3519547]}}, {"type": "Feature", "properties": {"stop_id": "RTM-00000163", "stop_name": "L'Hermitage Jean Moulin", "main_mode": "bus", "modes": ["bus"]}, "geometry": {"type": "Point", "coordinates": [5.362782, 43.36162]}}, {"type": "Feature", "properties": {"stop_id": "RTM-00000173", "stop_name": "L'Hermitage Jean Moulin", "main_mode": "bus", "modes": ["bus"]}, "geometry": {"type": "Point", "coordinates": [5.362553, 43.361651]}}, {"type": "Feature", "properties": {"stop_id": "RTM-00004271", "stop_name": "L'Oliveraie", "main_mode": "bus", "modes": ["bus"]}, "geometry": {"type": "Point", "coordinates": [5.354201, 43.380278]}}, {"type": "Feature", "properties": {"stop_id": "RTM-00004272", "stop_name": "L'Oliveraie", "main_mode": "bus", "modes": ["bus"]}, "geometry": {"type": "Point", "coordinates": [5.354635, 43.379982]}}, {"type": "Feature", "properties": {"stop_id": "RTM-00003625", "stop_name": "L'Ouvière", "main_mode": "bus", "modes": ["bus"]}, "geometry": {"type": "Point", "coordinates": [5.49057486, 43.32737698]}}, {"type": "Feature", "properties": {"stop_id": "RTM-00003626", "stop_name": "L'Ouvière", "main_mode": "bus", "modes": ["bus"]}, "geometry": {"type": "Point", "coordinates": [5.49064543, 43.32744907]}}, {"type": "Feature", "properties": {"stop_id": "RTM-00001329", "stop_name": "La Barasse", "main_mode": "bus", "modes": ["bus"]}, "geometry": {"type": "Point", "coordinates": [5.480703, 43.285553]}}, {"type": "Feature", "properties": {"stop_id": "RTM-00001371", "stop_name": "La Barasse", "main_mode": "bus", "modes": ["bus"]}, "geometry": {"type": "Point", "coordinates": [5.481012, 43.28558]}}, {"type": "Feature", "properties": {"stop_id": "RTM-00001077", "stop_name": "La Batarelle", "main_mode": "bus", "modes": ["bus"]}, "geometry": {"type": "Point", "coordinates": [5.408204, 43.355692]}}, {"type": "Feature", "properties": {"stop_id": "RTM-00001074", "stop_name": "La Batarelle Basse", "main_mode": "bus", "modes": ["bus"]}, "geometry": {"type": "Point", "coordinates": [5.415252, 43.350216]}}, {"type": "Feature", "properties": {"stop_id": "RTM-00001079", "stop_name": "La Batarelle Basse", "main_mode": "bus", "modes": ["bus"]}, "geometry": {"type": "Point", "coordinates": [5.415109, 43.350249]}}, {"type": "Feature", "properties": {"stop_id": "RTM-00000565", "stop_name": "La Bigotte", "main_mode": "bus", "modes": ["bus"]}, "geometry": {"type": "Point", "coordinates": [5.366452, 43.384431]}}, {"type": "Feature", "properties": {"stop_id": "RTM-00000567", "stop_name": "La Bigotte", "main_mode": "bus", "modes": ["bus"]}, "geometry": {"type": "Point", "coordinates": [5.366166, 43.384405]}}, {"type": "Feature", "properties": {"stop_id": "RTM-00001536", "stop_name": "La Blancarde", "main_mode": "bus", "modes": ["bus"]}, "geometry": {"type": "Point", "coordinates": [5.406267, 43.296663]}}, {"type": "Feature", "properties": {"stop_id": "RTM-00003227", "stop_name": "La Blancarde", "main_mode": "tram", "modes": ["tram"]}, "geometry": {"type": "Point", "coordinates": [5.405477, 43.296653]}}, {"type": "Feature", "properties": {"stop_id": "RTM-00003292", "stop_name": "La Blancarde", "main_mode": "tram", "modes": ["tram"]}, "geometry": {"type": "Point", "coordinates": [5.405507, 43.296628]}}, {"type": "Feature", "properties": {"stop_id": "RTM-00003416", "stop_name": "La Blancarde", "main_mode": "tram", "modes": ["tram"]}, "geometry": {"type": "Point", "coordinates": [5.40622, 43.295697]}}, {"type": "Feature", "properties": {"stop_id": "RTM-00003417", "stop_name": "La Blancarde", "main_mode": "tram", "modes": ["tram"]}, "geometry": {"type": "Point", "coordinates": [5.406303, 43.29578]}}, {"type": "Feature", "properties": {"stop_id": "RTM-00003489", "stop_name": "La Blancarde", "main_mode": "metro", "modes": ["metro"]}, "geometry": {"type": "Point", "coordinates": [5.406199, 43.295438]}}, {"type": "Feature", "properties": {"stop_id": "RTM-00003496", "stop_name": "La Blancarde", "main_mode": "metro", "modes": ["metro"]}, "geometry": {"type": "Point", "coordinates": [5.406124, 43.29551]}}, {"type": "Feature", "properties": {"stop_id": "RTM-00004577", "stop_name": "La Blancarde", "main_mode": "bus", "modes": ["bus"]}, "geometry": {"type": "Point", "coordinates": [5.40652154, 43.295599]}}, {"type": "Feature", "properties": {"stop_id": "RTM-00003234", "stop_name": "La Boiseraie", "main_mode": "tram", "modes": ["tram"]}, "geometry": {"type": "Point", "coordinates": [5.422569, 43.294904]}}, {"type": "Feature", "properties": {"stop_id": "RTM-00003253", "stop_name": "La Boiseraie", "main_mode": "tram", "modes": ["tram"]}, "geometry": {"type": "Point", "coordinates": [5.422531, 43.294999]}}, {"type": "Feature", "properties": {"stop_id": "RTM-00001109", "stop_name": "La Boudinière", "main_mode": "bus", "modes": ["bus"]}, "geometry": {"type": "Point", "coordinates": [5.416442, 43.324328]}}, {"type": "Feature", "properties": {"stop_id": "RTM-00001114", "stop_name": "La Boudinière", "main_mode": "bus", "modes": ["bus"]}, "geometry": {"type": "Point", "coordinates": [5.415875, 43.324038]}}, {"type": "Feature", "properties": {"stop_id": "RTM-00002169", "stop_name": "La Bourdonnière", "main_mode": "bus", "modes": ["bus"]}, "geometry": {"type": "Point", "coordinates": [5.49091684, 43.35771021]}}, {"type": "Feature", "properties": {"stop_id": "RTM-00002190", "stop_name": "La Bourdonnière", "main_mode": "bus", "modes": ["bus"]}, "geometry": {"type": "Point", "coordinates": [5.49087928, 43.35776938]}}, {"type": "Feature", "properties": {"stop_id": "RTM-00000023", "stop_name": "La Bricarde", "main_mode": "bus", "modes": ["bus"]}, "geometry": {"type": "Point", "coordinates": [5.346671, 43.370394]}}, {"type": "Feature", "properties": {"stop_id": "RTM-00000030", "stop_name": "La Bricarde", "main_mode": "bus", "modes": ["bus"]}, "geometry": {"type": "Point", "coordinates": [5.345567, 43.369669]}}, {"type": "Feature", "properties": {"stop_id": "RTM-00000576", "stop_name": "La Bégude", "main_mode": "bus", "modes": ["bus"]}, "geometry": {"type": "Point", "coordinates": [5.438479, 43.333214]}}, {"type": "Feature", "properties": {"stop_id": "RTM-00000590", "stop_name": "La Bégude", "main_mode": "bus", "modes": ["bus"]}, "geometry": {"type": "Point", "coordinates": [5.437879, 43.333223]}}, {"type": "Feature", "properties": {"stop_id": "RTM-00002814", "stop_name": "La Bégude Sud", "main_mode": "bus", "modes": ["bus"]}, "geometry": {"type": "Point", "coordinates": [5.44104667, 43.33371074]}}, {"type": "Feature", "properties": {"stop_id": "RTM-00004569", "stop_name": "La Bégude Sud", "main_mode": "bus", "modes": ["bus"]}, "geometry": {"type": "Point", "coordinates": [5.43984039, 43.3335233]}}, {"type": "Feature", "properties": {"stop_id": "RTM-00000497", "stop_name": "La Cabucelle", "main_mode": "bus", "modes": ["bus"]}, "geometry": {"type": "Point", "coordinates": [5.357665, 43.33594]}}, {"type": "Feature", "properties": {"stop_id": "RTM-00000511", "stop_name": "La Cabucelle", "main_mode": "bus", "modes": ["bus"]}, "geometry": {"type": "Point", "coordinates": [5.357507, 43.336006]}}, {"type": "Feature", "properties": {"stop_id": "RTM-00004499", "stop_name": "La Calèche", "main_mode": "bus", "modes": ["bus"]}, "geometry": {"type": "Point", "coordinates": [5.487708, 43.352987]}}, {"type": "Feature", "properties": {"stop_id": "RTM-00004501", "stop_name": "La Calèche", "main_mode": "bus", "modes": ["bus"]}, "geometry": {"type": "Point", "coordinates": [5.48779376, 43.35281291]}}, {"type": "Feature", "properties": {"stop_id": "RTM-00002148", "stop_name": "La Cascade", "main_mode": "bus", "modes": ["bus"]}, "geometry": {"type": "Point", "coordinates": [5.453512, 43.338584]}}, {"type": "Feature", "properties": {"stop_id": "RTM-00002203", "stop_name": "La Cascade", "main_mode": "bus", "modes": ["bus"]}, "geometry": {"type": "Point", "coordinates": [5.453834, 43.339108]}}, {"type": "Feature", "properties": {"stop_id": "RTM-00002549", "stop_name": "La Castellane", "main_mode": "bus", "modes": ["bus"]}, "geometry": {"type": "Point", "coordinates": [5.343387, 43.366809]}}, {"type": "Feature", "properties": {"stop_id": "RTM-00003731", "stop_name": "La Castellane", "main_mode": "bus", "modes": ["bus"]}, "geometry": {"type": "Point", "coordinates": [5.343508, 43.366522]}}, {"type": "Feature", "properties": {"stop_id": "RTM-00000032", "stop_name": "La Castellane Ecole", "main_mode": "bus", "modes": ["bus"]}, "geometry": {"type": "Point", "coordinates": [5.34270173, 43.36528494]}}, {"type": "Feature", "properties": {"stop_id": "RTM-00004328", "stop_name": "La Castellane Ecole", "main_mode": "bus", "modes": ["bus"]}, "geometry": {"type": "Point", "coordinates": [5.34279412, 43.36507534]}}, {"type": "Feature", "properties": {"stop_id": "RTM-00004438", "stop_name": "La Cayolle", "main_mode": "bus", "modes": ["bus"]}, "geometry": {"type": "Point", "coordinates": [5.403341, 43.230655]}}, {"type": "Feature", "properties": {"stop_id": "RTM-00004439", "stop_name": "La Cayolle", "main_mode": "bus", "modes": ["bus"]}, "geometry": {"type": "Point", "coordinates": [5.403336, 43.230193]}}, {"type": "Feature", "properties": {"stop_id": "RTM-00004164", "stop_name": "La Clairière", "main_mode": "bus", "modes": ["bus"]}, "geometry": {"type": "Point", "coordinates": [5.424162, 43.265648]}}, {"type": "Feature", "properties": {"stop_id": "RTM-00004169", "stop_name": "La Clairière", "main_mode": "bus", "modes": ["bus"]}, "geometry": {"type": "Point", "coordinates": [5.42428466, 43.26569276]}}, {"type": "Feature", "properties": {"stop_id": "RTM-00003593", "stop_name": "La Craie", "main_mode": "bus", "modes": ["bus"]}, "geometry": {"type": "Point", "coordinates": [5.49017879, 43.32935498]}}, {"type": "Feature", "properties": {"stop_id": "RTM-00003597", "stop_name": "La Craie", "main_mode": "bus", "modes": ["bus"]}, "geometry": {"type": "Point", "coordinates": [5.490294, 43.329533]}}, {"type": "Feature", "properties": {"stop_id": "RTM-00000579", "stop_name": "La Croix Rouge", "main_mode": "bus", "modes": ["bus"]}, "geometry": {"type": "Point", "coordinates": [5.45107571, 43.33479685]}}, {"type": "Feature", "properties": {"stop_id": "RTM-00000587", "stop_name": "La Croix Rouge", "main_mode": "bus", "modes": ["bus"]}, "geometry": {"type": "Point", "coordinates": [5.451337, 43.334902]}}, {"type": "Feature", "properties": {"stop_id": "RTM-00002146", "stop_name": "La Croix Rouge", "main_mode": "bus", "modes": ["bus"]}, "geometry": {"type": "Point", "coordinates": [5.450844, 43.335108]}}, {"type": "Feature", "properties": {"stop_id": "RTM-00002205", "stop_name": "La Croix Rouge", "main_mode": "bus", "modes": ["bus"]}, "geometry": {"type": "Point", "coordinates": [5.450985, 43.335413]}}, {"type": "Feature", "properties": {"stop_id": "RTM-00000578", "stop_name": "La Croix Rouge Eglise", "main_mode": "bus", "modes": ["bus"]}, "geometry": {"type": "Point", "coordinates": [5.448487, 43.334558]}}, {"type": "Feature", "properties": {"stop_id": "RTM-00000588", "stop_name": "La Croix Rouge Eglise", "main_mode": "bus", "modes": ["bus"]}, "geometry": {"type": "Point", "coordinates": [5.44785, 43.334861]}}, {"type": "Feature", "properties": {"stop_id": "RTM-00000575", "stop_name": "La Croix Rouge Val Plan", "main_mode": "bus", "modes": ["bus"]}, "geometry": {"type": "Point", "coordinates": [5.4359155, 43.3327771]}}, {"type": "Feature", "properties": {"stop_id": "RTM-00000591", "stop_name": "La Croix Rouge Val Plan", "main_mode": "bus", "modes": ["bus"]}, "geometry": {"type": "Point", "coordinates": [5.4355469, 43.3327099]}}, {"type": "Feature", "properties": {"stop_id": "RTM-00001681", "stop_name": "La Fauvière", "main_mode": "bus", "modes": ["bus"]}, "geometry": {"type": "Point", "coordinates": [5.428035, 43.278352]}}, {"type": "Feature", "properties": {"stop_id": "RTM-00001691", "stop_name": "La Fauvière", "main_mode": "bus", "modes": ["bus"]}, "geometry": {"type": "Point", "coordinates": [5.428003, 43.278524]}}, {"type": "Feature", "properties": {"stop_id": "RTM-00003493", "stop_name": "La Fourragère", "main_mode": "metro", "modes": ["metro"]}, "geometry": {"type": "Point", "coordinates": [5.4242105, 43.303877]}}, {"type": "Feature", "properties": {"stop_id": "RTM-00000955", "stop_name": "La Fourragère Désert", "main_mode": "bus", "modes": ["bus"]}, "geometry": {"type": "Point", "coordinates": [5.433962, 43.297513]}}, {"type": "Feature", "properties": {"stop_id": "RTM-00000968", "stop_name": "La Fourragère Désert", "main_mode": "bus", "modes": ["bus"]}, "geometry": {"type": "Point", "coordinates": [5.434135, 43.297618]}}, {"type": "Feature", "properties": {"stop_id": "RTM-00002669", "stop_name": "La Galerie La Valentine", "main_mode": "bus", "modes": ["bus"]}, "geometry": {"type": "Point", "coordinates": [5.479349, 43.295046]}}, {"type": "Feature", "properties": {"stop_id": "RTM-00002670", "stop_name": "La Galerie La Valentine", "main_mode": "bus", "modes": ["bus"]}, "geometry": {"type": "Point", "coordinates": [5.47922412, 43.29494546]}}, {"type": "Feature", "properties": {"stop_id": "RTM-00002950", "stop_name": "La Gavotte Peyret", "main_mode": "bus", "modes": ["bus"]}, "geometry": {"type": "Point", "coordinates": [5.351972, 43.388299]}}, {"type": "Feature", "properties": {"stop_id": "RTM-00001968", "stop_name": "La Gaye", "main_mode": "bus", "modes": ["bus"]}, "geometry": {"type": "Point", "coordinates": [5.41100673, 43.25662013]}}, {"type": "Feature", "properties": {"stop_id": "RTM-00001996", "stop_name": "La Gaye", "main_mode": "bus", "modes": ["bus"]}, "geometry": {"type": "Point", "coordinates": [5.41079476, 43.25667776]}}, {"type": "Feature", "properties": {"stop_id": "RTM-00004639", "stop_name": "La Gaye", "main_mode": "bus", "modes": ["bus"]}, "geometry": {"type": "Point", "coordinates": [5.41081689, 43.25676379]}}, {"type": "Feature", "properties": {"stop_id": "RTM-00001899", "stop_name": "La Gouffonne", "main_mode": "bus", "modes": ["bus"]}, "geometry": {"type": "Point", "coordinates": [5.424597, 43.24662]}}, {"type": "Feature", "properties": {"stop_id": "RTM-00001902", "stop_name": "La Gouffonne", "main_mode": "bus", "modes": ["bus"]}, "geometry": {"type": "Point", "coordinates": [5.424712, 43.246639]}}, {"type": "Feature", "properties": {"stop_id": "RTM-00002981", "stop_name": "La Grande Vigne", "main_mode": "bus", "modes": ["bus"]}, "geometry": {"type": "Point", "coordinates": [5.363994, 43.40515]}}, {"type": "Feature", "properties": {"stop_id": "RTM-00003007", "stop_name": "La Grande Vigne", "main_mode": "bus", "modes": ["bus"]}, "geometry": {"type": "Point", "coordinates": [5.36418, 43.405191]}}, {"type": "Feature", "properties": {"stop_id": "RTM-00001287", "stop_name": "La Granière", "main_mode": "bus", "modes": ["bus"]}, "geometry": {"type": "Point", "coordinates": [5.460845, 43.285905]}}, {"type": "Feature", "properties": {"stop_id": "RTM-00001292", "stop_name": "La Granière", "main_mode": "bus", "modes": ["bus"]}, "geometry": {"type": "Point", "coordinates": [5.461066, 43.286178]}}, {"type": "Feature", "properties": {"stop_id": "RTM-00003237", "stop_name": "La Grognarde", "main_mode": "tram", "modes": ["tram"]}, "geometry": {"type": "Point", "coordinates": [5.432329, 43.294587]}}, {"type": "Feature", "properties": {"stop_id": "RTM-00003250", "stop_name": "La Grognarde", "main_mode": "tram", "modes": ["tram"]}, "geometry": {"type": "Point", "coordinates": [5.432284, 43.294662]}}, {"type": "Feature", "properties": {"stop_id": "RTM-00000676", "stop_name": "La Julienne", "main_mode": "bus", "modes": ["bus"]}, "geometry": {"type": "Point", "coordinates": [5.430133, 43.348133]}}, {"type": "Feature", "properties": {"stop_id": "RTM-00000705", "stop_name": "La Julienne", "main_mode": "bus", "modes": ["bus"]}, "geometry": {"type": "Point", "coordinates": [5.429775, 43.347904]}}, {"type": "Feature", "properties": {"stop_id": "RTM-00002173", "stop_name": "La Louise", "main_mode": "bus", "modes": ["bus"]}, "geometry": {"type": "Point", "coordinates": [5.45881474, 43.33273744]}}, {"type": "Feature", "properties": {"stop_id": "RTM-00002218", "stop_name": "La Louise", "main_mode": "bus", "modes": ["bus"]}, "geometry": {"type": "Point", "coordinates": [5.459133, 43.332808]}}, {"type": "Feature", "properties": {"stop_id": "RTM-00004673", "stop_name": "La Ludovine", "main_mode": "bus", "modes": ["bus"]}, "geometry": {"type": "Point", "coordinates": [5.50122238, 43.30560779]}}, {"type": "Feature", "properties": {"stop_id": "RTM-00004688", "stop_name": "La Ludovine", "main_mode": "bus", "modes": ["bus"]}, "geometry": {"type": "Point", "coordinates": [5.50111509, 43.30556339]}}, {"type": "Feature", "properties": {"stop_id": "RTM-00000442", "stop_name": "La Major", "main_mode": "bus", "modes": ["bus"]}, "geometry": {"type": "Point", "coordinates": [5.365734, 43.299745]}}, {"type": "Feature", "properties": {"stop_id": "RTM-00003819", "stop_name": "La Major", "main_mode": "bus", "modes": ["bus"]}, "geometry": {"type": "Point", "coordinates": [5.363699, 43.299322]}}, {"type": "Feature", "properties": {"stop_id": "RTM-00003827", "stop_name": "La Major", "main_mode": "bus", "modes": ["bus"]}, "geometry": {"type": "Point", "coordinates": [5.363343, 43.299153]}}, {"type": "Feature", "properties": {"stop_id": "RTM-00000984", "stop_name": "La Margeray", "main_mode": "bus", "modes": ["bus"]}, "geometry": {"type": "Point", "coordinates": [5.398135, 43.336043]}}, {"type": "Feature", "properties": {"stop_id": "RTM-00001005", "stop_name": "La Margeray", "main_mode": "bus", "modes": ["bus"]}, "geometry": {"type": "Point", "coordinates": [5.397845, 43.335964]}}, {"type": "Feature", "properties": {"stop_id": "RTM-00000109", "stop_name": "La Marine", "main_mode": "bus", "modes": ["bus"]}, "geometry": {"type": "Point", "coordinates": [5.388224, 43.325453]}}, {"type": "Feature", "properties": {"stop_id": "RTM-00000137", "stop_name": "La Marine", "main_mode": "bus", "modes": ["bus"]}, "geometry": {"type": "Point", "coordinates": [5.388336, 43.324761]}}, {"type": "Feature", "properties": {"stop_id": "RTM-00003990", "stop_name": "La Martine", "main_mode": "bus", "modes": ["bus"]}, "geometry": {"type": "Point", "coordinates": [5.365895, 43.374431]}}, {"type": "Feature", "properties": {"stop_id": "RTM-00004002", "stop_name": "La Martine", "main_mode": "bus", "modes": ["bus"]}, "geometry": {"type": "Point", "coordinates": [5.365966, 43.374629]}}, {"type": "Feature", "properties": {"stop_id": "RTM-00000619", "stop_name": "La Maurelle", "main_mode": "bus", "modes": ["bus"]}, "geometry": {"type": "Point", "coordinates": [5.439182, 43.326176]}}, {"type": "Feature", "properties": {"stop_id": "RTM-00000660", "stop_name": "La Maurelle", "main_mode": "bus", "modes": ["bus"]}, "geometry": {"type": "Point", "coordinates": [5.437791, 43.326769]}}, {"type": "Feature", "properties": {"stop_id": "RTM-00004225", "stop_name": "La Mazenode", "main_mode": "bus", "modes": ["bus"]}, "geometry": {"type": "Point", "coordinates": [5.42827338, 43.28613273]}}, {"type": "Feature", "properties": {"stop_id": "RTM-00001333", "stop_name": "La Millière", "main_mode": "bus", "modes": ["bus"]}, "geometry": {"type": "Point", "coordinates": [5.500015, 43.283457]}}, {"type": "Feature", "properties": {"stop_id": "RTM-00001367", "stop_name": "La Millière", "main_mode": "bus", "modes": ["bus"]}, "geometry": {"type": "Point", "coordinates": [5.498855, 43.283505]}}, {"type": "Feature", "properties": {"stop_id": "RTM-00001366", "stop_name": "La Millière Solitude", "main_mode": "bus", "modes": ["bus"]}, "geometry": {"type": "Point", "coordinates": [5.501924, 43.283604]}}, {"type": "Feature", "properties": {"stop_id": "RTM-00001197", "stop_name": "La Montre", "main_mode": "bus", "modes": ["bus"]}, "geometry": {"type": "Point", "coordinates": [5.47185, 43.290698]}}, {"type": "Feature", "properties": {"stop_id": "RTM-00000306", "stop_name": "La Nerthe", "main_mode": "bus", "modes": ["bus"]}, "geometry": {"type": "Point", "coordinates": [5.308109, 43.364007]}}, {"type": "Feature", "properties": {"stop_id": "RTM-00000303", "stop_name": "La Nerthe Marinier", "main_mode": "bus", "modes": ["bus"]}, "geometry": {"type": "Point", "coordinates": [5.31609725, 43.3632349]}}, {"type": "Feature", "properties": {"stop_id": "RTM-00000309", "stop_name": "La Nerthe Marinier", "main_mode": "bus", "modes": ["bus"]}, "geometry": {"type": "Point", "coordinates": [5.315894, 43.363225]}}, {"type": "Feature", "properties": {"stop_id": "RTM-00000304", "stop_name": "La Nerthe Mistral", "main_mode": "bus", "modes": ["bus"]}, "geometry": {"type": "Point", "coordinates": [5.313045, 43.362985]}}, {"type": "Feature", "properties": {"stop_id": "RTM-00000308", "stop_name": "La Nerthe Mistral", "main_mode": "bus", "modes": ["bus"]}, "geometry": {"type": "Point", "coordinates": [5.313136, 43.362908]}}, {"type": "Feature", "properties": {"stop_id": "RTM-00003612", "stop_name": "La Panouse", "main_mode": "bus", "modes": ["bus"]}, "geometry": {"type": "Point", "coordinates": [5.427291, 43.256717]}}, {"type": "Feature", "properties": {"stop_id": "RTM-00003614", "stop_name": "La Panouse Belle Fontaine", "main_mode": "bus", "modes": ["bus"]}, "geometry": {"type": "Point", "coordinates": [5.422523, 43.257048]}}, {"type": "Feature", "properties": {"stop_id": "RTM-00003615", "stop_name": "La Panouse Belle Fontaine", "main_mode": "bus", "modes": ["bus"]}, "geometry": {"type": "Point", "coordinates": [5.421952, 43.257136]}}, {"type": "Feature", "properties": {"stop_id": "RTM-00003616", "stop_name": "La Panouse Bougainvilliers", "main_mode": "bus", "modes": ["bus"]}, "geometry": {"type": "Point", "coordinates": [5.424411, 43.256993]}}, {"type": "Feature", "properties": {"stop_id": "RTM-00003617", "stop_name": "La Panouse Bougainvilliers", "main_mode": "bus", "modes": ["bus"]}, "geometry": {"type": "Point", "coordinates": [5.423968, 43.257104]}}, {"type": "Feature", "properties": {"stop_id": "RTM-00000691", "stop_name": "La Parade", "main_mode": "bus", "modes": ["bus"]}, "geometry": {"type": "Point", "coordinates": [5.440679, 43.363332]}}, {"type": "Feature", "properties": {"stop_id": "RTM-00000689", "stop_name": "La Parade Argelas", "main_mode": "bus", "modes": ["bus"]}, "geometry": {"type": "Point", "coordinates": [5.437609, 43.361422]}}, {"type": "Feature", "properties": {"stop_id": "RTM-00000693", "stop_name": "La Parade Argelas", "main_mode": "bus", "modes": ["bus"]}, "geometry": {"type": "Point", "coordinates": [5.437475, 43.361497]}}, {"type": "Feature", "properties": {"stop_id": "RTM-00000686", "stop_name": "La Parade Chars", "main_mode": "bus", "modes": ["bus"]}, "geometry": {"type": "Point", "coordinates": [5.442866, 43.360816]}}, {"type": "Feature", "properties": {"stop_id": "RTM-00000696", "stop_name": "La Parade Chars", "main_mode": "bus", "modes": ["bus"]}, "geometry": {"type": "Point", "coordinates": [5.442871, 43.360612]}}, {"type": "Feature", "properties": {"stop_id": "RTM-00000688", "stop_name": "La Parade Garou", "main_mode": "bus", "modes": ["bus"]}, "geometry": {"type": "Point", "coordinates": [5.439721, 43.36099]}}, {"type": "Feature", "properties": {"stop_id": "RTM-00000694", "stop_name": "La Parade Garou", "main_mode": "bus", "modes": ["bus"]}, "geometry": {"type": "Point", "coordinates": [5.439491, 43.360866]}}, {"type": "Feature", "properties": {"stop_id": "RTM-00000690", "stop_name": "La Parade Pierrots", "main_mode": "bus", "modes": ["bus"]}, "geometry": {"type": "Point", "coordinates": [5.439862, 43.361939]}}, {"type": "Feature", "properties": {"stop_id": "RTM-00000692", "stop_name": "La Parade Pierrots", "main_mode": "bus", "modes": ["bus"]}, "geometry": {"type": "Point", "coordinates": [5.439724, 43.361687]}}, {"type": "Feature", "properties": {"stop_id": "RTM-00003233", "stop_name": "La Parette", "main_mode": "tram", "modes": ["tram"]}, "geometry": {"type": "Point", "coordinates": [5.419242, 43.29497]}}, {"type": "Feature", "properties": {"stop_id": "RTM-00003254", "stop_name": "La Parette", "main_mode": "tram", "modes": ["tram"]}, "geometry": {"type": "Point", "coordinates": [5.419242, 43.295052]}}, {"type": "Feature", "properties": {"stop_id": "RTM-00001622", "stop_name": "La Pauline", "main_mode": "bus", "modes": ["bus"]}, "geometry": {"type": "Point", "coordinates": [5.410811, 43.272157]}}, {"type": "Feature", "properties": {"stop_id": "RTM-00001636", "stop_name": "La Pauline", "main_mode": "bus", "modes": ["bus"]}, "geometry": {"type": "Point", "coordinates": [5.410941, 43.272438]}}, {"type": "Feature", "properties": {"stop_id": "RTM-00000766", "stop_name": "La Pignatelle", "main_mode": "bus", "modes": ["bus"]}, "geometry": {"type": "Point", "coordinates": [5.436107, 43.317083]}}, {"type": "Feature", "properties": {"stop_id": "RTM-00000786", "stop_name": "La Pignatelle", "main_mode": "bus", "modes": ["bus"]}, "geometry": {"type": "Point", "coordinates": [5.435898, 43.317394]}}, {"type": "Feature", "properties": {"stop_id": "RTM-00001165", "stop_name": "La Pomme Eglise", "main_mode": "bus", "modes": ["bus"]}, "geometry": {"type": "Point", "coordinates": [5.442083, 43.290275]}}, {"type": "Feature", "properties": {"stop_id": "RTM-00001321", "stop_name": "La Pomme Heckel", "main_mode": "bus", "modes": ["bus"]}, "geometry": {"type": "Point", "coordinates": [5.441431, 43.288769]}}, {"type": "Feature", "properties": {"stop_id": "RTM-00002175", "stop_name": "La Pounche", "main_mode": "bus", "modes": ["bus"]}, "geometry": {"type": "Point", "coordinates": [5.464171, 43.332676]}}, {"type": "Feature", "properties": {"stop_id": "RTM-00002216", "stop_name": "La Pounche", "main_mode": "bus", "modes": ["bus"]}, "geometry": {"type": "Point", "coordinates": [5.462799, 43.33293]}}, {"type": "Feature", "properties": {"stop_id": "RTM-00002177", "stop_name": "La Pounche Ecoles", "main_mode": "bus", "modes": ["bus"]}, "geometry": {"type": "Point", "coordinates": [5.466633, 43.334583]}}, {"type": "Feature", "properties": {"stop_id": "RTM-00002214", "stop_name": "La Pounche Ecoles", "main_mode": "bus", "modes": ["bus"]}, "geometry": {"type": "Point", "coordinates": [5.466615, 43.334368]}}, {"type": "Feature", "properties": {"stop_id": "RTM-00004702", "stop_name": "La Pounche Poste", "main_mode": "bus", "modes": ["bus"]}, "geometry": {"type": "Point", "coordinates": [5.46401347, 43.3324118]}}, {"type": "Feature", "properties": {"stop_id": "RTM-00004703", "stop_name": "La Pounche Poste", "main_mode": "bus", "modes": ["bus"]}, "geometry": {"type": "Point", "coordinates": [5.464158, 43.332358]}}, {"type": "Feature", "properties": {"stop_id": "RTM-00001667", "stop_name": "La Pugette", "main_mode": "bus", "modes": ["bus"]}, "geometry": {"type": "Point", "coordinates": [5.403465, 43.269013]}}, {"type": "Feature", "properties": {"stop_id": "RTM-00001888", "stop_name": "La Pugette", "main_mode": "bus", "modes": ["bus"]}, "geometry": {"type": "Point", "coordinates": [5.4042834, 43.2685611]}}, {"type": "Feature", "properties": {"stop_id": "RTM-00002873", "stop_name": "La Pugette", "main_mode": "bus", "modes": ["bus"]}, "geometry": {"type": "Point", "coordinates": [5.40235715, 43.26904967]}}, {"type": "Feature", "properties": {"stop_id": "RTM-00000577", "stop_name": "La Ravelle", "main_mode": "bus", "modes": ["bus"]}, "geometry": {"type": "Point", "coordinates": [5.44312115, 43.33474694]}}, {"type": "Feature", "properties": {"stop_id": "RTM-00000589", "stop_name": "La Ravelle", "main_mode": "bus", "modes": ["bus"]}, "geometry": {"type": "Point", "coordinates": [5.44312, 43.334824]}}, {"type": "Feature", "properties": {"stop_id": "RTM-00004656", "stop_name": "La Ravelle", "main_mode": "bus", "modes": ["bus"]}, "geometry": {"type": "Point", "coordinates": [5.44388724, 43.33520964]}}, {"type": "Feature", "properties": {"stop_id": "RTM-00004659", "stop_name": "La Ravelle", "main_mode": "bus", "modes": ["bus"]}, "geometry": {"type": "Point", "coordinates": [5.44419131, 43.33523642]}}, {"type": "Feature", "properties": {"stop_id": "RTM-00003524", "stop_name": "La Reynarde", "main_mode": "bus", "modes": ["bus"]}, "geometry": {"type": "Point", "coordinates": [5.505275, 43.288294]}}, {"type": "Feature", "properties": {"stop_id": "RTM-00000593", "stop_name": "La Rose", "main_mode": "bus", "modes": ["bus"]}, "geometry": {"type": "Point", "coordinates": [5.42872667, 43.32975509]}}, {"type": "Feature", "properties": {"stop_id": "RTM-00000616", "stop_name": "La Rose", "main_mode": "bus", "modes": ["bus"]}, "geometry": {"type": "Point", "coordinates": [5.42862407, 43.32956924]}}, {"type": "Feature", "properties": {"stop_id": "RTM-00002275", "stop_name": "La Rose", "main_mode": "metro", "modes": ["metro"]}, "geometry": {"type": "Point", "coordinates": [5.4296345, 43.333138]}}, {"type": "Feature", "properties": {"stop_id": "RTM-00002388", "stop_name": "La Rose", "main_mode": "metro", "modes": ["metro"]}, "geometry": {"type": "Point", "coordinates": [5.4297405, 43.333097]}}, {"type": "Feature", "properties": {"stop_id": "RTM-00000574", "stop_name": "La Rose Bd Neuf", "main_mode": "bus", "modes": ["bus"]}, "geometry": {"type": "Point", "coordinates": [5.432438, 43.331185]}}, {"type": "Feature", "properties": {"stop_id": "RTM-00000592", "stop_name": "La Rose Bd Neuf", "main_mode": "bus", "modes": ["bus"]}, "geometry": {"type": "Point", "coordinates": [5.43231038, 43.33125168]}}, {"type": "Feature", "properties": {"stop_id": "RTM-00000571", "stop_name": "La Rose Le Clos", "main_mode": "bus", "modes": ["bus"]}, "geometry": {"type": "Point", "coordinates": [5.428273, 43.331483]}}, {"type": "Feature", "properties": {"stop_id": "RTM-00000595", "stop_name": "La Rose Le Clos", "main_mode": "bus", "modes": ["bus"]}, "geometry": {"type": "Point", "coordinates": [5.42854, 43.331472]}}, {"type": "Feature", "properties": {"stop_id": "RTM-00000572", "stop_name": "La Rose Mignet", "main_mode": "bus", "modes": ["bus"]}, "geometry": {"type": "Point", "coordinates": [5.42729, 43.329898]}}, {"type": "Feature", "properties": {"stop_id": "RTM-00000594", "stop_name": "La Rose Mignet", "main_mode": "bus", "modes": ["bus"]}, "geometry": {"type": "Point", "coordinates": [5.42752762, 43.33011567]}}, {"type": "Feature", "properties": {"stop_id": "RTM-00001110", "stop_name": "La Rose Verdière", "main_mode": "bus", "modes": ["bus"]}, "geometry": {"type": "Point", "coordinates": [5.418931, 43.325214]}}, {"type": "Feature", "properties": {"stop_id": "RTM-00001113", "stop_name": "La Rose Verdière", "main_mode": "bus", "modes": ["bus"]}, "geometry": {"type": "Point", "coordinates": [5.419144, 43.32547]}}, {"type": "Feature", "properties": {"stop_id": "RTM-00000977", "stop_name": "La Rose Village", "main_mode": "bus", "modes": ["bus"]}, "geometry": {"type": "Point", "coordinates": [5.424987, 43.328072]}}, {"type": "Feature", "properties": {"stop_id": "RTM-00001013", "stop_name": "La Rose Village", "main_mode": "bus", "modes": ["bus"]}, "geometry": {"type": "Point", "coordinates": [5.42682867, 43.3288264]}}, {"type": "Feature", "properties": {"stop_id": "RTM-00003014", "stop_name": "La Rougière", "main_mode": "bus", "modes": ["bus"]}, "geometry": {"type": "Point", "coordinates": [5.362973, 43.390738]}}, {"type": "Feature", "properties": {"stop_id": "RTM-00003017", "stop_name": "La Rougière", "main_mode": "bus", "modes": ["bus"]}, "geometry": {"type": "Point", "coordinates": [5.363396, 43.391166]}}, {"type": "Feature", "properties": {"stop_id": "RTM-00001171", "stop_name": "La Rouguière", "main_mode": "bus", "modes": ["bus"]}, "geometry": {"type": "Point", "coordinates": [5.459576, 43.291986]}}, {"type": "Feature", "properties": {"stop_id": "RTM-00001200", "stop_name": "La Rouguière", "main_mode": "bus", "modes": ["bus"]}, "geometry": {"type": "Point", "coordinates": [5.458994, 43.292342]}}, {"type": "Feature", "properties": {"stop_id": "RTM-00001241", "stop_name": "La Rouguière", "main_mode": "bus", "modes": ["bus"]}, "geometry": {"type": "Point", "coordinates": [5.459375, 43.29769]}}, {"type": "Feature", "properties": {"stop_id": "RTM-00001897", "stop_name": "La Rouvière", "main_mode": "bus", "modes": ["bus"]}, "geometry": {"type": "Point", "coordinates": [5.421857, 43.251951]}}, {"type": "Feature", "properties": {"stop_id": "RTM-00001904", "stop_name": "La Rouvière", "main_mode": "bus", "modes": ["bus"]}, "geometry": {"type": "Point", "coordinates": [5.422043, 43.252152]}}, {"type": "Feature", "properties": {"stop_id": "RTM-00002002", "stop_name": "La Rouvière", "main_mode": "bus", "modes": ["bus"]}, "geometry": {"type": "Point", "coordinates": [5.421454, 43.25242]}}, {"type": "Feature", "properties": {"stop_id": "RTM-00002003", "stop_name": "La Rouvière", "main_mode": "bus", "modes": ["bus"]}, "geometry": {"type": "Point", "coordinates": [5.42137, 43.252532]}}, {"type": "Feature", "properties": {"stop_id": "RTM-00003863", "stop_name": "La Rouvière", "main_mode": "bus", "modes": ["bus"]}, "geometry": {"type": "Point", "coordinates": [5.422013, 43.252924]}}, {"type": "Feature", "properties": {"stop_id": "RTM-00000637", "stop_name": "La Sablière La Montre", "main_mode": "bus", "modes": ["bus"]}, "geometry": {"type": "Point", "coordinates": [5.474196, 43.290605]}}, {"type": "Feature", "properties": {"stop_id": "RTM-00000641", "stop_name": "La Sablière La Montre", "main_mode": "bus", "modes": ["bus"]}, "geometry": {"type": "Point", "coordinates": [5.474145, 43.290449]}}, {"type": "Feature", "properties": {"stop_id": "RTM-00000635", "stop_name": "La Sablière La Ravelle", "main_mode": "bus", "modes": ["bus"]}, "geometry": {"type": "Point", "coordinates": [5.47901, 43.291943]}}, {"type": "Feature", "properties": {"stop_id": "RTM-00000643", "stop_name": "La Sablière La Ravelle", "main_mode": "bus", "modes": ["bus"]}, "geometry": {"type": "Point", "coordinates": [5.48057377, 43.29393436]}}, {"type": "Feature", "properties": {"stop_id": "RTM-00000636", "stop_name": "La Sablière Saint-Menet", "main_mode": "bus", "modes": ["bus"]}, "geometry": {"type": "Point", "coordinates": [5.477637, 43.29076]}}, {"type": "Feature", "properties": {"stop_id": "RTM-00000642", "stop_name": "La Sablière Saint-Menet", "main_mode": "bus", "modes": ["bus"]}, "geometry": {"type": "Point", "coordinates": [5.478615, 43.291121]}}, {"type": "Feature", "properties": {"stop_id": "RTM-00001623", "stop_name": "La Sauvagère", "main_mode": "bus", "modes": ["bus"]}, "geometry": {"type": "Point", "coordinates": [5.414169, 43.273826]}}, {"type": "Feature", "properties": {"stop_id": "RTM-00001635", "stop_name": "La Sauvagère", "main_mode": "bus", "modes": ["bus"]}, "geometry": {"type": "Point", "coordinates": [5.414518, 43.274208]}}, {"type": "Feature", "properties": {"stop_id": "RTM-00004418", "stop_name": "La Savine", "main_mode": "bus", "modes": ["bus"]}, "geometry": {"type": "Point", "coordinates": [5.36968518, 43.36879038]}}, {"type": "Feature", "properties": {"stop_id": "RTM-00004459", "stop_name": "La Savine", "main_mode": "bus", "modes": ["bus"]}, "geometry": {"type": "Point", "coordinates": [5.37038904, 43.36872231]}}, {"type": "Feature", "properties": {"stop_id": "RTM-00004458", "stop_name": "La Savine Couronne", "main_mode": "bus", "modes": ["bus"]}, "geometry": {"type": "Point", "coordinates": [5.3694905, 43.36745697]}}, {"type": "Feature", "properties": {"stop_id": "RTM-00004560", "stop_name": "La Savine Couronne", "main_mode": "bus", "modes": ["bus"]}, "geometry": {"type": "Point", "coordinates": [5.36966138, 43.36718921]}}, {"type": "Feature", "properties": {"stop_id": "RTM-00000192", "stop_name": "La Savine Les Pins", "main_mode": "bus", "modes": ["bus"]}, "geometry": {"type": "Point", "coordinates": [5.373125, 43.365947]}}, {"type": "Feature", "properties": {"stop_id": "RTM-00000198", "stop_name": "La Savine Les Pins", "main_mode": "bus", "modes": ["bus"]}, "geometry": {"type": "Point", "coordinates": [5.37242263, 43.36615216]}}, {"type": "Feature", "properties": {"stop_id": "RTM-00000193", "stop_name": "La Savine Sud", "main_mode": "bus", "modes": ["bus"]}, "geometry": {"type": "Point", "coordinates": [5.37204, 43.366706]}}, {"type": "Feature", "properties": {"stop_id": "RTM-00000197", "stop_name": "La Savine Sud", "main_mode": "bus", "modes": ["bus"]}, "geometry": {"type": "Point", "coordinates": [5.37205985, 43.36659009]}}, {"type": "Feature", "properties": {"stop_id": "RTM-00001833", "stop_name": "La Seigneurie", "main_mode": "bus", "modes": ["bus"]}, "geometry": {"type": "Point", "coordinates": [5.41428566, 43.23919255]}}, {"type": "Feature", "properties": {"stop_id": "RTM-00001834", "stop_name": "La Seigneurie", "main_mode": "bus", "modes": ["bus"]}, "geometry": {"type": "Point", "coordinates": [5.414305, 43.239303]}}, {"type": "Feature", "properties": {"stop_id": "RTM-00000116", "stop_name": "La Simiane", "main_mode": "bus", "modes": ["bus"]}, "geometry": {"type": "Point", "coordinates": [5.38665, 43.34203]}}, {"type": "Feature", "properties": {"stop_id": "RTM-00000130", "stop_name": "La Simiane", "main_mode": "bus", "modes": ["bus"]}, "geometry": {"type": "Point", "coordinates": [5.386241, 43.342343]}}, {"type": "Feature", "properties": {"stop_id": "RTM-00000566", "stop_name": "La Solidarité", "main_mode": "bus", "modes": ["bus"]}, "geometry": {"type": "Point", "coordinates": [5.369464, 43.386081]}}, {"type": "Feature", "properties": {"stop_id": "RTM-00001334", "stop_name": "La Solitude", "main_mode": "bus", "modes": ["bus"]}, "geometry": {"type": "Point", "coordinates": [5.503122, 43.283439]}}, {"type": "Feature", "properties": {"stop_id": "RTM-00001365", "stop_name": "La Solitude", "main_mode": "bus", "modes": ["bus"]}, "geometry": {"type": "Point", "coordinates": [5.503174, 43.283556]}}, {"type": "Feature", "properties": {"stop_id": "RTM-00000159", "stop_name": "La Sylve Le Castellas", "main_mode": "bus", "modes": ["bus"]}, "geometry": {"type": "Point", "coordinates": [5.371387, 43.354165]}}, {"type": "Feature", "properties": {"stop_id": "RTM-00000177", "stop_name": "La Sylve Le Castellas", "main_mode": "bus", "modes": ["bus"]}, "geometry": {"type": "Point", "coordinates": [5.371441, 43.353768]}}, {"type": "Feature", "properties": {"stop_id": "RTM-00002303", "stop_name": "La Timone", "main_mode": "metro", "modes": ["metro"]}, "geometry": {"type": "Point", "coordinates": [5.4004835, 43.291122]}}, {"type": "Feature", "properties": {"stop_id": "RTM-00002472", "stop_name": "La Timone", "main_mode": "metro", "modes": ["metro"]}, "geometry": {"type": "Point", "coordinates": [5.4003885, 43.2911725]}}, {"type": "Feature", "properties": {"stop_id": "RTM-00002180", "stop_name": "La Tiranne", "main_mode": "bus", "modes": ["bus"]}, "geometry": {"type": "Point", "coordinates": [5.469935, 43.338072]}}, {"type": "Feature", "properties": {"stop_id": "RTM-00002211", "stop_name": "La Tiranne", "main_mode": "bus", "modes": ["bus"]}, "geometry": {"type": "Point", "coordinates": [5.46922, 43.338407]}}, {"type": "Feature", "properties": {"stop_id": "RTM-00001219", "stop_name": "La Treille", "main_mode": "bus", "modes": ["bus"]}, "geometry": {"type": "Point", "coordinates": [5.512182, 43.311334]}}, {"type": "Feature", "properties": {"stop_id": "RTM-00002139", "stop_name": "La Treille", "main_mode": "bus", "modes": ["bus"]}, "geometry": {"type": "Point", "coordinates": [5.512012, 43.311366]}}, {"type": "Feature", "properties": {"stop_id": "RTM-00002457", "stop_name": "La Valentelle", "main_mode": "bus", "modes": ["bus"]}, "geometry": {"type": "Point", "coordinates": [5.475871, 43.296767]}}, {"type": "Feature", "properties": {"stop_id": "RTM-00002507", "stop_name": "La Valentelle", "main_mode": "bus", "modes": ["bus"]}, "geometry": {"type": "Point", "coordinates": [5.476014, 43.296356]}}, {"type": "Feature", "properties": {"stop_id": "RTM-00003580", "stop_name": "La Valentelle", "main_mode": "bus", "modes": ["bus"]}, "geometry": {"type": "Point", "coordinates": [5.47584236, 43.2967377]}}, {"type": "Feature", "properties": {"stop_id": "RTM-00000634", "stop_name": "La Valentine", "main_mode": "bus", "modes": ["bus"]}, "geometry": {"type": "Point", "coordinates": [5.482949, 43.29643]}}, {"type": "Feature", "properties": {"stop_id": "RTM-00000644", "stop_name": "La Valentine", "main_mode": "bus", "modes": ["bus"]}, "geometry": {"type": "Point", "coordinates": [5.483434, 43.296573]}}, {"type": "Feature", "properties": {"stop_id": "RTM-00000639", "stop_name": "La Valentine Centre Commercial", "main_mode": "bus", "modes": ["bus"]}, "geometry": {"type": "Point", "coordinates": [5.475749, 43.294331]}}, {"type": "Feature", "properties": {"stop_id": "RTM-00001382", "stop_name": "La Valentine Centre Commercial", "main_mode": "bus", "modes": ["bus"]}, "geometry": {"type": "Point", "coordinates": [5.475, 43.293986]}}, {"type": "Feature", "properties": {"stop_id": "RTM-00002476", "stop_name": "La Valentine Centre Commercial", "main_mode": "bus", "modes": ["bus"]}, "geometry": {"type": "Point", "coordinates": [5.475756, 43.294325]}}, {"type": "Feature", "properties": {"stop_id": "RTM-00003582", "stop_name": "La Valentine Centre Commercial", "main_mode": "bus", "modes": ["bus"]}, "geometry": {"type": "Point", "coordinates": [5.475737, 43.294332]}}, {"type": "Feature", "properties": {"stop_id": "RTM-00001955", "stop_name": "La Verdière", "main_mode": "bus", "modes": ["bus"]}, "geometry": {"type": "Point", "coordinates": [5.40384209, 43.25716807]}}, {"type": "Feature", "properties": {"stop_id": "RTM-00001971", "stop_name": "La Verdière", "main_mode": "bus", "modes": ["bus"]}, "geometry": {"type": "Point", "coordinates": [5.40404795, 43.2570411]}}, {"type": "Feature", "properties": {"stop_id": "RTM-00003975", "stop_name": "La Viste", "main_mode": "bus", "modes": ["bus"]}, "geometry": {"type": "Point", "coordinates": [5.35771273, 43.35960876]}}, {"type": "Feature", "properties": {"stop_id": "RTM-00004017", "stop_name": "La Viste", "main_mode": "bus", "modes": ["bus"]}, "geometry": {"type": "Point", "coordinates": [5.357521, 43.359836]}}, {"type": "Feature", "properties": {"stop_id": "RTM-00003974", "stop_name": "La Viste Hanoï", "main_mode": "bus", "modes": ["bus"]}, "geometry": {"type": "Point", "coordinates": [5.357664, 43.358031]}}, {"type": "Feature", "properties": {"stop_id": "RTM-00004018", "stop_name": "La Viste Hanoï", "main_mode": "bus", "modes": ["bus"]}, "geometry": {"type": "Point", "coordinates": [5.357546, 43.358172]}}, {"type": "Feature", "properties": {"stop_id": "RTM-00003976", "stop_name": "La Viste Scierie", "main_mode": "bus", "modes": ["bus"]}, "geometry": {"type": "Point", "coordinates": [5.357295, 43.36284]}}, {"type": "Feature", "properties": {"stop_id": "RTM-00004016", "stop_name": "La Viste Scierie", "main_mode": "bus", "modes": ["bus"]}, "geometry": {"type": "Point", "coordinates": [5.357266, 43.362211]}}, {"type": "Feature", "properties": {"stop_id": "RTM-00001765", "stop_name": "Lachamp Le Clos des Iris", "main_mode": "bus", "modes": ["bus"]}, "geometry": {"type": "Point", "coordinates": [5.43243, 43.246277]}}, {"type": "Feature", "properties": {"stop_id": "RTM-00001774", "stop_name": "Lachamp Le Clos des Iris", "main_mode": "bus", "modes": ["bus"]}, "geometry": {"type": "Point", "coordinates": [5.431975, 43.246363]}}, {"type": "Feature", "properties": {"stop_id": "RTM-00001452", "stop_name": "Lacédémone Villas Paradis", "main_mode": "bus", "modes": ["bus"]}, "geometry": {"type": "Point", "coordinates": [5.377084, 43.281226]}}, {"type": "Feature", "properties": {"stop_id": "RTM-00004092", "stop_name": "Langevin", "main_mode": "bus", "modes": ["bus"]}, "geometry": {"type": "Point", "coordinates": [5.428314, 43.346698]}}, {"type": "Feature", "properties": {"stop_id": "RTM-00002580", "stop_name": "Langevin Consolation", "main_mode": "bus", "modes": ["bus"]}, "geometry": {"type": "Point", "coordinates": [5.432613, 43.338721]}}, {"type": "Feature", "properties": {"stop_id": "RTM-00004064", "stop_name": "Langevin Consolation", "main_mode": "bus", "modes": ["bus"]}, "geometry": {"type": "Point", "coordinates": [5.432879, 43.339005]}}, {"type": "Feature", "properties": {"stop_id": "RTM-00004065", "stop_name": "Langevin Plank", "main_mode": "bus", "modes": ["bus"]}, "geometry": {"type": "Point", "coordinates": [5.432839, 43.341279]}}, {"type": "Feature", "properties": {"stop_id": "RTM-00004081", "stop_name": "Langevin Plank", "main_mode": "bus", "modes": ["bus"]}, "geometry": {"type": "Point", "coordinates": [5.432739, 43.340979]}}, {"type": "Feature", "properties": {"stop_id": "RTM-00003151", "stop_name": "Langevin Wallon", "main_mode": "bus", "modes": ["bus"]}, "geometry": {"type": "Point", "coordinates": [5.35195, 43.386538]}}, {"type": "Feature", "properties": {"stop_id": "RTM-00004273", "stop_name": "Langevin Wallon", "main_mode": "bus", "modes": ["bus"]}, "geometry": {"type": "Point", "coordinates": [5.352138, 43.38708]}}, {"type": "Feature", "properties": {"stop_id": "RTM-00001928", "stop_name": "Lapin Blanc", "main_mode": "bus", "modes": ["bus"]}, "geometry": {"type": "Point", "coordinates": [5.383182, 43.246966]}}, {"type": "Feature", "properties": {"stop_id": "RTM-00001946", "stop_name": "Lapin Blanc", "main_mode": "bus", "modes": ["bus"]}, "geometry": {"type": "Point", "coordinates": [5.382287, 43.246928]}}, {"type": "Feature", "properties": {"stop_id": "RTM-00004527", "stop_name": "Laurent Merle", "main_mode": "bus", "modes": ["bus"]}, "geometry": {"type": "Point", "coordinates": [5.46644411, 43.33136717]}}, {"type": "Feature", "properties": {"stop_id": "RTM-00004538", "stop_name": "Laurent Merle", "main_mode": "bus", "modes": ["bus"]}, "geometry": {"type": "Point", "coordinates": [5.4664821, 43.33144251]}}, {"type": "Feature", "properties": {"stop_id": "RTM-00002179", "stop_name": "Le Bocage", "main_mode": "bus", "modes": ["bus"]}, "geometry": {"type": "Point", "coordinates": [5.466976, 43.338255]}}, {"type": "Feature", "properties": {"stop_id": "RTM-00002212", "stop_name": "Le Bocage", "main_mode": "bus", "modes": ["bus"]}, "geometry": {"type": "Point", "coordinates": [5.466897, 43.338369]}}, {"type": "Feature", "properties": {"stop_id": "RTM-00001289", "stop_name": "Le Bosquet", "main_mode": "bus", "modes": ["bus"]}, "geometry": {"type": "Point", "coordinates": [5.4574129, 43.28504909]}}, {"type": "Feature", "properties": {"stop_id": "RTM-00001290", "stop_name": "Le Bosquet", "main_mode": "bus", "modes": ["bus"]}, "geometry": {"type": "Point", "coordinates": [5.457677, 43.284969]}}, {"type": "Feature", "properties": {"stop_id": "RTM-00001977", "stop_name": "Le Brix Michelet", "main_mode": "bus", "modes": ["bus"]}, "geometry": {"type": "Point", "coordinates": [5.401717, 43.259695]}}, {"type": "Feature", "properties": {"stop_id": "RTM-00001993", "stop_name": "Le Brix Michelet", "main_mode": "bus", "modes": ["bus"]}, "geometry": {"type": "Point", "coordinates": [5.401555, 43.25955]}}, {"type": "Feature", "properties": {"stop_id": "RTM-00001894", "stop_name": "Le Cabot", "main_mode": "bus", "modes": ["bus"]}, "geometry": {"type": "Point", "coordinates": [5.417279, 43.258642]}}, {"type": "Feature", "properties": {"stop_id": "RTM-00001907", "stop_name": "Le Cabot", "main_mode": "bus", "modes": ["bus"]}, "geometry": {"type": "Point", "coordinates": [5.416953, 43.259092]}}, {"type": "Feature", "properties": {"stop_id": "RTM-00000191", "stop_name": "Le Canal", "main_mode": "bus", "modes": ["bus"]}, "geometry": {"type": "Point", "coordinates": [5.370096, 43.366106]}}, {"type": "Feature", "properties": {"stop_id": "RTM-00000199", "stop_name": "Le Canal", "main_mode": "bus", "modes": ["bus"]}, "geometry": {"type": "Point", "coordinates": [5.369308, 43.366359]}}, {"type": "Feature", "properties": {"stop_id": "RTM-00000546", "stop_name": "Le Canet Jean Jaurès", "main_mode": "bus", "modes": ["bus"]}, "geometry": {"type": "Point", "coordinates": [5.378066, 43.33344]}}, {"type": "Feature", "properties": {"stop_id": "RTM-00000122", "stop_name": "Le Castellas", "main_mode": "bus", "modes": ["bus"]}, "geometry": {"type": "Point", "coordinates": [5.3728976, 43.352413]}}, {"type": "Feature", "properties": {"stop_id": "RTM-00000123", "stop_name": "Le Castellas", "main_mode": "bus", "modes": ["bus"]}, "geometry": {"type": "Point", "coordinates": [5.372978, 43.35202]}}, {"type": "Feature", "properties": {"stop_id": "RTM-00001752", "stop_name": "Le Corbusier", "main_mode": "bus", "modes": ["bus"]}, "geometry": {"type": "Point", "coordinates": [5.397512, 43.261283]}}, {"type": "Feature", "properties": {"stop_id": "RTM-00001787", "stop_name": "Le Corbusier", "main_mode": "bus", "modes": ["bus"]}, "geometry": {"type": "Point", "coordinates": [5.397499, 43.261675]}}, {"type": "Feature", "properties": {"stop_id": "RTM-00002015", "stop_name": "Le Dôme", "main_mode": "bus", "modes": ["bus"]}, "geometry": {"type": "Point", "coordinates": [5.402553, 43.315118]}}, {"type": "Feature", "properties": {"stop_id": "RTM-00002039", "stop_name": "Le Dôme", "main_mode": "bus", "modes": ["bus"]}, "geometry": {"type": "Point", "coordinates": [5.40307, 43.315234]}}, {"type": "Feature", "properties": {"stop_id": "RTM-00001898", "stop_name": "Le Fangas", "main_mode": "bus", "modes": ["bus"]}, "geometry": {"type": "Point", "coordinates": [5.422174, 43.250067]}}, {"type": "Feature", "properties": {"stop_id": "RTM-00001903", "stop_name": "Le Fangas", "main_mode": "bus", "modes": ["bus"]}, "geometry": {"type": "Point", "coordinates": [5.422383, 43.250077]}}, {"type": "Feature", "properties": {"stop_id": "RTM-00002208", "stop_name": "Le Grand Puits Pié d'Autry", "main_mode": "bus", "modes": ["bus"]}, "geometry": {"type": "Point", "coordinates": [5.479156, 43.338448]}}, {"type": "Feature", "properties": {"stop_id": "RTM-00002892", "stop_name": "Le Grand Puits Pié d'Autry", "main_mode": "bus", "modes": ["bus"]}, "geometry": {"type": "Point", "coordinates": [5.479113, 43.338284]}}, {"type": "Feature", "properties": {"stop_id": "RTM-00001847", "stop_name": "Le Lancier", "main_mode": "bus", "modes": ["bus"]}, "geometry": {"type": "Point", "coordinates": [5.396306, 43.24691]}}, {"type": "Feature", "properties": {"stop_id": "RTM-00001876", "stop_name": "Le Lancier", "main_mode": "bus", "modes": ["bus"]}, "geometry": {"type": "Point", "coordinates": [5.395781, 43.246747]}}, {"type": "Feature", "properties": {"stop_id": "RTM-00002168", "stop_name": "Le Logis Neuf", "main_mode": "bus", "modes": ["bus"]}, "geometry": {"type": "Point", "coordinates": [5.48786434, 43.35680408]}}, {"type": "Feature", "properties": {"stop_id": "RTM-00002191", "stop_name": "Le Logis Neuf", "main_mode": "bus", "modes": ["bus"]}, "geometry": {"type": "Point", "coordinates": [5.48714, 43.35636]}}, {"type": "Feature", "properties": {"stop_id": "RTM-00002193", "stop_name": "Le Logis Neuf Allende", "main_mode": "bus", "modes": ["bus"]}, "geometry": {"type": "Point", "coordinates": [5.485029, 43.354467]}}, {"type": "Feature", "properties": {"stop_id": "RTM-00002463", "stop_name": "Le Logis Neuf Allende", "main_mode": "bus", "modes": ["bus"]}, "geometry": {"type": "Point", "coordinates": [5.4854602, 43.35453327]}}, {"type": "Feature", "properties": {"stop_id": "RTM-00003567", "stop_name": "Le Marinier", "main_mode": "bus", "modes": ["bus"]}, "geometry": {"type": "Point", "coordinates": [5.314214, 43.369091]}}, {"type": "Feature", "properties": {"stop_id": "RTM-00003571", "stop_name": "Le Marinier", "main_mode": "bus", "modes": ["bus"]}, "geometry": {"type": "Point", "coordinates": [5.313749, 43.368758]}}, {"type": "Feature", "properties": {"stop_id": "RTM-00001032", "stop_name": "Le Merlan", "main_mode": "bus", "modes": ["bus"]}, "geometry": {"type": "Point", "coordinates": [5.407664, 43.349509]}}, {"type": "Feature", "properties": {"stop_id": "RTM-00001046", "stop_name": "Le Merlan", "main_mode": "bus", "modes": ["bus"]}, "geometry": {"type": "Point", "coordinates": [5.407538, 43.349563]}}, {"type": "Feature", "properties": {"stop_id": "RTM-00000753", "stop_name": "Le Petit Bosquet", "main_mode": "bus", "modes": ["bus"]}, "geometry": {"type": "Point", "coordinates": [5.413312, 43.313699]}}, {"type": "Feature", "properties": {"stop_id": "RTM-00000799", "stop_name": "Le Petit Bosquet", "main_mode": "bus", "modes": ["bus"]}, "geometry": {"type": "Point", "coordinates": [5.413437, 43.313975]}}, {"type": "Feature", "properties": {"stop_id": "RTM-00001557", "stop_name": "Le Pharo", "main_mode": "bus", "modes": ["bus"]}, "geometry": {"type": "Point", "coordinates": [5.359211, 43.2915]}}, {"type": "Feature", "properties": {"stop_id": "RTM-00002086", "stop_name": "Le Pharo", "main_mode": "bus", "modes": ["bus"]}, "geometry": {"type": "Point", "coordinates": [5.35902794, 43.29171968]}}, {"type": "Feature", "properties": {"stop_id": "RTM-00003815", "stop_name": "Le Pharo", "main_mode": "bus", "modes": ["bus"]}, "geometry": {"type": "Point", "coordinates": [5.359259, 43.29215]}}, {"type": "Feature", "properties": {"stop_id": "RTM-00001764", "stop_name": "Le Redon", "main_mode": "bus", "modes": ["bus"]}, "geometry": {"type": "Point", "coordinates": [5.428109, 43.244964]}}, {"type": "Feature", "properties": {"stop_id": "RTM-00001775", "stop_name": "Le Redon", "main_mode": "bus", "modes": ["bus"]}, "geometry": {"type": "Point", "coordinates": [5.426675, 43.244844]}}, {"type": "Feature", "properties": {"stop_id": "RTM-00001900", "stop_name": "Le Redon", "main_mode": "bus", "modes": ["bus"]}, "geometry": {"type": "Point", "coordinates": [5.427184, 43.244916]}}, {"type": "Feature", "properties": {"stop_id": "RTM-00001901", "stop_name": "Le Redon", "main_mode": "bus", "modes": ["bus"]}, "geometry": {"type": "Point", "coordinates": [5.426995, 43.245244]}}, {"type": "Feature", "properties": {"stop_id": "RTM-00004589", "stop_name": "Le Redon", "main_mode": "bus", "modes": ["bus"]}, "geometry": {"type": "Point", "coordinates": [5.42825879, 43.24506279]}}, {"type": "Feature", "properties": {"stop_id": "RTM-00001895", "stop_name": "Le Redon La Panouse", "main_mode": "bus", "modes": ["bus"]}, "geometry": {"type": "Point", "coordinates": [5.419443, 43.256594]}}, {"type": "Feature", "properties": {"stop_id": "RTM-00001906", "stop_name": "Le Redon La Panouse", "main_mode": "bus", "modes": ["bus"]}, "geometry": {"type": "Point", "coordinates": [5.419474, 43.256766]}}, {"type": "Feature", "properties": {"stop_id": "RTM-00000283", "stop_name": "Le Silo", "main_mode": "bus", "modes": ["bus"]}, "geometry": {"type": "Point", "coordinates": [5.366967, 43.310131]}}, {"type": "Feature", "properties": {"stop_id": "RTM-00003793", "stop_name": "Le Silo", "main_mode": "bus", "modes": ["bus"]}, "geometry": {"type": "Point", "coordinates": [5.36726654, 43.31052608]}}, {"type": "Feature", "properties": {"stop_id": "RTM-00001434", "stop_name": "Le Terrail", "main_mode": "bus", "modes": ["bus"]}, "geometry": {"type": "Point", "coordinates": [5.368757, 43.280275]}}, {"type": "Feature", "properties": {"stop_id": "RTM-00001510", "stop_name": "Le Terrail", "main_mode": "bus", "modes": ["bus"]}, "geometry": {"type": "Point", "coordinates": [5.368653, 43.280164]}}, {"type": "Feature", "properties": {"stop_id": "RTM-00000954", "stop_name": "Le Vendôme", "main_mode": "bus", "modes": ["bus"]}, "geometry": {"type": "Point", "coordinates": [5.431271, 43.29849]}}, {"type": "Feature", "properties": {"stop_id": "RTM-00000969", "stop_name": "Le Vendôme", "main_mode": "bus", "modes": ["bus"]}, "geometry": {"type": "Point", "coordinates": [5.431365, 43.298632]}}, {"type": "Feature", "properties": {"stop_id": "RTM-00002624", "stop_name": "Lecache Les Comtes", "main_mode": "bus", "modes": ["bus"]}, "geometry": {"type": "Point", "coordinates": [5.449759, 43.294615]}}, {"type": "Feature", "properties": {"stop_id": "RTM-00002625", "stop_name": "Lecache Les Comtes", "main_mode": "bus", "modes": ["bus"]}, "geometry": {"type": "Point", "coordinates": [5.449568, 43.294881]}}, {"type": "Feature", "properties": {"stop_id": "RTM-00004070", "stop_name": "Leprince Ringuet", "main_mode": "bus", "modes": ["bus"]}, "geometry": {"type": "Point", "coordinates": [5.442285, 43.34425]}}, {"type": "Feature", "properties": {"stop_id": "RTM-00004078", "stop_name": "Leprince Ringuet", "main_mode": "bus", "modes": ["bus"]}, "geometry": {"type": "Point", "coordinates": [5.441697, 43.344166]}}, {"type": "Feature", "properties": {"stop_id": "RTM-00000673", "stop_name": "Les 2 Tours", "main_mode": "bus", "modes": ["bus"]}, "geometry": {"type": "Point", "coordinates": [5.424357, 43.345432]}}, {"type": "Feature", "properties": {"stop_id": "RTM-00000708", "stop_name": "Les 2 Tours", "main_mode": "bus", "modes": ["bus"]}, "geometry": {"type": "Point", "coordinates": [5.42397, 43.345302]}}, {"type": "Feature", "properties": {"stop_id": "RTM-00000662", "stop_name": "Les 3 Lucs", "main_mode": "bus", "modes": ["bus"]}, "geometry": {"type": "Point", "coordinates": [5.46448, 43.312569]}}, {"type": "Feature", "properties": {"stop_id": "RTM-00000830", "stop_name": "Les 3 Lucs", "main_mode": "bus", "modes": ["bus"]}, "geometry": {"type": "Point", "coordinates": [5.464894, 43.3119]}}, {"type": "Feature", "properties": {"stop_id": "RTM-00000839", "stop_name": "Les 3 Lucs", "main_mode": "bus", "modes": ["bus"]}, "geometry": {"type": "Point", "coordinates": [5.464731, 43.311989]}}, {"type": "Feature", "properties": {"stop_id": "RTM-00000646", "stop_name": "Les 3 Lucs Bouquière", "main_mode": "bus", "modes": ["bus"]}, "geometry": {"type": "Point", "coordinates": [5.476239, 43.301323]}}, {"type": "Feature", "properties": {"stop_id": "RTM-00002499", "stop_name": "Les 3 Lucs Bouquière", "main_mode": "bus", "modes": ["bus"]}, "geometry": {"type": "Point", "coordinates": [5.47605095, 43.30124691]}}, {"type": "Feature", "properties": {"stop_id": "RTM-00000832", "stop_name": "Les 3 Lucs Chante Cigale", "main_mode": "bus", "modes": ["bus"]}, "geometry": {"type": "Point", "coordinates": [5.467227, 43.314544]}}, {"type": "Feature", "properties": {"stop_id": "RTM-00000837", "stop_name": "Les 3 Lucs Chante Cigale", "main_mode": "bus", "modes": ["bus"]}, "geometry": {"type": "Point", "coordinates": [5.466893, 43.314467]}}, {"type": "Feature", "properties": {"stop_id": "RTM-00000836", "stop_name": "Les 3 Lucs Enco de Botte", "main_mode": "bus", "modes": ["bus"]}, "geometry": {"type": "Point", "coordinates": [5.46919933, 43.31689016]}}, {"type": "Feature", "properties": {"stop_id": "RTM-00002424", "stop_name": "Les 3 Lucs Enco de Botte", "main_mode": "bus", "modes": ["bus"]}, "geometry": {"type": "Point", "coordinates": [5.469395, 43.31683]}}, {"type": "Feature", "properties": {"stop_id": "RTM-00000829", "stop_name": "Les 3 Lucs Germaine", "main_mode": "bus", "modes": ["bus"]}, "geometry": {"type": "Point", "coordinates": [5.46213, 43.309616]}}, {"type": "Feature", "properties": {"stop_id": "RTM-00000840", "stop_name": "Les 3 Lucs Germaine", "main_mode": "bus", "modes": ["bus"]}, "geometry": {"type": "Point", "coordinates": [5.461563, 43.309671]}}, {"type": "Feature", "properties": {"stop_id": "RTM-00000828", "stop_name": "Les 3 Lucs Marionne", "main_mode": "bus", "modes": ["bus"]}, "geometry": {"type": "Point", "coordinates": [5.45736603, 43.31124541]}}, {"type": "Feature", "properties": {"stop_id": "RTM-00000841", "stop_name": "Les 3 Lucs Marionne", "main_mode": "bus", "modes": ["bus"]}, "geometry": {"type": "Point", "coordinates": [5.45713, 43.311357]}}, {"type": "Feature", "properties": {"stop_id": "RTM-00000831", "stop_name": "Les 3 Lucs Salette", "main_mode": "bus", "modes": ["bus"]}, "geometry": {"type": "Point", "coordinates": [5.465982, 43.313677]}}, {"type": "Feature", "properties": {"stop_id": "RTM-00000838", "stop_name": "Les 3 Lucs Salette", "main_mode": "bus", "modes": ["bus"]}, "geometry": {"type": "Point", "coordinates": [5.46547, 43.313256]}}, {"type": "Feature", "properties": {"stop_id": "RTM-00000630", "stop_name": "Les 3 Lucs Ste Rita", "main_mode": "bus", "modes": ["bus"]}, "geometry": {"type": "Point", "coordinates": [5.464229, 43.311868]}}, {"type": "Feature", "properties": {"stop_id": "RTM-00000649", "stop_name": "Les 3 Lucs Ste Rita", "main_mode": "bus", "modes": ["bus"]}, "geometry": {"type": "Point", "coordinates": [5.463773, 43.313209]}}, {"type": "Feature", "properties": {"stop_id": "RTM-00001177", "stop_name": "Les 4 Saisons", "main_mode": "bus", "modes": ["bus"]}, "geometry": {"type": "Point", "coordinates": [5.502088, 43.299789]}}, {"type": "Feature", "properties": {"stop_id": "RTM-00001193", "stop_name": "Les 4 Saisons", "main_mode": "bus", "modes": ["bus"]}, "geometry": {"type": "Point", "coordinates": [5.501895, 43.299834]}}, {"type": "Feature", "properties": {"stop_id": "RTM-00004671", "stop_name": "Les 4 saisons", "main_mode": "bus", "modes": ["bus"]}, "geometry": {"type": "Point", "coordinates": [5.50161467, 43.30009156]}}, {"type": "Feature", "properties": {"stop_id": "RTM-00004690", "stop_name": "Les 4 saisons", "main_mode": "bus", "modes": ["bus"]}, "geometry": {"type": "Point", "coordinates": [5.50153422, 43.30020287]}}, {"type": "Feature", "properties": {"stop_id": "RTM-00000498", "stop_name": "Les Abattoirs", "main_mode": "bus", "modes": ["bus"]}, "geometry": {"type": "Point", "coordinates": [5.357675, 43.338186]}}, {"type": "Feature", "properties": {"stop_id": "RTM-00000510", "stop_name": "Les Abattoirs", "main_mode": "bus", "modes": ["bus"]}, "geometry": {"type": "Point", "coordinates": [5.35750218, 43.33807703]}}, {"type": "Feature", "properties": {"stop_id": "RTM-00000624", "stop_name": "Les Acacias", "main_mode": "bus", "modes": ["bus"]}, "geometry": {"type": "Point", "coordinates": [5.452894, 43.3254]}}, {"type": "Feature", "properties": {"stop_id": "RTM-00000655", "stop_name": "Les Acacias", "main_mode": "bus", "modes": ["bus"]}, "geometry": {"type": "Point", "coordinates": [5.452671, 43.325494]}}, {"type": "Feature", "properties": {"stop_id": "RTM-00001176", "stop_name": "Les Accates", "main_mode": "bus", "modes": ["bus"]}, "geometry": {"type": "Point", "coordinates": [5.497058, 43.297557]}}, {"type": "Feature", "properties": {"stop_id": "RTM-00001194", "stop_name": "Les Accates", "main_mode": "bus", "modes": ["bus"]}, "geometry": {"type": "Point", "coordinates": [5.496463, 43.297511]}}, {"type": "Feature", "properties": {"stop_id": "RTM-00000670", "stop_name": "Les Alvergnes", "main_mode": "bus", "modes": ["bus"]}, "geometry": {"type": "Point", "coordinates": [5.420837, 43.338087]}}, {"type": "Feature", "properties": {"stop_id": "RTM-00000712", "stop_name": "Les Alvergnes", "main_mode": "bus", "modes": ["bus"]}, "geometry": {"type": "Point", "coordinates": [5.420943, 43.336832]}}, {"type": "Feature", "properties": {"stop_id": "RTM-00000884", "stop_name": "Les Amaryllis", "main_mode": "bus", "modes": ["bus"]}, "geometry": {"type": "Point", "coordinates": [5.439502, 43.317182]}}, {"type": "Feature", "properties": {"stop_id": "RTM-00000895", "stop_name": "Les Amaryllis", "main_mode": "bus", "modes": ["bus"]}, "geometry": {"type": "Point", "coordinates": [5.439585, 43.317216]}}, {"type": "Feature", "properties": {"stop_id": "RTM-00002732", "stop_name": "Les Amaryllis Etoile", "main_mode": "bus", "modes": ["bus"]}, "geometry": {"type": "Point", "coordinates": [5.441319, 43.317083]}}, {"type": "Feature", "properties": {"stop_id": "RTM-00000623", "stop_name": "Les Aurengues", "main_mode": "bus", "modes": ["bus"]}, "geometry": {"type": "Point", "coordinates": [5.450013, 43.324642]}}, {"type": "Feature", "properties": {"stop_id": "RTM-00000656", "stop_name": "Les Aurengues", "main_mode": "bus", "modes": ["bus"]}, "geometry": {"type": "Point", "coordinates": [5.45039, 43.325118]}}, {"type": "Feature", "properties": {"stop_id": "RTM-00000160", "stop_name": "Les Aygalades", "main_mode": "bus", "modes": ["bus"]}, "geometry": {"type": "Point", "coordinates": [5.368852, 43.356815]}}, {"type": "Feature", "properties": {"stop_id": "RTM-00002561", "stop_name": "Les Aygalades", "main_mode": "bus", "modes": ["bus"]}, "geometry": {"type": "Point", "coordinates": [5.36957324, 43.35593689]}}, {"type": "Feature", "properties": {"stop_id": "RTM-00004090", "stop_name": "Les Baronnies", "main_mode": "bus", "modes": ["bus"]}, "geometry": {"type": "Point", "coordinates": [5.431866, 43.34551]}}, {"type": "Feature", "properties": {"stop_id": "RTM-00000581", "stop_name": "Les Bartavelles", "main_mode": "bus", "modes": ["bus"]}, "geometry": {"type": "Point", "coordinates": [5.456036, 43.333537]}}, {"type": "Feature", "properties": {"stop_id": "RTM-00000585", "stop_name": "Les Bartavelles", "main_mode": "bus", "modes": ["bus"]}, "geometry": {"type": "Point", "coordinates": [5.45599, 43.333732]}}, {"type": "Feature", "properties": {"stop_id": "RTM-00000617", "stop_name": "Les Baudillons", "main_mode": "bus", "modes": ["bus"]}, "geometry": {"type": "Point", "coordinates": [5.433588, 43.328345]}}, {"type": "Feature", "properties": {"stop_id": "RTM-00000661", "stop_name": "Les Baudillons", "main_mode": "bus", "modes": ["bus"]}, "geometry": {"type": "Point", "coordinates": [5.433853, 43.328427]}}, {"type": "Feature", "properties": {"stop_id": "RTM-00001813", "stop_name": "Les Baumettes", "main_mode": "bus", "modes": ["bus"]}, "geometry": {"type": "Point", "coordinates": [5.416403, 43.226255]}}, {"type": "Feature", "properties": {"stop_id": "RTM-00004174", "stop_name": "Les Blacassins", "main_mode": "bus", "modes": ["bus"]}, "geometry": {"type": "Point", "coordinates": [5.47131, 43.341871]}}, {"type": "Feature", "properties": {"stop_id": "RTM-00004175", "stop_name": "Les Blacassins", "main_mode": "bus", "modes": ["bus"]}, "geometry": {"type": "Point", "coordinates": [5.471142, 43.342026]}}, {"type": "Feature", "properties": {"stop_id": "RTM-00000165", "stop_name": "Les Borels", "main_mode": "bus", "modes": ["bus"]}, "geometry": {"type": "Point", "coordinates": [5.363105, 43.366713]}}, {"type": "Feature", "properties": {"stop_id": "RTM-00000171", "stop_name": "Les Borels", "main_mode": "bus", "modes": ["bus"]}, "geometry": {"type": "Point", "coordinates": [5.36299, 43.366673]}}, {"type": "Feature", "properties": {"stop_id": "RTM-00000952", "stop_name": "Les Borromées", "main_mode": "bus", "modes": ["bus"]}, "geometry": {"type": "Point", "coordinates": [5.430835, 43.300878]}}, {"type": "Feature", "properties": {"stop_id": "RTM-00000971", "stop_name": "Les Borromées", "main_mode": "bus", "modes": ["bus"]}, "geometry": {"type": "Point", "coordinates": [5.431215, 43.301161]}}, {"type": "Feature", "properties": {"stop_id": "RTM-00000885", "stop_name": "Les Bougainvillées", "main_mode": "bus", "modes": ["bus"]}, "geometry": {"type": "Point", "coordinates": [5.441983, 43.317308]}}, {"type": "Feature", "properties": {"stop_id": "RTM-00000894", "stop_name": "Les Bougainvillées", "main_mode": "bus", "modes": ["bus"]}, "geometry": {"type": "Point", "coordinates": [5.44264, 43.317756]}}, {"type": "Feature", "properties": {"stop_id": "RTM-00003240", "stop_name": "Les Caillols", "main_mode": "tram", "modes": ["tram"]}, "geometry": {"type": "Point", "coordinates": [5.444134, 43.294718]}}, {"type": "Feature", "properties": {"stop_id": "RTM-00003247", "stop_name": "Les Caillols", "main_mode": "tram", "modes": ["tram"]}, "geometry": {"type": "Point", "coordinates": [5.443973, 43.294775]}}, {"type": "Feature", "properties": {"stop_id": "RTM-00001168", "stop_name": "Les Caillols Centre Urbain", "main_mode": "bus", "modes": ["bus"]}, "geometry": {"type": "Point", "coordinates": [5.445077, 43.294689]}}, {"type": "Feature", "properties": {"stop_id": "RTM-00001203", "stop_name": "Les Caillols Centre Urbain", "main_mode": "bus", "modes": ["bus"]}, "geometry": {"type": "Point", "coordinates": [5.444793, 43.294461]}}, {"type": "Feature", "properties": {"stop_id": "RTM-00003181", "stop_name": "Les Caillols Centre Urbain", "main_mode": "bus", "modes": ["bus"]}, "geometry": {"type": "Point", "coordinates": [5.443906, 43.294756]}}, {"type": "Feature", "properties": {"stop_id": "RTM-00003351", "stop_name": "Les Caillols Centre Urbain", "main_mode": "bus", "modes": ["bus"]}, "geometry": {"type": "Point", "coordinates": [5.443708, 43.294556]}}, {"type": "Feature", "properties": {"stop_id": "RTM-00004513", "stop_name": "Les Caillols Centre Urbain", "main_mode": "bus", "modes": ["bus"]}, "geometry": {"type": "Point", "coordinates": [5.44457619, 43.29484734]}}, {"type": "Feature", "properties": {"stop_id": "RTM-00004613", "stop_name": "Les Caillols Centre Urbain", "main_mode": "bus", "modes": ["bus"]}, "geometry": {"type": "Point", "coordinates": [5.44416032, 43.29472161]}}, {"type": "Feature", "properties": {"stop_id": "RTM-00001242", "stop_name": "Les Caillols Hôpital", "main_mode": "bus", "modes": ["bus"]}, "geometry": {"type": "Point", "coordinates": [5.459924, 43.297896]}}, {"type": "Feature", "properties": {"stop_id": "RTM-00001180", "stop_name": "Les Camoins", "main_mode": "bus", "modes": ["bus"]}, "geometry": {"type": "Point", "coordinates": [5.510104, 43.301061]}}, {"type": "Feature", "properties": {"stop_id": "RTM-00001214", "stop_name": "Les Camoins", "main_mode": "bus", "modes": ["bus"]}, "geometry": {"type": "Point", "coordinates": [5.509139, 43.301315]}}, {"type": "Feature", "properties": {"stop_id": "RTM-00003167", "stop_name": "Les Camoins", "main_mode": "bus", "modes": ["bus"]}, "geometry": {"type": "Point", "coordinates": [5.510642, 43.301229]}}, {"type": "Feature", "properties": {"stop_id": "RTM-00001166", "stop_name": "Les Campanules", "main_mode": "bus", "modes": ["bus"]}, "geometry": {"type": "Point", "coordinates": [5.44388652, 43.29134174]}}, {"type": "Feature", "properties": {"stop_id": "RTM-00001205", "stop_name": "Les Campanules", "main_mode": "bus", "modes": ["bus"]}, "geometry": {"type": "Point", "coordinates": [5.442119, 43.291061]}}, {"type": "Feature", "properties": {"stop_id": "RTM-00002166", "stop_name": "Les Chanauds", "main_mode": "bus", "modes": ["bus"]}, "geometry": {"type": "Point", "coordinates": [5.48263916, 43.35275232]}}, {"type": "Feature", "properties": {"stop_id": "RTM-00002192", "stop_name": "Les Chanauds", "main_mode": "bus", "modes": ["bus"]}, "geometry": {"type": "Point", "coordinates": [5.48282964, 43.35288886]}}, {"type": "Feature", "properties": {"stop_id": "RTM-00001104", "stop_name": "Les Chartreux", "main_mode": "bus", "modes": ["bus"]}, "geometry": {"type": "Point", "coordinates": [5.404111, 43.316202]}}, {"type": "Feature", "properties": {"stop_id": "RTM-00001121", "stop_name": "Les Chartreux", "main_mode": "bus", "modes": ["bus"]}, "geometry": {"type": "Point", "coordinates": [5.403592, 43.315409]}}, {"type": "Feature", "properties": {"stop_id": "RTM-00001238", "stop_name": "Les Cigalons", "main_mode": "bus", "modes": ["bus"]}, "geometry": {"type": "Point", "coordinates": [5.452185, 43.298832]}}, {"type": "Feature", "properties": {"stop_id": "RTM-00001245", "stop_name": "Les Cigalons", "main_mode": "bus", "modes": ["bus"]}, "geometry": {"type": "Point", "coordinates": [5.451884, 43.298854]}}, {"type": "Feature", "properties": {"stop_id": "RTM-00002955", "stop_name": "Les Collines", "main_mode": "bus", "modes": ["bus"]}, "geometry": {"type": "Point", "coordinates": [5.369652, 43.404699]}}, {"type": "Feature", "properties": {"stop_id": "RTM-00003197", "stop_name": "Les Collines Centre", "main_mode": "bus", "modes": ["bus"]}, "geometry": {"type": "Point", "coordinates": [5.369132, 43.405727]}}, {"type": "Feature", "properties": {"stop_id": "RTM-00003198", "stop_name": "Les Collines Cimetière", "main_mode": "bus", "modes": ["bus"]}, "geometry": {"type": "Point", "coordinates": [5.369431, 43.403569]}}, {"type": "Feature", "properties": {"stop_id": "RTM-00004284", "stop_name": "Les Collines Genêts", "main_mode": "bus", "modes": ["bus"]}, "geometry": {"type": "Point", "coordinates": [5.367111, 43.40486]}}, {"type": "Feature", "properties": {"stop_id": "RTM-00000344", "stop_name": "Les Cèdres", "main_mode": "bus", "modes": ["bus"]}, "geometry": {"type": "Point", "coordinates": [5.410133, 43.326217]}}, {"type": "Feature", "properties": {"stop_id": "RTM-00000354", "stop_name": "Les Cèdres", "main_mode": "bus", "modes": ["bus"]}, "geometry": {"type": "Point", "coordinates": [5.41030848, 43.32633314]}}, {"type": "Feature", "properties": {"stop_id": "RTM-00001389", "stop_name": "Les Escourtines", "main_mode": "bus", "modes": ["bus"]}, "geometry": {"type": "Point", "coordinates": [5.50467412, 43.2811339]}}, {"type": "Feature", "properties": {"stop_id": "RTM-00001390", "stop_name": "Les Escourtines", "main_mode": "bus", "modes": ["bus"]}, "geometry": {"type": "Point", "coordinates": [5.50449681, 43.2813404]}}, {"type": "Feature", "properties": {"stop_id": "RTM-00004672", "stop_name": "Les Fabres", "main_mode": "bus", "modes": ["bus"]}, "geometry": {"type": "Point", "coordinates": [5.50120512, 43.30200802]}}, {"type": "Feature", "properties": {"stop_id": "RTM-00004689", "stop_name": "Les Fabres", "main_mode": "bus", "modes": ["bus"]}, "geometry": {"type": "Point", "coordinates": [5.50113995, 43.30186417]}}, {"type": "Feature", "properties": {"stop_id": "RTM-00003982", "stop_name": "Les Fabrettes", "main_mode": "bus", "modes": ["bus"]}, "geometry": {"type": "Point", "coordinates": [5.357291, 43.379704]}}, {"type": "Feature", "properties": {"stop_id": "RTM-00004010", "stop_name": "Les Fabrettes", "main_mode": "bus", "modes": ["bus"]}, "geometry": {"type": "Point", "coordinates": [5.357099, 43.379532]}}, {"type": "Feature", "properties": {"stop_id": "RTM-00001151", "stop_name": "Les Flamants", "main_mode": "bus", "modes": ["bus"]}, "geometry": {"type": "Point", "coordinates": [5.403284, 43.333107]}}, {"type": "Feature", "properties": {"stop_id": "RTM-00000339", "stop_name": "Les Flamants Les Iris", "main_mode": "bus", "modes": ["bus"]}, "geometry": {"type": "Point", "coordinates": [5.403851, 43.332096]}}, {"type": "Feature", "properties": {"stop_id": "RTM-00000359", "stop_name": "Les Flamants Les Iris", "main_mode": "bus", "modes": ["bus"]}, "geometry": {"type": "Point", "coordinates": [5.40343, 43.33223]}}, {"type": "Feature", "properties": {"stop_id": "RTM-00002951", "stop_name": "Les Genêts", "main_mode": "bus", "modes": ["bus"]}, "geometry": {"type": "Point", "coordinates": [5.366912, 43.404991]}}, {"type": "Feature", "properties": {"stop_id": "RTM-00004500", "stop_name": "Les Gonagues", "main_mode": "bus", "modes": ["bus"]}, "geometry": {"type": "Point", "coordinates": [5.48735429, 43.34911559]}}, {"type": "Feature", "properties": {"stop_id": "RTM-00004545", "stop_name": "Les Gonagues", "main_mode": "bus", "modes": ["bus"]}, "geometry": {"type": "Point", "coordinates": [5.48761659, 43.3501827]}}, {"type": "Feature", "properties": {"stop_id": "RTM-00002359", "stop_name": "Les Goudes", "main_mode": "bus", "modes": ["bus"]}, "geometry": {"type": "Point", "coordinates": [5.347725, 43.215259]}}, {"type": "Feature", "properties": {"stop_id": "RTM-00002361", "stop_name": "Les Goudes", "main_mode": "bus", "modes": ["bus"]}, "geometry": {"type": "Point", "coordinates": [5.34776164, 43.2153241]}}, {"type": "Feature", "properties": {"stop_id": "RTM-00002358", "stop_name": "Les Goudes Giraud", "main_mode": "bus", "modes": ["bus"]}, "geometry": {"type": "Point", "coordinates": [5.346211, 43.217119]}}, {"type": "Feature", "properties": {"stop_id": "RTM-00002362", "stop_name": "Les Goudes Giraud", "main_mode": "bus", "modes": ["bus"]}, "geometry": {"type": "Point", "coordinates": [5.34643, 43.216993]}}, {"type": "Feature", "properties": {"stop_id": "RTM-00000979", "stop_name": "Les Hirondelles", "main_mode": "bus", "modes": ["bus"]}, "geometry": {"type": "Point", "coordinates": [5.406799, 43.331087]}}, {"type": "Feature", "properties": {"stop_id": "RTM-00001011", "stop_name": "Les Hirondelles", "main_mode": "bus", "modes": ["bus"]}, "geometry": {"type": "Point", "coordinates": [5.40685, 43.330905]}}, {"type": "Feature", "properties": {"stop_id": "RTM-00001670", "stop_name": "Les Jardins de Flore", "main_mode": "bus", "modes": ["bus"]}, "geometry": {"type": "Point", "coordinates": [5.426963, 43.266855]}}, {"type": "Feature", "properties": {"stop_id": "RTM-00001675", "stop_name": "Les Jardins de Flore", "main_mode": "bus", "modes": ["bus"]}, "geometry": {"type": "Point", "coordinates": [5.427215, 43.267022]}}, {"type": "Feature", "properties": {"stop_id": "RTM-00000346", "stop_name": "Les Lauriers", "main_mode": "bus", "modes": ["bus"]}, "geometry": {"type": "Point", "coordinates": [5.412787, 43.327534]}}, {"type": "Feature", "properties": {"stop_id": "RTM-00000352", "stop_name": "Les Lauriers", "main_mode": "bus", "modes": ["bus"]}, "geometry": {"type": "Point", "coordinates": [5.41269, 43.327306]}}, {"type": "Feature", "properties": {"stop_id": "RTM-00004716", "stop_name": "Les Lauriers Martin", "main_mode": "bus", "modes": ["bus"]}, "geometry": {"type": "Point", "coordinates": [5.40888758, 43.32939727]}}, {"type": "Feature", "properties": {"stop_id": "RTM-00004725", "stop_name": "Les Lauriers Martin", "main_mode": "bus", "modes": ["bus"]}, "geometry": {"type": "Point", "coordinates": [5.40890784, 43.32946247]}}, {"type": "Feature", "properties": {"stop_id": "RTM-00001240", "stop_name": "Les Libérateurs", "main_mode": "bus", "modes": ["bus"]}, "geometry": {"type": "Point", "coordinates": [5.458035, 43.299651]}}, {"type": "Feature", "properties": {"stop_id": "RTM-00001243", "stop_name": "Les Libérateurs", "main_mode": "bus", "modes": ["bus"]}, "geometry": {"type": "Point", "coordinates": [5.457639, 43.299742]}}, {"type": "Feature", "properties": {"stop_id": "RTM-00000820", "stop_name": "Les Lierres", "main_mode": "bus", "modes": ["bus"]}, "geometry": {"type": "Point", "coordinates": [5.42869532, 43.30773969]}}, {"type": "Feature", "properties": {"stop_id": "RTM-00000850", "stop_name": "Les Lierres", "main_mode": "bus", "modes": ["bus"]}, "geometry": {"type": "Point", "coordinates": [5.4281399, 43.3078853]}}, {"type": "Feature", "properties": {"stop_id": "RTM-00004036", "stop_name": "Les Lilas", "main_mode": "bus", "modes": ["bus"]}, "geometry": {"type": "Point", "coordinates": [5.410258, 43.331923]}}, {"type": "Feature", "properties": {"stop_id": "RTM-00004040", "stop_name": "Les Lilas", "main_mode": "bus", "modes": ["bus"]}, "geometry": {"type": "Point", "coordinates": [5.410376, 43.331923]}}, {"type": "Feature", "properties": {"stop_id": "RTM-00004056", "stop_name": "Les Lilas", "main_mode": "bus", "modes": ["bus"]}, "geometry": {"type": "Point", "coordinates": [5.410353, 43.331927]}}, {"type": "Feature", "properties": {"stop_id": "RTM-00004061", "stop_name": "Les Lilas", "main_mode": "bus", "modes": ["bus"]}, "geometry": {"type": "Point", "coordinates": [5.410265, 43.331792]}}, {"type": "Feature", "properties": {"stop_id": "RTM-00002149", "stop_name": "Les Madets", "main_mode": "bus", "modes": ["bus"]}, "geometry": {"type": "Point", "coordinates": [5.456775, 43.340737]}}, {"type": "Feature", "properties": {"stop_id": "RTM-00002202", "stop_name": "Les Madets", "main_mode": "bus", "modes": ["bus"]}, "geometry": {"type": "Point", "coordinates": [5.456642, 43.340639]}}, {"type": "Feature", "properties": {"stop_id": "RTM-00001679", "stop_name": "Les Marronniers", "main_mode": "bus", "modes": ["bus"]}, "geometry": {"type": "Point", "coordinates": [5.420334, 43.276811]}}, {"type": "Feature", "properties": {"stop_id": "RTM-00001694", "stop_name": "Les Marronniers", "main_mode": "bus", "modes": ["bus"]}, "geometry": {"type": "Point", "coordinates": [5.420388, 43.276939]}}, {"type": "Feature", "properties": {"stop_id": "RTM-00000620", "stop_name": "Les Martégaux", "main_mode": "bus", "modes": ["bus"]}, "geometry": {"type": "Point", "coordinates": [5.441893, 43.325114]}}, {"type": "Feature", "properties": {"stop_id": "RTM-00000659", "stop_name": "Les Martégaux", "main_mode": "bus", "modes": ["bus"]}, "geometry": {"type": "Point", "coordinates": [5.441542, 43.32554]}}, {"type": "Feature", "properties": {"stop_id": "RTM-00003051", "stop_name": "Les Mazets", "main_mode": "bus", "modes": ["bus"]}, "geometry": {"type": "Point", "coordinates": [5.364456, 43.392017]}}, {"type": "Feature", "properties": {"stop_id": "RTM-00003720", "stop_name": "Les Mazets", "main_mode": "bus", "modes": ["bus"]}, "geometry": {"type": "Point", "coordinates": [5.364493, 43.391913]}}, {"type": "Feature", "properties": {"stop_id": "RTM-00001646", "stop_name": "Les Micocouliers", "main_mode": "bus", "modes": ["bus"]}, "geometry": {"type": "Point", "coordinates": [5.417055, 43.268014]}}, {"type": "Feature", "properties": {"stop_id": "RTM-00001662", "stop_name": "Les Micocouliers", "main_mode": "bus", "modes": ["bus"]}, "geometry": {"type": "Point", "coordinates": [5.416573, 43.268184]}}, {"type": "Feature", "properties": {"stop_id": "RTM-00002153", "stop_name": "Les Moisserons", "main_mode": "bus", "modes": ["bus"]}, "geometry": {"type": "Point", "coordinates": [5.46684808, 43.34868019]}}, {"type": "Feature", "properties": {"stop_id": "RTM-00002198", "stop_name": "Les Moisserons", "main_mode": "bus", "modes": ["bus"]}, "geometry": {"type": "Point", "coordinates": [5.466592, 43.3487]}}, {"type": "Feature", "properties": {"stop_id": "RTM-00000679", "stop_name": "Les Mourets", "main_mode": "bus", "modes": ["bus"]}, "geometry": {"type": "Point", "coordinates": [5.436429, 43.351988]}}, {"type": "Feature", "properties": {"stop_id": "RTM-00001288", "stop_name": "Les Néréïdes", "main_mode": "bus", "modes": ["bus"]}, "geometry": {"type": "Point", "coordinates": [5.459583, 43.285151]}}, {"type": "Feature", "properties": {"stop_id": "RTM-00001291", "stop_name": "Les Néréïdes", "main_mode": "bus", "modes": ["bus"]}, "geometry": {"type": "Point", "coordinates": [5.459399, 43.285076]}}, {"type": "Feature", "properties": {"stop_id": "RTM-00002742", "stop_name": "Les Olives Blaches", "main_mode": "bus", "modes": ["bus"]}, "geometry": {"type": "Point", "coordinates": [5.454503, 43.325144]}}, {"type": "Feature", "properties": {"stop_id": "RTM-00000622", "stop_name": "Les Olives Comtesse", "main_mode": "bus", "modes": ["bus"]}, "geometry": {"type": "Point", "coordinates": [5.447978, 43.32308]}}, {"type": "Feature", "properties": {"stop_id": "RTM-00000657", "stop_name": "Les Olives Comtesse", "main_mode": "bus", "modes": ["bus"]}, "geometry": {"type": "Point", "coordinates": [5.448087, 43.323283]}}, {"type": "Feature", "properties": {"stop_id": "RTM-00000625", "stop_name": "Les Olives Village", "main_mode": "bus", "modes": ["bus"]}, "geometry": {"type": "Point", "coordinates": [5.455888, 43.324119]}}, {"type": "Feature", "properties": {"stop_id": "RTM-00000654", "stop_name": "Les Olives Village", "main_mode": "bus", "modes": ["bus"]}, "geometry": {"type": "Point", "coordinates": [5.456276, 43.323866]}}, {"type": "Feature", "properties": {"stop_id": "RTM-00003927", "stop_name": "Les Oliviers", "main_mode": "bus", "modes": ["bus"]}, "geometry": {"type": "Point", "coordinates": [5.41323, 43.330033]}}, {"type": "Feature", "properties": {"stop_id": "RTM-00003928", "stop_name": "Les Oliviers", "main_mode": "bus", "modes": ["bus"]}, "geometry": {"type": "Point", "coordinates": [5.412866, 43.330078]}}, {"type": "Feature", "properties": {"stop_id": "RTM-00004037", "stop_name": "Les Oliviers", "main_mode": "bus", "modes": ["bus"]}, "geometry": {"type": "Point", "coordinates": [5.41284, 43.330226]}}, {"type": "Feature", "properties": {"stop_id": "RTM-00004039", "stop_name": "Les Oliviers", "main_mode": "bus", "modes": ["bus"]}, "geometry": {"type": "Point", "coordinates": [5.412983, 43.330258]}}, {"type": "Feature", "properties": {"stop_id": "RTM-00004055", "stop_name": "Les Oliviers", "main_mode": "bus", "modes": ["bus"]}, "geometry": {"type": "Point", "coordinates": [5.412845, 43.330314]}}, {"type": "Feature", "properties": {"stop_id": "RTM-00004062", "stop_name": "Les Oliviers", "main_mode": "bus", "modes": ["bus"]}, "geometry": {"type": "Point", "coordinates": [5.413109, 43.330098]}}, {"type": "Feature", "properties": {"stop_id": "RTM-00002998", "stop_name": "Les Peyrards Chasseurs", "main_mode": "bus", "modes": ["bus"]}, "geometry": {"type": "Point", "coordinates": [5.380285, 43.371981]}}, {"type": "Feature", "properties": {"stop_id": "RTM-00002997", "stop_name": "Les Peyrards Corradi", "main_mode": "bus", "modes": ["bus"]}, "geometry": {"type": "Point", "coordinates": [5.38196, 43.373592]}}, {"type": "Feature", "properties": {"stop_id": "RTM-00002967", "stop_name": "Les Peyrards Placette", "main_mode": "bus", "modes": ["bus"]}, "geometry": {"type": "Point", "coordinates": [5.377069, 43.371314]}}, {"type": "Feature", "properties": {"stop_id": "RTM-00002999", "stop_name": "Les Peyrards Placette", "main_mode": "bus", "modes": ["bus"]}, "geometry": {"type": "Point", "coordinates": [5.376978, 43.371259]}}, {"type": "Feature", "properties": {"stop_id": "RTM-00002954", "stop_name": "Les Peyrets Fabrégoules", "main_mode": "bus", "modes": ["bus"]}, "geometry": {"type": "Point", "coordinates": [5.371963, 43.410113]}}, {"type": "Feature", "properties": {"stop_id": "RTM-00002959", "stop_name": "Les Peyrets Fabrégoules", "main_mode": "bus", "modes": ["bus"]}, "geometry": {"type": "Point", "coordinates": [5.37208, 43.410038]}}, {"type": "Feature", "properties": {"stop_id": "RTM-00001650", "stop_name": "Les Roches", "main_mode": "bus", "modes": ["bus"]}, "geometry": {"type": "Point", "coordinates": [5.42784, 43.271876]}}, {"type": "Feature", "properties": {"stop_id": "RTM-00001658", "stop_name": "Les Roches", "main_mode": "bus", "modes": ["bus"]}, "geometry": {"type": "Point", "coordinates": [5.427509, 43.271964]}}, {"type": "Feature", "properties": {"stop_id": "RTM-00000886", "stop_name": "Les Romarins", "main_mode": "bus", "modes": ["bus"]}, "geometry": {"type": "Point", "coordinates": [5.444927, 43.317834]}}, {"type": "Feature", "properties": {"stop_id": "RTM-00000893", "stop_name": "Les Romarins", "main_mode": "bus", "modes": ["bus"]}, "geometry": {"type": "Point", "coordinates": [5.444799, 43.317959]}}, {"type": "Feature", "properties": {"stop_id": "RTM-00002176", "stop_name": "Les Toits de la Pounche", "main_mode": "bus", "modes": ["bus"]}, "geometry": {"type": "Point", "coordinates": [5.46584617, 43.33329082]}}, {"type": "Feature", "properties": {"stop_id": "RTM-00002215", "stop_name": "Les Toits de la Pounche", "main_mode": "bus", "modes": ["bus"]}, "geometry": {"type": "Point", "coordinates": [5.466101, 43.333532]}}, {"type": "Feature", "properties": {"stop_id": "RTM-00003042", "stop_name": "Les Tourelles", "main_mode": "bus", "modes": ["bus"]}, "geometry": {"type": "Point", "coordinates": [5.351809, 43.393279]}}, {"type": "Feature", "properties": {"stop_id": "RTM-00003047", "stop_name": "Les Tourelles", "main_mode": "bus", "modes": ["bus"]}, "geometry": {"type": "Point", "coordinates": [5.35167, 43.393389]}}, {"type": "Feature", "properties": {"stop_id": "RTM-00001684", "stop_name": "Les Trois Ponts", "main_mode": "bus", "modes": ["bus"]}, "geometry": {"type": "Point", "coordinates": [5.43613853, 43.27408854]}}, {"type": "Feature", "properties": {"stop_id": "RTM-00001688", "stop_name": "Les Trois Ponts", "main_mode": "bus", "modes": ["bus"]}, "geometry": {"type": "Point", "coordinates": [5.436064, 43.274142]}}, {"type": "Feature", "properties": {"stop_id": "RTM-00000663", "stop_name": "Les Vaudrans", "main_mode": "bus", "modes": ["bus"]}, "geometry": {"type": "Point", "coordinates": [5.476168, 43.309119]}}, {"type": "Feature", "properties": {"stop_id": "RTM-00000664", "stop_name": "Les Vaudrans 3 Lucs", "main_mode": "bus", "modes": ["bus"]}, "geometry": {"type": "Point", "coordinates": [5.470724, 43.30692]}}, {"type": "Feature", "properties": {"stop_id": "RTM-00001393", "stop_name": "Les Vaudrans 3 Lucs", "main_mode": "bus", "modes": ["bus"]}, "geometry": {"type": "Point", "coordinates": [5.471029, 43.306776]}}, {"type": "Feature", "properties": {"stop_id": "RTM-00002693", "stop_name": "Les Vaudrans Marronniers", "main_mode": "bus", "modes": ["bus"]}, "geometry": {"type": "Point", "coordinates": [5.475109, 43.307432]}}, {"type": "Feature", "properties": {"stop_id": "RTM-00002695", "stop_name": "Les Vaudrans Marronniers", "main_mode": "bus", "modes": ["bus"]}, "geometry": {"type": "Point", "coordinates": [5.475215, 43.307678]}}, {"type": "Feature", "properties": {"stop_id": "RTM-00002155", "stop_name": "Les Vidarès", "main_mode": "bus", "modes": ["bus"]}, "geometry": {"type": "Point", "coordinates": [5.466655, 43.356015]}}, {"type": "Feature", "properties": {"stop_id": "RTM-00002160", "stop_name": "Les Vidarès", "main_mode": "bus", "modes": ["bus"]}, "geometry": {"type": "Point", "coordinates": [5.466259, 43.355061]}}, {"type": "Feature", "properties": {"stop_id": "RTM-00003937", "stop_name": "Les Vieux Cyprès", "main_mode": "bus", "modes": ["bus"]}, "geometry": {"type": "Point", "coordinates": [5.435898, 43.337722]}}, {"type": "Feature", "properties": {"stop_id": "RTM-00003946", "stop_name": "Les Vieux Cyprès", "main_mode": "bus", "modes": ["bus"]}, "geometry": {"type": "Point", "coordinates": [5.435552, 43.337563]}}, {"type": "Feature", "properties": {"stop_id": "RTM-00004045", "stop_name": "Les Vieux Cyprès", "main_mode": "bus", "modes": ["bus"]}, "geometry": {"type": "Point", "coordinates": [5.43585598, 43.33760574]}}, {"type": "Feature", "properties": {"stop_id": "RTM-00004052", "stop_name": "Les Vieux Cyprès", "main_mode": "bus", "modes": ["bus"]}, "geometry": {"type": "Point", "coordinates": [5.435654, 43.337646]}}, {"type": "Feature", "properties": {"stop_id": "RTM-00003750", "stop_name": "Liberté Lafayette", "main_mode": "bus", "modes": ["bus"]}, "geometry": {"type": "Point", "coordinates": [5.381119, 43.30063]}}, {"type": "Feature", "properties": {"stop_id": "RTM-00000227", "stop_name": "Liberté Sembat", "main_mode": "bus", "modes": ["bus"]}, "geometry": {"type": "Point", "coordinates": [5.383221, 43.301545]}}, {"type": "Feature", "properties": {"stop_id": "RTM-00003907", "stop_name": "Liberté Sembat", "main_mode": "bus", "modes": ["bus"]}, "geometry": {"type": "Point", "coordinates": [5.383459, 43.301523]}}, {"type": "Feature", "properties": {"stop_id": "RTM-00003112", "stop_name": "Libération Dormoy", "main_mode": "bus", "modes": ["bus"]}, "geometry": {"type": "Point", "coordinates": [5.395374, 43.302461]}}, {"type": "Feature", "properties": {"stop_id": "RTM-00001098", "stop_name": "Libération Espérandieu", "main_mode": "bus", "modes": ["bus"]}, "geometry": {"type": "Point", "coordinates": [5.394065, 43.301941]}}, {"type": "Feature", "properties": {"stop_id": "RTM-00003114", "stop_name": "Libération Réformés", "main_mode": "bus", "modes": ["bus"]}, "geometry": {"type": "Point", "coordinates": [5.385964, 43.299321]}}, {"type": "Feature", "properties": {"stop_id": "RTM-00003374", "stop_name": "Libération Réformés", "main_mode": "bus", "modes": ["bus"]}, "geometry": {"type": "Point", "coordinates": [5.386361, 43.299331]}}, {"type": "Feature", "properties": {"stop_id": "RTM-00003113", "stop_name": "Libération St Vincent de Paul", "main_mode": "bus", "modes": ["bus"]}, "geometry": {"type": "Point", "coordinates": [5.391514, 43.301167]}}, {"type": "Feature", "properties": {"stop_id": "RTM-00003375", "stop_name": "Libération St Vincent de Paul", "main_mode": "bus", "modes": ["bus"]}, "geometry": {"type": "Point", "coordinates": [5.390199, 43.300634]}}, {"type": "Feature", "properties": {"stop_id": "RTM-00001473", "stop_name": "Lices Chaix", "main_mode": "bus", "modes": ["bus"]}, "geometry": {"type": "Point", "coordinates": [5.36838233, 43.28949482]}}, {"type": "Feature", "properties": {"stop_id": "RTM-00004561", "stop_name": "Lieutaud Baille", "main_mode": "bus", "modes": ["bus"]}, "geometry": {"type": "Point", "coordinates": [5.38521861, 43.28706792]}}, {"type": "Feature", "properties": {"stop_id": "RTM-00004564", "stop_name": "Lieutaud Baille", "main_mode": "bus", "modes": ["bus"]}, "geometry": {"type": "Point", "coordinates": [5.38501858, 43.28721228]}}, {"type": "Feature", "properties": {"stop_id": "RTM-00004408", "stop_name": "Lieutaud Cours Julien", "main_mode": "bus", "modes": ["bus"]}, "geometry": {"type": "Point", "coordinates": [5.381646, 43.2958]}}, {"type": "Feature", "properties": {"stop_id": "RTM-00004413", "stop_name": "Lieutaud Cours Julien", "main_mode": "bus", "modes": ["bus"]}, "geometry": {"type": "Point", "coordinates": [5.381487, 43.295774]}}, {"type": "Feature", "properties": {"stop_id": "RTM-00004562", "stop_name": "Lieutaud Salvator", "main_mode": "bus", "modes": ["bus"]}, "geometry": {"type": "Point", "coordinates": [5.38333529, 43.29074032]}}, {"type": "Feature", "properties": {"stop_id": "RTM-00004563", "stop_name": "Lieutaud Salvator", "main_mode": "bus", "modes": ["bus"]}, "geometry": {"type": "Point", "coordinates": [5.38317895, 43.29076799]}}, {"type": "Feature", "properties": {"stop_id": "RTM-00001042", "stop_name": "Lissandre", "main_mode": "bus", "modes": ["bus"]}, "geometry": {"type": "Point", "coordinates": [5.414654, 43.356082]}}, {"type": "Feature", "properties": {"stop_id": "RTM-00001075", "stop_name": "Lissandre", "main_mode": "bus", "modes": ["bus"]}, "geometry": {"type": "Point", "coordinates": [5.41332607, 43.3564049]}}, {"type": "Feature", "properties": {"stop_id": "RTM-00001076", "stop_name": "Lissandre Ecoles", "main_mode": "bus", "modes": ["bus"]}, "geometry": {"type": "Point", "coordinates": [5.410278, 43.356113]}}, {"type": "Feature", "properties": {"stop_id": "RTM-00001078", "stop_name": "Lissandre Ecoles", "main_mode": "bus", "modes": ["bus"]}, "geometry": {"type": "Point", "coordinates": [5.41019, 43.356042]}}, {"type": "Feature", "properties": {"stop_id": "RTM-00000243", "stop_name": "Littoral Beauséjour", "main_mode": "bus", "modes": ["bus"]}, "geometry": {"type": "Point", "coordinates": [5.35503245, 43.3318686]}}, {"type": "Feature", "properties": {"stop_id": "RTM-00000277", "stop_name": "Littoral Beauséjour", "main_mode": "bus", "modes": ["bus"]}, "geometry": {"type": "Point", "coordinates": [5.3547, 43.332331]}}, {"type": "Feature", "properties": {"stop_id": "RTM-00000244", "stop_name": "Littoral Bernabo", "main_mode": "bus", "modes": ["bus"]}, "geometry": {"type": "Point", "coordinates": [5.354639, 43.335668]}}, {"type": "Feature", "properties": {"stop_id": "RTM-00000276", "stop_name": "Littoral Bernabo", "main_mode": "bus", "modes": ["bus"]}, "geometry": {"type": "Point", "coordinates": [5.354458, 43.335603]}}, {"type": "Feature", "properties": {"stop_id": "RTM-00000248", "stop_name": "Littoral Consolat", "main_mode": "bus", "modes": ["bus"]}, "geometry": {"type": "Point", "coordinates": [5.345635, 43.346637]}}, {"type": "Feature", "properties": {"stop_id": "RTM-00000273", "stop_name": "Littoral Consolat", "main_mode": "bus", "modes": ["bus"]}, "geometry": {"type": "Point", "coordinates": [5.344048, 43.347196]}}, {"type": "Feature", "properties": {"stop_id": "RTM-00000255", "stop_name": "Littoral Fenouil", "main_mode": "bus", "modes": ["bus"]}, "geometry": {"type": "Point", "coordinates": [5.3204214, 43.3575813]}}, {"type": "Feature", "properties": {"stop_id": "RTM-00000266", "stop_name": "Littoral Fenouil", "main_mode": "bus", "modes": ["bus"]}, "geometry": {"type": "Point", "coordinates": [5.3206064, 43.3574301]}}, {"type": "Feature", "properties": {"stop_id": "RTM-00000270", "stop_name": "Littoral Jean Labro", "main_mode": "bus", "modes": ["bus"]}, "geometry": {"type": "Point", "coordinates": [5.338128, 43.352369]}}, {"type": "Feature", "properties": {"stop_id": "RTM-00004583", "stop_name": "Littoral Jean Labro", "main_mode": "bus", "modes": ["bus"]}, "geometry": {"type": "Point", "coordinates": [5.3379951, 43.3527175]}}, {"type": "Feature", "properties": {"stop_id": "RTM-00000242", "stop_name": "Littoral Mouren", "main_mode": "bus", "modes": ["bus"]}, "geometry": {"type": "Point", "coordinates": [5.35528, 43.330534]}}, {"type": "Feature", "properties": {"stop_id": "RTM-00000278", "stop_name": "Littoral Mouren", "main_mode": "bus", "modes": ["bus"]}, "geometry": {"type": "Point", "coordinates": [5.355036, 43.329845]}}, {"type": "Feature", "properties": {"stop_id": "RTM-00000252", "stop_name": "Littoral Mourepiane", "main_mode": "bus", "modes": ["bus"]}, "geometry": {"type": "Point", "coordinates": [5.3327386, 43.3542781]}}, {"type": "Feature", "properties": {"stop_id": "RTM-00000269", "stop_name": "Littoral Mourepiane", "main_mode": "bus", "modes": ["bus"]}, "geometry": {"type": "Point", "coordinates": [5.332751, 43.354164]}}, {"type": "Feature", "properties": {"stop_id": "RTM-00000250", "stop_name": "Littoral Pas du Faon", "main_mode": "bus", "modes": ["bus"]}, "geometry": {"type": "Point", "coordinates": [5.3406429, 43.3510897]}}, {"type": "Feature", "properties": {"stop_id": "RTM-00000271", "stop_name": "Littoral Pas du Faon", "main_mode": "bus", "modes": ["bus"]}, "geometry": {"type": "Point", "coordinates": [5.341081, 43.350584]}}, {"type": "Feature", "properties": {"stop_id": "RTM-00000254", "stop_name": "Littoral Saumaty", "main_mode": "bus", "modes": ["bus"]}, "geometry": {"type": "Point", "coordinates": [5.327842, 43.355314]}}, {"type": "Feature", "properties": {"stop_id": "RTM-00000267", "stop_name": "Littoral Saumaty", "main_mode": "bus", "modes": ["bus"]}, "geometry": {"type": "Point", "coordinates": [5.327961, 43.354166]}}, {"type": "Feature", "properties": {"stop_id": "RTM-00000251", "stop_name": "Littoral St Henri", "main_mode": "bus", "modes": ["bus"]}, "geometry": {"type": "Point", "coordinates": [5.336277, 43.353905]}}, {"type": "Feature", "properties": {"stop_id": "RTM-00004584", "stop_name": "Littoral St Henri", "main_mode": "bus", "modes": ["bus"]}, "geometry": {"type": "Point", "coordinates": [5.336333, 43.353743]}}, {"type": "Feature", "properties": {"stop_id": "RTM-00000253", "stop_name": "Littoral Vallouise", "main_mode": "bus", "modes": ["bus"]}, "geometry": {"type": "Point", "coordinates": [5.330597, 43.353745]}}, {"type": "Feature", "properties": {"stop_id": "RTM-00000268", "stop_name": "Littoral Vallouise", "main_mode": "bus", "modes": ["bus"]}, "geometry": {"type": "Point", "coordinates": [5.330639, 43.353646]}}, {"type": "Feature", "properties": {"stop_id": "RTM-00001522", "stop_name": "Lodi Fontange", "main_mode": "bus", "modes": ["bus"]}, "geometry": {"type": "Point", "coordinates": [5.384408, 43.291751]}}, {"type": "Feature", "properties": {"stop_id": "RTM-00001531", "stop_name": "Lodi Fontange", "main_mode": "bus", "modes": ["bus"]}, "geometry": {"type": "Point", "coordinates": [5.38512268, 43.29142987]}}, {"type": "Feature", "properties": {"stop_id": "RTM-00001523", "stop_name": "Lodi Village", "main_mode": "bus", "modes": ["bus"]}, "geometry": {"type": "Point", "coordinates": [5.388064, 43.288384]}}, {"type": "Feature", "properties": {"stop_id": "RTM-00001530", "stop_name": "Lodi Village", "main_mode": "bus", "modes": ["bus"]}, "geometry": {"type": "Point", "coordinates": [5.388136, 43.288482]}}, {"type": "Feature", "properties": {"stop_id": "RTM-00001161", "stop_name": "Lombard Bezombes", "main_mode": "bus", "modes": ["bus"]}, "geometry": {"type": "Point", "coordinates": [5.430559, 43.288889]}}, {"type": "Feature", "properties": {"stop_id": "RTM-00001209", "stop_name": "Lombard Bezombes", "main_mode": "bus", "modes": ["bus"]}, "geometry": {"type": "Point", "coordinates": [5.429724, 43.288982]}}, {"type": "Feature", "properties": {"stop_id": "RTM-00001163", "stop_name": "Lombard Mireille Lauze", "main_mode": "bus", "modes": ["bus"]}, "geometry": {"type": "Point", "coordinates": [5.437189, 43.289269]}}, {"type": "Feature", "properties": {"stop_id": "RTM-00001207", "stop_name": "Lombard Mireille Lauze", "main_mode": "bus", "modes": ["bus"]}, "geometry": {"type": "Point", "coordinates": [5.437459, 43.289361]}}, {"type": "Feature", "properties": {"stop_id": "RTM-00001160", "stop_name": "Lombard Parette", "main_mode": "bus", "modes": ["bus"]}, "geometry": {"type": "Point", "coordinates": [5.426813, 43.289607]}}, {"type": "Feature", "properties": {"stop_id": "RTM-00001210", "stop_name": "Lombard Parette", "main_mode": "bus", "modes": ["bus"]}, "geometry": {"type": "Point", "coordinates": [5.426695, 43.289827]}}, {"type": "Feature", "properties": {"stop_id": "RTM-00001162", "stop_name": "Lombard Rebattu", "main_mode": "bus", "modes": ["bus"]}, "geometry": {"type": "Point", "coordinates": [5.432952, 43.288911]}}, {"type": "Feature", "properties": {"stop_id": "RTM-00001208", "stop_name": "Lombard Rebattu", "main_mode": "bus", "modes": ["bus"]}, "geometry": {"type": "Point", "coordinates": [5.433296, 43.289048]}}, {"type": "Feature", "properties": {"stop_id": "RTM-00003221", "stop_name": "Longchamp", "main_mode": "tram", "modes": ["tram"]}, "geometry": {"type": "Point", "coordinates": [5.392459, 43.303228]}}, {"type": "Feature", "properties": {"stop_id": "RTM-00003268", "stop_name": "Longchamp", "main_mode": "tram", "modes": ["tram"]}, "geometry": {"type": "Point", "coordinates": [5.392395, 43.30337]}}, {"type": "Feature", "properties": {"stop_id": "RTM-00003864", "stop_name": "Longchamp", "main_mode": "bus", "modes": ["bus"]}, "geometry": {"type": "Point", "coordinates": [5.39309, 43.304228]}}, {"type": "Feature", "properties": {"stop_id": "RTM-00003865", "stop_name": "Longchamp", "main_mode": "bus", "modes": ["bus"]}, "geometry": {"type": "Point", "coordinates": [5.39322, 43.304149]}}, {"type": "Feature", "properties": {"stop_id": "RTM-00003153", "stop_name": "Lou Galoubet", "main_mode": "bus", "modes": ["bus"]}, "geometry": {"type": "Point", "coordinates": [5.365407, 43.400354]}}, {"type": "Feature", "properties": {"stop_id": "RTM-00000221", "stop_name": "Loubon Barbini", "main_mode": "bus", "modes": ["bus"]}, "geometry": {"type": "Point", "coordinates": [5.382685, 43.312884]}}, {"type": "Feature", "properties": {"stop_id": "RTM-00001020", "stop_name": "Loubon Barbini", "main_mode": "bus", "modes": ["bus"]}, "geometry": {"type": "Point", "coordinates": [5.382442, 43.31269]}}, {"type": "Feature", "properties": {"stop_id": "RTM-00000222", "stop_name": "Loubon Bellevue", "main_mode": "bus", "modes": ["bus"]}, "geometry": {"type": "Point", "coordinates": [5.379236, 43.312078]}}, {"type": "Feature", "properties": {"stop_id": "RTM-00001019", "stop_name": "Loubon Bellevue", "main_mode": "bus", "modes": ["bus"]}, "geometry": {"type": "Point", "coordinates": [5.37925, 43.311933]}}, {"type": "Feature", "properties": {"stop_id": "RTM-00003490", "stop_name": "Louis Armand", "main_mode": "metro", "modes": ["metro"]}, "geometry": {"type": "Point", "coordinates": [5.41363, 43.299951]}}, {"type": "Feature", "properties": {"stop_id": "RTM-00003495", "stop_name": "Louis Armand", "main_mode": "metro", "modes": ["metro"]}, "geometry": {"type": "Point", "coordinates": [5.4135575, 43.300013]}}, {"type": "Feature", "properties": {"stop_id": "RTM-00001798", "stop_name": "Luce Isaac", "main_mode": "bus", "modes": ["bus"]}, "geometry": {"type": "Point", "coordinates": [5.39671719, 43.25806907]}}, {"type": "Feature", "properties": {"stop_id": "RTM-00001797", "stop_name": "Luce Michelet", "main_mode": "bus", "modes": ["bus"]}, "geometry": {"type": "Point", "coordinates": [5.39825847, 43.25853027]}}, {"type": "Feature", "properties": {"stop_id": "RTM-00002440", "stop_name": "Luce Michelet", "main_mode": "bus", "modes": ["bus"]}, "geometry": {"type": "Point", "coordinates": [5.398603, 43.258512]}}, {"type": "Feature", "properties": {"stop_id": "RTM-00001768", "stop_name": "Luminy Complexe sportif", "main_mode": "bus", "modes": ["bus"]}, "geometry": {"type": "Point", "coordinates": [5.435705, 43.237109]}}, {"type": "Feature", "properties": {"stop_id": "RTM-00001771", "stop_name": "Luminy Complexe sportif", "main_mode": "bus", "modes": ["bus"]}, "geometry": {"type": "Point", "coordinates": [5.43577284, 43.23765278]}}, {"type": "Feature", "properties": {"stop_id": "RTM-00004592", "stop_name": "Luminy Complexe sportif", "main_mode": "bus", "modes": ["bus"]}, "geometry": {"type": "Point", "coordinates": [5.43573502, 43.23688087]}}, {"type": "Feature", "properties": {"stop_id": "RTM-00004600", "stop_name": "Luminy Complexe sportif", "main_mode": "bus", "modes": ["bus"]}, "geometry": {"type": "Point", "coordinates": [5.43571836, 43.23789354]}}, {"type": "Feature", "properties": {"stop_id": "RTM-00004348", "stop_name": "Luminy Faculté", "main_mode": "bus", "modes": ["bus"]}, "geometry": {"type": "Point", "coordinates": [5.43967, 43.231068]}}, {"type": "Feature", "properties": {"stop_id": "RTM-00004351", "stop_name": "Luminy Faculté", "main_mode": "bus", "modes": ["bus"]}, "geometry": {"type": "Point", "coordinates": [5.43958, 43.231163]}}, {"type": "Feature", "properties": {"stop_id": "RTM-00004595", "stop_name": "Luminy Faculté", "main_mode": "bus", "modes": ["bus"]}, "geometry": {"type": "Point", "coordinates": [5.43983744, 43.23106126]}}, {"type": "Feature", "properties": {"stop_id": "RTM-00004598", "stop_name": "Luminy Faculté", "main_mode": "bus", "modes": ["bus"]}, "geometry": {"type": "Point", "coordinates": [5.43946368, 43.23114229]}}, {"type": "Feature", "properties": {"stop_id": "RTM-00001769", "stop_name": "Luminy Kedge BS", "main_mode": "bus", "modes": ["bus"]}, "geometry": {"type": "Point", "coordinates": [5.4359862, 43.2324743]}}, {"type": "Feature", "properties": {"stop_id": "RTM-00004352", "stop_name": "Luminy Kedge BS", "main_mode": "bus", "modes": ["bus"]}, "geometry": {"type": "Point", "coordinates": [5.4361397, 43.2325256]}}, {"type": "Feature", "properties": {"stop_id": "RTM-00004593", "stop_name": "Luminy Kedge BS", "main_mode": "bus", "modes": ["bus"]}, "geometry": {"type": "Point", "coordinates": [5.43600822, 43.23236222]}}, {"type": "Feature", "properties": {"stop_id": "RTM-00004599", "stop_name": "Luminy Kedge BS", "main_mode": "bus", "modes": ["bus"]}, "geometry": {"type": "Point", "coordinates": [5.43610608, 43.23263422]}}, {"type": "Feature", "properties": {"stop_id": "RTM-00001766", "stop_name": "Luminy Lachamp", "main_mode": "bus", "modes": ["bus"]}, "geometry": {"type": "Point", "coordinates": [5.436394, 43.24625]}}, {"type": "Feature", "properties": {"stop_id": "RTM-00001773", "stop_name": "Luminy Lachamp", "main_mode": "bus", "modes": ["bus"]}, "geometry": {"type": "Point", "coordinates": [5.436391, 43.246324]}}, {"type": "Feature", "properties": {"stop_id": "RTM-00004590", "stop_name": "Luminy Lachamp", "main_mode": "bus", "modes": ["bus"]}, "geometry": {"type": "Point", "coordinates": [5.43668911, 43.2461405]}}, {"type": "Feature", "properties": {"stop_id": "RTM-00004602", "stop_name": "Luminy Lachamp", "main_mode": "bus", "modes": ["bus"]}, "geometry": {"type": "Point", "coordinates": [5.43623716, 43.24637349]}}, {"type": "Feature", "properties": {"stop_id": "RTM-00003772", "stop_name": "Luminy PN des Calanques", "main_mode": "bus", "modes": ["bus"]}, "geometry": {"type": "Point", "coordinates": [5.43710004, 43.2316791]}}, {"type": "Feature", "properties": {"stop_id": "RTM-00003872", "stop_name": "Luminy PN des Calanques", "main_mode": "bus", "modes": ["bus"]}, "geometry": {"type": "Point", "coordinates": [5.437289, 43.231401]}}, {"type": "Feature", "properties": {"stop_id": "RTM-00004553", "stop_name": "Luminy PN des Calanques", "main_mode": "bus", "modes": ["bus"]}, "geometry": {"type": "Point", "coordinates": [5.43679953, 43.23177429]}}, {"type": "Feature", "properties": {"stop_id": "RTM-00004594", "stop_name": "Luminy PN des Calanques", "main_mode": "bus", "modes": ["bus"]}, "geometry": {"type": "Point", "coordinates": [5.43736771, 43.23138254]}}, {"type": "Feature", "properties": {"stop_id": "RTM-00001594", "stop_name": "Lycée Ampère", "main_mode": "bus", "modes": ["bus"]}, "geometry": {"type": "Point", "coordinates": [5.423788, 43.279521]}}, {"type": "Feature", "properties": {"stop_id": "RTM-00001606", "stop_name": "Lycée Ampère", "main_mode": "bus", "modes": ["bus"]}, "geometry": {"type": "Point", "coordinates": [5.423727, 43.279659]}}, {"type": "Feature", "properties": {"stop_id": "RTM-00000733", "stop_name": "Lycée Artaud", "main_mode": "bus", "modes": ["bus"]}, "geometry": {"type": "Point", "coordinates": [5.42379076, 43.34040029]}}, {"type": "Feature", "properties": {"stop_id": "RTM-00000736", "stop_name": "Lycée Artaud", "main_mode": "bus", "modes": ["bus"]}, "geometry": {"type": "Point", "coordinates": [5.424732, 43.340401]}}, {"type": "Feature", "properties": {"stop_id": "RTM-00000876", "stop_name": "Lycée Blaise Pascal", "main_mode": "bus", "modes": ["bus"]}, "geometry": {"type": "Point", "coordinates": [5.422512, 43.31115]}}, {"type": "Feature", "properties": {"stop_id": "RTM-00000902", "stop_name": "Lycée Blaise Pascal", "main_mode": "bus", "modes": ["bus"]}, "geometry": {"type": "Point", "coordinates": [5.422356, 43.311155]}}, {"type": "Feature", "properties": {"stop_id": "RTM-00001267", "stop_name": "Lycée Brochier", "main_mode": "bus", "modes": ["bus"]}, "geometry": {"type": "Point", "coordinates": [5.402706, 43.282462]}}, {"type": "Feature", "properties": {"stop_id": "RTM-00001313", "stop_name": "Lycée Brochier", "main_mode": "bus", "modes": ["bus"]}, "geometry": {"type": "Point", "coordinates": [5.402788, 43.282547]}}, {"type": "Feature", "properties": {"stop_id": "RTM-00001328", "stop_name": "Lycée Camille Jullian", "main_mode": "bus", "modes": ["bus"]}, "geometry": {"type": "Point", "coordinates": [5.477574, 43.286067]}}, {"type": "Feature", "properties": {"stop_id": "RTM-00001372", "stop_name": "Lycée Camille Jullian", "main_mode": "bus", "modes": ["bus"]}, "geometry": {"type": "Point", "coordinates": [5.478257, 43.286091]}}, {"type": "Feature", "properties": {"stop_id": "RTM-00000669", "stop_name": "Lycée Charlotte Grawitz", "main_mode": "bus", "modes": ["bus"]}, "geometry": {"type": "Point", "coordinates": [5.420757, 43.335182]}}, {"type": "Feature", "properties": {"stop_id": "RTM-00000713", "stop_name": "Lycée Charlotte Grawitz", "main_mode": "bus", "modes": ["bus"]}, "geometry": {"type": "Point", "coordinates": [5.420661, 43.335484]}}, {"type": "Feature", "properties": {"stop_id": "RTM-00001399", "stop_name": "Lycée Colbert", "main_mode": "bus", "modes": ["bus"]}, "geometry": {"type": "Point", "coordinates": [5.357183, 43.28824]}}, {"type": "Feature", "properties": {"stop_id": "RTM-00001916", "stop_name": "Lycée Daumier", "main_mode": "bus", "modes": ["bus"]}, "geometry": {"type": "Point", "coordinates": [5.387388, 43.261431]}}, {"type": "Feature", "properties": {"stop_id": "RTM-00001934", "stop_name": "Lycée Daumier", "main_mode": "bus", "modes": ["bus"]}, "geometry": {"type": "Point", "coordinates": [5.387462, 43.261338]}}, {"type": "Feature", "properties": {"stop_id": "RTM-00000347", "stop_name": "Lycée Diderot", "main_mode": "bus", "modes": ["bus"]}, "geometry": {"type": "Point", "coordinates": [5.414544, 43.325215]}}, {"type": "Feature", "properties": {"stop_id": "RTM-00000351", "stop_name": "Lycée Diderot", "main_mode": "bus", "modes": ["bus"]}, "geometry": {"type": "Point", "coordinates": [5.414314, 43.325545]}}, {"type": "Feature", "properties": {"stop_id": "RTM-00001936", "stop_name": "Lycée Hôtelier", "main_mode": "bus", "modes": ["bus"]}, "geometry": {"type": "Point", "coordinates": [5.392553, 43.245879]}}, {"type": "Feature", "properties": {"stop_id": "RTM-00001949", "stop_name": "Lycée Hôtelier", "main_mode": "bus", "modes": ["bus"]}, "geometry": {"type": "Point", "coordinates": [5.393783, 43.245754]}}, {"type": "Feature", "properties": {"stop_id": "RTM-00004475", "stop_name": "Lycée Jean Perrin", "main_mode": "bus", "modes": ["bus"]}, "geometry": {"type": "Point", "coordinates": [5.42611263, 43.27479782]}}, {"type": "Feature", "properties": {"stop_id": "RTM-00000300", "stop_name": "Lycée L'Estaque", "main_mode": "bus", "modes": ["bus"]}, "geometry": {"type": "Point", "coordinates": [5.32504305, 43.36199695]}}, {"type": "Feature", "properties": {"stop_id": "RTM-00000312", "stop_name": "Lycée L'Estaque", "main_mode": "bus", "modes": ["bus"]}, "geometry": {"type": "Point", "coordinates": [5.32515531, 43.36197828]}}, {"type": "Feature", "properties": {"stop_id": "RTM-00000501", "stop_name": "Lycée La Calade", "main_mode": "bus", "modes": ["bus"]}, "geometry": {"type": "Point", "coordinates": [5.35335242, 43.34066597]}}, {"type": "Feature", "properties": {"stop_id": "RTM-00000507", "stop_name": "Lycée La Calade", "main_mode": "bus", "modes": ["bus"]}, "geometry": {"type": "Point", "coordinates": [5.352188, 43.340962]}}, {"type": "Feature", "properties": {"stop_id": "RTM-00000327", "stop_name": "Lycée La Floride", "main_mode": "bus", "modes": ["bus"]}, "geometry": {"type": "Point", "coordinates": [5.37441942, 43.33650778]}}, {"type": "Feature", "properties": {"stop_id": "RTM-00000371", "stop_name": "Lycée La Floride", "main_mode": "bus", "modes": ["bus"]}, "geometry": {"type": "Point", "coordinates": [5.374455, 43.33566]}}, {"type": "Feature", "properties": {"stop_id": "RTM-00000485", "stop_name": "Lycée Le Chatelier", "main_mode": "bus", "modes": ["bus"]}, "geometry": {"type": "Point", "coordinates": [5.37083448, 43.31422085]}}, {"type": "Feature", "properties": {"stop_id": "RTM-00001276", "stop_name": "Lycée Marcel Pagnol", "main_mode": "bus", "modes": ["bus"]}, "geometry": {"type": "Point", "coordinates": [5.433386, 43.282846]}}, {"type": "Feature", "properties": {"stop_id": "RTM-00001304", "stop_name": "Lycée Marcel Pagnol", "main_mode": "bus", "modes": ["bus"]}, "geometry": {"type": "Point", "coordinates": [5.433585, 43.282903]}}, {"type": "Feature", "properties": {"stop_id": "RTM-00001626", "stop_name": "Lycée Marcel Pagnol", "main_mode": "bus", "modes": ["bus"]}, "geometry": {"type": "Point", "coordinates": [5.433248, 43.283093]}}, {"type": "Feature", "properties": {"stop_id": "RTM-00001633", "stop_name": "Lycée Marcel Pagnol", "main_mode": "bus", "modes": ["bus"]}, "geometry": {"type": "Point", "coordinates": [5.432762, 43.283156]}}, {"type": "Feature", "properties": {"stop_id": "RTM-00000817", "stop_name": "Lycée Marie Gasquet", "main_mode": "bus", "modes": ["bus"]}, "geometry": {"type": "Point", "coordinates": [5.417518, 43.305449]}}, {"type": "Feature", "properties": {"stop_id": "RTM-00000854", "stop_name": "Lycée Marie Gasquet", "main_mode": "bus", "modes": ["bus"]}, "geometry": {"type": "Point", "coordinates": [5.417502, 43.305523]}}, {"type": "Feature", "properties": {"stop_id": "RTM-00001941", "stop_name": "Lycée Marseilleveyre", "main_mode": "bus", "modes": ["bus"]}, "geometry": {"type": "Point", "coordinates": [5.377314, 43.240252]}}, {"type": "Feature", "properties": {"stop_id": "RTM-00001943", "stop_name": "Lycée Marseilleveyre", "main_mode": "bus", "modes": ["bus"]}, "geometry": {"type": "Point", "coordinates": [5.37749301, 43.24027435]}}, {"type": "Feature", "properties": {"stop_id": "RTM-00004477", "stop_name": "Lycée Marseilleveyre", "main_mode": "bus", "modes": ["bus"]}, "geometry": {"type": "Point", "coordinates": [5.37723319, 43.24010937]}}, {"type": "Feature", "properties": {"stop_id": "RTM-00003589", "stop_name": "Lycée Monte Cristo", "main_mode": "bus", "modes": ["bus"]}, "geometry": {"type": "Point", "coordinates": [5.469793, 43.322664]}}, {"type": "Feature", "properties": {"stop_id": "RTM-00003601", "stop_name": "Lycée Monte Cristo", "main_mode": "bus", "modes": ["bus"]}, "geometry": {"type": "Point", "coordinates": [5.46958452, 43.32263131]}}, {"type": "Feature", "properties": {"stop_id": "RTM-00004476", "stop_name": "Lycée Monte Cristo", "main_mode": "bus", "modes": ["bus"]}, "geometry": {"type": "Point", "coordinates": [5.46968542, 43.32276508]}}, {"type": "Feature", "properties": {"stop_id": "RTM-00004550", "stop_name": "Lycée Monte-Cristo", "main_mode": "bus", "modes": ["bus"]}, "geometry": {"type": "Point", "coordinates": [5.4693524, 43.32219227]}}, {"type": "Feature", "properties": {"stop_id": "RTM-00004473", "stop_name": "Lycée Nelson Mandela", "main_mode": "bus", "modes": ["bus"]}, "geometry": {"type": "Point", "coordinates": [5.426566, 43.297898]}}, {"type": "Feature", "properties": {"stop_id": "RTM-00002811", "stop_name": "Lycée Paul Melizan", "main_mode": "bus", "modes": ["bus"]}, "geometry": {"type": "Point", "coordinates": [5.4934, 43.296867]}}, {"type": "Feature", "properties": {"stop_id": "RTM-00002812", "stop_name": "Lycée Paul Melizan", "main_mode": "bus", "modes": ["bus"]}, "geometry": {"type": "Point", "coordinates": [5.492497, 43.296798]}}, {"type": "Feature", "properties": {"stop_id": "RTM-00004634", "stop_name": "Lycée Perrin", "main_mode": "bus", "modes": ["bus"]}, "geometry": {"type": "Point", "coordinates": [5.42365107, 43.27366886]}}, {"type": "Feature", "properties": {"stop_id": "RTM-00004644", "stop_name": "Lycée Perrin", "main_mode": "bus", "modes": ["bus"]}, "geometry": {"type": "Point", "coordinates": [5.42396939, 43.27357183]}}, {"type": "Feature", "properties": {"stop_id": "RTM-00001652", "stop_name": "Lycée Perrin Doize", "main_mode": "bus", "modes": ["bus"]}, "geometry": {"type": "Point", "coordinates": [5.4268, 43.274509]}}, {"type": "Feature", "properties": {"stop_id": "RTM-00004609", "stop_name": "Lycée Perrin Doize", "main_mode": "bus", "modes": ["bus"]}, "geometry": {"type": "Point", "coordinates": [5.42672074, 43.2743655]}}, {"type": "Feature", "properties": {"stop_id": "RTM-00001692", "stop_name": "Lycée Perrin Verdillon", "main_mode": "bus", "modes": ["bus"]}, "geometry": {"type": "Point", "coordinates": [5.42521985, 43.2752823]}}, {"type": "Feature", "properties": {"stop_id": "RTM-00002820", "stop_name": "Lycée Perrin Verdillon", "main_mode": "bus", "modes": ["bus"]}, "geometry": {"type": "Point", "coordinates": [5.42601862, 43.27497561]}}, {"type": "Feature", "properties": {"stop_id": "RTM-00001940", "stop_name": "Lycée Poinso Chapuis", "main_mode": "bus", "modes": ["bus"]}, "geometry": {"type": "Point", "coordinates": [5.379422, 43.242224]}}, {"type": "Feature", "properties": {"stop_id": "RTM-00001944", "stop_name": "Lycée Poinso Chapuis", "main_mode": "bus", "modes": ["bus"]}, "geometry": {"type": "Point", "coordinates": [5.37983, 43.243013]}}, {"type": "Feature", "properties": {"stop_id": "RTM-00001135", "stop_name": "Lycée Périer", "main_mode": "bus", "modes": ["bus"]}, "geometry": {"type": "Point", "coordinates": [5.381669, 43.28171]}}, {"type": "Feature", "properties": {"stop_id": "RTM-00001628", "stop_name": "Lycée René Caillié", "main_mode": "bus", "modes": ["bus"]}, "geometry": {"type": "Point", "coordinates": [5.437913, 43.284695]}}, {"type": "Feature", "properties": {"stop_id": "RTM-00001631", "stop_name": "Lycée René Caillié", "main_mode": "bus", "modes": ["bus"]}, "geometry": {"type": "Point", "coordinates": [5.436985, 43.284621]}}, {"type": "Feature", "properties": {"stop_id": "RTM-00000504", "stop_name": "Lycée Saint-Exupéry", "main_mode": "bus", "modes": ["bus"]}, "geometry": {"type": "Point", "coordinates": [5.355249, 43.347324]}}, {"type": "Feature", "properties": {"stop_id": "RTM-00000994", "stop_name": "Lycée Saint-Exupéry", "main_mode": "bus", "modes": ["bus"]}, "geometry": {"type": "Point", "coordinates": [5.355685, 43.347944]}}, {"type": "Feature", "properties": {"stop_id": "RTM-00000996", "stop_name": "Lycée Saint-Exupéry", "main_mode": "bus", "modes": ["bus"]}, "geometry": {"type": "Point", "coordinates": [5.355709, 43.347459]}}, {"type": "Feature", "properties": {"stop_id": "RTM-00004361", "stop_name": "Lycée Simone Veil", "main_mode": "bus", "modes": ["bus"]}, "geometry": {"type": "Point", "coordinates": [5.413895, 43.345615]}}, {"type": "Feature", "properties": {"stop_id": "RTM-00004362", "stop_name": "Lycée Simone Veil", "main_mode": "bus", "modes": ["bus"]}, "geometry": {"type": "Point", "coordinates": [5.414029, 43.345686]}}, {"type": "Feature", "properties": {"stop_id": "RTM-00000433", "stop_name": "Lycée St Charles", "main_mode": "bus", "modes": ["bus"]}, "geometry": {"type": "Point", "coordinates": [5.391338, 43.305286]}}, {"type": "Feature", "properties": {"stop_id": "RTM-00002551", "stop_name": "Lycée St Charles", "main_mode": "bus", "modes": ["bus"]}, "geometry": {"type": "Point", "coordinates": [5.391847, 43.305415]}}, {"type": "Feature", "properties": {"stop_id": "RTM-00000003", "stop_name": "Lyon Cap Pinède", "main_mode": "bus", "modes": ["bus"]}, "geometry": {"type": "Point", "coordinates": [5.36628, 43.327438]}}, {"type": "Feature", "properties": {"stop_id": "RTM-00000050", "stop_name": "Lyon Cap Pinède", "main_mode": "bus", "modes": ["bus"]}, "geometry": {"type": "Point", "coordinates": [5.366153, 43.327255]}}, {"type": "Feature", "properties": {"stop_id": "RTM-00003966", "stop_name": "Lyon Commanderie", "main_mode": "bus", "modes": ["bus"]}, "geometry": {"type": "Point", "coordinates": [5.362003, 43.339396]}}, {"type": "Feature", "properties": {"stop_id": "RTM-00004027", "stop_name": "Lyon Commanderie", "main_mode": "bus", "modes": ["bus"]}, "geometry": {"type": "Point", "coordinates": [5.362464, 43.338071]}}, {"type": "Feature", "properties": {"stop_id": "RTM-00003962", "stop_name": "Lyon Oddo", "main_mode": "bus", "modes": ["bus"]}, "geometry": {"type": "Point", "coordinates": [5.365409, 43.329897]}}, {"type": "Feature", "properties": {"stop_id": "RTM-00004030", "stop_name": "Lyon Oddo", "main_mode": "bus", "modes": ["bus"]}, "geometry": {"type": "Point", "coordinates": [5.36528975, 43.32987411]}}, {"type": "Feature", "properties": {"stop_id": "RTM-00003964", "stop_name": "Lyon Raffineries", "main_mode": "bus", "modes": ["bus"]}, "geometry": {"type": "Point", "coordinates": [5.363179, 43.336331]}}, {"type": "Feature", "properties": {"stop_id": "RTM-00004028", "stop_name": "Lyon Raffineries", "main_mode": "bus", "modes": ["bus"]}, "geometry": {"type": "Point", "coordinates": [5.363119, 43.336159]}}, {"type": "Feature", "properties": {"stop_id": "RTM-00001384", "stop_name": "Léon Bancal Saint-Menet", "main_mode": "bus", "modes": ["bus"]}, "geometry": {"type": "Point", "coordinates": [5.481135, 43.289393]}}, {"type": "Feature", "properties": {"stop_id": "RTM-00001394", "stop_name": "Léon Bancal Saint-Menet", "main_mode": "bus", "modes": ["bus"]}, "geometry": {"type": "Point", "coordinates": [5.481513, 43.289571]}}, {"type": "Feature", "properties": {"stop_id": "RTM-00000873", "stop_name": "Léon Meisserel", "main_mode": "bus", "modes": ["bus"]}, "geometry": {"type": "Point", "coordinates": [5.418608, 43.304925]}}, {"type": "Feature", "properties": {"stop_id": "RTM-00001844", "stop_name": "MAC", "main_mode": "bus", "modes": ["bus"]}, "geometry": {"type": "Point", "coordinates": [5.389564, 43.250908]}}, {"type": "Feature", "properties": {"stop_id": "RTM-00001879", "stop_name": "MAC", "main_mode": "bus", "modes": ["bus"]}, "geometry": {"type": "Point", "coordinates": [5.390073, 43.250948]}}, {"type": "Feature", "properties": {"stop_id": "RTM-00001718", "stop_name": "Madrague de Montredon", "main_mode": "bus", "modes": ["bus"]}, "geometry": {"type": "Point", "coordinates": [5.354625, 43.231095]}}, {"type": "Feature", "properties": {"stop_id": "RTM-00001717", "stop_name": "Madrague Mont Rose", "main_mode": "bus", "modes": ["bus"]}, "geometry": {"type": "Point", "coordinates": [5.35568884, 43.23206912]}}, {"type": "Feature", "properties": {"stop_id": "RTM-00001719", "stop_name": "Madrague Mont Rose", "main_mode": "bus", "modes": ["bus"]}, "geometry": {"type": "Point", "coordinates": [5.35582334, 43.2321253]}}, {"type": "Feature", "properties": {"stop_id": "RTM-00001979", "stop_name": "Magdelon", "main_mode": "bus", "modes": ["bus"]}, "geometry": {"type": "Point", "coordinates": [5.401461, 43.248664]}}, {"type": "Feature", "properties": {"stop_id": "RTM-00001991", "stop_name": "Magdelon", "main_mode": "bus", "modes": ["bus"]}, "geometry": {"type": "Point", "coordinates": [5.401307, 43.248374]}}, {"type": "Feature", "properties": {"stop_id": "RTM-00004103", "stop_name": "Maillane", "main_mode": "bus", "modes": ["bus"]}, "geometry": {"type": "Point", "coordinates": [5.395353, 43.277859]}}, {"type": "Feature", "properties": {"stop_id": "RTM-00004242", "stop_name": "Mairie", "main_mode": "ferry", "modes": ["ferry"]}, "geometry": {"type": "Point", "coordinates": [5.37040472, 43.29587875]}}, {"type": "Feature", "properties": {"stop_id": "RTM-00000961", "stop_name": "Mairie 11-12", "main_mode": "bus", "modes": ["bus"]}, "geometry": {"type": "Point", "coordinates": [5.44272, 43.296722]}}, {"type": "Feature", "properties": {"stop_id": "RTM-00000962", "stop_name": "Mairie 11-12", "main_mode": "bus", "modes": ["bus"]}, "geometry": {"type": "Point", "coordinates": [5.442587, 43.296878]}}, {"type": "Feature", "properties": {"stop_id": "RTM-00004206", "stop_name": "Mairie 6-8", "main_mode": "bus", "modes": ["bus"]}, "geometry": {"type": "Point", "coordinates": [5.382936, 43.27107331]}}, {"type": "Feature", "properties": {"stop_id": "RTM-00000924", "stop_name": "Malosse Butris", "main_mode": "bus", "modes": ["bus"]}, "geometry": {"type": "Point", "coordinates": [5.449974, 43.29853]}}, {"type": "Feature", "properties": {"stop_id": "RTM-00000931", "stop_name": "Malosse Butris", "main_mode": "bus", "modes": ["bus"]}, "geometry": {"type": "Point", "coordinates": [5.450151, 43.298648]}}, {"type": "Feature", "properties": {"stop_id": "RTM-00000348", "stop_name": "Malpassé", "main_mode": "bus", "modes": ["bus"]}, "geometry": {"type": "Point", "coordinates": [5.412718, 43.322797]}}, {"type": "Feature", "properties": {"stop_id": "RTM-00000350", "stop_name": "Malpassé", "main_mode": "bus", "modes": ["bus"]}, "geometry": {"type": "Point", "coordinates": [5.41325956, 43.32300145]}}, {"type": "Feature", "properties": {"stop_id": "RTM-00001108", "stop_name": "Malpassé", "main_mode": "bus", "modes": ["bus"]}, "geometry": {"type": "Point", "coordinates": [5.413566, 43.322362]}}, {"type": "Feature", "properties": {"stop_id": "RTM-00001115", "stop_name": "Malpassé", "main_mode": "bus", "modes": ["bus"]}, "geometry": {"type": "Point", "coordinates": [5.412879, 43.322442]}}, {"type": "Feature", "properties": {"stop_id": "RTM-00002278", "stop_name": "Malpassé", "main_mode": "metro", "modes": ["metro"]}, "geometry": {"type": "Point", "coordinates": [5.4164315, 43.3209855]}}, {"type": "Feature", "properties": {"stop_id": "RTM-00002293", "stop_name": "Malpassé", "main_mode": "metro", "modes": ["metro"]}, "geometry": {"type": "Point", "coordinates": [5.41644, 43.3209445]}}, {"type": "Feature", "properties": {"stop_id": "RTM-00004146", "stop_name": "Mandela Crèche", "main_mode": "bus", "modes": ["bus"]}, "geometry": {"type": "Point", "coordinates": [5.370929, 43.41021]}}, {"type": "Feature", "properties": {"stop_id": "RTM-00004147", "stop_name": "Mandela Crèche", "main_mode": "bus", "modes": ["bus"]}, "geometry": {"type": "Point", "coordinates": [5.370818, 43.410319]}}, {"type": "Feature", "properties": {"stop_id": "RTM-00003003", "stop_name": "Mandela Ecole", "main_mode": "bus", "modes": ["bus"]}, "geometry": {"type": "Point", "coordinates": [5.367827, 43.409015]}}, {"type": "Feature", "properties": {"stop_id": "RTM-00004268", "stop_name": "Mandela Ecole", "main_mode": "bus", "modes": ["bus"]}, "geometry": {"type": "Point", "coordinates": [5.366789, 43.408624]}}, {"type": "Feature", "properties": {"stop_id": "RTM-00002985", "stop_name": "Mandela L'Arlésienne", "main_mode": "bus", "modes": ["bus"]}, "geometry": {"type": "Point", "coordinates": [5.368876, 43.409811]}}, {"type": "Feature", "properties": {"stop_id": "RTM-00004255", "stop_name": "Marché aux Puces", "main_mode": "bus", "modes": ["bus"]}, "geometry": {"type": "Point", "coordinates": [5.360994, 43.326462]}}, {"type": "Feature", "properties": {"stop_id": "RTM-00004258", "stop_name": "Marché aux Puces", "main_mode": "bus", "modes": ["bus"]}, "geometry": {"type": "Point", "coordinates": [5.361232, 43.325884]}}, {"type": "Feature", "properties": {"stop_id": "RTM-00003568", "stop_name": "Marinier Belvédère", "main_mode": "bus", "modes": ["bus"]}, "geometry": {"type": "Point", "coordinates": [5.313195, 43.37037]}}, {"type": "Feature", "properties": {"stop_id": "RTM-00003570", "stop_name": "Marinier Belvédère", "main_mode": "bus", "modes": ["bus"]}, "geometry": {"type": "Point", "coordinates": [5.313122, 43.370294]}}, {"type": "Feature", "properties": {"stop_id": "RTM-00003572", "stop_name": "Marinier Grotte", "main_mode": "bus", "modes": ["bus"]}, "geometry": {"type": "Point", "coordinates": [5.314309, 43.366102]}}, {"type": "Feature", "properties": {"stop_id": "RTM-00001942", "stop_name": "Marseilleveyre", "main_mode": "bus", "modes": ["bus"]}, "geometry": {"type": "Point", "coordinates": [5.375477, 43.239203]}}, {"type": "Feature", "properties": {"stop_id": "RTM-00001450", "stop_name": "Martinique Guadeloupe", "main_mode": "bus", "modes": ["bus"]}, "geometry": {"type": "Point", "coordinates": [5.374745, 43.281893]}}, {"type": "Feature", "properties": {"stop_id": "RTM-00002668", "stop_name": "Martinique Pythagore", "main_mode": "bus", "modes": ["bus"]}, "geometry": {"type": "Point", "coordinates": [5.3762, 43.283205]}}, {"type": "Feature", "properties": {"stop_id": "RTM-00002016", "stop_name": "Maréchal Juin", "main_mode": "bus", "modes": ["bus"]}, "geometry": {"type": "Point", "coordinates": [5.403604, 43.311887]}}, {"type": "Feature", "properties": {"stop_id": "RTM-00002037", "stop_name": "Maréchal Juin", "main_mode": "bus", "modes": ["bus"]}, "geometry": {"type": "Point", "coordinates": [5.405156, 43.312879]}}, {"type": "Feature", "properties": {"stop_id": "RTM-00002419", "stop_name": "Mas des Oliviers", "main_mode": "bus", "modes": ["bus"]}, "geometry": {"type": "Point", "coordinates": [5.493961, 43.361899]}}, {"type": "Feature", "properties": {"stop_id": "RTM-00002422", "stop_name": "Mas des Oliviers", "main_mode": "bus", "modes": ["bus"]}, "geometry": {"type": "Point", "coordinates": [5.493754, 43.361458]}}, {"type": "Feature", "properties": {"stop_id": "RTM-00001669", "stop_name": "Mauriac Saint-Cyr", "main_mode": "bus", "modes": ["bus"]}, "geometry": {"type": "Point", "coordinates": [5.42661, 43.267895]}}, {"type": "Feature", "properties": {"stop_id": "RTM-00001676", "stop_name": "Mauriac Saint-Cyr", "main_mode": "bus", "modes": ["bus"]}, "geometry": {"type": "Point", "coordinates": [5.426887, 43.267823]}}, {"type": "Feature", "properties": {"stop_id": "RTM-00000761", "stop_name": "Mazarade Norma", "main_mode": "bus", "modes": ["bus"]}, "geometry": {"type": "Point", "coordinates": [5.429745, 43.315023]}}, {"type": "Feature", "properties": {"stop_id": "RTM-00001805", "stop_name": "Mazargues", "main_mode": "bus", "modes": ["bus"]}, "geometry": {"type": "Point", "coordinates": [5.403814, 43.246021]}}, {"type": "Feature", "properties": {"stop_id": "RTM-00001820", "stop_name": "Mazargues", "main_mode": "bus", "modes": ["bus"]}, "geometry": {"type": "Point", "coordinates": [5.404135, 43.246192]}}, {"type": "Feature", "properties": {"stop_id": "RTM-00002600", "stop_name": "Mazargues Barral", "main_mode": "bus", "modes": ["bus"]}, "geometry": {"type": "Point", "coordinates": [5.392841, 43.263039]}}, {"type": "Feature", "properties": {"stop_id": "RTM-00002745", "stop_name": "Mazargues Barral", "main_mode": "bus", "modes": ["bus"]}, "geometry": {"type": "Point", "coordinates": [5.393036, 43.262875]}}, {"type": "Feature", "properties": {"stop_id": "RTM-00001839", "stop_name": "Mazargues Etienne Milan", "main_mode": "bus", "modes": ["bus"]}, "geometry": {"type": "Point", "coordinates": [5.389663, 43.266484]}}, {"type": "Feature", "properties": {"stop_id": "RTM-00001885", "stop_name": "Mazargues Etienne Milan", "main_mode": "bus", "modes": ["bus"]}, "geometry": {"type": "Point", "coordinates": [5.389494, 43.267419]}}, {"type": "Feature", "properties": {"stop_id": "RTM-00001802", "stop_name": "Mazargues Legré", "main_mode": "bus", "modes": ["bus"]}, "geometry": {"type": "Point", "coordinates": [5.395671, 43.250298]}}, {"type": "Feature", "properties": {"stop_id": "RTM-00001824", "stop_name": "Mazargues Legré", "main_mode": "bus", "modes": ["bus"]}, "geometry": {"type": "Point", "coordinates": [5.395597, 43.250499]}}, {"type": "Feature", "properties": {"stop_id": "RTM-00001886", "stop_name": "Mazargues Négresko", "main_mode": "bus", "modes": ["bus"]}, "geometry": {"type": "Point", "coordinates": [5.388723, 43.268781]}}, {"type": "Feature", "properties": {"stop_id": "RTM-00001061", "stop_name": "Merlan Brissac", "main_mode": "bus", "modes": ["bus"]}, "geometry": {"type": "Point", "coordinates": [5.407398, 43.33607]}}, {"type": "Feature", "properties": {"stop_id": "RTM-00001066", "stop_name": "Merlan Brissac", "main_mode": "bus", "modes": ["bus"]}, "geometry": {"type": "Point", "coordinates": [5.407143, 43.33644]}}, {"type": "Feature", "properties": {"stop_id": "RTM-00001031", "stop_name": "Merlan Guynemer", "main_mode": "bus", "modes": ["bus"]}, "geometry": {"type": "Point", "coordinates": [5.408235, 43.346489]}}, {"type": "Feature", "properties": {"stop_id": "RTM-00001047", "stop_name": "Merlan Guynemer", "main_mode": "bus", "modes": ["bus"]}, "geometry": {"type": "Point", "coordinates": [5.408092, 43.346827]}}, {"type": "Feature", "properties": {"stop_id": "RTM-00001030", "stop_name": "Merlan Pâquerettes", "main_mode": "bus", "modes": ["bus"]}, "geometry": {"type": "Point", "coordinates": [5.408461, 43.345411]}}, {"type": "Feature", "properties": {"stop_id": "RTM-00001048", "stop_name": "Merlan Pâquerettes", "main_mode": "bus", "modes": ["bus"]}, "geometry": {"type": "Point", "coordinates": [5.40847, 43.345151]}}, {"type": "Feature", "properties": {"stop_id": "RTM-00000340", "stop_name": "Merlan Ste Marthe", "main_mode": "bus", "modes": ["bus"]}, "geometry": {"type": "Point", "coordinates": [5.404335, 43.330506]}}, {"type": "Feature", "properties": {"stop_id": "RTM-00000358", "stop_name": "Merlan Ste Marthe", "main_mode": "bus", "modes": ["bus"]}, "geometry": {"type": "Point", "coordinates": [5.404303, 43.331025]}}, {"type": "Feature", "properties": {"stop_id": "RTM-00001010", "stop_name": "Merlan Ste Marthe", "main_mode": "bus", "modes": ["bus"]}, "geometry": {"type": "Point", "coordinates": [5.40436248, 43.33032313]}}, {"type": "Feature", "properties": {"stop_id": "RTM-00001029", "stop_name": "Merlan Tourelle", "main_mode": "bus", "modes": ["bus"]}, "geometry": {"type": "Point", "coordinates": [5.407678, 43.341861]}}, {"type": "Feature", "properties": {"stop_id": "RTM-00001049", "stop_name": "Merlan Tourelle", "main_mode": "bus", "modes": ["bus"]}, "geometry": {"type": "Point", "coordinates": [5.407414, 43.341647]}}, {"type": "Feature", "properties": {"stop_id": "RTM-00001059", "stop_name": "Merlan Trompette", "main_mode": "bus", "modes": ["bus"]}, "geometry": {"type": "Point", "coordinates": [5.40679564, 43.3323227]}}, {"type": "Feature", "properties": {"stop_id": "RTM-00001068", "stop_name": "Merlan Trompette", "main_mode": "bus", "modes": ["bus"]}, "geometry": {"type": "Point", "coordinates": [5.40651082, 43.33200144]}}, {"type": "Feature", "properties": {"stop_id": "RTM-00001060", "stop_name": "Merlan Verdon", "main_mode": "bus", "modes": ["bus"]}, "geometry": {"type": "Point", "coordinates": [5.407522, 43.333779]}}, {"type": "Feature", "properties": {"stop_id": "RTM-00001067", "stop_name": "Merlan Verdon", "main_mode": "bus", "modes": ["bus"]}, "geometry": {"type": "Point", "coordinates": [5.407566, 43.33432]}}, {"type": "Feature", "properties": {"stop_id": "RTM-00001062", "stop_name": "Merlan Village", "main_mode": "bus", "modes": ["bus"]}, "geometry": {"type": "Point", "coordinates": [5.407712, 43.338373]}}, {"type": "Feature", "properties": {"stop_id": "RTM-00001065", "stop_name": "Merlan Village", "main_mode": "bus", "modes": ["bus"]}, "geometry": {"type": "Point", "coordinates": [5.407523, 43.33826]}}, {"type": "Feature", "properties": {"stop_id": "RTM-00004200", "stop_name": "Mermoz Chalet", "main_mode": "bus", "modes": ["bus"]}, "geometry": {"type": "Point", "coordinates": [5.387324, 43.277348]}}, {"type": "Feature", "properties": {"stop_id": "RTM-00004201", "stop_name": "Mermoz Duveen", "main_mode": "bus", "modes": ["bus"]}, "geometry": {"type": "Point", "coordinates": [5.386814, 43.275639]}}, {"type": "Feature", "properties": {"stop_id": "RTM-00004203", "stop_name": "Mermoz Sicard", "main_mode": "bus", "modes": ["bus"]}, "geometry": {"type": "Point", "coordinates": [5.386814, 43.271632]}}, {"type": "Feature", "properties": {"stop_id": "RTM-00001755", "stop_name": "Michelet Bonneaude", "main_mode": "bus", "modes": ["bus"]}, "geometry": {"type": "Point", "coordinates": [5.401789, 43.253742]}}, {"type": "Feature", "properties": {"stop_id": "RTM-00001784", "stop_name": "Michelet Bonneaude", "main_mode": "bus", "modes": ["bus"]}, "geometry": {"type": "Point", "coordinates": [5.40180945, 43.25414314]}}, {"type": "Feature", "properties": {"stop_id": "RTM-00001751", "stop_name": "Michelet Bousquet", "main_mode": "bus", "modes": ["bus"]}, "geometry": {"type": "Point", "coordinates": [5.396639, 43.262876]}}, {"type": "Feature", "properties": {"stop_id": "RTM-00001788", "stop_name": "Michelet Bousquet", "main_mode": "bus", "modes": ["bus"]}, "geometry": {"type": "Point", "coordinates": [5.396585, 43.263361]}}, {"type": "Feature", "properties": {"stop_id": "RTM-00001748", "stop_name": "Michelet Huveaune", "main_mode": "bus", "modes": ["bus"]}, "geometry": {"type": "Point", "coordinates": [5.393887, 43.26774]}}, {"type": "Feature", "properties": {"stop_id": "RTM-00001790", "stop_name": "Michelet Huveaune", "main_mode": "bus", "modes": ["bus"]}, "geometry": {"type": "Point", "coordinates": [5.394001, 43.268014]}}, {"type": "Feature", "properties": {"stop_id": "RTM-00001753", "stop_name": "Michelet Luce", "main_mode": "bus", "modes": ["bus"]}, "geometry": {"type": "Point", "coordinates": [5.399048, 43.258608]}}, {"type": "Feature", "properties": {"stop_id": "RTM-00001786", "stop_name": "Michelet Luce", "main_mode": "bus", "modes": ["bus"]}, "geometry": {"type": "Point", "coordinates": [5.39891, 43.25926]}}, {"type": "Feature", "properties": {"stop_id": "RTM-00001749", "stop_name": "Michelet Ramon", "main_mode": "bus", "modes": ["bus"]}, "geometry": {"type": "Point", "coordinates": [5.394902, 43.265981]}}, {"type": "Feature", "properties": {"stop_id": "RTM-00001789", "stop_name": "Michelet Ramon", "main_mode": "bus", "modes": ["bus"]}, "geometry": {"type": "Point", "coordinates": [5.395138, 43.266045]}}, {"type": "Feature", "properties": {"stop_id": "RTM-00001754", "stop_name": "Michelet Taine", "main_mode": "bus", "modes": ["bus"]}, "geometry": {"type": "Point", "coordinates": [5.40024, 43.256493]}}, {"type": "Feature", "properties": {"stop_id": "RTM-00001785", "stop_name": "Michelet Taine", "main_mode": "bus", "modes": ["bus"]}, "geometry": {"type": "Point", "coordinates": [5.400235, 43.256976]}}, {"type": "Feature", "properties": {"stop_id": "RTM-00000330", "stop_name": "MIN Arnavaux", "main_mode": "bus", "modes": ["bus"]}, "geometry": {"type": "Point", "coordinates": [5.382506, 43.338444]}}, {"type": "Feature", "properties": {"stop_id": "RTM-00000367", "stop_name": "MIN Arnavaux", "main_mode": "bus", "modes": ["bus"]}, "geometry": {"type": "Point", "coordinates": [5.380904, 43.339434]}}, {"type": "Feature", "properties": {"stop_id": "RTM-00000329", "stop_name": "MIN Bolivar", "main_mode": "bus", "modes": ["bus"]}, "geometry": {"type": "Point", "coordinates": [5.377551, 43.340909]}}, {"type": "Feature", "properties": {"stop_id": "RTM-00000368", "stop_name": "MIN Bolivar", "main_mode": "bus", "modes": ["bus"]}, "geometry": {"type": "Point", "coordinates": [5.37749, 43.341111]}}, {"type": "Feature", "properties": {"stop_id": "RTM-00000331", "stop_name": "MIN Gibbes", "main_mode": "bus", "modes": ["bus"]}, "geometry": {"type": "Point", "coordinates": [5.385107, 43.337098]}}, {"type": "Feature", "properties": {"stop_id": "RTM-00000366", "stop_name": "MIN Gibbes", "main_mode": "bus", "modes": ["bus"]}, "geometry": {"type": "Point", "coordinates": [5.385034, 43.3376]}}, {"type": "Feature", "properties": {"stop_id": "RTM-00004631", "stop_name": "Mirabeau Peyssonnel", "main_mode": "bus", "modes": ["bus"]}, "geometry": {"type": "Point", "coordinates": [5.36912906, 43.31418638]}}, {"type": "Feature", "properties": {"stop_id": "RTM-00002162", "stop_name": "Mistral Pasteur", "main_mode": "bus", "modes": ["bus"]}, "geometry": {"type": "Point", "coordinates": [5.469449, 43.34939]}}, {"type": "Feature", "properties": {"stop_id": "RTM-00002197", "stop_name": "Mistral Pasteur", "main_mode": "bus", "modes": ["bus"]}, "geometry": {"type": "Point", "coordinates": [5.469308, 43.349421]}}, {"type": "Feature", "properties": {"stop_id": "RTM-00004657", "stop_name": "Mistral Pasteur", "main_mode": "bus", "modes": ["bus"]}, "geometry": {"type": "Point", "coordinates": [5.46863702, 43.34968653]}}, {"type": "Feature", "properties": {"stop_id": "RTM-00004658", "stop_name": "Mistral Pasteur", "main_mode": "bus", "modes": ["bus"]}, "geometry": {"type": "Point", "coordinates": [5.46861101, 43.34937519]}}, {"type": "Feature", "properties": {"stop_id": "RTM-00001026", "stop_name": "Monet Florida", "main_mode": "bus", "modes": ["bus"]}, "geometry": {"type": "Point", "coordinates": [5.39532, 43.326854]}}, {"type": "Feature", "properties": {"stop_id": "RTM-00001052", "stop_name": "Monet Florida", "main_mode": "bus", "modes": ["bus"]}, "geometry": {"type": "Point", "coordinates": [5.39521199, 43.3268957]}}, {"type": "Feature", "properties": {"stop_id": "RTM-00003069", "stop_name": "Monet Lavandins", "main_mode": "bus", "modes": ["bus"]}, "geometry": {"type": "Point", "coordinates": [5.394273, 43.325653]}}, {"type": "Feature", "properties": {"stop_id": "RTM-00003070", "stop_name": "Monet Lavandins", "main_mode": "bus", "modes": ["bus"]}, "geometry": {"type": "Point", "coordinates": [5.393767, 43.324973]}}, {"type": "Feature", "properties": {"stop_id": "RTM-00001025", "stop_name": "Monet St Barthélemy", "main_mode": "bus", "modes": ["bus"]}, "geometry": {"type": "Point", "coordinates": [5.3933593, 43.32398]}}, {"type": "Feature", "properties": {"stop_id": "RTM-00001053", "stop_name": "Monet St Barthélemy", "main_mode": "bus", "modes": ["bus"]}, "geometry": {"type": "Point", "coordinates": [5.393032, 43.323702]}}, {"type": "Feature", "properties": {"stop_id": "RTM-00002861", "stop_name": "Monte Cristo Camas", "main_mode": "bus", "modes": ["bus"]}, "geometry": {"type": "Point", "coordinates": [5.39153919, 43.29895735]}}, {"type": "Feature", "properties": {"stop_id": "RTM-00002866", "stop_name": "Monte Cristo Camas", "main_mode": "bus", "modes": ["bus"]}, "geometry": {"type": "Point", "coordinates": [5.391858, 43.298945]}}, {"type": "Feature", "properties": {"stop_id": "RTM-00002860", "stop_name": "Monte Cristo Faria", "main_mode": "bus", "modes": ["bus"]}, "geometry": {"type": "Point", "coordinates": [5.395675, 43.299559]}}, {"type": "Feature", "properties": {"stop_id": "RTM-00002867", "stop_name": "Monte Cristo Faria", "main_mode": "bus", "modes": ["bus"]}, "geometry": {"type": "Point", "coordinates": [5.395826, 43.299434]}}, {"type": "Feature", "properties": {"stop_id": "RTM-00001525", "stop_name": "Montebello", "main_mode": "bus", "modes": ["bus"]}, "geometry": {"type": "Point", "coordinates": [5.378452, 43.280213]}}, {"type": "Feature", "properties": {"stop_id": "RTM-00001528", "stop_name": "Montebello", "main_mode": "bus", "modes": ["bus"]}, "geometry": {"type": "Point", "coordinates": [5.378486, 43.279974]}}, {"type": "Feature", "properties": {"stop_id": "RTM-00001332", "stop_name": "Montgrand", "main_mode": "bus", "modes": ["bus"]}, "geometry": {"type": "Point", "coordinates": [5.494155, 43.28363]}}, {"type": "Feature", "properties": {"stop_id": "RTM-00001368", "stop_name": "Montgrand", "main_mode": "bus", "modes": ["bus"]}, "geometry": {"type": "Point", "coordinates": [5.49302, 43.283898]}}, {"type": "Feature", "properties": {"stop_id": "RTM-00000758", "stop_name": "Montolivet", "main_mode": "bus", "modes": ["bus"]}, "geometry": {"type": "Point", "coordinates": [5.423923, 43.317457]}}, {"type": "Feature", "properties": {"stop_id": "RTM-00000794", "stop_name": "Montolivet", "main_mode": "bus", "modes": ["bus"]}, "geometry": {"type": "Point", "coordinates": [5.424043, 43.317491]}}, {"type": "Feature", "properties": {"stop_id": "RTM-00000752", "stop_name": "Montolivet Beauregard", "main_mode": "bus", "modes": ["bus"]}, "geometry": {"type": "Point", "coordinates": [5.411887, 43.312549]}}, {"type": "Feature", "properties": {"stop_id": "RTM-00000800", "stop_name": "Montolivet Beauregard", "main_mode": "bus", "modes": ["bus"]}, "geometry": {"type": "Point", "coordinates": [5.411111, 43.312182]}}, {"type": "Feature", "properties": {"stop_id": "RTM-00000757", "stop_name": "Montolivet Chabot", "main_mode": "bus", "modes": ["bus"]}, "geometry": {"type": "Point", "coordinates": [5.421901, 43.31815]}}, {"type": "Feature", "properties": {"stop_id": "RTM-00000795", "stop_name": "Montolivet Chabot", "main_mode": "bus", "modes": ["bus"]}, "geometry": {"type": "Point", "coordinates": [5.421338, 43.318231]}}, {"type": "Feature", "properties": {"stop_id": "RTM-00000754", "stop_name": "Montolivet Corbière", "main_mode": "bus", "modes": ["bus"]}, "geometry": {"type": "Point", "coordinates": [5.414551, 43.314938]}}, {"type": "Feature", "properties": {"stop_id": "RTM-00000798", "stop_name": "Montolivet Corbière", "main_mode": "bus", "modes": ["bus"]}, "geometry": {"type": "Point", "coordinates": [5.414273, 43.314776]}}, {"type": "Feature", "properties": {"stop_id": "RTM-00000756", "stop_name": "Montolivet Matheron", "main_mode": "bus", "modes": ["bus"]}, "geometry": {"type": "Point", "coordinates": [5.419146, 43.317702]}}, {"type": "Feature", "properties": {"stop_id": "RTM-00000796", "stop_name": "Montolivet Matheron", "main_mode": "bus", "modes": ["bus"]}, "geometry": {"type": "Point", "coordinates": [5.417384, 43.317688]}}, {"type": "Feature", "properties": {"stop_id": "RTM-00000802", "stop_name": "Montolivet Roux", "main_mode": "bus", "modes": ["bus"]}, "geometry": {"type": "Point", "coordinates": [5.407402, 43.309692]}}, {"type": "Feature", "properties": {"stop_id": "RTM-00001725", "stop_name": "Montredon Chancel", "main_mode": "bus", "modes": ["bus"]}, "geometry": {"type": "Point", "coordinates": [5.368988, 43.241953]}}, {"type": "Feature", "properties": {"stop_id": "RTM-00002876", "stop_name": "Montredon Miremonts", "main_mode": "bus", "modes": ["bus"]}, "geometry": {"type": "Point", "coordinates": [5.36353, 43.237383]}}, {"type": "Feature", "properties": {"stop_id": "RTM-00001471", "stop_name": "Montée de l'Oratoire", "main_mode": "bus", "modes": ["bus"]}, "geometry": {"type": "Point", "coordinates": [5.37084, 43.288954]}}, {"type": "Feature", "properties": {"stop_id": "RTM-00000024", "stop_name": "Montée Graille", "main_mode": "bus", "modes": ["bus"]}, "geometry": {"type": "Point", "coordinates": [5.348853, 43.372042]}}, {"type": "Feature", "properties": {"stop_id": "RTM-00000029", "stop_name": "Montée Graille", "main_mode": "bus", "modes": ["bus"]}, "geometry": {"type": "Point", "coordinates": [5.348912, 43.372312]}}, {"type": "Feature", "properties": {"stop_id": "RTM-00000106", "stop_name": "Moretti Gibbes", "main_mode": "bus", "modes": ["bus"]}, "geometry": {"type": "Point", "coordinates": [5.383577, 43.32418]}}, {"type": "Feature", "properties": {"stop_id": "RTM-00000140", "stop_name": "Moretti Gibbes", "main_mode": "bus", "modes": ["bus"]}, "geometry": {"type": "Point", "coordinates": [5.383576, 43.324361]}}, {"type": "Feature", "properties": {"stop_id": "RTM-00000108", "stop_name": "Moretti Ste Marthe", "main_mode": "bus", "modes": ["bus"]}, "geometry": {"type": "Point", "coordinates": [5.388244, 43.323589]}}, {"type": "Feature", "properties": {"stop_id": "RTM-00000138", "stop_name": "Moretti Ste Marthe", "main_mode": "bus", "modes": ["bus"]}, "geometry": {"type": "Point", "coordinates": [5.38823, 43.323748]}}, {"type": "Feature", "properties": {"stop_id": "RTM-00001812", "stop_name": "Morgiou Arnaud", "main_mode": "bus", "modes": ["bus"]}, "geometry": {"type": "Point", "coordinates": [5.415327, 43.228377]}}, {"type": "Feature", "properties": {"stop_id": "RTM-00001814", "stop_name": "Morgiou Arnaud", "main_mode": "bus", "modes": ["bus"]}, "geometry": {"type": "Point", "coordinates": [5.415423, 43.228657]}}, {"type": "Feature", "properties": {"stop_id": "RTM-00001809", "stop_name": "Morgiou Beauvallon", "main_mode": "bus", "modes": ["bus"]}, "geometry": {"type": "Point", "coordinates": [5.410998, 43.235046]}}, {"type": "Feature", "properties": {"stop_id": "RTM-00001808", "stop_name": "Morgiou Cauvière", "main_mode": "bus", "modes": ["bus"]}, "geometry": {"type": "Point", "coordinates": [5.4088, 43.23757]}}, {"type": "Feature", "properties": {"stop_id": "RTM-00001817", "stop_name": "Morgiou Cauvière", "main_mode": "bus", "modes": ["bus"]}, "geometry": {"type": "Point", "coordinates": [5.409033, 43.237511]}}, {"type": "Feature", "properties": {"stop_id": "RTM-00001807", "stop_name": "Morgiou Rosiers", "main_mode": "bus", "modes": ["bus"]}, "geometry": {"type": "Point", "coordinates": [5.406986, 43.240331]}}, {"type": "Feature", "properties": {"stop_id": "RTM-00001818", "stop_name": "Morgiou Rosiers", "main_mode": "bus", "modes": ["bus"]}, "geometry": {"type": "Point", "coordinates": [5.40705438, 43.2406889]}}, {"type": "Feature", "properties": {"stop_id": "RTM-00001806", "stop_name": "Morgiou Seigneurie", "main_mode": "bus", "modes": ["bus"]}, "geometry": {"type": "Point", "coordinates": [5.406314, 43.242534]}}, {"type": "Feature", "properties": {"stop_id": "RTM-00001819", "stop_name": "Morgiou Seigneurie", "main_mode": "bus", "modes": ["bus"]}, "geometry": {"type": "Point", "coordinates": [5.406323, 43.242832]}}, {"type": "Feature", "properties": {"stop_id": "RTM-00002658", "stop_name": "Morgiou Vert Plan", "main_mode": "bus", "modes": ["bus"]}, "geometry": {"type": "Point", "coordinates": [5.410074, 43.236041]}}, {"type": "Feature", "properties": {"stop_id": "RTM-00002659", "stop_name": "Morgiou Vert Plan", "main_mode": "bus", "modes": ["bus"]}, "geometry": {"type": "Point", "coordinates": [5.410431, 43.23592]}}, {"type": "Feature", "properties": {"stop_id": "RTM-00004549", "stop_name": "Moulin de Pain Blanc", "main_mode": "bus", "modes": ["bus"]}, "geometry": {"type": "Point", "coordinates": [5.46781734, 43.34741613]}}, {"type": "Feature", "properties": {"stop_id": "RTM-00004682", "stop_name": "Moulin de Pain Blanc", "main_mode": "bus", "modes": ["bus"]}, "geometry": {"type": "Point", "coordinates": [5.46729029, 43.34745242]}}, {"type": "Feature", "properties": {"stop_id": "RTM-00000495", "stop_name": "Moulin à Vent", "main_mode": "bus", "modes": ["bus"]}, "geometry": {"type": "Point", "coordinates": [5.359267, 43.330871]}}, {"type": "Feature", "properties": {"stop_id": "RTM-00000513", "stop_name": "Moulin à Vent", "main_mode": "bus", "modes": ["bus"]}, "geometry": {"type": "Point", "coordinates": [5.359093, 43.330659]}}, {"type": "Feature", "properties": {"stop_id": "RTM-00001117", "stop_name": "Moutte Daudet", "main_mode": "bus", "modes": ["bus"]}, "geometry": {"type": "Point", "coordinates": [5.408933, 43.320719]}}, {"type": "Feature", "properties": {"stop_id": "RTM-00003818", "stop_name": "Mucem Saint-Jean", "main_mode": "bus", "modes": ["bus"]}, "geometry": {"type": "Point", "coordinates": [5.362873, 43.296441]}}, {"type": "Feature", "properties": {"stop_id": "RTM-00003828", "stop_name": "Mucem Saint-Jean", "main_mode": "bus", "modes": ["bus"]}, "geometry": {"type": "Point", "coordinates": [5.36247075, 43.29633165]}}, {"type": "Feature", "properties": {"stop_id": "RTM-00004398", "stop_name": "Mucem Saint-Jean", "main_mode": "bus", "modes": ["bus"]}, "geometry": {"type": "Point", "coordinates": [5.362829, 43.296245]}}, {"type": "Feature", "properties": {"stop_id": "RTM-00001924", "stop_name": "Musso Roy d'Espagne", "main_mode": "bus", "modes": ["bus"]}, "geometry": {"type": "Point", "coordinates": [5.385524, 43.243937]}}, {"type": "Feature", "properties": {"stop_id": "RTM-00001926", "stop_name": "Musso Roy d'Espagne", "main_mode": "bus", "modes": ["bus"]}, "geometry": {"type": "Point", "coordinates": [5.38539, 43.243936]}}, {"type": "Feature", "properties": {"stop_id": "RTM-00000341", "stop_name": "Musée de la Moto", "main_mode": "bus", "modes": ["bus"]}, "geometry": {"type": "Point", "coordinates": [5.40378294, 43.32926785]}}, {"type": "Feature", "properties": {"stop_id": "RTM-00000357", "stop_name": "Musée de la Moto", "main_mode": "bus", "modes": ["bus"]}, "geometry": {"type": "Point", "coordinates": [5.403908, 43.329255]}}, {"type": "Feature", "properties": {"stop_id": "RTM-00004324", "stop_name": "Médiathèque", "main_mode": "bus", "modes": ["bus"]}, "geometry": {"type": "Point", "coordinates": [5.36940157, 43.4012046]}}, {"type": "Feature", "properties": {"stop_id": "RTM-00004334", "stop_name": "Méditerranée", "main_mode": "bus", "modes": ["bus"]}, "geometry": {"type": "Point", "coordinates": [5.36201, 43.333098]}}, {"type": "Feature", "properties": {"stop_id": "RTM-00004336", "stop_name": "Méditerranée", "main_mode": "bus", "modes": ["bus"]}, "geometry": {"type": "Point", "coordinates": [5.361926, 43.333024]}}, {"type": "Feature", "properties": {"stop_id": "RTM-00001027", "stop_name": "Mérimée Corot", "main_mode": "bus", "modes": ["bus"]}, "geometry": {"type": "Point", "coordinates": [5.396839, 43.327762]}}, {"type": "Feature", "properties": {"stop_id": "RTM-00001051", "stop_name": "Mérimée Corot", "main_mode": "bus", "modes": ["bus"]}, "geometry": {"type": "Point", "coordinates": [5.396791, 43.327834]}}, {"type": "Feature", "properties": {"stop_id": "RTM-00004715", "stop_name": "Mérimée Saint-Paul", "main_mode": "bus", "modes": ["bus"]}, "geometry": {"type": "Point", "coordinates": [5.40436928, 43.32952738]}}, {"type": "Feature", "properties": {"stop_id": "RTM-00004726", "stop_name": "Mérimée Saint-Paul", "main_mode": "bus", "modes": ["bus"]}, "geometry": {"type": "Point", "coordinates": [5.40449256, 43.32957792]}}, {"type": "Feature", "properties": {"stop_id": "RTM-00001127", "stop_name": "Métro 5 Avenues", "main_mode": "bus", "modes": ["bus"]}, "geometry": {"type": "Point", "coordinates": [5.396812, 43.303548]}}, {"type": "Feature", "properties": {"stop_id": "RTM-00003121", "stop_name": "Métro 5 Avenues", "main_mode": "bus", "modes": ["bus"]}, "geometry": {"type": "Point", "coordinates": [5.396961, 43.303832]}}, {"type": "Feature", "properties": {"stop_id": "RTM-00004627", "stop_name": "Métro 5 Avenues", "main_mode": "bus", "modes": ["bus"]}, "geometry": {"type": "Point", "coordinates": [5.39713318, 43.30406129]}}, {"type": "Feature", "properties": {"stop_id": "RTM-00000099", "stop_name": "Métro Bougainville", "main_mode": "bus", "modes": ["bus"]}, "geometry": {"type": "Point", "coordinates": [5.371527, 43.320881]}}, {"type": "Feature", "properties": {"stop_id": "RTM-00000145", "stop_name": "Métro Bougainville", "main_mode": "bus", "modes": ["bus"]}, "geometry": {"type": "Point", "coordinates": [5.371724, 43.320897]}}, {"type": "Feature", "properties": {"stop_id": "RTM-00000489", "stop_name": "Métro Bougainville", "main_mode": "bus", "modes": ["bus"]}, "geometry": {"type": "Point", "coordinates": [5.371158, 43.320221]}}, {"type": "Feature", "properties": {"stop_id": "RTM-00002046", "stop_name": "Métro Bougainville", "main_mode": "bus", "modes": ["bus"]}, "geometry": {"type": "Point", "coordinates": [5.371416, 43.321237]}}, {"type": "Feature", "properties": {"stop_id": "RTM-00004620", "stop_name": "Métro Bougainville", "main_mode": "bus", "modes": ["bus"]}, "geometry": {"type": "Point", "coordinates": [5.37110674, 43.3194015]}}, {"type": "Feature", "properties": {"stop_id": "RTM-00002017", "stop_name": "Métro Chartreux", "main_mode": "bus", "modes": ["bus"]}, "geometry": {"type": "Point", "coordinates": [5.402687, 43.30909]}}, {"type": "Feature", "properties": {"stop_id": "RTM-00002036", "stop_name": "Métro Chartreux", "main_mode": "bus", "modes": ["bus"]}, "geometry": {"type": "Point", "coordinates": [5.403215, 43.30974]}}, {"type": "Feature", "properties": {"stop_id": "RTM-00003094", "stop_name": "Métro Chartreux", "main_mode": "bus", "modes": ["bus"]}, "geometry": {"type": "Point", "coordinates": [5.401238, 43.308945]}}, {"type": "Feature", "properties": {"stop_id": "RTM-00000381", "stop_name": "Métro Colbert", "main_mode": "bus", "modes": ["bus"]}, "geometry": {"type": "Point", "coordinates": [5.374308, 43.300237]}}, {"type": "Feature", "properties": {"stop_id": "RTM-00002530", "stop_name": "Métro Colbert", "main_mode": "bus", "modes": ["bus"]}, "geometry": {"type": "Point", "coordinates": [5.374519, 43.300224]}}, {"type": "Feature", "properties": {"stop_id": "RTM-00004623", "stop_name": "Métro Désirée Clary", "main_mode": "bus", "modes": ["bus"]}, "geometry": {"type": "Point", "coordinates": [5.37298356, 43.3096126]}}, {"type": "Feature", "properties": {"stop_id": "RTM-00001131", "stop_name": "Métro Estrangin", "main_mode": "bus", "modes": ["bus"]}, "geometry": {"type": "Point", "coordinates": [5.378248, 43.289812]}}, {"type": "Feature", "properties": {"stop_id": "RTM-00000776", "stop_name": "Métro Frais Vallon", "main_mode": "bus", "modes": ["bus"]}, "geometry": {"type": "Point", "coordinates": [5.424541, 43.324977]}}, {"type": "Feature", "properties": {"stop_id": "RTM-00000978", "stop_name": "Métro Frais Vallon", "main_mode": "bus", "modes": ["bus"]}, "geometry": {"type": "Point", "coordinates": [5.423245, 43.327052]}}, {"type": "Feature", "properties": {"stop_id": "RTM-00001012", "stop_name": "Métro Frais Vallon", "main_mode": "bus", "modes": ["bus"]}, "geometry": {"type": "Point", "coordinates": [5.42353057, 43.32708964]}}, {"type": "Feature", "properties": {"stop_id": "RTM-00004718", "stop_name": "Métro Frais Vallon", "main_mode": "bus", "modes": ["bus"]}, "geometry": {"type": "Point", "coordinates": [5.42259807, 43.32496118]}}, {"type": "Feature", "properties": {"stop_id": "RTM-00004723", "stop_name": "Métro Frais Vallon", "main_mode": "bus", "modes": ["bus"]}, "geometry": {"type": "Point", "coordinates": [5.42291921, 43.32499071]}}, {"type": "Feature", "properties": {"stop_id": "RTM-00004293", "stop_name": "Métro Gèze", "main_mode": "bus", "modes": ["bus"]}, "geometry": {"type": "Point", "coordinates": [5.36757583, 43.32876839]}}, {"type": "Feature", "properties": {"stop_id": "RTM-00004294", "stop_name": "Métro Gèze", "main_mode": "bus", "modes": ["bus"]}, "geometry": {"type": "Point", "coordinates": [5.36762863, 43.328522]}}, {"type": "Feature", "properties": {"stop_id": "RTM-00004295", "stop_name": "Métro Gèze", "main_mode": "bus", "modes": ["bus"]}, "geometry": {"type": "Point", "coordinates": [5.36788344, 43.32789763]}}, {"type": "Feature", "properties": {"stop_id": "RTM-00004296", "stop_name": "Métro Gèze", "main_mode": "bus", "modes": ["bus"]}, "geometry": {"type": "Point", "coordinates": [5.367306, 43.328728]}}, {"type": "Feature", "properties": {"stop_id": "RTM-00004297", "stop_name": "Métro Gèze", "main_mode": "bus", "modes": ["bus"]}, "geometry": {"type": "Point", "coordinates": [5.36742747, 43.32835713]}}, {"type": "Feature", "properties": {"stop_id": "RTM-00004298", "stop_name": "Métro Gèze", "main_mode": "bus", "modes": ["bus"]}, "geometry": {"type": "Point", "coordinates": [5.367509, 43.328043]}}, {"type": "Feature", "properties": {"stop_id": "RTM-00004299", "stop_name": "Métro Gèze", "main_mode": "bus", "modes": ["bus"]}, "geometry": {"type": "Point", "coordinates": [5.36744624, 43.32780008]}}, {"type": "Feature", "properties": {"stop_id": "RTM-00004300", "stop_name": "Métro Gèze", "main_mode": "bus", "modes": ["bus"]}, "geometry": {"type": "Point", "coordinates": [5.367394, 43.327996]}}, {"type": "Feature", "properties": {"stop_id": "RTM-00004736", "stop_name": "Métro Gèze", "main_mode": "bus", "modes": ["bus"]}, "geometry": {"type": "Point", "coordinates": [5.36770642, 43.32826835]}}, {"type": "Feature", "properties": {"stop_id": "RTM-00003386", "stop_name": "Métro Joliette", "main_mode": "bus", "modes": ["bus"]}, "geometry": {"type": "Point", "coordinates": [5.367757, 43.30399]}}, {"type": "Feature", "properties": {"stop_id": "RTM-00003850", "stop_name": "Métro Joliette", "main_mode": "bus", "modes": ["bus"]}, "geometry": {"type": "Point", "coordinates": [5.36766299, 43.30435404]}}, {"type": "Feature", "properties": {"stop_id": "RTM-00000420", "stop_name": "Métro Jules Guesde", "main_mode": "bus", "modes": ["bus"]}, "geometry": {"type": "Point", "coordinates": [5.37442506, 43.30206371]}}, {"type": "Feature", "properties": {"stop_id": "RTM-00000525", "stop_name": "Métro Jules Guesde", "main_mode": "bus", "modes": ["bus"]}, "geometry": {"type": "Point", "coordinates": [5.374318, 43.302051]}}, {"type": "Feature", "properties": {"stop_id": "RTM-00003835", "stop_name": "Métro Jules Guesde", "main_mode": "bus", "modes": ["bus"]}, "geometry": {"type": "Point", "coordinates": [5.37343162, 43.301563]}}, {"type": "Feature", "properties": {"stop_id": "RTM-00003840", "stop_name": "Métro Jules Guesde", "main_mode": "bus", "modes": ["bus"]}, "geometry": {"type": "Point", "coordinates": [5.372957, 43.301837]}}, {"type": "Feature", "properties": {"stop_id": "RTM-00000941", "stop_name": "Métro La Fourragère", "main_mode": "bus", "modes": ["bus"]}, "geometry": {"type": "Point", "coordinates": [5.42375654, 43.30418662]}}, {"type": "Feature", "properties": {"stop_id": "RTM-00003558", "stop_name": "Métro La Fourragère", "main_mode": "bus", "modes": ["bus"]}, "geometry": {"type": "Point", "coordinates": [5.42432168, 43.3038275]}}, {"type": "Feature", "properties": {"stop_id": "RTM-00003678", "stop_name": "Métro La Fourragère", "main_mode": "bus", "modes": ["bus"]}, "geometry": {"type": "Point", "coordinates": [5.425773, 43.30460131]}}, {"type": "Feature", "properties": {"stop_id": "RTM-00003679", "stop_name": "Métro La Fourragère", "main_mode": "bus", "modes": ["bus"]}, "geometry": {"type": "Point", "coordinates": [5.42511832, 43.30435635]}}, {"type": "Feature", "properties": {"stop_id": "RTM-00003682", "stop_name": "Métro La Fourragère", "main_mode": "bus", "modes": ["bus"]}, "geometry": {"type": "Point", "coordinates": [5.42416957, 43.30405863]}}, {"type": "Feature", "properties": {"stop_id": "RTM-00004474", "stop_name": "Métro La Fourragère", "main_mode": "bus", "modes": ["bus"]}, "geometry": {"type": "Point", "coordinates": [5.42446927, 43.30383436]}}, {"type": "Feature", "properties": {"stop_id": "RTM-00004632", "stop_name": "Métro La Fourragère", "main_mode": "bus", "modes": ["bus"]}, "geometry": {"type": "Point", "coordinates": [5.42458487, 43.30387031]}}, {"type": "Feature", "properties": {"stop_id": "RTM-00004646", "stop_name": "Métro La Fourragère", "main_mode": "bus", "modes": ["bus"]}, "geometry": {"type": "Point", "coordinates": [5.42387819, 43.30384615]}}, {"type": "Feature", "properties": {"stop_id": "RTM-00004694", "stop_name": "Métro La Fourragère", "main_mode": "bus", "modes": ["bus"]}, "geometry": {"type": "Point", "coordinates": [5.42451979, 43.30404434]}}, {"type": "Feature", "properties": {"stop_id": "RTM-00004719", "stop_name": "Métro La Fourragère", "main_mode": "bus", "modes": ["bus"]}, "geometry": {"type": "Point", "coordinates": [5.42510805, 43.30450997]}}, {"type": "Feature", "properties": {"stop_id": "RTM-00004721", "stop_name": "Métro La Fourragère", "main_mode": "bus", "modes": ["bus"]}, "geometry": {"type": "Point", "coordinates": [5.4241967, 43.30387006]}}, {"type": "Feature", "properties": {"stop_id": "RTM-00004722", "stop_name": "Métro La Fourragère", "main_mode": "bus", "modes": ["bus"]}, "geometry": {"type": "Point", "coordinates": [5.42577847, 43.30430054]}}, {"type": "Feature", "properties": {"stop_id": "RTM-00000570", "stop_name": "Métro La Rose", "main_mode": "bus", "modes": ["bus"]}, "geometry": {"type": "Point", "coordinates": [5.429709, 43.333084]}}, {"type": "Feature", "properties": {"stop_id": "RTM-00000596", "stop_name": "Métro La Rose", "main_mode": "bus", "modes": ["bus"]}, "geometry": {"type": "Point", "coordinates": [5.430115, 43.33349]}}, {"type": "Feature", "properties": {"stop_id": "RTM-00000597", "stop_name": "Métro La Rose", "main_mode": "bus", "modes": ["bus"]}, "geometry": {"type": "Point", "coordinates": [5.429625, 43.333451]}}, {"type": "Feature", "properties": {"stop_id": "RTM-00000615", "stop_name": "Métro La Rose", "main_mode": "bus", "modes": ["bus"]}, "geometry": {"type": "Point", "coordinates": [5.42976, 43.333208]}}, {"type": "Feature", "properties": {"stop_id": "RTM-00000728", "stop_name": "Métro La Rose", "main_mode": "bus", "modes": ["bus"]}, "geometry": {"type": "Point", "coordinates": [5.429419, 43.333591]}}, {"type": "Feature", "properties": {"stop_id": "RTM-00002186", "stop_name": "Métro La Rose", "main_mode": "bus", "modes": ["bus"]}, "geometry": {"type": "Point", "coordinates": [5.429453, 43.332995]}}, {"type": "Feature", "properties": {"stop_id": "RTM-00002188", "stop_name": "Métro La Rose", "main_mode": "bus", "modes": ["bus"]}, "geometry": {"type": "Point", "coordinates": [5.429563, 43.332863]}}, {"type": "Feature", "properties": {"stop_id": "RTM-00002480", "stop_name": "Métro La Rose", "main_mode": "bus", "modes": ["bus"]}, "geometry": {"type": "Point", "coordinates": [5.429997, 43.333403]}}, {"type": "Feature", "properties": {"stop_id": "RTM-00002582", "stop_name": "Métro La Rose", "main_mode": "bus", "modes": ["bus"]}, "geometry": {"type": "Point", "coordinates": [5.429672, 43.33322]}}, {"type": "Feature", "properties": {"stop_id": "RTM-00003930", "stop_name": "Métro La Rose", "main_mode": "bus", "modes": ["bus"]}, "geometry": {"type": "Point", "coordinates": [5.431117, 43.333691]}}, {"type": "Feature", "properties": {"stop_id": "RTM-00003935", "stop_name": "Métro La Rose", "main_mode": "bus", "modes": ["bus"]}, "geometry": {"type": "Point", "coordinates": [5.430734, 43.333544]}}, {"type": "Feature", "properties": {"stop_id": "RTM-00004044", "stop_name": "Métro La Rose", "main_mode": "bus", "modes": ["bus"]}, "geometry": {"type": "Point", "coordinates": [5.43100655, 43.33360641]}}, {"type": "Feature", "properties": {"stop_id": "RTM-00004053", "stop_name": "Métro La Rose", "main_mode": "bus", "modes": ["bus"]}, "geometry": {"type": "Point", "coordinates": [5.43083623, 43.33364348]}}, {"type": "Feature", "properties": {"stop_id": "RTM-00004653", "stop_name": "Métro La Rose", "main_mode": "bus", "modes": ["bus"]}, "geometry": {"type": "Point", "coordinates": [5.42992577, 43.33300274]}}, {"type": "Feature", "properties": {"stop_id": "RTM-00004701", "stop_name": "Métro La Rose", "main_mode": "bus", "modes": ["bus"]}, "geometry": {"type": "Point", "coordinates": [5.43011596, 43.33313751]}}, {"type": "Feature", "properties": {"stop_id": "RTM-00002442", "stop_name": "Métro La Timone", "main_mode": "bus", "modes": ["bus"]}, "geometry": {"type": "Point", "coordinates": [5.399794, 43.291005]}}, {"type": "Feature", "properties": {"stop_id": "RTM-00002443", "stop_name": "Métro La Timone", "main_mode": "bus", "modes": ["bus"]}, "geometry": {"type": "Point", "coordinates": [5.400166, 43.291018]}}, {"type": "Feature", "properties": {"stop_id": "RTM-00004420", "stop_name": "Métro La Timone", "main_mode": "bus", "modes": ["bus"]}, "geometry": {"type": "Point", "coordinates": [5.400229, 43.291165]}}, {"type": "Feature", "properties": {"stop_id": "RTM-00004421", "stop_name": "Métro La Timone", "main_mode": "bus", "modes": ["bus"]}, "geometry": {"type": "Point", "coordinates": [5.400478, 43.291538]}}, {"type": "Feature", "properties": {"stop_id": "RTM-00004422", "stop_name": "Métro La Timone", "main_mode": "bus", "modes": ["bus"]}, "geometry": {"type": "Point", "coordinates": [5.400728, 43.291773]}}, {"type": "Feature", "properties": {"stop_id": "RTM-00004423", "stop_name": "Métro La Timone", "main_mode": "bus", "modes": ["bus"]}, "geometry": {"type": "Point", "coordinates": [5.400162, 43.291696]}}, {"type": "Feature", "properties": {"stop_id": "RTM-00004424", "stop_name": "Métro La Timone", "main_mode": "bus", "modes": ["bus"]}, "geometry": {"type": "Point", "coordinates": [5.399972, 43.291445]}}, {"type": "Feature", "properties": {"stop_id": "RTM-00000947", "stop_name": "Métro Louis Armand", "main_mode": "bus", "modes": ["bus"]}, "geometry": {"type": "Point", "coordinates": [5.412998, 43.299987]}}, {"type": "Feature", "properties": {"stop_id": "RTM-00004576", "stop_name": "Métro Louis Armand", "main_mode": "bus", "modes": ["bus"]}, "geometry": {"type": "Point", "coordinates": [5.41305276, 43.29943239]}}, {"type": "Feature", "properties": {"stop_id": "RTM-00000349", "stop_name": "Métro Malpassé", "main_mode": "bus", "modes": ["bus"]}, "geometry": {"type": "Point", "coordinates": [5.41570723, 43.32055699]}}, {"type": "Feature", "properties": {"stop_id": "RTM-00001069", "stop_name": "Métro Malpassé", "main_mode": "bus", "modes": ["bus"]}, "geometry": {"type": "Point", "coordinates": [5.41568149, 43.3205264]}}, {"type": "Feature", "properties": {"stop_id": "RTM-00004038", "stop_name": "Métro Malpassé", "main_mode": "bus", "modes": ["bus"]}, "geometry": {"type": "Point", "coordinates": [5.41553, 43.320435]}}, {"type": "Feature", "properties": {"stop_id": "RTM-00004572", "stop_name": "Métro Malpassé", "main_mode": "bus", "modes": ["bus"]}, "geometry": {"type": "Point", "coordinates": [5.4156591, 43.32080678]}}, {"type": "Feature", "properties": {"stop_id": "RTM-00004575", "stop_name": "Métro Malpassé", "main_mode": "bus", "modes": ["bus"]}, "geometry": {"type": "Point", "coordinates": [5.41650525, 43.32051818]}}, {"type": "Feature", "properties": {"stop_id": "RTM-00000486", "stop_name": "Métro National", "main_mode": "bus", "modes": ["bus"]}, "geometry": {"type": "Point", "coordinates": [5.37321568, 43.31554955]}}, {"type": "Feature", "properties": {"stop_id": "RTM-00000561", "stop_name": "Métro National", "main_mode": "bus", "modes": ["bus"]}, "geometry": {"type": "Point", "coordinates": [5.373036, 43.315639]}}, {"type": "Feature", "properties": {"stop_id": "RTM-00001521", "stop_name": "Métro Notre Dame du Mont", "main_mode": "bus", "modes": ["bus"]}, "geometry": {"type": "Point", "coordinates": [5.384133, 43.292647]}}, {"type": "Feature", "properties": {"stop_id": "RTM-00003583", "stop_name": "Métro Notre Dame du Mont", "main_mode": "bus", "modes": ["bus"]}, "geometry": {"type": "Point", "coordinates": [5.384091, 43.29249]}}, {"type": "Feature", "properties": {"stop_id": "RTM-00004409", "stop_name": "Métro Notre Dame du Mont", "main_mode": "bus", "modes": ["bus"]}, "geometry": {"type": "Point", "coordinates": [5.38239782, 43.29334857]}}, {"type": "Feature", "properties": {"stop_id": "RTM-00004412", "stop_name": "Métro Notre Dame du Mont", "main_mode": "bus", "modes": ["bus"]}, "geometry": {"type": "Point", "coordinates": [5.38222759, 43.29356708]}}, {"type": "Feature", "properties": {"stop_id": "RTM-00004199", "stop_name": "Métro Périer", "main_mode": "bus", "modes": ["bus"]}, "geometry": {"type": "Point", "coordinates": [5.38709263, 43.2793349]}}, {"type": "Feature", "properties": {"stop_id": "RTM-00001083", "stop_name": "Métro Rond Point du Prado", "main_mode": "bus", "modes": ["bus"]}, "geometry": {"type": "Point", "coordinates": [5.38937867, 43.27137407]}}, {"type": "Feature", "properties": {"stop_id": "RTM-00001747", "stop_name": "Métro Rond Point du Prado", "main_mode": "bus", "modes": ["bus"]}, "geometry": {"type": "Point", "coordinates": [5.392239, 43.270537]}}, {"type": "Feature", "properties": {"stop_id": "RTM-00001791", "stop_name": "Métro Rond Point du Prado", "main_mode": "bus", "modes": ["bus"]}, "geometry": {"type": "Point", "coordinates": [5.39225936, 43.27110847]}}, {"type": "Feature", "properties": {"stop_id": "RTM-00002115", "stop_name": "Métro Rond Point du Prado", "main_mode": "bus", "modes": ["bus"]}, "geometry": {"type": "Point", "coordinates": [5.390144, 43.271911]}}, {"type": "Feature", "properties": {"stop_id": "RTM-00002808", "stop_name": "Métro Rond Point du Prado", "main_mode": "bus", "modes": ["bus"]}, "geometry": {"type": "Point", "coordinates": [5.390784, 43.272004]}}, {"type": "Feature", "properties": {"stop_id": "RTM-00003585", "stop_name": "Métro Rond Point du Prado", "main_mode": "bus", "modes": ["bus"]}, "geometry": {"type": "Point", "coordinates": [5.392619, 43.270788]}}, {"type": "Feature", "properties": {"stop_id": "RTM-00003718", "stop_name": "Métro Rond Point du Prado", "main_mode": "bus", "modes": ["bus"]}, "geometry": {"type": "Point", "coordinates": [5.390509, 43.272123]}}, {"type": "Feature", "properties": {"stop_id": "RTM-00004097", "stop_name": "Métro Rond Point du Prado", "main_mode": "bus", "modes": ["bus"]}, "geometry": {"type": "Point", "coordinates": [5.391953, 43.273012]}}, {"type": "Feature", "properties": {"stop_id": "RTM-00004098", "stop_name": "Métro Rond Point du Prado", "main_mode": "bus", "modes": ["bus"]}, "geometry": {"type": "Point", "coordinates": [5.392301, 43.273048]}}, {"type": "Feature", "properties": {"stop_id": "RTM-00004110", "stop_name": "Métro Rond Point du Prado", "main_mode": "bus", "modes": ["bus"]}, "geometry": {"type": "Point", "coordinates": [5.392437, 43.271104]}}, {"type": "Feature", "properties": {"stop_id": "RTM-00004112", "stop_name": "Métro Rond Point du Prado", "main_mode": "bus", "modes": ["bus"]}, "geometry": {"type": "Point", "coordinates": [5.391944, 43.271977]}}, {"type": "Feature", "properties": {"stop_id": "RTM-00004114", "stop_name": "Métro Rond Point du Prado", "main_mode": "bus", "modes": ["bus"]}, "geometry": {"type": "Point", "coordinates": [5.392112, 43.271687]}}, {"type": "Feature", "properties": {"stop_id": "RTM-00004116", "stop_name": "Métro Rond Point du Prado", "main_mode": "bus", "modes": ["bus"]}, "geometry": {"type": "Point", "coordinates": [5.392275, 43.271451]}}, {"type": "Feature", "properties": {"stop_id": "RTM-00000972", "stop_name": "Métro St Barnabé", "main_mode": "bus", "modes": ["bus"]}, "geometry": {"type": "Point", "coordinates": [5.4193908, 43.3037981]}}, {"type": "Feature", "properties": {"stop_id": "RTM-00003762", "stop_name": "Métro St Barnabé", "main_mode": "bus", "modes": ["bus"]}, "geometry": {"type": "Point", "coordinates": [5.419413, 43.303716]}}, {"type": "Feature", "properties": {"stop_id": "RTM-00001118", "stop_name": "Métro St Just", "main_mode": "bus", "modes": ["bus"]}, "geometry": {"type": "Point", "coordinates": [5.405349, 43.31621]}}, {"type": "Feature", "properties": {"stop_id": "RTM-00001144", "stop_name": "Métro St Just", "main_mode": "bus", "modes": ["bus"]}, "geometry": {"type": "Point", "coordinates": [5.405335, 43.316378]}}, {"type": "Feature", "properties": {"stop_id": "RTM-00004573", "stop_name": "Métro St Just", "main_mode": "bus", "modes": ["bus"]}, "geometry": {"type": "Point", "coordinates": [5.40727146, 43.31567727]}}, {"type": "Feature", "properties": {"stop_id": "RTM-00004574", "stop_name": "Métro St Just", "main_mode": "bus", "modes": ["bus"]}, "geometry": {"type": "Point", "coordinates": [5.40756629, 43.31590774]}}, {"type": "Feature", "properties": {"stop_id": "RTM-00002305", "stop_name": "National", "main_mode": "metro", "modes": ["metro"]}, "geometry": {"type": "Point", "coordinates": [5.372969, 43.3151235]}}, {"type": "Feature", "properties": {"stop_id": "RTM-00002317", "stop_name": "National", "main_mode": "metro", "modes": ["metro"]}, "geometry": {"type": "Point", "coordinates": [5.37307901, 43.3151245]}}, {"type": "Feature", "properties": {"stop_id": "RTM-00003220", "stop_name": "National", "main_mode": "tram", "modes": ["tram"]}, "geometry": {"type": "Point", "coordinates": [5.388689, 43.301506]}}, {"type": "Feature", "properties": {"stop_id": "RTM-00003269", "stop_name": "National", "main_mode": "tram", "modes": ["tram"]}, "geometry": {"type": "Point", "coordinates": [5.388536, 43.301586]}}, {"type": "Feature", "properties": {"stop_id": "RTM-00000224", "stop_name": "National Belle de Mai", "main_mode": "bus", "modes": ["bus"]}, "geometry": {"type": "Point", "coordinates": [5.381879, 43.307545]}}, {"type": "Feature", "properties": {"stop_id": "RTM-00004587", "stop_name": "National Belle de Mai", "main_mode": "bus", "modes": ["bus"]}, "geometry": {"type": "Point", "coordinates": [5.38136368, 43.30824724]}}, {"type": "Feature", "properties": {"stop_id": "RTM-00000207", "stop_name": "National Guibal", "main_mode": "bus", "modes": ["bus"]}, "geometry": {"type": "Point", "coordinates": [5.38429856, 43.30535385]}}, {"type": "Feature", "properties": {"stop_id": "RTM-00000225", "stop_name": "National Guibal", "main_mode": "bus", "modes": ["bus"]}, "geometry": {"type": "Point", "coordinates": [5.384125, 43.305373]}}, {"type": "Feature", "properties": {"stop_id": "RTM-00004246", "stop_name": "National Jullien", "main_mode": "bus", "modes": ["bus"]}, "geometry": {"type": "Point", "coordinates": [5.37428224, 43.31384597]}}, {"type": "Feature", "properties": {"stop_id": "RTM-00004247", "stop_name": "National Jullien", "main_mode": "bus", "modes": ["bus"]}, "geometry": {"type": "Point", "coordinates": [5.374633, 43.313481]}}, {"type": "Feature", "properties": {"stop_id": "RTM-00000223", "stop_name": "National Loubon", "main_mode": "bus", "modes": ["bus"]}, "geometry": {"type": "Point", "coordinates": [5.378737, 43.310525]}}, {"type": "Feature", "properties": {"stop_id": "RTM-00000426", "stop_name": "National Loubon", "main_mode": "bus", "modes": ["bus"]}, "geometry": {"type": "Point", "coordinates": [5.378529, 43.310816]}}, {"type": "Feature", "properties": {"stop_id": "RTM-00000377", "stop_name": "National Pyat", "main_mode": "bus", "modes": ["bus"]}, "geometry": {"type": "Point", "coordinates": [5.37653807, 43.31219635]}}, {"type": "Feature", "properties": {"stop_id": "RTM-00000528", "stop_name": "National Pyat", "main_mode": "bus", "modes": ["bus"]}, "geometry": {"type": "Point", "coordinates": [5.376235, 43.312495]}}, {"type": "Feature", "properties": {"stop_id": "RTM-00003059", "stop_name": "Nicolas Appert", "main_mode": "bus", "modes": ["bus"]}, "geometry": {"type": "Point", "coordinates": [5.418121, 43.339584]}}, {"type": "Feature", "properties": {"stop_id": "RTM-00003061", "stop_name": "Nicolas Appert", "main_mode": "bus", "modes": ["bus"]}, "geometry": {"type": "Point", "coordinates": [5.41845, 43.339263]}}, {"type": "Feature", "properties": {"stop_id": "RTM-00002310", "stop_name": "Noailles", "main_mode": "metro", "modes": ["metro"]}, "geometry": {"type": "Point", "coordinates": [5.381212, 43.2967805]}}, {"type": "Feature", "properties": {"stop_id": "RTM-00002322", "stop_name": "Noailles", "main_mode": "metro", "modes": ["metro"]}, "geometry": {"type": "Point", "coordinates": [5.381277, 43.2967735]}}, {"type": "Feature", "properties": {"stop_id": "RTM-00003311", "stop_name": "Noailles", "main_mode": "bus", "modes": ["bus"]}, "geometry": {"type": "Point", "coordinates": [5.380914, 43.298076]}}, {"type": "Feature", "properties": {"stop_id": "RTM-00003373", "stop_name": "Noailles", "main_mode": "bus", "modes": ["bus"]}, "geometry": {"type": "Point", "coordinates": [5.382307, 43.297998]}}, {"type": "Feature", "properties": {"stop_id": "RTM-00003459", "stop_name": "Noailles", "main_mode": "tram", "modes": ["tram"]}, "geometry": {"type": "Point", "coordinates": [5.381109, 43.297158]}}, {"type": "Feature", "properties": {"stop_id": "RTM-00004571", "stop_name": "Noailles", "main_mode": "bus", "modes": ["bus"]}, "geometry": {"type": "Point", "coordinates": [5.38110085, 43.29814054]}}, {"type": "Feature", "properties": {"stop_id": "RTM-00000763", "stop_name": "Norma Compostelle", "main_mode": "bus", "modes": ["bus"]}, "geometry": {"type": "Point", "coordinates": [5.431365, 43.318491]}}, {"type": "Feature", "properties": {"stop_id": "RTM-00000789", "stop_name": "Norma Compostelle", "main_mode": "bus", "modes": ["bus"]}, "geometry": {"type": "Point", "coordinates": [5.431271, 43.318442]}}, {"type": "Feature", "properties": {"stop_id": "RTM-00000762", "stop_name": "Norma Peyrard", "main_mode": "bus", "modes": ["bus"]}, "geometry": {"type": "Point", "coordinates": [5.430809, 43.316772]}}, {"type": "Feature", "properties": {"stop_id": "RTM-00003015", "stop_name": "Notre Dame", "main_mode": "bus", "modes": ["bus"]}, "geometry": {"type": "Point", "coordinates": [5.360868, 43.388772]}}, {"type": "Feature", "properties": {"stop_id": "RTM-00003016", "stop_name": "Notre Dame", "main_mode": "bus", "modes": ["bus"]}, "geometry": {"type": "Point", "coordinates": [5.361204, 43.388858]}}, {"type": "Feature", "properties": {"stop_id": "RTM-00000671", "stop_name": "Notre Dame de la Consolation", "main_mode": "bus", "modes": ["bus"]}, "geometry": {"type": "Point", "coordinates": [5.42075515, 43.33950973]}}, {"type": "Feature", "properties": {"stop_id": "RTM-00000711", "stop_name": "Notre Dame de la Consolation", "main_mode": "bus", "modes": ["bus"]}, "geometry": {"type": "Point", "coordinates": [5.420256, 43.339276]}}, {"type": "Feature", "properties": {"stop_id": "RTM-00004366", "stop_name": "Notre Dame de la Consolation", "main_mode": "bus", "modes": ["bus"]}, "geometry": {"type": "Point", "coordinates": [5.420016, 43.339885]}}, {"type": "Feature", "properties": {"stop_id": "RTM-00001467", "stop_name": "Notre Dame de la Garde", "main_mode": "bus", "modes": ["bus"]}, "geometry": {"type": "Point", "coordinates": [5.371708, 43.284373]}}, {"type": "Feature", "properties": {"stop_id": "RTM-00001457", "stop_name": "Notre Dame Dragon", "main_mode": "bus", "modes": ["bus"]}, "geometry": {"type": "Point", "coordinates": [5.373891, 43.287149]}}, {"type": "Feature", "properties": {"stop_id": "RTM-00002956", "stop_name": "Notre Dame Limite", "main_mode": "bus", "modes": ["bus"]}, "geometry": {"type": "Point", "coordinates": [5.359179, 43.387026]}}, {"type": "Feature", "properties": {"stop_id": "RTM-00002957", "stop_name": "Notre Dame Limite", "main_mode": "bus", "modes": ["bus"]}, "geometry": {"type": "Point", "coordinates": [5.35929018, 43.38698426]}}, {"type": "Feature", "properties": {"stop_id": "RTM-00003983", "stop_name": "Notre Dame Limite", "main_mode": "bus", "modes": ["bus"]}, "geometry": {"type": "Point", "coordinates": [5.358732, 43.384472]}}, {"type": "Feature", "properties": {"stop_id": "RTM-00004009", "stop_name": "Notre Dame Limite", "main_mode": "bus", "modes": ["bus"]}, "geometry": {"type": "Point", "coordinates": [5.359001, 43.38481]}}, {"type": "Feature", "properties": {"stop_id": "RTM-00002311", "stop_name": "Notre-Dame du Mont", "main_mode": "metro", "modes": ["metro"]}, "geometry": {"type": "Point", "coordinates": [5.3836365, 43.292812]}}, {"type": "Feature", "properties": {"stop_id": "RTM-00002323", "stop_name": "Notre-Dame du Mont", "main_mode": "metro", "modes": ["metro"]}, "geometry": {"type": "Point", "coordinates": [5.3836905, 43.2928265]}}, {"type": "Feature", "properties": {"stop_id": "RTM-00000115", "stop_name": "Nungesser", "main_mode": "bus", "modes": ["bus"]}, "geometry": {"type": "Point", "coordinates": [5.386852, 43.340789]}}, {"type": "Feature", "properties": {"stop_id": "RTM-00000131", "stop_name": "Nungesser", "main_mode": "bus", "modes": ["bus"]}, "geometry": {"type": "Point", "coordinates": [5.386703, 43.340548]}}, {"type": "Feature", "properties": {"stop_id": "RTM-00000380", "stop_name": "Nédelec Guesde", "main_mode": "bus", "modes": ["bus"]}, "geometry": {"type": "Point", "coordinates": [5.37650943, 43.30225421]}}, {"type": "Feature", "properties": {"stop_id": "RTM-00000421", "stop_name": "Nédelec Guesde", "main_mode": "bus", "modes": ["bus"]}, "geometry": {"type": "Point", "coordinates": [5.37728727, 43.30246112]}}, {"type": "Feature", "properties": {"stop_id": "RTM-00000379", "stop_name": "Nédelec St Charles", "main_mode": "bus", "modes": ["bus"]}, "geometry": {"type": "Point", "coordinates": [5.37851572, 43.30311697]}}, {"type": "Feature", "properties": {"stop_id": "RTM-00004067", "stop_name": "Néel", "main_mode": "bus", "modes": ["bus"]}, "geometry": {"type": "Point", "coordinates": [5.439519, 43.343732]}}, {"type": "Feature", "properties": {"stop_id": "RTM-00004079", "stop_name": "Néel", "main_mode": "bus", "modes": ["bus"]}, "geometry": {"type": "Point", "coordinates": [5.43937, 43.34402]}}, {"type": "Feature", "properties": {"stop_id": "RTM-00001838", "stop_name": "Négresko", "main_mode": "bus", "modes": ["bus"]}, "geometry": {"type": "Point", "coordinates": [5.389798, 43.269559]}}, {"type": "Feature", "properties": {"stop_id": "RTM-00002855", "stop_name": "Négresko", "main_mode": "bus", "modes": ["bus"]}, "geometry": {"type": "Point", "coordinates": [5.390632, 43.269656]}}, {"type": "Feature", "properties": {"stop_id": "RTM-00001757", "stop_name": "Obélisque", "main_mode": "bus", "modes": ["bus"]}, "geometry": {"type": "Point", "coordinates": [5.403314, 43.251085]}}, {"type": "Feature", "properties": {"stop_id": "RTM-00001782", "stop_name": "Obélisque", "main_mode": "bus", "modes": ["bus"]}, "geometry": {"type": "Point", "coordinates": [5.403307, 43.25154]}}, {"type": "Feature", "properties": {"stop_id": "RTM-00001851", "stop_name": "Océan Pistou", "main_mode": "bus", "modes": ["bus"]}, "geometry": {"type": "Point", "coordinates": [5.401024, 43.240593]}}, {"type": "Feature", "properties": {"stop_id": "RTM-00001872", "stop_name": "Océan Pistou", "main_mode": "bus", "modes": ["bus"]}, "geometry": {"type": "Point", "coordinates": [5.402174, 43.240736]}}, {"type": "Feature", "properties": {"stop_id": "RTM-00001852", "stop_name": "Océan Réattu", "main_mode": "bus", "modes": ["bus"]}, "geometry": {"type": "Point", "coordinates": [5.398705, 43.241519]}}, {"type": "Feature", "properties": {"stop_id": "RTM-00001871", "stop_name": "Océan Réattu", "main_mode": "bus", "modes": ["bus"]}, "geometry": {"type": "Point", "coordinates": [5.399047, 43.241198]}}, {"type": "Feature", "properties": {"stop_id": "RTM-00001470", "stop_name": "Oratoire Gazzino", "main_mode": "bus", "modes": ["bus"]}, "geometry": {"type": "Point", "coordinates": [5.370334, 43.288107]}}, {"type": "Feature", "properties": {"stop_id": "RTM-00002097", "stop_name": "Oriol Corniche", "main_mode": "bus", "modes": ["bus"]}, "geometry": {"type": "Point", "coordinates": [5.36026, 43.275464]}}, {"type": "Feature", "properties": {"stop_id": "RTM-00003712", "stop_name": "Palais Omnisports", "main_mode": "bus", "modes": ["bus"]}, "geometry": {"type": "Point", "coordinates": [5.401836, 43.281291]}}, {"type": "Feature", "properties": {"stop_id": "RTM-00003713", "stop_name": "Palais Omnisports", "main_mode": "bus", "modes": ["bus"]}, "geometry": {"type": "Point", "coordinates": [5.402203, 43.281463]}}, {"type": "Feature", "properties": {"stop_id": "RTM-00000682", "stop_name": "Palama Camoins", "main_mode": "bus", "modes": ["bus"]}, "geometry": {"type": "Point", "coordinates": [5.439371, 43.35473]}}, {"type": "Feature", "properties": {"stop_id": "RTM-00000700", "stop_name": "Palama Camoins", "main_mode": "bus", "modes": ["bus"]}, "geometry": {"type": "Point", "coordinates": [5.439247, 43.354908]}}, {"type": "Feature", "properties": {"stop_id": "RTM-00000684", "stop_name": "Palama Carrousel", "main_mode": "bus", "modes": ["bus"]}, "geometry": {"type": "Point", "coordinates": [5.441413, 43.358735]}}, {"type": "Feature", "properties": {"stop_id": "RTM-00000698", "stop_name": "Palama Carrousel", "main_mode": "bus", "modes": ["bus"]}, "geometry": {"type": "Point", "coordinates": [5.441036, 43.358447]}}, {"type": "Feature", "properties": {"stop_id": "RTM-00000680", "stop_name": "Palama Château Gombert", "main_mode": "bus", "modes": ["bus"]}, "geometry": {"type": "Point", "coordinates": [5.437743, 43.352248]}}, {"type": "Feature", "properties": {"stop_id": "RTM-00000718", "stop_name": "Palama Château Gombert", "main_mode": "bus", "modes": ["bus"]}, "geometry": {"type": "Point", "coordinates": [5.437648, 43.352383]}}, {"type": "Feature", "properties": {"stop_id": "RTM-00000685", "stop_name": "Palama Ecuyers", "main_mode": "bus", "modes": ["bus"]}, "geometry": {"type": "Point", "coordinates": [5.441956, 43.359432]}}, {"type": "Feature", "properties": {"stop_id": "RTM-00000697", "stop_name": "Palama Ecuyers", "main_mode": "bus", "modes": ["bus"]}, "geometry": {"type": "Point", "coordinates": [5.442118, 43.359703]}}, {"type": "Feature", "properties": {"stop_id": "RTM-00000683", "stop_name": "Palama Fumade", "main_mode": "bus", "modes": ["bus"]}, "geometry": {"type": "Point", "coordinates": [5.440005, 43.356708]}}, {"type": "Feature", "properties": {"stop_id": "RTM-00000699", "stop_name": "Palama Fumade", "main_mode": "bus", "modes": ["bus"]}, "geometry": {"type": "Point", "coordinates": [5.44022, 43.357243]}}, {"type": "Feature", "properties": {"stop_id": "RTM-00001140", "stop_name": "Paradis D'Urville", "main_mode": "bus", "modes": ["bus"]}, "geometry": {"type": "Point", "coordinates": [5.385762, 43.27202]}}, {"type": "Feature", "properties": {"stop_id": "RTM-00001132", "stop_name": "Paradis Dragon", "main_mode": "bus", "modes": ["bus"]}, "geometry": {"type": "Point", "coordinates": [5.379081, 43.287853]}}, {"type": "Feature", "properties": {"stop_id": "RTM-00001134", "stop_name": "Paradis Fiolle", "main_mode": "bus", "modes": ["bus"]}, "geometry": {"type": "Point", "coordinates": [5.380631, 43.284205]}}, {"type": "Feature", "properties": {"stop_id": "RTM-00001086", "stop_name": "Paradis Lord Duveen", "main_mode": "bus", "modes": ["bus"]}, "geometry": {"type": "Point", "coordinates": [5.38439, 43.275667]}}, {"type": "Feature", "properties": {"stop_id": "RTM-00001138", "stop_name": "Paradis Lord Duveen", "main_mode": "bus", "modes": ["bus"]}, "geometry": {"type": "Point", "coordinates": [5.384432, 43.2752]}}, {"type": "Feature", "properties": {"stop_id": "RTM-00001085", "stop_name": "Paradis Mistral", "main_mode": "bus", "modes": ["bus"]}, "geometry": {"type": "Point", "coordinates": [5.385541, 43.272914]}}, {"type": "Feature", "properties": {"stop_id": "RTM-00001139", "stop_name": "Paradis Mistral", "main_mode": "bus", "modes": ["bus"]}, "geometry": {"type": "Point", "coordinates": [5.385239, 43.273312]}}, {"type": "Feature", "properties": {"stop_id": "RTM-00001133", "stop_name": "Paradis Ste Victoire", "main_mode": "bus", "modes": ["bus"]}, "geometry": {"type": "Point", "coordinates": [5.379445, 43.286655]}}, {"type": "Feature", "properties": {"stop_id": "RTM-00001087", "stop_name": "Paradis Wulfran Puget", "main_mode": "bus", "modes": ["bus"]}, "geometry": {"type": "Point", "coordinates": [5.38354, 43.277724]}}, {"type": "Feature", "properties": {"stop_id": "RTM-00001137", "stop_name": "Paradis Wulfran Puget", "main_mode": "bus", "modes": ["bus"]}, "geometry": {"type": "Point", "coordinates": [5.38373, 43.276815]}}, {"type": "Feature", "properties": {"stop_id": "RTM-00001939", "stop_name": "Parangon Neptune", "main_mode": "bus", "modes": ["bus"]}, "geometry": {"type": "Point", "coordinates": [5.380128, 43.245262]}}, {"type": "Feature", "properties": {"stop_id": "RTM-00001945", "stop_name": "Parangon Neptune", "main_mode": "bus", "modes": ["bus"]}, "geometry": {"type": "Point", "coordinates": [5.380262, 43.245211]}}, {"type": "Feature", "properties": {"stop_id": "RTM-00004205", "stop_name": "Parc Bagatelle", "main_mode": "bus", "modes": ["bus"]}, "geometry": {"type": "Point", "coordinates": [5.38151982, 43.26949405]}}, {"type": "Feature", "properties": {"stop_id": "RTM-00000153", "stop_name": "Parc Blanchard", "main_mode": "bus", "modes": ["bus"]}, "geometry": {"type": "Point", "coordinates": [5.365854, 43.34373]}}, {"type": "Feature", "properties": {"stop_id": "RTM-00000183", "stop_name": "Parc Blanchard", "main_mode": "bus", "modes": ["bus"]}, "geometry": {"type": "Point", "coordinates": [5.365591, 43.343291]}}, {"type": "Feature", "properties": {"stop_id": "RTM-00001703", "stop_name": "Parc Borély", "main_mode": "bus", "modes": ["bus"]}, "geometry": {"type": "Point", "coordinates": [5.377813, 43.263961]}}, {"type": "Feature", "properties": {"stop_id": "RTM-00001733", "stop_name": "Parc Borély", "main_mode": "bus", "modes": ["bus"]}, "geometry": {"type": "Point", "coordinates": [5.378095, 43.263909]}}, {"type": "Feature", "properties": {"stop_id": "RTM-00001146", "stop_name": "Parc Corot", "main_mode": "bus", "modes": ["bus"]}, "geometry": {"type": "Point", "coordinates": [5.404732, 43.323962]}}, {"type": "Feature", "properties": {"stop_id": "RTM-00001155", "stop_name": "Parc Corot", "main_mode": "bus", "modes": ["bus"]}, "geometry": {"type": "Point", "coordinates": [5.404909, 43.323829]}}, {"type": "Feature", "properties": {"stop_id": "RTM-00001686", "stop_name": "Parc des Bruyères", "main_mode": "bus", "modes": ["bus"]}, "geometry": {"type": "Point", "coordinates": [5.439013, 43.274717]}}, {"type": "Feature", "properties": {"stop_id": "RTM-00002127", "stop_name": "Parc des Bruyères", "main_mode": "bus", "modes": ["bus"]}, "geometry": {"type": "Point", "coordinates": [5.440221, 43.274914]}}, {"type": "Feature", "properties": {"stop_id": "RTM-00000410", "stop_name": "Parc du 26ème Centenaire", "main_mode": "bus", "modes": ["bus"]}, "geometry": {"type": "Point", "coordinates": [5.389446, 43.283145]}}, {"type": "Feature", "properties": {"stop_id": "RTM-00002521", "stop_name": "Parc du 26ème Centenaire", "main_mode": "bus", "modes": ["bus"]}, "geometry": {"type": "Point", "coordinates": [5.39062233, 43.282889]}}, {"type": "Feature", "properties": {"stop_id": "RTM-00004520", "stop_name": "Parc du 26ème Centenaire", "main_mode": "bus", "modes": ["bus"]}, "geometry": {"type": "Point", "coordinates": [5.39074659, 43.28215344]}}, {"type": "Feature", "properties": {"stop_id": "RTM-00004156", "stop_name": "Parc du Bocage", "main_mode": "bus", "modes": ["bus"]}, "geometry": {"type": "Point", "coordinates": [5.463542, 43.34379]}}, {"type": "Feature", "properties": {"stop_id": "RTM-00004157", "stop_name": "Parc du Bocage", "main_mode": "bus", "modes": ["bus"]}, "geometry": {"type": "Point", "coordinates": [5.46317573, 43.34378472]}}, {"type": "Feature", "properties": {"stop_id": "RTM-00004677", "stop_name": "Parc du Bocage", "main_mode": "bus", "modes": ["bus"]}, "geometry": {"type": "Point", "coordinates": [5.46473584, 43.34516337]}}, {"type": "Feature", "properties": {"stop_id": "RTM-00004683", "stop_name": "Parc du Bocage", "main_mode": "bus", "modes": ["bus"]}, "geometry": {"type": "Point", "coordinates": [5.46431896, 43.34482163]}}, {"type": "Feature", "properties": {"stop_id": "RTM-00001644", "stop_name": "Parc Fleuri", "main_mode": "bus", "modes": ["bus"]}, "geometry": {"type": "Point", "coordinates": [5.412268, 43.268113]}}, {"type": "Feature", "properties": {"stop_id": "RTM-00001664", "stop_name": "Parc Fleuri", "main_mode": "bus", "modes": ["bus"]}, "geometry": {"type": "Point", "coordinates": [5.411737, 43.267999]}}, {"type": "Feature", "properties": {"stop_id": "RTM-00003985", "stop_name": "Parc Kallisté", "main_mode": "bus", "modes": ["bus"]}, "geometry": {"type": "Point", "coordinates": [5.364794, 43.384484]}}, {"type": "Feature", "properties": {"stop_id": "RTM-00004007", "stop_name": "Parc Kallisté", "main_mode": "bus", "modes": ["bus"]}, "geometry": {"type": "Point", "coordinates": [5.364883, 43.38464]}}, {"type": "Feature", "properties": {"stop_id": "RTM-00004208", "stop_name": "Parc Monticelli", "main_mode": "bus", "modes": ["bus"]}, "geometry": {"type": "Point", "coordinates": [5.38270345, 43.2744543]}}, {"type": "Feature", "properties": {"stop_id": "RTM-00001712", "stop_name": "Parc Pastré", "main_mode": "bus", "modes": ["bus"]}, "geometry": {"type": "Point", "coordinates": [5.36611, 43.240217]}}, {"type": "Feature", "properties": {"stop_id": "RTM-00001724", "stop_name": "Parc Pastré", "main_mode": "bus", "modes": ["bus"]}, "geometry": {"type": "Point", "coordinates": [5.367282, 43.240313]}}, {"type": "Feature", "properties": {"stop_id": "RTM-00001279", "stop_name": "Parc Saint-Cyr", "main_mode": "bus", "modes": ["bus"]}, "geometry": {"type": "Point", "coordinates": [5.44277994, 43.28167332]}}, {"type": "Feature", "properties": {"stop_id": "RTM-00001301", "stop_name": "Parc Saint-Cyr", "main_mode": "bus", "modes": ["bus"]}, "geometry": {"type": "Point", "coordinates": [5.442578, 43.281691]}}, {"type": "Feature", "properties": {"stop_id": "RTM-00003968", "stop_name": "Parc St Louis", "main_mode": "bus", "modes": ["bus"]}, "geometry": {"type": "Point", "coordinates": [5.35962, 43.343639]}}, {"type": "Feature", "properties": {"stop_id": "RTM-00004024", "stop_name": "Parc St Louis", "main_mode": "bus", "modes": ["bus"]}, "geometry": {"type": "Point", "coordinates": [5.359526, 43.343487]}}, {"type": "Feature", "properties": {"stop_id": "RTM-00001953", "stop_name": "Parc Sévigné", "main_mode": "bus", "modes": ["bus"]}, "geometry": {"type": "Point", "coordinates": [5.403749, 43.261587]}}, {"type": "Feature", "properties": {"stop_id": "RTM-00001994", "stop_name": "Parc Sévigné", "main_mode": "bus", "modes": ["bus"]}, "geometry": {"type": "Point", "coordinates": [5.404714, 43.261778]}}, {"type": "Feature", "properties": {"stop_id": "RTM-00002621", "stop_name": "Parc Sévigné", "main_mode": "bus", "modes": ["bus"]}, "geometry": {"type": "Point", "coordinates": [5.40524393, 43.26159287]}}, {"type": "Feature", "properties": {"stop_id": "RTM-00003034", "stop_name": "Parc Sévigné", "main_mode": "bus", "modes": ["bus"]}, "geometry": {"type": "Point", "coordinates": [5.40374, 43.261238]}}, {"type": "Feature", "properties": {"stop_id": "RTM-00002062", "stop_name": "Parc Valmer", "main_mode": "bus", "modes": ["bus"]}, "geometry": {"type": "Point", "coordinates": [5.35492046, 43.27811986]}}, {"type": "Feature", "properties": {"stop_id": "RTM-00002079", "stop_name": "Parc Valmer", "main_mode": "bus", "modes": ["bus"]}, "geometry": {"type": "Point", "coordinates": [5.354374, 43.278884]}}, {"type": "Feature", "properties": {"stop_id": "RTM-00001563", "stop_name": "Pardigon", "main_mode": "bus", "modes": ["bus"]}, "geometry": {"type": "Point", "coordinates": [5.396157, 43.311604]}}, {"type": "Feature", "properties": {"stop_id": "RTM-00001573", "stop_name": "Pardigon", "main_mode": "bus", "modes": ["bus"]}, "geometry": {"type": "Point", "coordinates": [5.39601189, 43.31170787]}}, {"type": "Feature", "properties": {"stop_id": "RTM-00004626", "stop_name": "Pardigon Barbier", "main_mode": "bus", "modes": ["bus"]}, "geometry": {"type": "Point", "coordinates": [5.39507186, 43.31120827]}}, {"type": "Feature", "properties": {"stop_id": "RTM-00004628", "stop_name": "Pardigon Barbier", "main_mode": "bus", "modes": ["bus"]}, "geometry": {"type": "Point", "coordinates": [5.39451915, 43.31156139]}}, {"type": "Feature", "properties": {"stop_id": "RTM-00002603", "stop_name": "Paris Clary", "main_mode": "bus", "modes": ["bus"]}, "geometry": {"type": "Point", "coordinates": [5.370665, 43.309019]}}, {"type": "Feature", "properties": {"stop_id": "RTM-00000524", "stop_name": "Paris Forbin", "main_mode": "bus", "modes": ["bus"]}, "geometry": {"type": "Point", "coordinates": [5.372554, 43.305596]}}, {"type": "Feature", "properties": {"stop_id": "RTM-00003768", "stop_name": "Paris Mirès", "main_mode": "bus", "modes": ["bus"]}, "geometry": {"type": "Point", "coordinates": [5.369658, 43.310683]}}, {"type": "Feature", "properties": {"stop_id": "RTM-00002156", "stop_name": "Pasteur Monette", "main_mode": "bus", "modes": ["bus"]}, "geometry": {"type": "Point", "coordinates": [5.46658267, 43.35852432]}}, {"type": "Feature", "properties": {"stop_id": "RTM-00002158", "stop_name": "Pasteur Monette", "main_mode": "bus", "modes": ["bus"]}, "geometry": {"type": "Point", "coordinates": [5.46639948, 43.35717855]}}, {"type": "Feature", "properties": {"stop_id": "RTM-00000997", "stop_name": "Paul Gaffarel", "main_mode": "bus", "modes": ["bus"]}, "geometry": {"type": "Point", "coordinates": [5.35811484, 43.34902093]}}, {"type": "Feature", "properties": {"stop_id": "RTM-00004389", "stop_name": "Paul Gaffarel", "main_mode": "bus", "modes": ["bus"]}, "geometry": {"type": "Point", "coordinates": [5.356832, 43.348581]}}, {"type": "Feature", "properties": {"stop_id": "RTM-00004173", "stop_name": "Paul Sirvent", "main_mode": "bus", "modes": ["bus"]}, "geometry": {"type": "Point", "coordinates": [5.46820606, 43.34314826]}}, {"type": "Feature", "properties": {"stop_id": "RTM-00004176", "stop_name": "Paul Sirvent", "main_mode": "bus", "modes": ["bus"]}, "geometry": {"type": "Point", "coordinates": [5.46737481, 43.34344304]}}, {"type": "Feature", "properties": {"stop_id": "RTM-00001565", "stop_name": "Paulette", "main_mode": "bus", "modes": ["bus"]}, "geometry": {"type": "Point", "coordinates": [5.398279, 43.315406]}}, {"type": "Feature", "properties": {"stop_id": "RTM-00001571", "stop_name": "Paulette", "main_mode": "bus", "modes": ["bus"]}, "geometry": {"type": "Point", "coordinates": [5.39747, 43.314596]}}, {"type": "Feature", "properties": {"stop_id": "RTM-00000631", "stop_name": "Peintres Roux Jardinerie", "main_mode": "bus", "modes": ["bus"]}, "geometry": {"type": "Point", "coordinates": [5.469436, 43.306248]}}, {"type": "Feature", "properties": {"stop_id": "RTM-00000648", "stop_name": "Peintres Roux Jardinerie", "main_mode": "bus", "modes": ["bus"]}, "geometry": {"type": "Point", "coordinates": [5.469362, 43.306556]}}, {"type": "Feature", "properties": {"stop_id": "RTM-00000647", "stop_name": "Peintres Roux La Serviane", "main_mode": "bus", "modes": ["bus"]}, "geometry": {"type": "Point", "coordinates": [5.473975, 43.303107]}}, {"type": "Feature", "properties": {"stop_id": "RTM-00002501", "stop_name": "Peintres Roux La Serviane", "main_mode": "bus", "modes": ["bus"]}, "geometry": {"type": "Point", "coordinates": [5.473175, 43.303401]}}, {"type": "Feature", "properties": {"stop_id": "RTM-00002502", "stop_name": "Peintres Roux La Valentine", "main_mode": "bus", "modes": ["bus"]}, "geometry": {"type": "Point", "coordinates": [5.480994, 43.295694]}}, {"type": "Feature", "properties": {"stop_id": "RTM-00002503", "stop_name": "Peintres Roux La Valentine", "main_mode": "bus", "modes": ["bus"]}, "geometry": {"type": "Point", "coordinates": [5.481318, 43.295733]}}, {"type": "Feature", "properties": {"stop_id": "RTM-00002706", "stop_name": "Peintres Roux Montre", "main_mode": "bus", "modes": ["bus"]}, "geometry": {"type": "Point", "coordinates": [5.478644, 43.298462]}}, {"type": "Feature", "properties": {"stop_id": "RTM-00002779", "stop_name": "Peintres Roux Montre", "main_mode": "bus", "modes": ["bus"]}, "geometry": {"type": "Point", "coordinates": [5.47846, 43.298979]}}, {"type": "Feature", "properties": {"stop_id": "RTM-00000481", "stop_name": "Pelletan Marceau", "main_mode": "bus", "modes": ["bus"]}, "geometry": {"type": "Point", "coordinates": [5.373315, 43.304615]}}, {"type": "Feature", "properties": {"stop_id": "RTM-00000483", "stop_name": "Pelletan St Lazare", "main_mode": "bus", "modes": ["bus"]}, "geometry": {"type": "Point", "coordinates": [5.37426283, 43.30860989]}}, {"type": "Feature", "properties": {"stop_id": "RTM-00000211", "stop_name": "Perrin Guigou", "main_mode": "bus", "modes": ["bus"]}, "geometry": {"type": "Point", "coordinates": [5.389043, 43.315061]}}, {"type": "Feature", "properties": {"stop_id": "RTM-00001403", "stop_name": "Petit Chantier", "main_mode": "bus", "modes": ["bus"]}, "geometry": {"type": "Point", "coordinates": [5.368679, 43.290128]}}, {"type": "Feature", "properties": {"stop_id": "RTM-00001413", "stop_name": "Petit Chantier", "main_mode": "bus", "modes": ["bus"]}, "geometry": {"type": "Point", "coordinates": [5.369248, 43.290413]}}, {"type": "Feature", "properties": {"stop_id": "RTM-00001173", "stop_name": "Petit St Marcel", "main_mode": "bus", "modes": ["bus"]}, "geometry": {"type": "Point", "coordinates": [5.465638, 43.289385]}}, {"type": "Feature", "properties": {"stop_id": "RTM-00001198", "stop_name": "Petit St Marcel", "main_mode": "bus", "modes": ["bus"]}, "geometry": {"type": "Point", "coordinates": [5.466028, 43.289372]}}, {"type": "Feature", "properties": {"stop_id": "RTM-00000769", "stop_name": "Petit Séminaire", "main_mode": "bus", "modes": ["bus"]}, "geometry": {"type": "Point", "coordinates": [5.440797, 43.320755]}}, {"type": "Feature", "properties": {"stop_id": "RTM-00000783", "stop_name": "Petit Séminaire", "main_mode": "bus", "modes": ["bus"]}, "geometry": {"type": "Point", "coordinates": [5.440735, 43.320848]}}, {"type": "Feature", "properties": {"stop_id": "RTM-00003204", "stop_name": "Pharo Catalans", "main_mode": "bus", "modes": ["bus"]}, "geometry": {"type": "Point", "coordinates": [5.356286, 43.291877]}}, {"type": "Feature", "properties": {"stop_id": "RTM-00003816", "stop_name": "Pharo Catalans", "main_mode": "bus", "modes": ["bus"]}, "geometry": {"type": "Point", "coordinates": [5.35586883, 43.2915737]}}, {"type": "Feature", "properties": {"stop_id": "RTM-00003573", "stop_name": "Pichou Galinette", "main_mode": "bus", "modes": ["bus"]}, "geometry": {"type": "Point", "coordinates": [5.310347, 43.364511]}}, {"type": "Feature", "properties": {"stop_id": "RTM-00003561", "stop_name": "Pichou Luzzatti", "main_mode": "bus", "modes": ["bus"]}, "geometry": {"type": "Point", "coordinates": [5.311616, 43.364678]}}, {"type": "Feature", "properties": {"stop_id": "RTM-00003562", "stop_name": "Pichou Miramare", "main_mode": "bus", "modes": ["bus"]}, "geometry": {"type": "Point", "coordinates": [5.312399, 43.36651]}}, {"type": "Feature", "properties": {"stop_id": "RTM-00003563", "stop_name": "Pichou Villa Bellevue", "main_mode": "bus", "modes": ["bus"]}, "geometry": {"type": "Point", "coordinates": [5.31173661, 43.3677105]}}, {"type": "Feature", "properties": {"stop_id": "RTM-00004711", "stop_name": "Picon", "main_mode": "bus", "modes": ["bus"]}, "geometry": {"type": "Point", "coordinates": [5.38972225, 43.33026134]}}, {"type": "Feature", "properties": {"stop_id": "RTM-00004730", "stop_name": "Picon", "main_mode": "bus", "modes": ["bus"]}, "geometry": {"type": "Point", "coordinates": [5.38944647, 43.33036165]}}, {"type": "Feature", "properties": {"stop_id": "RTM-00003048", "stop_name": "Pinède Rougière", "main_mode": "bus", "modes": ["bus"]}, "geometry": {"type": "Point", "coordinates": [5.375328, 43.390642]}}, {"type": "Feature", "properties": {"stop_id": "RTM-00003050", "stop_name": "Pinède Rougière", "main_mode": "bus", "modes": ["bus"]}, "geometry": {"type": "Point", "coordinates": [5.375851, 43.390469]}}, {"type": "Feature", "properties": {"stop_id": "RTM-00000503", "stop_name": "Piscine Municipale", "main_mode": "bus", "modes": ["bus"]}, "geometry": {"type": "Point", "coordinates": [5.354576, 43.344809]}}, {"type": "Feature", "properties": {"stop_id": "RTM-00000505", "stop_name": "Piscine Municipale", "main_mode": "bus", "modes": ["bus"]}, "geometry": {"type": "Point", "coordinates": [5.353983, 43.344225]}}, {"type": "Feature", "properties": {"stop_id": "RTM-00002070", "stop_name": "Place Amiral Muselier", "main_mode": "bus", "modes": ["bus"]}, "geometry": {"type": "Point", "coordinates": [5.373559, 43.264148]}}, {"type": "Feature", "properties": {"stop_id": "RTM-00002071", "stop_name": "Place Amiral Muselier", "main_mode": "bus", "modes": ["bus"]}, "geometry": {"type": "Point", "coordinates": [5.373622, 43.264523]}}, {"type": "Feature", "properties": {"stop_id": "RTM-00001441", "stop_name": "Place aux Huiles", "main_mode": "bus", "modes": ["bus"]}, "geometry": {"type": "Point", "coordinates": [5.371556, 43.293432]}}, {"type": "Feature", "properties": {"stop_id": "RTM-00002053", "stop_name": "Place aux Huiles", "main_mode": "bus", "modes": ["bus"]}, "geometry": {"type": "Point", "coordinates": [5.3707695, 43.29328231]}}, {"type": "Feature", "properties": {"stop_id": "RTM-00004241", "stop_name": "Place aux Huiles", "main_mode": "ferry", "modes": ["ferry"]}, "geometry": {"type": "Point", "coordinates": [5.37109137, 43.29345996]}}, {"type": "Feature", "properties": {"stop_id": "RTM-00002986", "stop_name": "Place Barbusse", "main_mode": "bus", "modes": ["bus"]}, "geometry": {"type": "Point", "coordinates": [5.363109, 43.407022]}}, {"type": "Feature", "properties": {"stop_id": "RTM-00003002", "stop_name": "Place Barbusse", "main_mode": "bus", "modes": ["bus"]}, "geometry": {"type": "Point", "coordinates": [5.364597, 43.40734]}}, {"type": "Feature", "properties": {"stop_id": "RTM-00003809", "stop_name": "Place Bargemon", "main_mode": "bus", "modes": ["bus"]}, "geometry": {"type": "Point", "coordinates": [5.369921, 43.297749]}}, {"type": "Feature", "properties": {"stop_id": "RTM-00003829", "stop_name": "Place Bargemon", "main_mode": "bus", "modes": ["bus"]}, "geometry": {"type": "Point", "coordinates": [5.370515, 43.297679]}}, {"type": "Feature", "properties": {"stop_id": "RTM-00001919", "stop_name": "Place Bonnefon", "main_mode": "bus", "modes": ["bus"]}, "geometry": {"type": "Point", "coordinates": [5.381996, 43.253425]}}, {"type": "Feature", "properties": {"stop_id": "RTM-00001931", "stop_name": "Place Bonnefon", "main_mode": "bus", "modes": ["bus"]}, "geometry": {"type": "Point", "coordinates": [5.382162, 43.25394]}}, {"type": "Feature", "properties": {"stop_id": "RTM-00004222", "stop_name": "Place Bonnefon", "main_mode": "bus", "modes": ["bus"]}, "geometry": {"type": "Point", "coordinates": [5.382802, 43.254116]}}, {"type": "Feature", "properties": {"stop_id": "RTM-00000100", "stop_name": "Place Bougainville", "main_mode": "bus", "modes": ["bus"]}, "geometry": {"type": "Point", "coordinates": [5.369112, 43.319313]}}, {"type": "Feature", "properties": {"stop_id": "RTM-00000518", "stop_name": "Place Bougainville", "main_mode": "bus", "modes": ["bus"]}, "geometry": {"type": "Point", "coordinates": [5.36880076, 43.31953056]}}, {"type": "Feature", "properties": {"stop_id": "RTM-00000746", "stop_name": "Place Brossolette", "main_mode": "bus", "modes": ["bus"]}, "geometry": {"type": "Point", "coordinates": [5.400977, 43.305995]}}, {"type": "Feature", "properties": {"stop_id": "RTM-00000804", "stop_name": "Place Brossolette", "main_mode": "bus", "modes": ["bus"]}, "geometry": {"type": "Point", "coordinates": [5.400664, 43.306256]}}, {"type": "Feature", "properties": {"stop_id": "RTM-00001100", "stop_name": "Place Brossolette", "main_mode": "bus", "modes": ["bus"]}, "geometry": {"type": "Point", "coordinates": [5.399972, 43.307292]}}, {"type": "Feature", "properties": {"stop_id": "RTM-00001126", "stop_name": "Place Brossolette", "main_mode": "bus", "modes": ["bus"]}, "geometry": {"type": "Point", "coordinates": [5.399764, 43.307298]}}, {"type": "Feature", "properties": {"stop_id": "RTM-00003127", "stop_name": "Place Brossolette", "main_mode": "bus", "modes": ["bus"]}, "geometry": {"type": "Point", "coordinates": [5.400221, 43.306962]}}, {"type": "Feature", "properties": {"stop_id": "RTM-00002013", "stop_name": "Place Burel", "main_mode": "bus", "modes": ["bus"]}, "geometry": {"type": "Point", "coordinates": [5.389299, 43.314768]}}, {"type": "Feature", "properties": {"stop_id": "RTM-00002042", "stop_name": "Place Burel", "main_mode": "bus", "modes": ["bus"]}, "geometry": {"type": "Point", "coordinates": [5.389394, 43.315015]}}, {"type": "Feature", "properties": {"stop_id": "RTM-00003533", "stop_name": "Place Cadenat", "main_mode": "bus", "modes": ["bus"]}, "geometry": {"type": "Point", "coordinates": [5.387376, 43.31185]}}, {"type": "Feature", "properties": {"stop_id": "RTM-00004630", "stop_name": "Place Cadenat", "main_mode": "bus", "modes": ["bus"]}, "geometry": {"type": "Point", "coordinates": [5.3878189, 43.31190569]}}, {"type": "Feature", "properties": {"stop_id": "RTM-00000220", "stop_name": "Place Caffo", "main_mode": "bus", "modes": ["bus"]}, "geometry": {"type": "Point", "coordinates": [5.384606, 43.312868]}}, {"type": "Feature", "properties": {"stop_id": "RTM-00001021", "stop_name": "Place Caffo", "main_mode": "bus", "modes": ["bus"]}, "geometry": {"type": "Point", "coordinates": [5.384855, 43.312836]}}, {"type": "Feature", "properties": {"stop_id": "RTM-00000519", "stop_name": "Place Cazemajou", "main_mode": "bus", "modes": ["bus"]}, "geometry": {"type": "Point", "coordinates": [5.366802, 43.318413]}}, {"type": "Feature", "properties": {"stop_id": "RTM-00002095", "stop_name": "Place Cazemajou", "main_mode": "bus", "modes": ["bus"]}, "geometry": {"type": "Point", "coordinates": [5.368028, 43.318535]}}, {"type": "Feature", "properties": {"stop_id": "RTM-00001469", "stop_name": "Place Colonel Edon", "main_mode": "bus", "modes": ["bus"]}, "geometry": {"type": "Point", "coordinates": [5.370189, 43.286302]}}, {"type": "Feature", "properties": {"stop_id": "RTM-00000875", "stop_name": "Place de Bois Luzy", "main_mode": "bus", "modes": ["bus"]}, "geometry": {"type": "Point", "coordinates": [5.419769, 43.309875]}}, {"type": "Feature", "properties": {"stop_id": "RTM-00000903", "stop_name": "Place de Bois Luzy", "main_mode": "bus", "modes": ["bus"]}, "geometry": {"type": "Point", "coordinates": [5.419695, 43.309966]}}, {"type": "Feature", "properties": {"stop_id": "RTM-00001412", "stop_name": "Place de la Corderie", "main_mode": "bus", "modes": ["bus"]}, "geometry": {"type": "Point", "coordinates": [5.372497, 43.290382]}}, {"type": "Feature", "properties": {"stop_id": "RTM-00001440", "stop_name": "Place de la Corderie", "main_mode": "bus", "modes": ["bus"]}, "geometry": {"type": "Point", "coordinates": [5.371355, 43.290611]}}, {"type": "Feature", "properties": {"stop_id": "RTM-00000439", "stop_name": "Place de Lenche", "main_mode": "bus", "modes": ["bus"]}, "geometry": {"type": "Point", "coordinates": [5.365309, 43.297329]}}, {"type": "Feature", "properties": {"stop_id": "RTM-00003831", "stop_name": "Place de Lenche", "main_mode": "bus", "modes": ["bus"]}, "geometry": {"type": "Point", "coordinates": [5.366211, 43.29644]}}, {"type": "Feature", "properties": {"stop_id": "RTM-00002023", "stop_name": "Place de Pologne", "main_mode": "bus", "modes": ["bus"]}, "geometry": {"type": "Point", "coordinates": [5.39836358, 43.2840052]}}, {"type": "Feature", "properties": {"stop_id": "RTM-00004122", "stop_name": "Place de Rome", "main_mode": "tram", "modes": ["tram"]}, "geometry": {"type": "Point", "coordinates": [5.380621, 43.291433]}}, {"type": "Feature", "properties": {"stop_id": "RTM-00004131", "stop_name": "Place de Rome", "main_mode": "tram", "modes": ["tram"]}, "geometry": {"type": "Point", "coordinates": [5.380716, 43.291407]}}, {"type": "Feature", "properties": {"stop_id": "RTM-00001072", "stop_name": "Place de St Mitre", "main_mode": "bus", "modes": ["bus"]}, "geometry": {"type": "Point", "coordinates": [5.417332, 43.343708]}}, {"type": "Feature", "properties": {"stop_id": "RTM-00001081", "stop_name": "Place de St Mitre", "main_mode": "bus", "modes": ["bus"]}, "geometry": {"type": "Point", "coordinates": [5.41766981, 43.34339025]}}, {"type": "Feature", "properties": {"stop_id": "RTM-00000460", "stop_name": "Place de Strasbourg", "main_mode": "bus", "modes": ["bus"]}, "geometry": {"type": "Point", "coordinates": [5.3741169, 43.30640785]}}, {"type": "Feature", "properties": {"stop_id": "RTM-00000482", "stop_name": "Place de Strasbourg", "main_mode": "bus", "modes": ["bus"]}, "geometry": {"type": "Point", "coordinates": [5.37349999, 43.30622828]}}, {"type": "Feature", "properties": {"stop_id": "RTM-00001088", "stop_name": "Place Delibes", "main_mode": "bus", "modes": ["bus"]}, "geometry": {"type": "Point", "coordinates": [5.383433, 43.279135]}}, {"type": "Feature", "properties": {"stop_id": "RTM-00001136", "stop_name": "Place Delibes", "main_mode": "bus", "modes": ["bus"]}, "geometry": {"type": "Point", "coordinates": [5.38294, 43.278712]}}, {"type": "Feature", "properties": {"stop_id": "RTM-00001496", "stop_name": "Place Delibes", "main_mode": "bus", "modes": ["bus"]}, "geometry": {"type": "Point", "coordinates": [5.383266, 43.279224]}}, {"type": "Feature", "properties": {"stop_id": "RTM-00004530", "stop_name": "Place des Aubagnens", "main_mode": "bus", "modes": ["bus"]}, "geometry": {"type": "Point", "coordinates": [5.47431146, 43.32924968]}}, {"type": "Feature", "properties": {"stop_id": "RTM-00004535", "stop_name": "Place des Aubagnens", "main_mode": "bus", "modes": ["bus"]}, "geometry": {"type": "Point", "coordinates": [5.47429841, 43.32933875]}}, {"type": "Feature", "properties": {"stop_id": "RTM-00000104", "stop_name": "Place des Etats Unis", "main_mode": "bus", "modes": ["bus"]}, "geometry": {"type": "Point", "coordinates": [5.375311, 43.326318]}}, {"type": "Feature", "properties": {"stop_id": "RTM-00000142", "stop_name": "Place des Etats Unis", "main_mode": "bus", "modes": ["bus"]}, "geometry": {"type": "Point", "coordinates": [5.37563, 43.326358]}}, {"type": "Feature", "properties": {"stop_id": "RTM-00000375", "stop_name": "Place des Etats Unis", "main_mode": "bus", "modes": ["bus"]}, "geometry": {"type": "Point", "coordinates": [5.374818, 43.326934]}}, {"type": "Feature", "properties": {"stop_id": "RTM-00000717", "stop_name": "Place des Héros", "main_mode": "bus", "modes": ["bus"]}, "geometry": {"type": "Point", "coordinates": [5.439234, 43.351801]}}, {"type": "Feature", "properties": {"stop_id": "RTM-00000727", "stop_name": "Place des Héros", "main_mode": "bus", "modes": ["bus"]}, "geometry": {"type": "Point", "coordinates": [5.439481, 43.35187]}}, {"type": "Feature", "properties": {"stop_id": "RTM-00001400", "stop_name": "Place du 4 Septembre", "main_mode": "bus", "modes": ["bus"]}, "geometry": {"type": "Point", "coordinates": [5.359206, 43.288581]}}, {"type": "Feature", "properties": {"stop_id": "RTM-00001416", "stop_name": "Place du 4 Septembre", "main_mode": "bus", "modes": ["bus"]}, "geometry": {"type": "Point", "coordinates": [5.359958, 43.288867]}}, {"type": "Feature", "properties": {"stop_id": "RTM-00003745", "stop_name": "Place du 4 Septembre", "main_mode": "bus", "modes": ["bus"]}, "geometry": {"type": "Point", "coordinates": [5.3594, 43.289081]}}, {"type": "Feature", "properties": {"stop_id": "RTM-00003746", "stop_name": "Place du 4 Septembre", "main_mode": "bus", "modes": ["bus"]}, "geometry": {"type": "Point", "coordinates": [5.359493, 43.28923]}}, {"type": "Feature", "properties": {"stop_id": "RTM-00004186", "stop_name": "Place du 4 Septembre", "main_mode": "bus", "modes": ["bus"]}, "geometry": {"type": "Point", "coordinates": [5.35968393, 43.28796902]}}, {"type": "Feature", "properties": {"stop_id": "RTM-00002029", "stop_name": "Place Ferrié", "main_mode": "bus", "modes": ["bus"]}, "geometry": {"type": "Point", "coordinates": [5.39872789, 43.27710471]}}, {"type": "Feature", "properties": {"stop_id": "RTM-00004094", "stop_name": "Place Ferrié", "main_mode": "bus", "modes": ["bus"]}, "geometry": {"type": "Point", "coordinates": [5.39851529, 43.2771735]}}, {"type": "Feature", "properties": {"stop_id": "RTM-00001520", "stop_name": "Place Jean Jaurès", "main_mode": "bus", "modes": ["bus"]}, "geometry": {"type": "Point", "coordinates": [5.38587947, 43.2945707]}}, {"type": "Feature", "properties": {"stop_id": "RTM-00001533", "stop_name": "Place Jean Jaurès", "main_mode": "bus", "modes": ["bus"]}, "geometry": {"type": "Point", "coordinates": [5.386024, 43.294746]}}, {"type": "Feature", "properties": {"stop_id": "RTM-00002490", "stop_name": "Place Joseph Etienne", "main_mode": "bus", "modes": ["bus"]}, "geometry": {"type": "Point", "coordinates": [5.36675543, 43.28924692]}}, {"type": "Feature", "properties": {"stop_id": "RTM-00000432", "stop_name": "Place Leverrier", "main_mode": "bus", "modes": ["bus"]}, "geometry": {"type": "Point", "coordinates": [5.393038, 43.306389]}}, {"type": "Feature", "properties": {"stop_id": "RTM-00000473", "stop_name": "Place Leverrier", "main_mode": "bus", "modes": ["bus"]}, "geometry": {"type": "Point", "coordinates": [5.393145, 43.306436]}}, {"type": "Feature", "properties": {"stop_id": "RTM-00001543", "stop_name": "Place Saint-Eugène", "main_mode": "bus", "modes": ["bus"]}, "geometry": {"type": "Point", "coordinates": [5.358321, 43.284395]}}, {"type": "Feature", "properties": {"stop_id": "RTM-00001549", "stop_name": "Place Saint-Eugène", "main_mode": "bus", "modes": ["bus"]}, "geometry": {"type": "Point", "coordinates": [5.357492, 43.283956]}}, {"type": "Feature", "properties": {"stop_id": "RTM-00001552", "stop_name": "Place Sébastopol", "main_mode": "bus", "modes": ["bus"]}, "geometry": {"type": "Point", "coordinates": [5.39717052, 43.29902311]}}, {"type": "Feature", "properties": {"stop_id": "RTM-00003365", "stop_name": "Place Sébastopol", "main_mode": "bus", "modes": ["bus"]}, "geometry": {"type": "Point", "coordinates": [5.397816, 43.299052]}}, {"type": "Feature", "properties": {"stop_id": "RTM-00003862", "stop_name": "Place Sébastopol", "main_mode": "bus", "modes": ["bus"]}, "geometry": {"type": "Point", "coordinates": [5.397826, 43.299721]}}, {"type": "Feature", "properties": {"stop_id": "RTM-00001584", "stop_name": "Place Valentin Pignol", "main_mode": "bus", "modes": ["bus"]}, "geometry": {"type": "Point", "coordinates": [5.404504, 43.285949]}}, {"type": "Feature", "properties": {"stop_id": "RTM-00001616", "stop_name": "Place Valentin Pignol", "main_mode": "bus", "modes": ["bus"]}, "geometry": {"type": "Point", "coordinates": [5.404109, 43.286009]}}, {"type": "Feature", "properties": {"stop_id": "RTM-00001448", "stop_name": "Place Valère Bernard", "main_mode": "bus", "modes": ["bus"]}, "geometry": {"type": "Point", "coordinates": [5.37547, 43.28387]}}, {"type": "Feature", "properties": {"stop_id": "RTM-00001456", "stop_name": "Place Valère Bernard", "main_mode": "bus", "modes": ["bus"]}, "geometry": {"type": "Point", "coordinates": [5.375085, 43.284284]}}, {"type": "Feature", "properties": {"stop_id": "RTM-00001705", "stop_name": "Plage de l'Huveaune", "main_mode": "bus", "modes": ["bus"]}, "geometry": {"type": "Point", "coordinates": [5.375334, 43.2599]}}, {"type": "Feature", "properties": {"stop_id": "RTM-00004568", "stop_name": "Plage de l'Huveaune", "main_mode": "bus", "modes": ["bus"]}, "geometry": {"type": "Point", "coordinates": [5.37559593, 43.26003726]}}, {"type": "Feature", "properties": {"stop_id": "RTM-00001704", "stop_name": "Plage du Prado", "main_mode": "bus", "modes": ["bus"]}, "geometry": {"type": "Point", "coordinates": [5.375565, 43.262548]}}, {"type": "Feature", "properties": {"stop_id": "RTM-00001732", "stop_name": "Plage du Prado", "main_mode": "bus", "modes": ["bus"]}, "geometry": {"type": "Point", "coordinates": [5.375683, 43.262338]}}, {"type": "Feature", "properties": {"stop_id": "RTM-00002066", "stop_name": "Plage du Prophète", "main_mode": "bus", "modes": ["bus"]}, "geometry": {"type": "Point", "coordinates": [5.362642, 43.272549]}}, {"type": "Feature", "properties": {"stop_id": "RTM-00002075", "stop_name": "Plage du Prophète", "main_mode": "bus", "modes": ["bus"]}, "geometry": {"type": "Point", "coordinates": [5.36286, 43.27253032]}}, {"type": "Feature", "properties": {"stop_id": "RTM-00002227", "stop_name": "Plages de Corbières", "main_mode": "bus", "modes": ["bus"]}, "geometry": {"type": "Point", "coordinates": [5.287573, 43.358158]}}, {"type": "Feature", "properties": {"stop_id": "RTM-00003883", "stop_name": "Plan d'Aou", "main_mode": "bus", "modes": ["bus"]}, "geometry": {"type": "Point", "coordinates": [5.35348, 43.368528]}}, {"type": "Feature", "properties": {"stop_id": "RTM-00004179", "stop_name": "Plan d'Aou", "main_mode": "bus", "modes": ["bus"]}, "geometry": {"type": "Point", "coordinates": [5.35347313, 43.36830819]}}, {"type": "Feature", "properties": {"stop_id": "RTM-00002152", "stop_name": "Plan de Cuques Eglise", "main_mode": "bus", "modes": ["bus"]}, "geometry": {"type": "Point", "coordinates": [5.464679, 43.348008]}}, {"type": "Feature", "properties": {"stop_id": "RTM-00002199", "stop_name": "Plan de Cuques Eglise", "main_mode": "bus", "modes": ["bus"]}, "geometry": {"type": "Point", "coordinates": [5.46387, 43.347627]}}, {"type": "Feature", "properties": {"stop_id": "RTM-00002151", "stop_name": "Plan de Cuques Mairie", "main_mode": "bus", "modes": ["bus"]}, "geometry": {"type": "Point", "coordinates": [5.46140971, 43.34548064]}}, {"type": "Feature", "properties": {"stop_id": "RTM-00002200", "stop_name": "Plan de Cuques Mairie", "main_mode": "bus", "modes": ["bus"]}, "geometry": {"type": "Point", "coordinates": [5.461065, 43.345318]}}, {"type": "Feature", "properties": {"stop_id": "RTM-00002159", "stop_name": "Plan-de-Cuques Montade", "main_mode": "bus", "modes": ["bus"]}, "geometry": {"type": "Point", "coordinates": [5.46438583, 43.3602699]}}, {"type": "Feature", "properties": {"stop_id": "RTM-00004693", "stop_name": "Plan-de-Cuques Montade", "main_mode": "bus", "modes": ["bus"]}, "geometry": {"type": "Point", "coordinates": [5.4648453, 43.36004396]}}, {"type": "Feature", "properties": {"stop_id": "RTM-00001637", "stop_name": "Platanes Romain Rolland", "main_mode": "bus", "modes": ["bus"]}, "geometry": {"type": "Point", "coordinates": [5.408836, 43.272003]}}, {"type": "Feature", "properties": {"stop_id": "RTM-00004532", "stop_name": "Plateau des Aubagnens", "main_mode": "bus", "modes": ["bus"]}, "geometry": {"type": "Point", "coordinates": [5.48073765, 43.32799296]}}, {"type": "Feature", "properties": {"stop_id": "RTM-00004533", "stop_name": "Plateau des Aubagnens", "main_mode": "bus", "modes": ["bus"]}, "geometry": {"type": "Point", "coordinates": [5.48057521, 43.32823379]}}, {"type": "Feature", "properties": {"stop_id": "RTM-00000219", "stop_name": "Plombières Arnal", "main_mode": "bus", "modes": ["bus"]}, "geometry": {"type": "Point", "coordinates": [5.383806, 43.31581]}}, {"type": "Feature", "properties": {"stop_id": "RTM-00002012", "stop_name": "Plombières Arnal", "main_mode": "bus", "modes": ["bus"]}, "geometry": {"type": "Point", "coordinates": [5.384342, 43.315981]}}, {"type": "Feature", "properties": {"stop_id": "RTM-00002043", "stop_name": "Plombières Arnal", "main_mode": "bus", "modes": ["bus"]}, "geometry": {"type": "Point", "coordinates": [5.383655, 43.31637]}}, {"type": "Feature", "properties": {"stop_id": "RTM-00000531", "stop_name": "Plombières Battala", "main_mode": "bus", "modes": ["bus"]}, "geometry": {"type": "Point", "coordinates": [5.379967, 43.318216]}}, {"type": "Feature", "properties": {"stop_id": "RTM-00002045", "stop_name": "Plombières Battala", "main_mode": "bus", "modes": ["bus"]}, "geometry": {"type": "Point", "coordinates": [5.3807, 43.317945]}}, {"type": "Feature", "properties": {"stop_id": "RTM-00002594", "stop_name": "Plombières Bon Secours", "main_mode": "bus", "modes": ["bus"]}, "geometry": {"type": "Point", "coordinates": [5.3859319, 43.31546772]}}, {"type": "Feature", "properties": {"stop_id": "RTM-00004515", "stop_name": "Plombières Bon Secours", "main_mode": "bus", "modes": ["bus"]}, "geometry": {"type": "Point", "coordinates": [5.38619897, 43.31555082]}}, {"type": "Feature", "properties": {"stop_id": "RTM-00000532", "stop_name": "Plombières Cubeddu", "main_mode": "bus", "modes": ["bus"]}, "geometry": {"type": "Point", "coordinates": [5.3820178, 43.31677936]}}, {"type": "Feature", "properties": {"stop_id": "RTM-00004516", "stop_name": "Plombières Cubeddu", "main_mode": "bus", "modes": ["bus"]}, "geometry": {"type": "Point", "coordinates": [5.38216766, 43.31691142]}}, {"type": "Feature", "properties": {"stop_id": "RTM-00000629", "stop_name": "Poilus Ecoles", "main_mode": "bus", "modes": ["bus"]}, "geometry": {"type": "Point", "coordinates": [5.462524, 43.31427]}}, {"type": "Feature", "properties": {"stop_id": "RTM-00000650", "stop_name": "Poilus Ecoles", "main_mode": "bus", "modes": ["bus"]}, "geometry": {"type": "Point", "coordinates": [5.462418, 43.314575]}}, {"type": "Feature", "properties": {"stop_id": "RTM-00000626", "stop_name": "Poilus Mistral", "main_mode": "bus", "modes": ["bus"]}, "geometry": {"type": "Point", "coordinates": [5.456997, 43.3226]}}, {"type": "Feature", "properties": {"stop_id": "RTM-00000653", "stop_name": "Poilus Mistral", "main_mode": "bus", "modes": ["bus"]}, "geometry": {"type": "Point", "coordinates": [5.457186, 43.322592]}}, {"type": "Feature", "properties": {"stop_id": "RTM-00000628", "stop_name": "Poilus Siphon", "main_mode": "bus", "modes": ["bus"]}, "geometry": {"type": "Point", "coordinates": [5.459725, 43.318245]}}, {"type": "Feature", "properties": {"stop_id": "RTM-00000651", "stop_name": "Poilus Siphon", "main_mode": "bus", "modes": ["bus"]}, "geometry": {"type": "Point", "coordinates": [5.459695, 43.318563]}}, {"type": "Feature", "properties": {"stop_id": "RTM-00001710", "stop_name": "Pointe Rouge", "main_mode": "bus", "modes": ["bus"]}, "geometry": {"type": "Point", "coordinates": [5.370064, 43.243717]}}, {"type": "Feature", "properties": {"stop_id": "RTM-00001726", "stop_name": "Pointe Rouge", "main_mode": "bus", "modes": ["bus"]}, "geometry": {"type": "Point", "coordinates": [5.371088, 43.24392]}}, {"type": "Feature", "properties": {"stop_id": "RTM-00001711", "stop_name": "Pointe Rouge Port", "main_mode": "bus", "modes": ["bus"]}, "geometry": {"type": "Point", "coordinates": [5.367598, 43.242337]}}, {"type": "Feature", "properties": {"stop_id": "RTM-00002785", "stop_name": "Pol Roux Rabelais", "main_mode": "bus", "modes": ["bus"]}, "geometry": {"type": "Point", "coordinates": [5.332882, 43.359625]}}, {"type": "Feature", "properties": {"stop_id": "RTM-00002792", "stop_name": "Pol Roux Rabelais", "main_mode": "bus", "modes": ["bus"]}, "geometry": {"type": "Point", "coordinates": [5.332753, 43.35962]}}, {"type": "Feature", "properties": {"stop_id": "RTM-00002982", "stop_name": "Polysport Grand Pavois", "main_mode": "bus", "modes": ["bus"]}, "geometry": {"type": "Point", "coordinates": [5.363936, 43.403711]}}, {"type": "Feature", "properties": {"stop_id": "RTM-00003006", "stop_name": "Polysport Grand Pavois", "main_mode": "bus", "modes": ["bus"]}, "geometry": {"type": "Point", "coordinates": [5.364135, 43.403758]}}, {"type": "Feature", "properties": {"stop_id": "RTM-00004675", "stop_name": "Pont de la Clue", "main_mode": "bus", "modes": ["bus"]}, "geometry": {"type": "Point", "coordinates": [5.50055457, 43.30952161]}}, {"type": "Feature", "properties": {"stop_id": "RTM-00004685", "stop_name": "Pont de la Clue", "main_mode": "bus", "modes": ["bus"]}, "geometry": {"type": "Point", "coordinates": [5.50038313, 43.30947461]}}, {"type": "Feature", "properties": {"stop_id": "RTM-00001272", "stop_name": "Pont de Vivaux", "main_mode": "bus", "modes": ["bus"]}, "geometry": {"type": "Point", "coordinates": [5.417828, 43.279579]}}, {"type": "Feature", "properties": {"stop_id": "RTM-00001308", "stop_name": "Pont de Vivaux", "main_mode": "bus", "modes": ["bus"]}, "geometry": {"type": "Point", "coordinates": [5.41809, 43.279773]}}, {"type": "Feature", "properties": {"stop_id": "RTM-00001590", "stop_name": "Pont de Vivaux", "main_mode": "bus", "modes": ["bus"]}, "geometry": {"type": "Point", "coordinates": [5.417, 43.279454]}}, {"type": "Feature", "properties": {"stop_id": "RTM-00001609", "stop_name": "Pont de Vivaux", "main_mode": "bus", "modes": ["bus"]}, "geometry": {"type": "Point", "coordinates": [5.417172, 43.27926]}}, {"type": "Feature", "properties": {"stop_id": "RTM-00001273", "stop_name": "Pont de Vivaux Frênes", "main_mode": "bus", "modes": ["bus"]}, "geometry": {"type": "Point", "coordinates": [5.42231686, 43.28098137]}}, {"type": "Feature", "properties": {"stop_id": "RTM-00001307", "stop_name": "Pont de Vivaux Frênes", "main_mode": "bus", "modes": ["bus"]}, "geometry": {"type": "Point", "coordinates": [5.422127, 43.281029]}}, {"type": "Feature", "properties": {"stop_id": "RTM-00001271", "stop_name": "Pont de Vivaux Hippodrome", "main_mode": "bus", "modes": ["bus"]}, "geometry": {"type": "Point", "coordinates": [5.415647, 43.279579]}}, {"type": "Feature", "properties": {"stop_id": "RTM-00001309", "stop_name": "Pont de Vivaux Hippodrome", "main_mode": "bus", "modes": ["bus"]}, "geometry": {"type": "Point", "coordinates": [5.415081, 43.279473]}}, {"type": "Feature", "properties": {"stop_id": "RTM-00004236", "stop_name": "Pont de Vivaux Sidolle", "main_mode": "bus", "modes": ["bus"]}, "geometry": {"type": "Point", "coordinates": [5.4241, 43.281547]}}, {"type": "Feature", "properties": {"stop_id": "RTM-00004237", "stop_name": "Pont de Vivaux Sidolle", "main_mode": "bus", "modes": ["bus"]}, "geometry": {"type": "Point", "coordinates": [5.4238, 43.281704]}}, {"type": "Feature", "properties": {"stop_id": "RTM-00004144", "stop_name": "Pont du Canal", "main_mode": "bus", "modes": ["bus"]}, "geometry": {"type": "Point", "coordinates": [5.372458, 43.371804]}}, {"type": "Feature", "properties": {"stop_id": "RTM-00004145", "stop_name": "Pont du Canal", "main_mode": "bus", "modes": ["bus"]}, "geometry": {"type": "Point", "coordinates": [5.372307, 43.371916]}}, {"type": "Feature", "properties": {"stop_id": "RTM-00004416", "stop_name": "Pontevès Paris", "main_mode": "bus", "modes": ["bus"]}, "geometry": {"type": "Point", "coordinates": [5.37081, 43.30714]}}, {"type": "Feature", "properties": {"stop_id": "RTM-00003138", "stop_name": "Pourrière Floralia", "main_mode": "bus", "modes": ["bus"]}, "geometry": {"type": "Point", "coordinates": [5.386877, 43.244765]}}, {"type": "Feature", "properties": {"stop_id": "RTM-00003139", "stop_name": "Pourrière Floralia", "main_mode": "bus", "modes": ["bus"]}, "geometry": {"type": "Point", "coordinates": [5.386993, 43.244941]}}, {"type": "Feature", "properties": {"stop_id": "RTM-00001697", "stop_name": "Prado Borde", "main_mode": "bus", "modes": ["bus"]}, "geometry": {"type": "Point", "coordinates": [5.388269, 43.277679]}}, {"type": "Feature", "properties": {"stop_id": "RTM-00001739", "stop_name": "Prado Borde", "main_mode": "bus", "modes": ["bus"]}, "geometry": {"type": "Point", "coordinates": [5.388154, 43.278338]}}, {"type": "Feature", "properties": {"stop_id": "RTM-00001090", "stop_name": "Prado Dupré", "main_mode": "bus", "modes": ["bus"]}, "geometry": {"type": "Point", "coordinates": [5.386241, 43.281722]}}, {"type": "Feature", "properties": {"stop_id": "RTM-00001494", "stop_name": "Prado Dupré", "main_mode": "bus", "modes": ["bus"]}, "geometry": {"type": "Point", "coordinates": [5.385625, 43.282397]}}, {"type": "Feature", "properties": {"stop_id": "RTM-00001698", "stop_name": "Prado Louvain", "main_mode": "bus", "modes": ["bus"]}, "geometry": {"type": "Point", "coordinates": [5.389258, 43.275929]}}, {"type": "Feature", "properties": {"stop_id": "RTM-00001738", "stop_name": "Prado Louvain", "main_mode": "bus", "modes": ["bus"]}, "geometry": {"type": "Point", "coordinates": [5.389122, 43.276624]}}, {"type": "Feature", "properties": {"stop_id": "RTM-00001696", "stop_name": "Prado Périer", "main_mode": "bus", "modes": ["bus"]}, "geometry": {"type": "Point", "coordinates": [5.387443, 43.279155]}}, {"type": "Feature", "properties": {"stop_id": "RTM-00001740", "stop_name": "Prado Périer", "main_mode": "bus", "modes": ["bus"]}, "geometry": {"type": "Point", "coordinates": [5.387591, 43.279336]}}, {"type": "Feature", "properties": {"stop_id": "RTM-00001699", "stop_name": "Prado Rodocanachi", "main_mode": "bus", "modes": ["bus"]}, "geometry": {"type": "Point", "coordinates": [5.390187, 43.27429]}}, {"type": "Feature", "properties": {"stop_id": "RTM-00001737", "stop_name": "Prado Rodocanachi", "main_mode": "bus", "modes": ["bus"]}, "geometry": {"type": "Point", "coordinates": [5.390119, 43.274862]}}, {"type": "Feature", "properties": {"stop_id": "RTM-00001701", "stop_name": "Prado Saint-Exupéry", "main_mode": "bus", "modes": ["bus"]}, "geometry": {"type": "Point", "coordinates": [5.384478, 43.268247]}}, {"type": "Feature", "properties": {"stop_id": "RTM-00001735", "stop_name": "Prado Saint-Exupéry", "main_mode": "bus", "modes": ["bus"]}, "geometry": {"type": "Point", "coordinates": [5.384584, 43.268075]}}, {"type": "Feature", "properties": {"stop_id": "RTM-00001142", "stop_name": "Prado Saint-Giniez", "main_mode": "bus", "modes": ["bus"]}, "geometry": {"type": "Point", "coordinates": [5.388502, 43.27062]}}, {"type": "Feature", "properties": {"stop_id": "RTM-00001700", "stop_name": "Prado Saint-Giniez", "main_mode": "bus", "modes": ["bus"]}, "geometry": {"type": "Point", "coordinates": [5.386545, 43.269543]}}, {"type": "Feature", "properties": {"stop_id": "RTM-00001702", "stop_name": "Prado Tunis", "main_mode": "bus", "modes": ["bus"]}, "geometry": {"type": "Point", "coordinates": [5.381248, 43.266167]}}, {"type": "Feature", "properties": {"stop_id": "RTM-00001734", "stop_name": "Prado Tunis", "main_mode": "bus", "modes": ["bus"]}, "geometry": {"type": "Point", "coordinates": [5.381871, 43.266336]}}, {"type": "Feature", "properties": {"stop_id": "RTM-00003591", "stop_name": "Provence Aubagnens", "main_mode": "bus", "modes": ["bus"]}, "geometry": {"type": "Point", "coordinates": [5.482876, 43.327547]}}, {"type": "Feature", "properties": {"stop_id": "RTM-00003599", "stop_name": "Provence Aubagnens", "main_mode": "bus", "modes": ["bus"]}, "geometry": {"type": "Point", "coordinates": [5.482505, 43.327478]}}, {"type": "Feature", "properties": {"stop_id": "RTM-00003590", "stop_name": "Provence Enco de Botte", "main_mode": "bus", "modes": ["bus"]}, "geometry": {"type": "Point", "coordinates": [5.47998302, 43.32362887]}}, {"type": "Feature", "properties": {"stop_id": "RTM-00003600", "stop_name": "Provence Enco de Botte", "main_mode": "bus", "modes": ["bus"]}, "geometry": {"type": "Point", "coordinates": [5.48082534, 43.3241971]}}, {"type": "Feature", "properties": {"stop_id": "RTM-00000386", "stop_name": "Préfecture", "main_mode": "bus", "modes": ["bus"]}, "geometry": {"type": "Point", "coordinates": [5.378895, 43.290015]}}, {"type": "Feature", "properties": {"stop_id": "RTM-00003915", "stop_name": "Préfecture", "main_mode": "bus", "modes": ["bus"]}, "geometry": {"type": "Point", "coordinates": [5.378834, 43.290164]}}, {"type": "Feature", "properties": {"stop_id": "RTM-00001411", "stop_name": "Puget Fortia", "main_mode": "bus", "modes": ["bus"]}, "geometry": {"type": "Point", "coordinates": [5.373852, 43.290283]}}, {"type": "Feature", "properties": {"stop_id": "RTM-00001404", "stop_name": "Puget Moulet", "main_mode": "bus", "modes": ["bus"]}, "geometry": {"type": "Point", "coordinates": [5.371292, 43.289913]}}, {"type": "Feature", "properties": {"stop_id": "RTM-00001405", "stop_name": "Puget Roux de Brignoles", "main_mode": "bus", "modes": ["bus"]}, "geometry": {"type": "Point", "coordinates": [5.37345, 43.290028]}}, {"type": "Feature", "properties": {"stop_id": "RTM-00002314", "stop_name": "Périer", "main_mode": "metro", "modes": ["metro"]}, "geometry": {"type": "Point", "coordinates": [5.387588, 43.2793795]}}, {"type": "Feature", "properties": {"stop_id": "RTM-00002325", "stop_name": "Périer", "main_mode": "metro", "modes": ["metro"]}, "geometry": {"type": "Point", "coordinates": [5.3876895, 43.279405]}}, {"type": "Feature", "properties": {"stop_id": "RTM-00001500", "stop_name": "Périer Arles", "main_mode": "bus", "modes": ["bus"]}, "geometry": {"type": "Point", "coordinates": [5.376498, 43.278537]}}, {"type": "Feature", "properties": {"stop_id": "RTM-00001515", "stop_name": "Périer Arles", "main_mode": "bus", "modes": ["bus"]}, "geometry": {"type": "Point", "coordinates": [5.376737, 43.278546]}}, {"type": "Feature", "properties": {"stop_id": "RTM-00001498", "stop_name": "Périer Crémieux", "main_mode": "bus", "modes": ["bus"]}, "geometry": {"type": "Point", "coordinates": [5.380078, 43.278586]}}, {"type": "Feature", "properties": {"stop_id": "RTM-00001517", "stop_name": "Périer Crémieux", "main_mode": "bus", "modes": ["bus"]}, "geometry": {"type": "Point", "coordinates": [5.380291, 43.278506]}}, {"type": "Feature", "properties": {"stop_id": "RTM-00001499", "stop_name": "Périer Escaliers", "main_mode": "bus", "modes": ["bus"]}, "geometry": {"type": "Point", "coordinates": [5.377164, 43.27803]}}, {"type": "Feature", "properties": {"stop_id": "RTM-00001516", "stop_name": "Périer Escaliers", "main_mode": "bus", "modes": ["bus"]}, "geometry": {"type": "Point", "coordinates": [5.377191, 43.277908]}}, {"type": "Feature", "properties": {"stop_id": "RTM-00001502", "stop_name": "Périer Gagliardo", "main_mode": "bus", "modes": ["bus"]}, "geometry": {"type": "Point", "coordinates": [5.374457, 43.277932]}}, {"type": "Feature", "properties": {"stop_id": "RTM-00001501", "stop_name": "Périer Gratte Semelle", "main_mode": "bus", "modes": ["bus"]}, "geometry": {"type": "Point", "coordinates": [5.375042, 43.277673]}}, {"type": "Feature", "properties": {"stop_id": "RTM-00001514", "stop_name": "Périer Gratte Semelle", "main_mode": "bus", "modes": ["bus"]}, "geometry": {"type": "Point", "coordinates": [5.374824, 43.277863]}}, {"type": "Feature", "properties": {"stop_id": "RTM-00001089", "stop_name": "Périer Prado", "main_mode": "bus", "modes": ["bus"]}, "geometry": {"type": "Point", "coordinates": [5.386453, 43.279745]}}, {"type": "Feature", "properties": {"stop_id": "RTM-00001495", "stop_name": "Périer Prado", "main_mode": "bus", "modes": ["bus"]}, "geometry": {"type": "Point", "coordinates": [5.386319, 43.279823]}}, {"type": "Feature", "properties": {"stop_id": "RTM-00003707", "stop_name": "Pôle Média", "main_mode": "bus", "modes": ["bus"]}, "geometry": {"type": "Point", "coordinates": [5.388715, 43.308431]}}, {"type": "Feature", "properties": {"stop_id": "RTM-00002051", "stop_name": "Quai du Port", "main_mode": "bus", "modes": ["bus"]}, "geometry": {"type": "Point", "coordinates": [5.367981, 43.295865]}}, {"type": "Feature", "properties": {"stop_id": "RTM-00002089", "stop_name": "Quai du Port", "main_mode": "bus", "modes": ["bus"]}, "geometry": {"type": "Point", "coordinates": [5.367074, 43.295822]}}, {"type": "Feature", "properties": {"stop_id": "RTM-00000332", "stop_name": "Queillau Calvet", "main_mode": "bus", "modes": ["bus"]}, "geometry": {"type": "Point", "coordinates": [5.386305, 43.332263]}}, {"type": "Feature", "properties": {"stop_id": "RTM-00000365", "stop_name": "Queillau Calvet", "main_mode": "bus", "modes": ["bus"]}, "geometry": {"type": "Point", "coordinates": [5.387182, 43.331607]}}, {"type": "Feature", "properties": {"stop_id": "RTM-00001830", "stop_name": "Rabat Baumettes", "main_mode": "bus", "modes": ["bus"]}, "geometry": {"type": "Point", "coordinates": [5.41248, 43.233752]}}, {"type": "Feature", "properties": {"stop_id": "RTM-00001831", "stop_name": "Rabat Beauvallon", "main_mode": "bus", "modes": ["bus"]}, "geometry": {"type": "Point", "coordinates": [5.41313403, 43.23542148]}}, {"type": "Feature", "properties": {"stop_id": "RTM-00001836", "stop_name": "Rabat Beauvallon", "main_mode": "bus", "modes": ["bus"]}, "geometry": {"type": "Point", "coordinates": [5.412961, 43.235379]}}, {"type": "Feature", "properties": {"stop_id": "RTM-00001832", "stop_name": "Rabat Seigneurie", "main_mode": "bus", "modes": ["bus"]}, "geometry": {"type": "Point", "coordinates": [5.413277, 43.237138]}}, {"type": "Feature", "properties": {"stop_id": "RTM-00001835", "stop_name": "Rabat Seigneurie", "main_mode": "bus", "modes": ["bus"]}, "geometry": {"type": "Point", "coordinates": [5.413243, 43.237403]}}, {"type": "Feature", "properties": {"stop_id": "RTM-00000494", "stop_name": "Rabattu", "main_mode": "bus", "modes": ["bus"]}, "geometry": {"type": "Point", "coordinates": [5.359374, 43.328547]}}, {"type": "Feature", "properties": {"stop_id": "RTM-00000514", "stop_name": "Rabattu", "main_mode": "bus", "modes": ["bus"]}, "geometry": {"type": "Point", "coordinates": [5.359641, 43.328071]}}, {"type": "Feature", "properties": {"stop_id": "RTM-00000299", "stop_name": "Rabelais Bourgade", "main_mode": "bus", "modes": ["bus"]}, "geometry": {"type": "Point", "coordinates": [5.327226, 43.361093]}}, {"type": "Feature", "properties": {"stop_id": "RTM-00000298", "stop_name": "Rabelais Frères", "main_mode": "bus", "modes": ["bus"]}, "geometry": {"type": "Point", "coordinates": [5.329263, 43.360654]}}, {"type": "Feature", "properties": {"stop_id": "RTM-00004436", "stop_name": "Rabelais Roussin", "main_mode": "bus", "modes": ["bus"]}, "geometry": {"type": "Point", "coordinates": [5.336347, 43.358069]}}, {"type": "Feature", "properties": {"stop_id": "RTM-00001567", "stop_name": "Raguse Chutes Lavie", "main_mode": "bus", "modes": ["bus"]}, "geometry": {"type": "Point", "coordinates": [5.403256, 43.318559]}}, {"type": "Feature", "properties": {"stop_id": "RTM-00004463", "stop_name": "Raguse Chutes Lavie", "main_mode": "bus", "modes": ["bus"]}, "geometry": {"type": "Point", "coordinates": [5.403059, 43.318615]}}, {"type": "Feature", "properties": {"stop_id": "RTM-00000983", "stop_name": "Raimu La Busserine", "main_mode": "bus", "modes": ["bus"]}, "geometry": {"type": "Point", "coordinates": [5.399019, 43.332365]}}, {"type": "Feature", "properties": {"stop_id": "RTM-00001006", "stop_name": "Raimu La Busserine", "main_mode": "bus", "modes": ["bus"]}, "geometry": {"type": "Point", "coordinates": [5.398603, 43.332127]}}, {"type": "Feature", "properties": {"stop_id": "RTM-00004610", "stop_name": "Ranc-Sakakini Saint-Loup", "main_mode": "bus", "modes": ["bus"]}, "geometry": {"type": "Point", "coordinates": [5.43738243, 43.27673274]}}, {"type": "Feature", "properties": {"stop_id": "RTM-00004616", "stop_name": "Ranc-Sakakini Saint-Loup", "main_mode": "bus", "modes": ["bus"]}, "geometry": {"type": "Point", "coordinates": [5.43712399, 43.27607026]}}, {"type": "Feature", "properties": {"stop_id": "RTM-00004611", "stop_name": "Ranc-Sakakini Saint-Thys", "main_mode": "bus", "modes": ["bus"]}, "geometry": {"type": "Point", "coordinates": [5.4409008, 43.27896104]}}, {"type": "Feature", "properties": {"stop_id": "RTM-00004615", "stop_name": "Ranc-Sakakini Saint-Thys", "main_mode": "bus", "modes": ["bus"]}, "geometry": {"type": "Point", "coordinates": [5.4403403, 43.27884034]}}, {"type": "Feature", "properties": {"stop_id": "RTM-00004187", "stop_name": "Recher Corse", "main_mode": "bus", "modes": ["bus"]}, "geometry": {"type": "Point", "coordinates": [5.36206573, 43.28893448]}}, {"type": "Feature", "properties": {"stop_id": "RTM-00004188", "stop_name": "Recher Coteau", "main_mode": "bus", "modes": ["bus"]}, "geometry": {"type": "Point", "coordinates": [5.362597, 43.286875]}}, {"type": "Feature", "properties": {"stop_id": "RTM-00001841", "stop_name": "Reggio", "main_mode": "bus", "modes": ["bus"]}, "geometry": {"type": "Point", "coordinates": [5.393624, 43.261101]}}, {"type": "Feature", "properties": {"stop_id": "RTM-00001883", "stop_name": "Reggio", "main_mode": "bus", "modes": ["bus"]}, "geometry": {"type": "Point", "coordinates": [5.393808, 43.261106]}}, {"type": "Feature", "properties": {"stop_id": "RTM-00002899", "stop_name": "Richard 4 Chemins", "main_mode": "bus", "modes": ["bus"]}, "geometry": {"type": "Point", "coordinates": [5.42384505, 43.31599059]}}, {"type": "Feature", "properties": {"stop_id": "RTM-00000760", "stop_name": "Richard Aiguillette", "main_mode": "bus", "modes": ["bus"]}, "geometry": {"type": "Point", "coordinates": [5.4272752, 43.3155616]}}, {"type": "Feature", "properties": {"stop_id": "RTM-00000792", "stop_name": "Richard Aiguillette", "main_mode": "bus", "modes": ["bus"]}, "geometry": {"type": "Point", "coordinates": [5.42724073, 43.31563542]}}, {"type": "Feature", "properties": {"stop_id": "RTM-00000759", "stop_name": "Richard Py", "main_mode": "bus", "modes": ["bus"]}, "geometry": {"type": "Point", "coordinates": [5.425438, 43.31568]}}, {"type": "Feature", "properties": {"stop_id": "RTM-00000793", "stop_name": "Richard Py", "main_mode": "bus", "modes": ["bus"]}, "geometry": {"type": "Point", "coordinates": [5.424404, 43.315777]}}, {"type": "Feature", "properties": {"stop_id": "RTM-00001804", "stop_name": "Robespierre", "main_mode": "bus", "modes": ["bus"]}, "geometry": {"type": "Point", "coordinates": [5.40152545, 43.2470993]}}, {"type": "Feature", "properties": {"stop_id": "RTM-00001822", "stop_name": "Robespierre", "main_mode": "bus", "modes": ["bus"]}, "geometry": {"type": "Point", "coordinates": [5.401181, 43.248122]}}, {"type": "Feature", "properties": {"stop_id": "RTM-00003097", "stop_name": "Roche Albe", "main_mode": "bus", "modes": ["bus"]}, "geometry": {"type": "Point", "coordinates": [5.403589, 43.309309]}}, {"type": "Feature", "properties": {"stop_id": "RTM-00003569", "stop_name": "Rochers de l'Estaque", "main_mode": "bus", "modes": ["bus"]}, "geometry": {"type": "Point", "coordinates": [5.30984, 43.373371]}}, {"type": "Feature", "properties": {"stop_id": "RTM-00002357", "stop_name": "Roches Blanches", "main_mode": "bus", "modes": ["bus"]}, "geometry": {"type": "Point", "coordinates": [5.345605, 43.218548]}}, {"type": "Feature", "properties": {"stop_id": "RTM-00002363", "stop_name": "Roches Blanches", "main_mode": "bus", "modes": ["bus"]}, "geometry": {"type": "Point", "coordinates": [5.345533, 43.21911]}}, {"type": "Feature", "properties": {"stop_id": "RTM-00001507", "stop_name": "Roches Vève", "main_mode": "bus", "modes": ["bus"]}, "geometry": {"type": "Point", "coordinates": [5.366138, 43.28052]}}, {"type": "Feature", "properties": {"stop_id": "RTM-00001509", "stop_name": "Roches Vève", "main_mode": "bus", "modes": ["bus"]}, "geometry": {"type": "Point", "coordinates": [5.366538, 43.280631]}}, {"type": "Feature", "properties": {"stop_id": "RTM-00004207", "stop_name": "Rolland Aubanel", "main_mode": "bus", "modes": ["bus"]}, "geometry": {"type": "Point", "coordinates": [5.382823, 43.272093]}}, {"type": "Feature", "properties": {"stop_id": "RTM-00004213", "stop_name": "Rolland Daumier", "main_mode": "bus", "modes": ["bus"]}, "geometry": {"type": "Point", "coordinates": [5.3825008, 43.2782806]}}, {"type": "Feature", "properties": {"stop_id": "RTM-00004209", "stop_name": "Rolland Puget", "main_mode": "bus", "modes": ["bus"]}, "geometry": {"type": "Point", "coordinates": [5.38291, 43.276776]}}, {"type": "Feature", "properties": {"stop_id": "RTM-00001621", "stop_name": "Romain Rolland Belle Ombre", "main_mode": "bus", "modes": ["bus"]}, "geometry": {"type": "Point", "coordinates": [5.408078, 43.270775]}}, {"type": "Feature", "properties": {"stop_id": "RTM-00001593", "stop_name": "Romain Rolland Gymnase", "main_mode": "bus", "modes": ["bus"]}, "geometry": {"type": "Point", "coordinates": [5.421662, 43.278281]}}, {"type": "Feature", "properties": {"stop_id": "RTM-00001607", "stop_name": "Romain Rolland Gymnase", "main_mode": "bus", "modes": ["bus"]}, "geometry": {"type": "Point", "coordinates": [5.4211879, 43.2781846]}}, {"type": "Feature", "properties": {"stop_id": "RTM-00001592", "stop_name": "Romain Rolland Icard", "main_mode": "bus", "modes": ["bus"]}, "geometry": {"type": "Point", "coordinates": [5.418397, 43.27641]}}, {"type": "Feature", "properties": {"stop_id": "RTM-00002351", "stop_name": "Romain Rolland Icard", "main_mode": "bus", "modes": ["bus"]}, "geometry": {"type": "Point", "coordinates": [5.419267, 43.277004]}}, {"type": "Feature", "properties": {"stop_id": "RTM-00001624", "stop_name": "Romain Rolland Pont de Vivaux", "main_mode": "bus", "modes": ["bus"]}, "geometry": {"type": "Point", "coordinates": [5.416906, 43.275526]}}, {"type": "Feature", "properties": {"stop_id": "RTM-00001634", "stop_name": "Romain Rolland Pont de Vivaux", "main_mode": "bus", "modes": ["bus"]}, "geometry": {"type": "Point", "coordinates": [5.416786, 43.275663]}}, {"type": "Feature", "properties": {"stop_id": "RTM-00004121", "stop_name": "Rome Davso", "main_mode": "tram", "modes": ["tram"]}, "geometry": {"type": "Point", "coordinates": [5.379262, 43.293544]}}, {"type": "Feature", "properties": {"stop_id": "RTM-00004132", "stop_name": "Rome Davso", "main_mode": "tram", "modes": ["tram"]}, "geometry": {"type": "Point", "coordinates": [5.379481, 43.29362]}}, {"type": "Feature", "properties": {"stop_id": "RTM-00004123", "stop_name": "Rome Dragon", "main_mode": "tram", "modes": ["tram"]}, "geometry": {"type": "Point", "coordinates": [5.381918, 43.289099]}}, {"type": "Feature", "properties": {"stop_id": "RTM-00004130", "stop_name": "Rome Dragon", "main_mode": "tram", "modes": ["tram"]}, "geometry": {"type": "Point", "coordinates": [5.382025, 43.289134]}}, {"type": "Feature", "properties": {"stop_id": "RTM-00001736", "stop_name": "Rond Point du Prado", "main_mode": "bus", "modes": ["bus"]}, "geometry": {"type": "Point", "coordinates": [5.39108, 43.273144]}}, {"type": "Feature", "properties": {"stop_id": "RTM-00002736", "stop_name": "Rond Point du Prado", "main_mode": "bus", "modes": ["bus"]}, "geometry": {"type": "Point", "coordinates": [5.390881, 43.273052]}}, {"type": "Feature", "properties": {"stop_id": "RTM-00002315", "stop_name": "Rond-Point du Prado", "main_mode": "metro", "modes": ["metro"]}, "geometry": {"type": "Point", "coordinates": [5.392494, 43.271387]}}, {"type": "Feature", "properties": {"stop_id": "RTM-00002326", "stop_name": "Rond-Point du Prado", "main_mode": "metro", "modes": ["metro"]}, "geometry": {"type": "Point", "coordinates": [5.392652, 43.27143]}}, {"type": "Feature", "properties": {"stop_id": "RTM-00002863", "stop_name": "Roosevelt Réformés", "main_mode": "bus", "modes": ["bus"]}, "geometry": {"type": "Point", "coordinates": [5.3864579, 43.2990729]}}, {"type": "Feature", "properties": {"stop_id": "RTM-00002864", "stop_name": "Roosevelt Réformés", "main_mode": "bus", "modes": ["bus"]}, "geometry": {"type": "Point", "coordinates": [5.386057, 43.298964]}}, {"type": "Feature", "properties": {"stop_id": "RTM-00003858", "stop_name": "Rosière Fournier", "main_mode": "bus", "modes": ["bus"]}, "geometry": {"type": "Point", "coordinates": [5.435359, 43.30567]}}, {"type": "Feature", "properties": {"stop_id": "RTM-00001431", "stop_name": "Roucas Blanc", "main_mode": "bus", "modes": ["bus"]}, "geometry": {"type": "Point", "coordinates": [5.36542002, 43.27625511]}}, {"type": "Feature", "properties": {"stop_id": "RTM-00001430", "stop_name": "Roucas Blanc Emile Duployé", "main_mode": "bus", "modes": ["bus"]}, "geometry": {"type": "Point", "coordinates": [5.366606, 43.278011]}}, {"type": "Feature", "properties": {"stop_id": "RTM-00001432", "stop_name": "Roucas Blanc Emile Duployé", "main_mode": "bus", "modes": ["bus"]}, "geometry": {"type": "Point", "coordinates": [5.366498, 43.277733]}}, {"type": "Feature", "properties": {"stop_id": "RTM-00002559", "stop_name": "Rouet Cassis", "main_mode": "bus", "modes": ["bus"]}, "geometry": {"type": "Point", "coordinates": [5.39038035, 43.2798936]}}, {"type": "Feature", "properties": {"stop_id": "RTM-00002558", "stop_name": "Rouet Gaz du Midi", "main_mode": "bus", "modes": ["bus"]}, "geometry": {"type": "Point", "coordinates": [5.38845, 43.282167]}}, {"type": "Feature", "properties": {"stop_id": "RTM-00000394", "stop_name": "Rouet Liandier", "main_mode": "bus", "modes": ["bus"]}, "geometry": {"type": "Point", "coordinates": [5.392319, 43.278269]}}, {"type": "Feature", "properties": {"stop_id": "RTM-00000396", "stop_name": "Rouet Louvain", "main_mode": "bus", "modes": ["bus"]}, "geometry": {"type": "Point", "coordinates": [5.39435, 43.276528]}}, {"type": "Feature", "properties": {"stop_id": "RTM-00004102", "stop_name": "Rouet Louvain", "main_mode": "bus", "modes": ["bus"]}, "geometry": {"type": "Point", "coordinates": [5.395293, 43.276009]}}, {"type": "Feature", "properties": {"stop_id": "RTM-00000395", "stop_name": "Rouet Roumanille", "main_mode": "bus", "modes": ["bus"]}, "geometry": {"type": "Point", "coordinates": [5.39333881, 43.2773129]}}, {"type": "Feature", "properties": {"stop_id": "RTM-00000823", "stop_name": "Rougemont", "main_mode": "bus", "modes": ["bus"]}, "geometry": {"type": "Point", "coordinates": [5.440294, 43.309039]}}, {"type": "Feature", "properties": {"stop_id": "RTM-00000847", "stop_name": "Rougemont", "main_mode": "bus", "modes": ["bus"]}, "geometry": {"type": "Point", "coordinates": [5.43913, 43.308824]}}, {"type": "Feature", "properties": {"stop_id": "RTM-00002632", "stop_name": "Roussin Barnier", "main_mode": "bus", "modes": ["bus"]}, "geometry": {"type": "Point", "coordinates": [5.341063, 43.362844]}}, {"type": "Feature", "properties": {"stop_id": "RTM-00002633", "stop_name": "Roussin Barnier", "main_mode": "bus", "modes": ["bus"]}, "geometry": {"type": "Point", "coordinates": [5.340377, 43.362666]}}, {"type": "Feature", "properties": {"stop_id": "RTM-00002642", "stop_name": "Roussin Cohen", "main_mode": "bus", "modes": ["bus"]}, "geometry": {"type": "Point", "coordinates": [5.337925, 43.359663]}}, {"type": "Feature", "properties": {"stop_id": "RTM-00002645", "stop_name": "Roussin Cohen", "main_mode": "bus", "modes": ["bus"]}, "geometry": {"type": "Point", "coordinates": [5.338802, 43.360744]}}, {"type": "Feature", "properties": {"stop_id": "RTM-00003658", "stop_name": "Roussin Labro", "main_mode": "bus", "modes": ["bus"]}, "geometry": {"type": "Point", "coordinates": [5.338084, 43.353436]}}, {"type": "Feature", "properties": {"stop_id": "RTM-00003657", "stop_name": "Roussin Maurras", "main_mode": "bus", "modes": ["bus"]}, "geometry": {"type": "Point", "coordinates": [5.337972, 43.355966]}}, {"type": "Feature", "properties": {"stop_id": "RTM-00003659", "stop_name": "Roussin Maurras", "main_mode": "bus", "modes": ["bus"]}, "geometry": {"type": "Point", "coordinates": [5.338139, 43.356241]}}, {"type": "Feature", "properties": {"stop_id": "RTM-00002631", "stop_name": "Roussin Picaron", "main_mode": "bus", "modes": ["bus"]}, "geometry": {"type": "Point", "coordinates": [5.337914, 43.358216]}}, {"type": "Feature", "properties": {"stop_id": "RTM-00002634", "stop_name": "Roussin Picaron", "main_mode": "bus", "modes": ["bus"]}, "geometry": {"type": "Point", "coordinates": [5.337631, 43.358154]}}, {"type": "Feature", "properties": {"stop_id": "RTM-00004664", "stop_name": "Route du Clau", "main_mode": "bus", "modes": ["bus"]}, "geometry": {"type": "Point", "coordinates": [5.48711846, 43.34508662]}}, {"type": "Feature", "properties": {"stop_id": "RTM-00004665", "stop_name": "Route du Clau", "main_mode": "bus", "modes": ["bus"]}, "geometry": {"type": "Point", "coordinates": [5.48684413, 43.34482113]}}, {"type": "Feature", "properties": {"stop_id": "RTM-00002136", "stop_name": "Roux Beausoleil", "main_mode": "bus", "modes": ["bus"]}, "geometry": {"type": "Point", "coordinates": [5.409109, 43.30822303]}}, {"type": "Feature", "properties": {"stop_id": "RTM-00003734", "stop_name": "Roux Beausoleil", "main_mode": "bus", "modes": ["bus"]}, "geometry": {"type": "Point", "coordinates": [5.409004, 43.308096]}}, {"type": "Feature", "properties": {"stop_id": "RTM-00000749", "stop_name": "Roux Esplanade", "main_mode": "bus", "modes": ["bus"]}, "geometry": {"type": "Point", "coordinates": [5.40915, 43.307232]}}, {"type": "Feature", "properties": {"stop_id": "RTM-00000748", "stop_name": "Roux Gavaudan", "main_mode": "bus", "modes": ["bus"]}, "geometry": {"type": "Point", "coordinates": [5.405426, 43.307026]}}, {"type": "Feature", "properties": {"stop_id": "RTM-00000750", "stop_name": "Roux Montolivet", "main_mode": "bus", "modes": ["bus"]}, "geometry": {"type": "Point", "coordinates": [5.408588, 43.309317]}}, {"type": "Feature", "properties": {"stop_id": "RTM-00000747", "stop_name": "Roux St Bruno", "main_mode": "bus", "modes": ["bus"]}, "geometry": {"type": "Point", "coordinates": [5.402575, 43.307636]}}, {"type": "Feature", "properties": {"stop_id": "RTM-00000015", "stop_name": "Rove Tuileries", "main_mode": "bus", "modes": ["bus"]}, "geometry": {"type": "Point", "coordinates": [5.34959614, 43.35471602]}}, {"type": "Feature", "properties": {"stop_id": "RTM-00000037", "stop_name": "Rove Tuileries", "main_mode": "bus", "modes": ["bus"]}, "geometry": {"type": "Point", "coordinates": [5.35061002, 43.35453269]}}, {"type": "Feature", "properties": {"stop_id": "RTM-00001519", "stop_name": "Réformés Canebière", "main_mode": "bus", "modes": ["bus"]}, "geometry": {"type": "Point", "coordinates": [5.385274, 43.298605]}}, {"type": "Feature", "properties": {"stop_id": "RTM-00002282", "stop_name": "Réformés Canebière", "main_mode": "metro", "modes": ["metro"]}, "geometry": {"type": "Point", "coordinates": [5.386163, 43.3004195]}}, {"type": "Feature", "properties": {"stop_id": "RTM-00002297", "stop_name": "Réformés Canebière", "main_mode": "metro", "modes": ["metro"]}, "geometry": {"type": "Point", "coordinates": [5.3862025, 43.300401]}}, {"type": "Feature", "properties": {"stop_id": "RTM-00003218", "stop_name": "Réformés Canebière", "main_mode": "tram", "modes": ["tram"]}, "geometry": {"type": "Point", "coordinates": [5.385559, 43.300018]}}, {"type": "Feature", "properties": {"stop_id": "RTM-00003271", "stop_name": "Réformés Canebière", "main_mode": "tram", "modes": ["tram"]}, "geometry": {"type": "Point", "coordinates": [5.385477, 43.300114]}}, {"type": "Feature", "properties": {"stop_id": "RTM-00003341", "stop_name": "Réformés Canebière", "main_mode": "bus", "modes": ["bus"]}, "geometry": {"type": "Point", "coordinates": [5.385824, 43.300264]}}, {"type": "Feature", "properties": {"stop_id": "RTM-00003344", "stop_name": "Réformés Canebière", "main_mode": "bus", "modes": ["bus"]}, "geometry": {"type": "Point", "coordinates": [5.38517028, 43.29994499]}}, {"type": "Feature", "properties": {"stop_id": "RTM-00003380", "stop_name": "Réformés Canebière", "main_mode": "bus", "modes": ["bus"]}, "geometry": {"type": "Point", "coordinates": [5.386047, 43.300371]}}, {"type": "Feature", "properties": {"stop_id": "RTM-00003210", "stop_name": "République Dames", "main_mode": "tram", "modes": ["tram"]}, "geometry": {"type": "Point", "coordinates": [5.369293, 43.302172]}}, {"type": "Feature", "properties": {"stop_id": "RTM-00003278", "stop_name": "République Dames", "main_mode": "tram", "modes": ["tram"]}, "geometry": {"type": "Point", "coordinates": [5.369424, 43.302202]}}, {"type": "Feature", "properties": {"stop_id": "RTM-00003384", "stop_name": "République Dames", "main_mode": "bus", "modes": ["bus"]}, "geometry": {"type": "Point", "coordinates": [5.3690891, 43.30227568]}}, {"type": "Feature", "properties": {"stop_id": "RTM-00003724", "stop_name": "République Dames", "main_mode": "bus", "modes": ["bus"]}, "geometry": {"type": "Point", "coordinates": [5.36952994, 43.30205895]}}, {"type": "Feature", "properties": {"stop_id": "RTM-00004617", "stop_name": "République Grand Rue", "main_mode": "bus", "modes": ["bus"]}, "geometry": {"type": "Point", "coordinates": [5.37268409, 43.29800362]}}, {"type": "Feature", "properties": {"stop_id": "RTM-00004618", "stop_name": "République Grand Rue", "main_mode": "bus", "modes": ["bus"]}, "geometry": {"type": "Point", "coordinates": [5.37276162, 43.29807475]}}, {"type": "Feature", "properties": {"stop_id": "RTM-00004655", "stop_name": "Résidence Athéna", "main_mode": "bus", "modes": ["bus"]}, "geometry": {"type": "Point", "coordinates": [5.44486505, 43.33618816]}}, {"type": "Feature", "properties": {"stop_id": "RTM-00004660", "stop_name": "Résidence Athéna", "main_mode": "bus", "modes": ["bus"]}, "geometry": {"type": "Point", "coordinates": [5.44464443, 43.33622279]}}, {"type": "Feature", "properties": {"stop_id": "RTM-00002765", "stop_name": "Résidence Fondacle", "main_mode": "bus", "modes": ["bus"]}, "geometry": {"type": "Point", "coordinates": [5.451725, 43.320933]}}, {"type": "Feature", "properties": {"stop_id": "RTM-00004315", "stop_name": "Résidence L' Echiquier", "main_mode": "bus", "modes": ["bus"]}, "geometry": {"type": "Point", "coordinates": [5.40839016, 43.34366472]}}, {"type": "Feature", "properties": {"stop_id": "RTM-00004316", "stop_name": "Résidence L'Echiquier", "main_mode": "bus", "modes": ["bus"]}, "geometry": {"type": "Point", "coordinates": [5.408244, 43.343195]}}, {"type": "Feature", "properties": {"stop_id": "RTM-00000990", "stop_name": "Résidence La Pâquerette", "main_mode": "bus", "modes": ["bus"]}, "geometry": {"type": "Point", "coordinates": [5.371699, 43.348824]}}, {"type": "Feature", "properties": {"stop_id": "RTM-00001001", "stop_name": "Résidence La Pâquerette", "main_mode": "bus", "modes": ["bus"]}, "geometry": {"type": "Point", "coordinates": [5.37175, 43.348642]}}, {"type": "Feature", "properties": {"stop_id": "RTM-00000541", "stop_name": "Résidence La Station", "main_mode": "bus", "modes": ["bus"]}, "geometry": {"type": "Point", "coordinates": [5.384903, 43.332591]}}, {"type": "Feature", "properties": {"stop_id": "RTM-00004479", "stop_name": "Résidence Le Montmorency", "main_mode": "bus", "modes": ["bus"]}, "geometry": {"type": "Point", "coordinates": [5.40844531, 43.2463517]}}, {"type": "Feature", "properties": {"stop_id": "RTM-00004480", "stop_name": "Résidence Le Montmorency", "main_mode": "bus", "modes": ["bus"]}, "geometry": {"type": "Point", "coordinates": [5.4085498, 43.24638122]}}, {"type": "Feature", "properties": {"stop_id": "RTM-00000164", "stop_name": "Résidence Les Borels", "main_mode": "bus", "modes": ["bus"]}, "geometry": {"type": "Point", "coordinates": [5.361297, 43.363567]}}, {"type": "Feature", "properties": {"stop_id": "RTM-00000172", "stop_name": "Résidence Les Borels", "main_mode": "bus", "modes": ["bus"]}, "geometry": {"type": "Point", "coordinates": [5.3611, 43.363739]}}, {"type": "Feature", "properties": {"stop_id": "RTM-00000293", "stop_name": "Résidence Mourepiane", "main_mode": "bus", "modes": ["bus"]}, "geometry": {"type": "Point", "coordinates": [5.347323, 43.349495]}}, {"type": "Feature", "properties": {"stop_id": "RTM-00000319", "stop_name": "Résidence Mourepiane", "main_mode": "bus", "modes": ["bus"]}, "geometry": {"type": "Point", "coordinates": [5.346934, 43.349471]}}, {"type": "Feature", "properties": {"stop_id": "RTM-00003972", "stop_name": "Résidence St Louis", "main_mode": "bus", "modes": ["bus"]}, "geometry": {"type": "Point", "coordinates": [5.357903, 43.35245]}}, {"type": "Feature", "properties": {"stop_id": "RTM-00004020", "stop_name": "Résidence St Louis", "main_mode": "bus", "modes": ["bus"]}, "geometry": {"type": "Point", "coordinates": [5.357888, 43.352205]}}, {"type": "Feature", "properties": {"stop_id": "RTM-00001763", "stop_name": "Résidence Valmont Redon", "main_mode": "bus", "modes": ["bus"]}, "geometry": {"type": "Point", "coordinates": [5.424172, 43.245151]}}, {"type": "Feature", "properties": {"stop_id": "RTM-00001776", "stop_name": "Résidence Valmont Redon", "main_mode": "bus", "modes": ["bus"]}, "geometry": {"type": "Point", "coordinates": [5.423345, 43.245548]}}, {"type": "Feature", "properties": {"stop_id": "RTM-00000953", "stop_name": "Résidence Valvert", "main_mode": "bus", "modes": ["bus"]}, "geometry": {"type": "Point", "coordinates": [5.430245, 43.299586]}}, {"type": "Feature", "properties": {"stop_id": "RTM-00000970", "stop_name": "Résidence Valvert", "main_mode": "bus", "modes": ["bus"]}, "geometry": {"type": "Point", "coordinates": [5.430597, 43.299878]}}, {"type": "Feature", "properties": {"stop_id": "RTM-00001920", "stop_name": "Sablier Cité Borély", "main_mode": "bus", "modes": ["bus"]}, "geometry": {"type": "Point", "coordinates": [5.3821603, 43.2516813]}}, {"type": "Feature", "properties": {"stop_id": "RTM-00001930", "stop_name": "Sablier Cité Borély", "main_mode": "bus", "modes": ["bus"]}, "geometry": {"type": "Point", "coordinates": [5.382229, 43.252064]}}, {"type": "Feature", "properties": {"stop_id": "RTM-00003211", "stop_name": "Sadi Carnot", "main_mode": "tram", "modes": ["tram"]}, "geometry": {"type": "Point", "coordinates": [5.371209, 43.299863]}}, {"type": "Feature", "properties": {"stop_id": "RTM-00003277", "stop_name": "Sadi Carnot", "main_mode": "tram", "modes": ["tram"]}, "geometry": {"type": "Point", "coordinates": [5.371309, 43.299905]}}, {"type": "Feature", "properties": {"stop_id": "RTM-00003603", "stop_name": "Sadi Carnot", "main_mode": "bus", "modes": ["bus"]}, "geometry": {"type": "Point", "coordinates": [5.37105918, 43.29991961]}}, {"type": "Feature", "properties": {"stop_id": "RTM-00003852", "stop_name": "Sadi Carnot", "main_mode": "bus", "modes": ["bus"]}, "geometry": {"type": "Point", "coordinates": [5.371064, 43.300262]}}, {"type": "Feature", "properties": {"stop_id": "RTM-00003491", "stop_name": "Saint-Barnabé", "main_mode": "metro", "modes": ["metro"]}, "geometry": {"type": "Point", "coordinates": [5.418618, 43.303241]}}, {"type": "Feature", "properties": {"stop_id": "RTM-00003494", "stop_name": "Saint-Barnabé", "main_mode": "metro", "modes": ["metro"]}, "geometry": {"type": "Point", "coordinates": [5.4185925, 43.303318]}}, {"type": "Feature", "properties": {"stop_id": "RTM-00000814", "stop_name": "Saint-Barnabé Cadolive", "main_mode": "bus", "modes": ["bus"]}, "geometry": {"type": "Point", "coordinates": [5.40740848, 43.30418272]}}, {"type": "Feature", "properties": {"stop_id": "RTM-00000857", "stop_name": "Saint-Barnabé Cadolive", "main_mode": "bus", "modes": ["bus"]}, "geometry": {"type": "Point", "coordinates": [5.40724218, 43.30415149]}}, {"type": "Feature", "properties": {"stop_id": "RTM-00000853", "stop_name": "Saint-Barnabé Impôts", "main_mode": "bus", "modes": ["bus"]}, "geometry": {"type": "Point", "coordinates": [5.419904, 43.306245]}}, {"type": "Feature", "properties": {"stop_id": "RTM-00002922", "stop_name": "Saint-Barnabé Impôts", "main_mode": "bus", "modes": ["bus"]}, "geometry": {"type": "Point", "coordinates": [5.41997687, 43.30617475]}}, {"type": "Feature", "properties": {"stop_id": "RTM-00000816", "stop_name": "Saint-Barnabé La Croix", "main_mode": "bus", "modes": ["bus"]}, "geometry": {"type": "Point", "coordinates": [5.414679, 43.304415]}}, {"type": "Feature", "properties": {"stop_id": "RTM-00000855", "stop_name": "Saint-Barnabé La Croix", "main_mode": "bus", "modes": ["bus"]}, "geometry": {"type": "Point", "coordinates": [5.4139883, 43.3044197]}}, {"type": "Feature", "properties": {"stop_id": "RTM-00002283", "stop_name": "Saint-Charles", "main_mode": "metro", "modes": ["metro"]}, "geometry": {"type": "Point", "coordinates": [5.3801525, 43.3023705]}}, {"type": "Feature", "properties": {"stop_id": "RTM-00002298", "stop_name": "Saint-Charles", "main_mode": "metro", "modes": ["metro"]}, "geometry": {"type": "Point", "coordinates": [5.380105, 43.30233]}}, {"type": "Feature", "properties": {"stop_id": "RTM-00002309", "stop_name": "Saint-Charles", "main_mode": "metro", "modes": ["metro"]}, "geometry": {"type": "Point", "coordinates": [5.380007, 43.302284]}}, {"type": "Feature", "properties": {"stop_id": "RTM-00002321", "stop_name": "Saint-Charles", "main_mode": "metro", "modes": ["metro"]}, "geometry": {"type": "Point", "coordinates": [5.3802575, 43.302408]}}, {"type": "Feature", "properties": {"stop_id": "RTM-00002050", "stop_name": "Saint-Jean", "main_mode": "bus", "modes": ["bus"]}, "geometry": {"type": "Point", "coordinates": [5.365549, 43.295418]}}, {"type": "Feature", "properties": {"stop_id": "RTM-00003594", "stop_name": "Saint-Jean", "main_mode": "bus", "modes": ["bus"]}, "geometry": {"type": "Point", "coordinates": [5.492082, 43.323727]}}, {"type": "Feature", "properties": {"stop_id": "RTM-00003596", "stop_name": "Saint-Jean", "main_mode": "bus", "modes": ["bus"]}, "geometry": {"type": "Point", "coordinates": [5.49225483, 43.32366704]}}, {"type": "Feature", "properties": {"stop_id": "RTM-00003728", "stop_name": "Saint-Jean", "main_mode": "bus", "modes": ["bus"]}, "geometry": {"type": "Point", "coordinates": [5.364636, 43.295422]}}, {"type": "Feature", "properties": {"stop_id": "RTM-00000844", "stop_name": "Saint-Julien Comtesse", "main_mode": "bus", "modes": ["bus"]}, "geometry": {"type": "Point", "coordinates": [5.44732866, 43.31201411]}}, {"type": "Feature", "properties": {"stop_id": "RTM-00004696", "stop_name": "Saint-Julien Comtesse", "main_mode": "bus", "modes": ["bus"]}, "geometry": {"type": "Point", "coordinates": [5.44795624, 43.31226129]}}, {"type": "Feature", "properties": {"stop_id": "RTM-00000824", "stop_name": "Saint-Julien Helvétie", "main_mode": "bus", "modes": ["bus"]}, "geometry": {"type": "Point", "coordinates": [5.442583, 43.310482]}}, {"type": "Feature", "properties": {"stop_id": "RTM-00000846", "stop_name": "Saint-Julien Helvétie", "main_mode": "bus", "modes": ["bus"]}, "geometry": {"type": "Point", "coordinates": [5.44191769, 43.31014908]}}, {"type": "Feature", "properties": {"stop_id": "RTM-00004695", "stop_name": "Saint-Julien Kaddouz", "main_mode": "bus", "modes": ["bus"]}, "geometry": {"type": "Point", "coordinates": [5.42551726, 43.30713187]}}, {"type": "Feature", "properties": {"stop_id": "RTM-00004700", "stop_name": "Saint-Julien Kaddouz", "main_mode": "bus", "modes": ["bus"]}, "geometry": {"type": "Point", "coordinates": [5.42486146, 43.30699036]}}, {"type": "Feature", "properties": {"stop_id": "RTM-00004738", "stop_name": "Saint-Julien Kaddouz", "main_mode": "bus", "modes": ["bus"]}, "geometry": {"type": "Point", "coordinates": [5.42429142, 43.30742915]}}, {"type": "Feature", "properties": {"stop_id": "RTM-00000821", "stop_name": "Saint-Julien Kallisté", "main_mode": "bus", "modes": ["bus"]}, "geometry": {"type": "Point", "coordinates": [5.432441, 43.307947]}}, {"type": "Feature", "properties": {"stop_id": "RTM-00000849", "stop_name": "Saint-Julien Kallisté", "main_mode": "bus", "modes": ["bus"]}, "geometry": {"type": "Point", "coordinates": [5.432054, 43.308044]}}, {"type": "Feature", "properties": {"stop_id": "RTM-00000825", "stop_name": "Saint-Julien Saint-Pons", "main_mode": "bus", "modes": ["bus"]}, "geometry": {"type": "Point", "coordinates": [5.445449, 43.311418]}}, {"type": "Feature", "properties": {"stop_id": "RTM-00000845", "stop_name": "Saint-Julien Saint-Pons", "main_mode": "bus", "modes": ["bus"]}, "geometry": {"type": "Point", "coordinates": [5.445084, 43.311542]}}, {"type": "Feature", "properties": {"stop_id": "RTM-00002279", "stop_name": "Saint-Just", "main_mode": "metro", "modes": ["metro"]}, "geometry": {"type": "Point", "coordinates": [5.406393, 43.315486]}}, {"type": "Feature", "properties": {"stop_id": "RTM-00002294", "stop_name": "Saint-Just", "main_mode": "metro", "modes": ["metro"]}, "geometry": {"type": "Point", "coordinates": [5.4064365, 43.3154115]}}, {"type": "Feature", "properties": {"stop_id": "RTM-00001274", "stop_name": "Saint-Loup Florian", "main_mode": "bus", "modes": ["bus"]}, "geometry": {"type": "Point", "coordinates": [5.42780936, 43.2816028]}}, {"type": "Feature", "properties": {"stop_id": "RTM-00001306", "stop_name": "Saint-Loup Florian", "main_mode": "bus", "modes": ["bus"]}, "geometry": {"type": "Point", "coordinates": [5.42799443, 43.2816731]}}, {"type": "Feature", "properties": {"stop_id": "RTM-00001596", "stop_name": "Saint-Loup Florian", "main_mode": "bus", "modes": ["bus"]}, "geometry": {"type": "Point", "coordinates": [5.42716941, 43.28225988]}}, {"type": "Feature", "properties": {"stop_id": "RTM-00004227", "stop_name": "Saint-Loup Florian", "main_mode": "bus", "modes": ["bus"]}, "geometry": {"type": "Point", "coordinates": [5.426726, 43.28196]}}, {"type": "Feature", "properties": {"stop_id": "RTM-00001383", "stop_name": "Saint-Menet", "main_mode": "bus", "modes": ["bus"]}, "geometry": {"type": "Point", "coordinates": [5.477578, 43.289754]}}, {"type": "Feature", "properties": {"stop_id": "RTM-00001395", "stop_name": "Saint-Menet", "main_mode": "bus", "modes": ["bus"]}, "geometry": {"type": "Point", "coordinates": [5.478474, 43.289748]}}, {"type": "Feature", "properties": {"stop_id": "RTM-00003232", "stop_name": "Saint-Pierre", "main_mode": "tram", "modes": ["tram"]}, "geometry": {"type": "Point", "coordinates": [5.414219, 43.291797]}}, {"type": "Feature", "properties": {"stop_id": "RTM-00003255", "stop_name": "Saint-Pierre", "main_mode": "tram", "modes": ["tram"]}, "geometry": {"type": "Point", "coordinates": [5.414205, 43.291897]}}, {"type": "Feature", "properties": {"stop_id": "RTM-00004312", "stop_name": "Saint-Pierre", "main_mode": "tram", "modes": ["tram"]}, "geometry": {"type": "Point", "coordinates": [5.41421391, 43.29189473]}}, {"type": "Feature", "properties": {"stop_id": "RTM-00002184", "stop_name": "Saint-Roch", "main_mode": "bus", "modes": ["bus"]}, "geometry": {"type": "Point", "coordinates": [5.484217, 43.339295]}}, {"type": "Feature", "properties": {"stop_id": "RTM-00002206", "stop_name": "Saint-Roch", "main_mode": "bus", "modes": ["bus"]}, "geometry": {"type": "Point", "coordinates": [5.484974, 43.338963]}}, {"type": "Feature", "properties": {"stop_id": "RTM-00004663", "stop_name": "Saint-Roch", "main_mode": "bus", "modes": ["bus"]}, "geometry": {"type": "Point", "coordinates": [5.4846866, 43.33985686]}}, {"type": "Feature", "properties": {"stop_id": "RTM-00004666", "stop_name": "Saint-Roch", "main_mode": "bus", "modes": ["bus"]}, "geometry": {"type": "Point", "coordinates": [5.48456322, 43.33986661]}}, {"type": "Feature", "properties": {"stop_id": "RTM-00001668", "stop_name": "Saint-Tronc Clair Matin", "main_mode": "bus", "modes": ["bus"]}, "geometry": {"type": "Point", "coordinates": [5.42388326, 43.2698255]}}, {"type": "Feature", "properties": {"stop_id": "RTM-00001677", "stop_name": "Saint-Tronc Clair Matin", "main_mode": "bus", "modes": ["bus"]}, "geometry": {"type": "Point", "coordinates": [5.423902, 43.26992]}}, {"type": "Feature", "properties": {"stop_id": "RTM-00004635", "stop_name": "Saint-Tronc Mauriac", "main_mode": "bus", "modes": ["bus"]}, "geometry": {"type": "Point", "coordinates": [5.42217371, 43.2717242]}}, {"type": "Feature", "properties": {"stop_id": "RTM-00004643", "stop_name": "Saint-Tronc Mauriac", "main_mode": "bus", "modes": ["bus"]}, "geometry": {"type": "Point", "coordinates": [5.42250175, 43.27166151]}}, {"type": "Feature", "properties": {"stop_id": "RTM-00001402", "stop_name": "Saint-Victor", "main_mode": "bus", "modes": ["bus"]}, "geometry": {"type": "Point", "coordinates": [5.366972, 43.289885]}}, {"type": "Feature", "properties": {"stop_id": "RTM-00001414", "stop_name": "Saint-Victor", "main_mode": "bus", "modes": ["bus"]}, "geometry": {"type": "Point", "coordinates": [5.36538, 43.289778]}}, {"type": "Feature", "properties": {"stop_id": "RTM-00001439", "stop_name": "Saint-Victor", "main_mode": "bus", "modes": ["bus"]}, "geometry": {"type": "Point", "coordinates": [5.367067, 43.289906]}}, {"type": "Feature", "properties": {"stop_id": "RTM-00001475", "stop_name": "Saint-Victor", "main_mode": "bus", "modes": ["bus"]}, "geometry": {"type": "Point", "coordinates": [5.366303, 43.289367]}}, {"type": "Feature", "properties": {"stop_id": "RTM-00001421", "stop_name": "Sainte Fort Notre-Dame", "main_mode": "bus", "modes": ["bus"]}, "geometry": {"type": "Point", "coordinates": [5.371304, 43.291651]}}, {"type": "Feature", "properties": {"stop_id": "RTM-00001420", "stop_name": "Sainte Fortia", "main_mode": "bus", "modes": ["bus"]}, "geometry": {"type": "Point", "coordinates": [5.37417, 43.292302]}}, {"type": "Feature", "properties": {"stop_id": "RTM-00001422", "stop_name": "Sainte Petit Chantier", "main_mode": "bus", "modes": ["bus"]}, "geometry": {"type": "Point", "coordinates": [5.368114, 43.291025]}}, {"type": "Feature", "properties": {"stop_id": "RTM-00000401", "stop_name": "Sainte-Marguerite Dromel", "main_mode": "bus", "modes": ["bus"]}, "geometry": {"type": "Point", "coordinates": [5.40290586, 43.27107387]}}, {"type": "Feature", "properties": {"stop_id": "RTM-00001619", "stop_name": "Sainte-Marguerite Dromel", "main_mode": "bus", "modes": ["bus"]}, "geometry": {"type": "Point", "coordinates": [5.40338061, 43.27120765]}}, {"type": "Feature", "properties": {"stop_id": "RTM-00001639", "stop_name": "Sainte-Marguerite Dromel", "main_mode": "bus", "modes": ["bus"]}, "geometry": {"type": "Point", "coordinates": [5.40306009, 43.27078288]}}, {"type": "Feature", "properties": {"stop_id": "RTM-00001641", "stop_name": "Sainte-Marguerite Dromel", "main_mode": "bus", "modes": ["bus"]}, "geometry": {"type": "Point", "coordinates": [5.40278136, 43.27059839]}}, {"type": "Feature", "properties": {"stop_id": "RTM-00001678", "stop_name": "Sainte-Marguerite Dromel", "main_mode": "bus", "modes": ["bus"]}, "geometry": {"type": "Point", "coordinates": [5.40369041, 43.27132134]}}, {"type": "Feature", "properties": {"stop_id": "RTM-00001887", "stop_name": "Sainte-Marguerite Dromel", "main_mode": "bus", "modes": ["bus"]}, "geometry": {"type": "Point", "coordinates": [5.40325991, 43.27093033]}}, {"type": "Feature", "properties": {"stop_id": "RTM-00001950", "stop_name": "Sainte-Marguerite Dromel", "main_mode": "bus", "modes": ["bus"]}, "geometry": {"type": "Point", "coordinates": [5.40373332, 43.2707985]}}, {"type": "Feature", "properties": {"stop_id": "RTM-00001976", "stop_name": "Sainte-Marguerite Dromel", "main_mode": "bus", "modes": ["bus"]}, "geometry": {"type": "Point", "coordinates": [5.40404178, 43.27096646]}}, {"type": "Feature", "properties": {"stop_id": "RTM-00002316", "stop_name": "Sainte-Marguerite Dromel", "main_mode": "metro", "modes": ["metro"]}, "geometry": {"type": "Point", "coordinates": [5.4021975, 43.2705445]}}, {"type": "Feature", "properties": {"stop_id": "RTM-00002327", "stop_name": "Sainte-Marguerite Dromel", "main_mode": "metro", "modes": ["metro"]}, "geometry": {"type": "Point", "coordinates": [5.4021315, 43.270618]}}, {"type": "Feature", "properties": {"stop_id": "RTM-00003726", "stop_name": "Sainte-Marguerite Dromel", "main_mode": "bus", "modes": ["bus"]}, "geometry": {"type": "Point", "coordinates": [5.40373064, 43.2711764]}}, {"type": "Feature", "properties": {"stop_id": "RTM-00004588", "stop_name": "Sainte-Marguerite Dromel", "main_mode": "bus", "modes": ["bus"]}, "geometry": {"type": "Point", "coordinates": [5.40431, 43.27110805]}}, {"type": "Feature", "properties": {"stop_id": "RTM-00000111", "stop_name": "Sainte-Marthe Le Camp", "main_mode": "bus", "modes": ["bus"]}, "geometry": {"type": "Point", "coordinates": [5.389314, 43.331358]}}, {"type": "Feature", "properties": {"stop_id": "RTM-00000135", "stop_name": "Sainte-Marthe Le Camp", "main_mode": "bus", "modes": ["bus"]}, "geometry": {"type": "Point", "coordinates": [5.389078, 43.331242]}}, {"type": "Feature", "properties": {"stop_id": "RTM-00003229", "stop_name": "Sainte-Thérèse", "main_mode": "tram", "modes": ["tram"]}, "geometry": {"type": "Point", "coordinates": [5.409555, 43.294141]}}, {"type": "Feature", "properties": {"stop_id": "RTM-00003258", "stop_name": "Sainte-Thérèse", "main_mode": "tram", "modes": ["tram"]}, "geometry": {"type": "Point", "coordinates": [5.409683, 43.294093]}}, {"type": "Feature", "properties": {"stop_id": "RTM-00002021", "stop_name": "Sakakini Chave", "main_mode": "bus", "modes": ["bus"]}, "geometry": {"type": "Point", "coordinates": [5.40048932, 43.29536297]}}, {"type": "Feature", "properties": {"stop_id": "RTM-00002032", "stop_name": "Sakakini Chave", "main_mode": "bus", "modes": ["bus"]}, "geometry": {"type": "Point", "coordinates": [5.40068895, 43.2953804]}}, {"type": "Feature", "properties": {"stop_id": "RTM-00002022", "stop_name": "Sakakini Jeanne d'Arc", "main_mode": "bus", "modes": ["bus"]}, "geometry": {"type": "Point", "coordinates": [5.40136727, 43.2931939]}}, {"type": "Feature", "properties": {"stop_id": "RTM-00002031", "stop_name": "Sakakini Jeanne d'Arc", "main_mode": "bus", "modes": ["bus"]}, "geometry": {"type": "Point", "coordinates": [5.40156509, 43.2930939]}}, {"type": "Feature", "properties": {"stop_id": "RTM-00002020", "stop_name": "Sakakini Sidi Brahim", "main_mode": "bus", "modes": ["bus"]}, "geometry": {"type": "Point", "coordinates": [5.4003843, 43.2971035]}}, {"type": "Feature", "properties": {"stop_id": "RTM-00002033", "stop_name": "Sakakini Sidi Brahim", "main_mode": "bus", "modes": ["bus"]}, "geometry": {"type": "Point", "coordinates": [5.40099839, 43.2978531]}}, {"type": "Feature", "properties": {"stop_id": "RTM-00002094", "stop_name": "Salengro Briançon", "main_mode": "bus", "modes": ["bus"]}, "geometry": {"type": "Point", "coordinates": [5.369354, 43.316524]}}, {"type": "Feature", "properties": {"stop_id": "RTM-00000491", "stop_name": "Salengro Cougit", "main_mode": "bus", "modes": ["bus"]}, "geometry": {"type": "Point", "coordinates": [5.367842, 43.322214]}}, {"type": "Feature", "properties": {"stop_id": "RTM-00004337", "stop_name": "Salengro Cougit", "main_mode": "bus", "modes": ["bus"]}, "geometry": {"type": "Point", "coordinates": [5.367591, 43.321575]}}, {"type": "Feature", "properties": {"stop_id": "RTM-00000484", "stop_name": "Salengro Mirès", "main_mode": "bus", "modes": ["bus"]}, "geometry": {"type": "Point", "coordinates": [5.371974, 43.312382]}}, {"type": "Feature", "properties": {"stop_id": "RTM-00004410", "stop_name": "Salvator Italie", "main_mode": "bus", "modes": ["bus"]}, "geometry": {"type": "Point", "coordinates": [5.38164586, 43.29097372]}}, {"type": "Feature", "properties": {"stop_id": "RTM-00004411", "stop_name": "Salvator Italie", "main_mode": "bus", "modes": ["bus"]}, "geometry": {"type": "Point", "coordinates": [5.38143799, 43.29103425]}}, {"type": "Feature", "properties": {"stop_id": "RTM-00001891", "stop_name": "Salvator Paoli Calmettes", "main_mode": "bus", "modes": ["bus"]}, "geometry": {"type": "Point", "coordinates": [5.411159, 43.263181]}}, {"type": "Feature", "properties": {"stop_id": "RTM-00001910", "stop_name": "Salvator Paoli Calmettes", "main_mode": "bus", "modes": ["bus"]}, "geometry": {"type": "Point", "coordinates": [5.410945, 43.263487]}}, {"type": "Feature", "properties": {"stop_id": "RTM-00004192", "stop_name": "Samatan", "main_mode": "bus", "modes": ["bus"]}, "geometry": {"type": "Point", "coordinates": [5.354946, 43.288113]}}, {"type": "Feature", "properties": {"stop_id": "RTM-00002354", "stop_name": "Saména", "main_mode": "bus", "modes": ["bus"]}, "geometry": {"type": "Point", "coordinates": [5.352955, 43.228897]}}, {"type": "Feature", "properties": {"stop_id": "RTM-00002365", "stop_name": "Saména", "main_mode": "bus", "modes": ["bus"]}, "geometry": {"type": "Point", "coordinates": [5.353826, 43.229193]}}, {"type": "Feature", "properties": {"stop_id": "RTM-00003486", "stop_name": "Savine Tuves", "main_mode": "bus", "modes": ["bus"]}, "geometry": {"type": "Point", "coordinates": [5.364825, 43.367819]}}, {"type": "Feature", "properties": {"stop_id": "RTM-00003487", "stop_name": "Savine Tuves", "main_mode": "bus", "modes": ["bus"]}, "geometry": {"type": "Point", "coordinates": [5.36457574, 43.36795697]}}, {"type": "Feature", "properties": {"stop_id": "RTM-00000443", "stop_name": "Schuman Dames", "main_mode": "bus", "modes": ["bus"]}, "geometry": {"type": "Point", "coordinates": [5.366645, 43.302869]}}, {"type": "Feature", "properties": {"stop_id": "RTM-00003359", "stop_name": "Sedan Chave", "main_mode": "bus", "modes": ["bus"]}, "geometry": {"type": "Point", "coordinates": [5.397891, 43.294972]}}, {"type": "Feature", "properties": {"stop_id": "RTM-00003363", "stop_name": "Sedan Chave", "main_mode": "bus", "modes": ["bus"]}, "geometry": {"type": "Point", "coordinates": [5.397952, 43.295415]}}, {"type": "Feature", "properties": {"stop_id": "RTM-00003199", "stop_name": "Septèmes Centre", "main_mode": "bus", "modes": ["bus"]}, "geometry": {"type": "Point", "coordinates": [5.366315, 43.398569]}}, {"type": "Feature", "properties": {"stop_id": "RTM-00003200", "stop_name": "Septèmes Centre", "main_mode": "bus", "modes": ["bus"]}, "geometry": {"type": "Point", "coordinates": [5.366931, 43.398686]}}, {"type": "Feature", "properties": {"stop_id": "RTM-00002983", "stop_name": "Septèmes Gare", "main_mode": "bus", "modes": ["bus"]}, "geometry": {"type": "Point", "coordinates": [5.370958, 43.403336]}}, {"type": "Feature", "properties": {"stop_id": "RTM-00003005", "stop_name": "Septèmes Gare", "main_mode": "bus", "modes": ["bus"]}, "geometry": {"type": "Point", "coordinates": [5.37107, 43.403741]}}, {"type": "Feature", "properties": {"stop_id": "RTM-00004267", "stop_name": "Septèmes Nord", "main_mode": "bus", "modes": ["bus"]}, "geometry": {"type": "Point", "coordinates": [5.36944, 43.400763]}}, {"type": "Feature", "properties": {"stop_id": "RTM-00004281", "stop_name": "Septèmes Nord", "main_mode": "bus", "modes": ["bus"]}, "geometry": {"type": "Point", "coordinates": [5.369506, 43.401331]}}, {"type": "Feature", "properties": {"stop_id": "RTM-00003013", "stop_name": "Septèmes Sud", "main_mode": "bus", "modes": ["bus"]}, "geometry": {"type": "Point", "coordinates": [5.365424, 43.397001]}}, {"type": "Feature", "properties": {"stop_id": "RTM-00003018", "stop_name": "Septèmes Sud", "main_mode": "bus", "modes": ["bus"]}, "geometry": {"type": "Point", "coordinates": [5.365467, 43.397056]}}, {"type": "Feature", "properties": {"stop_id": "RTM-00004531", "stop_name": "Services Techniques", "main_mode": "bus", "modes": ["bus"]}, "geometry": {"type": "Point", "coordinates": [5.47795621, 43.32913875]}}, {"type": "Feature", "properties": {"stop_id": "RTM-00004534", "stop_name": "Services Techniques", "main_mode": "bus", "modes": ["bus"]}, "geometry": {"type": "Point", "coordinates": [5.47766715, 43.32924499]}}, {"type": "Feature", "properties": {"stop_id": "RTM-00004625", "stop_name": "Simon Ricard", "main_mode": "bus", "modes": ["bus"]}, "geometry": {"type": "Point", "coordinates": [5.39108154, 43.31197123]}}, {"type": "Feature", "properties": {"stop_id": "RTM-00004629", "stop_name": "Simon Ricard", "main_mode": "bus", "modes": ["bus"]}, "geometry": {"type": "Point", "coordinates": [5.39070445, 43.31185235]}}, {"type": "Feature", "properties": {"stop_id": "RTM-00001387", "stop_name": "Solitude Escourtines", "main_mode": "bus", "modes": ["bus"]}, "geometry": {"type": "Point", "coordinates": [5.501729, 43.281145]}}, {"type": "Feature", "properties": {"stop_id": "RTM-00001392", "stop_name": "Solitude Escourtines", "main_mode": "bus", "modes": ["bus"]}, "geometry": {"type": "Point", "coordinates": [5.502153, 43.281603]}}, {"type": "Feature", "properties": {"stop_id": "RTM-00001386", "stop_name": "Solitude Millière", "main_mode": "bus", "modes": ["bus"]}, "geometry": {"type": "Point", "coordinates": [5.50230656, 43.28309932]}}, {"type": "Feature", "properties": {"stop_id": "RTM-00001858", "stop_name": "Sormiou Cayolle", "main_mode": "bus", "modes": ["bus"]}, "geometry": {"type": "Point", "coordinates": [5.401038, 43.230309]}}, {"type": "Feature", "properties": {"stop_id": "RTM-00004437", "stop_name": "Sormiou Cayolle", "main_mode": "bus", "modes": ["bus"]}, "geometry": {"type": "Point", "coordinates": [5.40115, 43.229873]}}, {"type": "Feature", "properties": {"stop_id": "RTM-00003072", "stop_name": "Sormiou Jarre", "main_mode": "bus", "modes": ["bus"]}, "geometry": {"type": "Point", "coordinates": [5.399317, 43.234976]}}, {"type": "Feature", "properties": {"stop_id": "RTM-00003073", "stop_name": "Sormiou Jarre", "main_mode": "bus", "modes": ["bus"]}, "geometry": {"type": "Point", "coordinates": [5.399315, 43.23418]}}, {"type": "Feature", "properties": {"stop_id": "RTM-00001854", "stop_name": "Sormiou Roy d'Espagne", "main_mode": "bus", "modes": ["bus"]}, "geometry": {"type": "Point", "coordinates": [5.398844, 43.236042]}}, {"type": "Feature", "properties": {"stop_id": "RTM-00001869", "stop_name": "Sormiou Roy d'Espagne", "main_mode": "bus", "modes": ["bus"]}, "geometry": {"type": "Point", "coordinates": [5.399031, 43.236598]}}, {"type": "Feature", "properties": {"stop_id": "RTM-00001850", "stop_name": "Soude Poméon", "main_mode": "bus", "modes": ["bus"]}, "geometry": {"type": "Point", "coordinates": [5.403064, 43.242298]}}, {"type": "Feature", "properties": {"stop_id": "RTM-00001873", "stop_name": "Soude Poméon", "main_mode": "bus", "modes": ["bus"]}, "geometry": {"type": "Point", "coordinates": [5.402998, 43.242508]}}, {"type": "Feature", "properties": {"stop_id": "RTM-00001849", "stop_name": "Soude Réginensi", "main_mode": "bus", "modes": ["bus"]}, "geometry": {"type": "Point", "coordinates": [5.399607, 43.244705]}}, {"type": "Feature", "properties": {"stop_id": "RTM-00001874", "stop_name": "Soude Réginensi", "main_mode": "bus", "modes": ["bus"]}, "geometry": {"type": "Point", "coordinates": [5.400134, 43.244499]}}, {"type": "Feature", "properties": {"stop_id": "RTM-00000017", "stop_name": "St André", "main_mode": "bus", "modes": ["bus"]}, "geometry": {"type": "Point", "coordinates": [5.342835, 43.356813]}}, {"type": "Feature", "properties": {"stop_id": "RTM-00000035", "stop_name": "St André", "main_mode": "bus", "modes": ["bus"]}, "geometry": {"type": "Point", "coordinates": [5.343561, 43.356647]}}, {"type": "Feature", "properties": {"stop_id": "RTM-00000016", "stop_name": "St André PN", "main_mode": "bus", "modes": ["bus"]}, "geometry": {"type": "Point", "coordinates": [5.346657, 43.355641]}}, {"type": "Feature", "properties": {"stop_id": "RTM-00000036", "stop_name": "St André PN", "main_mode": "bus", "modes": ["bus"]}, "geometry": {"type": "Point", "coordinates": [5.345849, 43.355854]}}, {"type": "Feature", "properties": {"stop_id": "RTM-00000027", "stop_name": "St Antoine", "main_mode": "bus", "modes": ["bus"]}, "geometry": {"type": "Point", "coordinates": [5.354532, 43.373404]}}, {"type": "Feature", "properties": {"stop_id": "RTM-00004307", "stop_name": "St Antoine", "main_mode": "bus", "modes": ["bus"]}, "geometry": {"type": "Point", "coordinates": [5.354016, 43.373217]}}, {"type": "Feature", "properties": {"stop_id": "RTM-00004308", "stop_name": "St Antoine", "main_mode": "bus", "modes": ["bus"]}, "geometry": {"type": "Point", "coordinates": [5.353841, 43.373315]}}, {"type": "Feature", "properties": {"stop_id": "RTM-00004329", "stop_name": "St Antoine", "main_mode": "bus", "modes": ["bus"]}, "geometry": {"type": "Point", "coordinates": [5.353513, 43.373277]}}, {"type": "Feature", "properties": {"stop_id": "RTM-00003980", "stop_name": "St Antoine Collet", "main_mode": "bus", "modes": ["bus"]}, "geometry": {"type": "Point", "coordinates": [5.3558, 43.374298]}}, {"type": "Feature", "properties": {"stop_id": "RTM-00004012", "stop_name": "St Antoine Collet", "main_mode": "bus", "modes": ["bus"]}, "geometry": {"type": "Point", "coordinates": [5.355793, 43.3734]}}, {"type": "Feature", "properties": {"stop_id": "RTM-00003981", "stop_name": "St Antoine Mairie", "main_mode": "bus", "modes": ["bus"]}, "geometry": {"type": "Point", "coordinates": [5.356133, 43.375891]}}, {"type": "Feature", "properties": {"stop_id": "RTM-00004011", "stop_name": "St Antoine Mairie", "main_mode": "bus", "modes": ["bus"]}, "geometry": {"type": "Point", "coordinates": [5.356099, 43.376255]}}, {"type": "Feature", "properties": {"stop_id": "RTM-00003979", "stop_name": "St Antoine Village", "main_mode": "bus", "modes": ["bus"]}, "geometry": {"type": "Point", "coordinates": [5.35624, 43.371026]}}, {"type": "Feature", "properties": {"stop_id": "RTM-00004013", "stop_name": "St Antoine Village", "main_mode": "bus", "modes": ["bus"]}, "geometry": {"type": "Point", "coordinates": [5.35613, 43.370891]}}, {"type": "Feature", "properties": {"stop_id": "RTM-00000872", "stop_name": "St Barnabé Cauvin", "main_mode": "bus", "modes": ["bus"]}, "geometry": {"type": "Point", "coordinates": [5.41763842, 43.30379624]}}, {"type": "Feature", "properties": {"stop_id": "RTM-00000871", "stop_name": "St Barnabé La Croix", "main_mode": "bus", "modes": ["bus"]}, "geometry": {"type": "Point", "coordinates": [5.415107, 43.304157]}}, {"type": "Feature", "properties": {"stop_id": "RTM-00002714", "stop_name": "St Barnabé La Croix", "main_mode": "bus", "modes": ["bus"]}, "geometry": {"type": "Point", "coordinates": [5.414701, 43.303933]}}, {"type": "Feature", "properties": {"stop_id": "RTM-00000239", "stop_name": "St Cassien", "main_mode": "bus", "modes": ["bus"]}, "geometry": {"type": "Point", "coordinates": [5.363019, 43.320728]}}, {"type": "Feature", "properties": {"stop_id": "RTM-00000281", "stop_name": "St Cassien", "main_mode": "bus", "modes": ["bus"]}, "geometry": {"type": "Point", "coordinates": [5.362677, 43.320023]}}, {"type": "Feature", "properties": {"stop_id": "RTM-00001084", "stop_name": "St Giniez", "main_mode": "bus", "modes": ["bus"]}, "geometry": {"type": "Point", "coordinates": [5.38645506, 43.2707999]}}, {"type": "Feature", "properties": {"stop_id": "RTM-00001141", "stop_name": "St Giniez", "main_mode": "bus", "modes": ["bus"]}, "geometry": {"type": "Point", "coordinates": [5.386378, 43.270575]}}, {"type": "Feature", "properties": {"stop_id": "RTM-00000297", "stop_name": "St Henri", "main_mode": "bus", "modes": ["bus"]}, "geometry": {"type": "Point", "coordinates": [5.332264, 43.359476]}}, {"type": "Feature", "properties": {"stop_id": "RTM-00004432", "stop_name": "St Henri Chaîne", "main_mode": "bus", "modes": ["bus"]}, "geometry": {"type": "Point", "coordinates": [5.33417344, 43.35657461]}}, {"type": "Feature", "properties": {"stop_id": "RTM-00000119", "stop_name": "St Joseph", "main_mode": "bus", "modes": ["bus"]}, "geometry": {"type": "Point", "coordinates": [5.37875, 43.347206]}}, {"type": "Feature", "properties": {"stop_id": "RTM-00000126", "stop_name": "St Joseph", "main_mode": "bus", "modes": ["bus"]}, "geometry": {"type": "Point", "coordinates": [5.378219, 43.346211]}}, {"type": "Feature", "properties": {"stop_id": "RTM-00001961", "stop_name": "St Joseph Aiguier", "main_mode": "bus", "modes": ["bus"]}, "geometry": {"type": "Point", "coordinates": [5.414927, 43.251453]}}, {"type": "Feature", "properties": {"stop_id": "RTM-00001965", "stop_name": "St Joseph Aiguier", "main_mode": "bus", "modes": ["bus"]}, "geometry": {"type": "Point", "coordinates": [5.415113, 43.251482]}}, {"type": "Feature", "properties": {"stop_id": "RTM-00002001", "stop_name": "St Joseph Bon Pasteur", "main_mode": "bus", "modes": ["bus"]}, "geometry": {"type": "Point", "coordinates": [5.4192629, 43.2522817]}}, {"type": "Feature", "properties": {"stop_id": "RTM-00002004", "stop_name": "St Joseph Bon Pasteur", "main_mode": "bus", "modes": ["bus"]}, "geometry": {"type": "Point", "coordinates": [5.418741, 43.252164]}}, {"type": "Feature", "properties": {"stop_id": "RTM-00000120", "stop_name": "St Joseph Les Lions", "main_mode": "bus", "modes": ["bus"]}, "geometry": {"type": "Point", "coordinates": [5.375591, 43.349307]}}, {"type": "Feature", "properties": {"stop_id": "RTM-00000125", "stop_name": "St Joseph Les Lions", "main_mode": "bus", "modes": ["bus"]}, "geometry": {"type": "Point", "coordinates": [5.376078, 43.348329]}}, {"type": "Feature", "properties": {"stop_id": "RTM-00000988", "stop_name": "St Joseph Les Lions", "main_mode": "bus", "modes": ["bus"]}, "geometry": {"type": "Point", "coordinates": [5.376191, 43.348708]}}, {"type": "Feature", "properties": {"stop_id": "RTM-00000889", "stop_name": "St Julien", "main_mode": "bus", "modes": ["bus"]}, "geometry": {"type": "Point", "coordinates": [5.44738412, 43.31385168]}}, {"type": "Feature", "properties": {"stop_id": "RTM-00000890", "stop_name": "St Julien", "main_mode": "bus", "modes": ["bus"]}, "geometry": {"type": "Point", "coordinates": [5.447523, 43.314002]}}, {"type": "Feature", "properties": {"stop_id": "RTM-00001103", "stop_name": "St Just Achard", "main_mode": "bus", "modes": ["bus"]}, "geometry": {"type": "Point", "coordinates": [5.402496, 43.313499]}}, {"type": "Feature", "properties": {"stop_id": "RTM-00001122", "stop_name": "St Just Achard", "main_mode": "bus", "modes": ["bus"]}, "geometry": {"type": "Point", "coordinates": [5.402086, 43.313203]}}, {"type": "Feature", "properties": {"stop_id": "RTM-00001102", "stop_name": "St Just Ivaldi", "main_mode": "bus", "modes": ["bus"]}, "geometry": {"type": "Point", "coordinates": [5.401203, 43.311602]}}, {"type": "Feature", "properties": {"stop_id": "RTM-00001123", "stop_name": "St Just Ivaldi", "main_mode": "bus", "modes": ["bus"]}, "geometry": {"type": "Point", "coordinates": [5.400741, 43.311107]}}, {"type": "Feature", "properties": {"stop_id": "RTM-00001105", "stop_name": "St Just Raguse", "main_mode": "bus", "modes": ["bus"]}, "geometry": {"type": "Point", "coordinates": [5.405307, 43.317273]}}, {"type": "Feature", "properties": {"stop_id": "RTM-00001120", "stop_name": "St Just Raguse", "main_mode": "bus", "modes": ["bus"]}, "geometry": {"type": "Point", "coordinates": [5.404972, 43.317233]}}, {"type": "Feature", "properties": {"stop_id": "RTM-00001119", "stop_name": "St Just Vidal", "main_mode": "bus", "modes": ["bus"]}, "geometry": {"type": "Point", "coordinates": [5.408132, 43.319549]}}, {"type": "Feature", "properties": {"stop_id": "RTM-00004035", "stop_name": "St Jérôme Faculté", "main_mode": "bus", "modes": ["bus"]}, "geometry": {"type": "Point", "coordinates": [5.41004, 43.336542]}}, {"type": "Feature", "properties": {"stop_id": "RTM-00004041", "stop_name": "St Jérôme Faculté", "main_mode": "bus", "modes": ["bus"]}, "geometry": {"type": "Point", "coordinates": [5.410166, 43.336462]}}, {"type": "Feature", "properties": {"stop_id": "RTM-00004057", "stop_name": "St Jérôme Faculté", "main_mode": "bus", "modes": ["bus"]}, "geometry": {"type": "Point", "coordinates": [5.410157, 43.33658]}}, {"type": "Feature", "properties": {"stop_id": "RTM-00004060", "stop_name": "St Jérôme Faculté", "main_mode": "bus", "modes": ["bus"]}, "geometry": {"type": "Point", "coordinates": [5.410068, 43.336308]}}, {"type": "Feature", "properties": {"stop_id": "RTM-00002129", "stop_name": "St Jérôme IUT", "main_mode": "bus", "modes": ["bus"]}, "geometry": {"type": "Point", "coordinates": [5.41065469, 43.34130631]}}, {"type": "Feature", "properties": {"stop_id": "RTM-00002130", "stop_name": "St Jérôme IUT", "main_mode": "bus", "modes": ["bus"]}, "geometry": {"type": "Point", "coordinates": [5.411266, 43.340915]}}, {"type": "Feature", "properties": {"stop_id": "RTM-00004034", "stop_name": "St Jérôme IUT", "main_mode": "bus", "modes": ["bus"]}, "geometry": {"type": "Point", "coordinates": [5.409871, 43.340617]}}, {"type": "Feature", "properties": {"stop_id": "RTM-00004042", "stop_name": "St Jérôme IUT", "main_mode": "bus", "modes": ["bus"]}, "geometry": {"type": "Point", "coordinates": [5.409973, 43.340536]}}, {"type": "Feature", "properties": {"stop_id": "RTM-00004058", "stop_name": "St Jérôme IUT", "main_mode": "bus", "modes": ["bus"]}, "geometry": {"type": "Point", "coordinates": [5.409958, 43.340661]}}, {"type": "Feature", "properties": {"stop_id": "RTM-00004059", "stop_name": "St Jérôme IUT", "main_mode": "bus", "modes": ["bus"]}, "geometry": {"type": "Point", "coordinates": [5.409871, 43.340387]}}, {"type": "Feature", "properties": {"stop_id": "RTM-00000668", "stop_name": "St Jérôme Les Sereins", "main_mode": "bus", "modes": ["bus"]}, "geometry": {"type": "Point", "coordinates": [5.419873, 43.332458]}}, {"type": "Feature", "properties": {"stop_id": "RTM-00000714", "stop_name": "St Jérôme Les Sereins", "main_mode": "bus", "modes": ["bus"]}, "geometry": {"type": "Point", "coordinates": [5.419685, 43.332378]}}, {"type": "Feature", "properties": {"stop_id": "RTM-00003932", "stop_name": "St Jérôme Parking Relais", "main_mode": "bus", "modes": ["bus"]}, "geometry": {"type": "Point", "coordinates": [5.41043, 43.34301]}}, {"type": "Feature", "properties": {"stop_id": "RTM-00003933", "stop_name": "St Jérôme Parking Relais", "main_mode": "bus", "modes": ["bus"]}, "geometry": {"type": "Point", "coordinates": [5.410283, 43.342681]}}, {"type": "Feature", "properties": {"stop_id": "RTM-00004033", "stop_name": "St Jérôme Parking Relais", "main_mode": "bus", "modes": ["bus"]}, "geometry": {"type": "Point", "coordinates": [5.410308, 43.342866]}}, {"type": "Feature", "properties": {"stop_id": "RTM-00000667", "stop_name": "St Jérôme Pélabon", "main_mode": "bus", "modes": ["bus"]}, "geometry": {"type": "Point", "coordinates": [5.419333, 43.330954]}}, {"type": "Feature", "properties": {"stop_id": "RTM-00000715", "stop_name": "St Jérôme Pélabon", "main_mode": "bus", "modes": ["bus"]}, "geometry": {"type": "Point", "coordinates": [5.4191581, 43.33054222]}}, {"type": "Feature", "properties": {"stop_id": "RTM-00002570", "stop_name": "St Jérôme Susini", "main_mode": "bus", "modes": ["bus"]}, "geometry": {"type": "Point", "coordinates": [5.420329, 43.33384]}}, {"type": "Feature", "properties": {"stop_id": "RTM-00002572", "stop_name": "St Jérôme Susini", "main_mode": "bus", "modes": ["bus"]}, "geometry": {"type": "Point", "coordinates": [5.42021, 43.333906]}}, {"type": "Feature", "properties": {"stop_id": "RTM-00003970", "stop_name": "St Louis", "main_mode": "bus", "modes": ["bus"]}, "geometry": {"type": "Point", "coordinates": [5.35906823, 43.34802136]}}, {"type": "Feature", "properties": {"stop_id": "RTM-00004022", "stop_name": "St Louis", "main_mode": "bus", "modes": ["bus"]}, "geometry": {"type": "Point", "coordinates": [5.358966, 43.347995]}}, {"type": "Feature", "properties": {"stop_id": "RTM-00003971", "stop_name": "St Louis Camau", "main_mode": "bus", "modes": ["bus"]}, "geometry": {"type": "Point", "coordinates": [5.358887, 43.349924]}}, {"type": "Feature", "properties": {"stop_id": "RTM-00004021", "stop_name": "St Louis Camau", "main_mode": "bus", "modes": ["bus"]}, "geometry": {"type": "Point", "coordinates": [5.3587, 43.350257]}}, {"type": "Feature", "properties": {"stop_id": "RTM-00003967", "stop_name": "St Louis La Poste", "main_mode": "bus", "modes": ["bus"]}, "geometry": {"type": "Point", "coordinates": [5.360411, 43.34162]}}, {"type": "Feature", "properties": {"stop_id": "RTM-00004025", "stop_name": "St Louis La Poste", "main_mode": "bus", "modes": ["bus"]}, "geometry": {"type": "Point", "coordinates": [5.360576, 43.341127]}}, {"type": "Feature", "properties": {"stop_id": "RTM-00000991", "stop_name": "St Louis Picardie", "main_mode": "bus", "modes": ["bus"]}, "geometry": {"type": "Point", "coordinates": [5.368893, 43.347275]}}, {"type": "Feature", "properties": {"stop_id": "RTM-00001000", "stop_name": "St Louis Picardie", "main_mode": "bus", "modes": ["bus"]}, "geometry": {"type": "Point", "coordinates": [5.369283, 43.347202]}}, {"type": "Feature", "properties": {"stop_id": "RTM-00000012", "stop_name": "St Louis Rove", "main_mode": "bus", "modes": ["bus"]}, "geometry": {"type": "Point", "coordinates": [5.358466, 43.348007]}}, {"type": "Feature", "properties": {"stop_id": "RTM-00000040", "stop_name": "St Louis Rove", "main_mode": "bus", "modes": ["bus"]}, "geometry": {"type": "Point", "coordinates": [5.357659, 43.348253]}}, {"type": "Feature", "properties": {"stop_id": "RTM-00003969", "stop_name": "St Louis Susini", "main_mode": "bus", "modes": ["bus"]}, "geometry": {"type": "Point", "coordinates": [5.359283, 43.346169]}}, {"type": "Feature", "properties": {"stop_id": "RTM-00004023", "stop_name": "St Louis Susini", "main_mode": "bus", "modes": ["bus"]}, "geometry": {"type": "Point", "coordinates": [5.359201, 43.346098]}}, {"type": "Feature", "properties": {"stop_id": "RTM-00001627", "stop_name": "St Loup de Trets", "main_mode": "bus", "modes": ["bus"]}, "geometry": {"type": "Point", "coordinates": [5.435273, 43.283901]}}, {"type": "Feature", "properties": {"stop_id": "RTM-00001632", "stop_name": "St Loup de Trets", "main_mode": "bus", "modes": ["bus"]}, "geometry": {"type": "Point", "coordinates": [5.43533, 43.284006]}}, {"type": "Feature", "properties": {"stop_id": "RTM-00001275", "stop_name": "St Loup Eglise", "main_mode": "bus", "modes": ["bus"]}, "geometry": {"type": "Point", "coordinates": [5.430113, 43.282188]}}, {"type": "Feature", "properties": {"stop_id": "RTM-00001305", "stop_name": "St Loup Eglise", "main_mode": "bus", "modes": ["bus"]}, "geometry": {"type": "Point", "coordinates": [5.431093, 43.282572]}}, {"type": "Feature", "properties": {"stop_id": "RTM-00001325", "stop_name": "St Marcel", "main_mode": "bus", "modes": ["bus"]}, "geometry": {"type": "Point", "coordinates": [5.465658, 43.287314]}}, {"type": "Feature", "properties": {"stop_id": "RTM-00001376", "stop_name": "St Marcel", "main_mode": "bus", "modes": ["bus"]}, "geometry": {"type": "Point", "coordinates": [5.465047, 43.287635]}}, {"type": "Feature", "properties": {"stop_id": "RTM-00002604", "stop_name": "St Marcel Cavaillon", "main_mode": "bus", "modes": ["bus"]}, "geometry": {"type": "Point", "coordinates": [5.468159, 43.286429]}}, {"type": "Feature", "properties": {"stop_id": "RTM-00002606", "stop_name": "St Marcel Cavaillon", "main_mode": "bus", "modes": ["bus"]}, "geometry": {"type": "Point", "coordinates": [5.467788, 43.286644]}}, {"type": "Feature", "properties": {"stop_id": "RTM-00003519", "stop_name": "St Menet Buzine", "main_mode": "bus", "modes": ["bus"]}, "geometry": {"type": "Point", "coordinates": [5.494862, 43.292773]}}, {"type": "Feature", "properties": {"stop_id": "RTM-00003521", "stop_name": "St Menet La Buzine", "main_mode": "bus", "modes": ["bus"]}, "geometry": {"type": "Point", "coordinates": [5.493796, 43.293526]}}, {"type": "Feature", "properties": {"stop_id": "RTM-00003522", "stop_name": "St Menet Pompiers", "main_mode": "bus", "modes": ["bus"]}, "geometry": {"type": "Point", "coordinates": [5.496338, 43.289287]}}, {"type": "Feature", "properties": {"stop_id": "RTM-00003526", "stop_name": "St Menet Pompiers", "main_mode": "bus", "modes": ["bus"]}, "geometry": {"type": "Point", "coordinates": [5.495701, 43.289728]}}, {"type": "Feature", "properties": {"stop_id": "RTM-00003523", "stop_name": "St Menet Village", "main_mode": "bus", "modes": ["bus"]}, "geometry": {"type": "Point", "coordinates": [5.499486, 43.288477]}}, {"type": "Feature", "properties": {"stop_id": "RTM-00003525", "stop_name": "St Menet Village", "main_mode": "bus", "modes": ["bus"]}, "geometry": {"type": "Point", "coordinates": [5.499749, 43.288579]}}, {"type": "Feature", "properties": {"stop_id": "RTM-00000672", "stop_name": "St Mitre", "main_mode": "bus", "modes": ["bus"]}, "geometry": {"type": "Point", "coordinates": [5.42039, 43.342509]}}, {"type": "Feature", "properties": {"stop_id": "RTM-00000709", "stop_name": "St Mitre", "main_mode": "bus", "modes": ["bus"]}, "geometry": {"type": "Point", "coordinates": [5.42025, 43.342661]}}, {"type": "Feature", "properties": {"stop_id": "RTM-00001071", "stop_name": "St Mitre", "main_mode": "bus", "modes": ["bus"]}, "geometry": {"type": "Point", "coordinates": [5.419277, 43.34258]}}, {"type": "Feature", "properties": {"stop_id": "RTM-00004556", "stop_name": "St Mitre", "main_mode": "bus", "modes": ["bus"]}, "geometry": {"type": "Point", "coordinates": [5.41891158, 43.34259117]}}, {"type": "Feature", "properties": {"stop_id": "RTM-00000710", "stop_name": "St Mitre Ecoles", "main_mode": "bus", "modes": ["bus"]}, "geometry": {"type": "Point", "coordinates": [5.419878, 43.34119]}}, {"type": "Feature", "properties": {"stop_id": "RTM-00003327", "stop_name": "St Mitre Ecoles", "main_mode": "bus", "modes": ["bus"]}, "geometry": {"type": "Point", "coordinates": [5.420005, 43.340581]}}, {"type": "Feature", "properties": {"stop_id": "RTM-00004554", "stop_name": "St Mitre Eglise", "main_mode": "bus", "modes": ["bus"]}, "geometry": {"type": "Point", "coordinates": [5.41616473, 43.34531858]}}, {"type": "Feature", "properties": {"stop_id": "RTM-00004555", "stop_name": "St Mitre Eglise", "main_mode": "bus", "modes": ["bus"]}, "geometry": {"type": "Point", "coordinates": [5.41620281, 43.34497331]}}, {"type": "Feature", "properties": {"stop_id": "RTM-00001073", "stop_name": "St Mitre Party", "main_mode": "bus", "modes": ["bus"]}, "geometry": {"type": "Point", "coordinates": [5.415938, 43.34681]}}, {"type": "Feature", "properties": {"stop_id": "RTM-00001080", "stop_name": "St Mitre Party", "main_mode": "bus", "modes": ["bus"]}, "geometry": {"type": "Point", "coordinates": [5.41577, 43.347144]}}, {"type": "Feature", "properties": {"stop_id": "RTM-00003091", "stop_name": "St Pierre", "main_mode": "bus", "modes": ["bus"]}, "geometry": {"type": "Point", "coordinates": [5.41402143, 43.2916815]}}, {"type": "Feature", "properties": {"stop_id": "RTM-00003092", "stop_name": "St Pierre", "main_mode": "bus", "modes": ["bus"]}, "geometry": {"type": "Point", "coordinates": [5.41370723, 43.29176736]}}, {"type": "Feature", "properties": {"stop_id": "RTM-00001232", "stop_name": "St Pierre Godchot", "main_mode": "bus", "modes": ["bus"]}, "geometry": {"type": "Point", "coordinates": [5.407186, 43.291692]}}, {"type": "Feature", "properties": {"stop_id": "RTM-00001251", "stop_name": "St Pierre Godchot", "main_mode": "bus", "modes": ["bus"]}, "geometry": {"type": "Point", "coordinates": [5.405664, 43.291602]}}, {"type": "Feature", "properties": {"stop_id": "RTM-00001159", "stop_name": "St Pierre Jeannette", "main_mode": "bus", "modes": ["bus"]}, "geometry": {"type": "Point", "coordinates": [5.422908, 43.290578]}}, {"type": "Feature", "properties": {"stop_id": "RTM-00001211", "stop_name": "St Pierre Jeannette", "main_mode": "bus", "modes": ["bus"]}, "geometry": {"type": "Point", "coordinates": [5.422104, 43.290628]}}, {"type": "Feature", "properties": {"stop_id": "RTM-00001158", "stop_name": "St Pierre Petite Porte", "main_mode": "bus", "modes": ["bus"]}, "geometry": {"type": "Point", "coordinates": [5.419831, 43.290436]}}, {"type": "Feature", "properties": {"stop_id": "RTM-00001212", "stop_name": "St Pierre Petite Porte", "main_mode": "bus", "modes": ["bus"]}, "geometry": {"type": "Point", "coordinates": [5.420211, 43.290547]}}, {"type": "Feature", "properties": {"stop_id": "RTM-00001233", "stop_name": "St Pierre Ste Thérèse", "main_mode": "bus", "modes": ["bus"]}, "geometry": {"type": "Point", "coordinates": [5.410451, 43.291535]}}, {"type": "Feature", "properties": {"stop_id": "RTM-00001250", "stop_name": "St Pierre Ste Thérèse", "main_mode": "bus", "modes": ["bus"]}, "geometry": {"type": "Point", "coordinates": [5.408667, 43.29182]}}, {"type": "Feature", "properties": {"stop_id": "RTM-00001534", "stop_name": "St Savournin Barbaroux", "main_mode": "bus", "modes": ["bus"]}, "geometry": {"type": "Point", "coordinates": [5.38774252, 43.2980261]}}, {"type": "Feature", "properties": {"stop_id": "RTM-00001278", "stop_name": "St Thys", "main_mode": "bus", "modes": ["bus"]}, "geometry": {"type": "Point", "coordinates": [5.439237, 43.281077]}}, {"type": "Feature", "properties": {"stop_id": "RTM-00001302", "stop_name": "St Thys", "main_mode": "bus", "modes": ["bus"]}, "geometry": {"type": "Point", "coordinates": [5.439107, 43.281196]}}, {"type": "Feature", "properties": {"stop_id": "RTM-00001283", "stop_name": "Stade Coder", "main_mode": "bus", "modes": ["bus"]}, "geometry": {"type": "Point", "coordinates": [5.448144, 43.287467]}}, {"type": "Feature", "properties": {"stop_id": "RTM-00001296", "stop_name": "Stade Coder", "main_mode": "bus", "modes": ["bus"]}, "geometry": {"type": "Point", "coordinates": [5.446708, 43.287347]}}, {"type": "Feature", "properties": {"stop_id": "RTM-00001028", "stop_name": "Stade de Malpassé", "main_mode": "bus", "modes": ["bus"]}, "geometry": {"type": "Point", "coordinates": [5.41383, 43.328458]}}, {"type": "Feature", "properties": {"stop_id": "RTM-00001050", "stop_name": "Stade de Malpassé", "main_mode": "bus", "modes": ["bus"]}, "geometry": {"type": "Point", "coordinates": [5.413688, 43.328433]}}, {"type": "Feature", "properties": {"stop_id": "RTM-00000674", "stop_name": "Stade Mallet", "main_mode": "bus", "modes": ["bus"]}, "geometry": {"type": "Point", "coordinates": [5.42778991, 43.34693252]}}, {"type": "Feature", "properties": {"stop_id": "RTM-00000707", "stop_name": "Stade Mallet", "main_mode": "bus", "modes": ["bus"]}, "geometry": {"type": "Point", "coordinates": [5.42705774, 43.34677374]}}, {"type": "Feature", "properties": {"stop_id": "RTM-00001716", "stop_name": "Stade Michelier Montredon", "main_mode": "bus", "modes": ["bus"]}, "geometry": {"type": "Point", "coordinates": [5.357928, 43.233491]}}, {"type": "Feature", "properties": {"stop_id": "RTM-00001720", "stop_name": "Stade Michelier Montredon", "main_mode": "bus", "modes": ["bus"]}, "geometry": {"type": "Point", "coordinates": [5.35799956, 43.23343591]}}, {"type": "Feature", "properties": {"stop_id": "RTM-00002069", "stop_name": "Stade Nautique", "main_mode": "bus", "modes": ["bus"]}, "geometry": {"type": "Point", "coordinates": [5.37298117, 43.2655303]}}, {"type": "Feature", "properties": {"stop_id": "RTM-00002072", "stop_name": "Stade Nautique", "main_mode": "bus", "modes": ["bus"]}, "geometry": {"type": "Point", "coordinates": [5.37292883, 43.2661429]}}, {"type": "Feature", "properties": {"stop_id": "RTM-00002019", "stop_name": "Stade Vallier", "main_mode": "bus", "modes": ["bus"]}, "geometry": {"type": "Point", "coordinates": [5.40066906, 43.300141]}}, {"type": "Feature", "properties": {"stop_id": "RTM-00002034", "stop_name": "Stade Vallier", "main_mode": "bus", "modes": ["bus"]}, "geometry": {"type": "Point", "coordinates": [5.40087561, 43.3004861]}}, {"type": "Feature", "properties": {"stop_id": "RTM-00003861", "stop_name": "Stade Vallier", "main_mode": "bus", "modes": ["bus"]}, "geometry": {"type": "Point", "coordinates": [5.400309, 43.299988]}}, {"type": "Feature", "properties": {"stop_id": "RTM-00001799", "stop_name": "Ste Anne", "main_mode": "bus", "modes": ["bus"]}, "geometry": {"type": "Point", "coordinates": [5.393993, 43.256668]}}, {"type": "Feature", "properties": {"stop_id": "RTM-00001827", "stop_name": "Ste Anne", "main_mode": "bus", "modes": ["bus"]}, "geometry": {"type": "Point", "coordinates": [5.394589, 43.256647]}}, {"type": "Feature", "properties": {"stop_id": "RTM-00001881", "stop_name": "Ste Anne", "main_mode": "bus", "modes": ["bus"]}, "geometry": {"type": "Point", "coordinates": [5.39421, 43.256971]}}, {"type": "Feature", "properties": {"stop_id": "RTM-00001800", "stop_name": "Ste Anne Haïfa", "main_mode": "bus", "modes": ["bus"]}, "geometry": {"type": "Point", "coordinates": [5.3941, 43.254676]}}, {"type": "Feature", "properties": {"stop_id": "RTM-00001826", "stop_name": "Ste Anne Haïfa", "main_mode": "bus", "modes": ["bus"]}, "geometry": {"type": "Point", "coordinates": [5.394352, 43.25452426]}}, {"type": "Feature", "properties": {"stop_id": "RTM-00001889", "stop_name": "Ste Marguerite", "main_mode": "bus", "modes": ["bus"]}, "geometry": {"type": "Point", "coordinates": [5.406417, 43.268173]}}, {"type": "Feature", "properties": {"stop_id": "RTM-00001912", "stop_name": "Ste Marguerite", "main_mode": "bus", "modes": ["bus"]}, "geometry": {"type": "Point", "coordinates": [5.405712, 43.268386]}}, {"type": "Feature", "properties": {"stop_id": "RTM-00002880", "stop_name": "Ste Marguerite Vauthier", "main_mode": "bus", "modes": ["bus"]}, "geometry": {"type": "Point", "coordinates": [5.408474, 43.266206]}}, {"type": "Feature", "properties": {"stop_id": "RTM-00004552", "stop_name": "Ste Marguerite Vauthier", "main_mode": "bus", "modes": ["bus"]}, "geometry": {"type": "Point", "coordinates": [5.40834378, 43.26623553]}}, {"type": "Feature", "properties": {"stop_id": "RTM-00000114", "stop_name": "Ste Marthe", "main_mode": "bus", "modes": ["bus"]}, "geometry": {"type": "Point", "coordinates": [5.391395, 43.338767]}}, {"type": "Feature", "properties": {"stop_id": "RTM-00000132", "stop_name": "Ste Marthe", "main_mode": "bus", "modes": ["bus"]}, "geometry": {"type": "Point", "coordinates": [5.3914, 43.338656]}}, {"type": "Feature", "properties": {"stop_id": "RTM-00000987", "stop_name": "Ste Marthe", "main_mode": "bus", "modes": ["bus"]}, "geometry": {"type": "Point", "coordinates": [5.391686, 43.339337]}}, {"type": "Feature", "properties": {"stop_id": "RTM-00001003", "stop_name": "Ste Marthe", "main_mode": "bus", "modes": ["bus"]}, "geometry": {"type": "Point", "coordinates": [5.392048, 43.339046]}}, {"type": "Feature", "properties": {"stop_id": "RTM-00000214", "stop_name": "Ste Marthe Bougie", "main_mode": "bus", "modes": ["bus"]}, "geometry": {"type": "Point", "coordinates": [5.389493, 43.322708]}}, {"type": "Feature", "properties": {"stop_id": "RTM-00000215", "stop_name": "Ste Marthe Bougie", "main_mode": "bus", "modes": ["bus"]}, "geometry": {"type": "Point", "coordinates": [5.389425, 43.321552]}}, {"type": "Feature", "properties": {"stop_id": "RTM-00000213", "stop_name": "Ste Marthe Colonel", "main_mode": "bus", "modes": ["bus"]}, "geometry": {"type": "Point", "coordinates": [5.390157, 43.31941]}}, {"type": "Feature", "properties": {"stop_id": "RTM-00000216", "stop_name": "Ste Marthe Colonel", "main_mode": "bus", "modes": ["bus"]}, "geometry": {"type": "Point", "coordinates": [5.390044, 43.31938]}}, {"type": "Feature", "properties": {"stop_id": "RTM-00000112", "stop_name": "Ste Marthe Jourdan", "main_mode": "bus", "modes": ["bus"]}, "geometry": {"type": "Point", "coordinates": [5.390744, 43.333572]}}, {"type": "Feature", "properties": {"stop_id": "RTM-00000134", "stop_name": "Ste Marthe Jourdan", "main_mode": "bus", "modes": ["bus"]}, "geometry": {"type": "Point", "coordinates": [5.390201, 43.332883]}}, {"type": "Feature", "properties": {"stop_id": "RTM-00000113", "stop_name": "Ste Marthe Peupliers", "main_mode": "bus", "modes": ["bus"]}, "geometry": {"type": "Point", "coordinates": [5.392197, 43.336384]}}, {"type": "Feature", "properties": {"stop_id": "RTM-00000133", "stop_name": "Ste Marthe Peupliers", "main_mode": "bus", "modes": ["bus"]}, "geometry": {"type": "Point", "coordinates": [5.392033, 43.336637]}}, {"type": "Feature", "properties": {"stop_id": "RTM-00003156", "stop_name": "Ste Marthe Vert Bois", "main_mode": "bus", "modes": ["bus"]}, "geometry": {"type": "Point", "coordinates": [5.39146, 43.334974]}}, {"type": "Feature", "properties": {"stop_id": "RTM-00004251", "stop_name": "Ste Trinité", "main_mode": "bus", "modes": ["bus"]}, "geometry": {"type": "Point", "coordinates": [5.40637046, 43.24782857]}}, {"type": "Feature", "properties": {"stop_id": "RTM-00004252", "stop_name": "Ste Trinité", "main_mode": "bus", "modes": ["bus"]}, "geometry": {"type": "Point", "coordinates": [5.40648848, 43.24787741]}}, {"type": "Feature", "properties": {"stop_id": "RTM-00000452", "stop_name": "Strasbourg", "main_mode": "bus", "modes": ["bus"]}, "geometry": {"type": "Point", "coordinates": [5.379296, 43.309424]}}, {"type": "Feature", "properties": {"stop_id": "RTM-00000450", "stop_name": "Strasbourg Amiens", "main_mode": "bus", "modes": ["bus"]}, "geometry": {"type": "Point", "coordinates": [5.37501, 43.306909]}}, {"type": "Feature", "properties": {"stop_id": "RTM-00000451", "stop_name": "Strasbourg Desaix", "main_mode": "bus", "modes": ["bus"]}, "geometry": {"type": "Point", "coordinates": [5.376326, 43.307798]}}, {"type": "Feature", "properties": {"stop_id": "RTM-00000459", "stop_name": "Strasbourg Desaix", "main_mode": "bus", "modes": ["bus"]}, "geometry": {"type": "Point", "coordinates": [5.376943, 43.308267]}}, {"type": "Feature", "properties": {"stop_id": "RTM-00002128", "stop_name": "Susini Marie Louise", "main_mode": "bus", "modes": ["bus"]}, "geometry": {"type": "Point", "coordinates": [5.413652, 43.339806]}}, {"type": "Feature", "properties": {"stop_id": "RTM-00002131", "stop_name": "Susini Marie Louise", "main_mode": "bus", "modes": ["bus"]}, "geometry": {"type": "Point", "coordinates": [5.4135393, 43.33975249]}}, {"type": "Feature", "properties": {"stop_id": "RTM-00004717", "stop_name": "Sévigné", "main_mode": "bus", "modes": ["bus"]}, "geometry": {"type": "Point", "coordinates": [5.417568, 43.32823551]}}, {"type": "Feature", "properties": {"stop_id": "RTM-00004724", "stop_name": "Sévigné", "main_mode": "bus", "modes": ["bus"]}, "geometry": {"type": "Point", "coordinates": [5.41746553, 43.32842057]}}, {"type": "Feature", "properties": {"stop_id": "RTM-00000677", "stop_name": "Tastevin", "main_mode": "bus", "modes": ["bus"]}, "geometry": {"type": "Point", "coordinates": [5.431755, 43.350065]}}, {"type": "Feature", "properties": {"stop_id": "RTM-00000704", "stop_name": "Tastevin", "main_mode": "bus", "modes": ["bus"]}, "geometry": {"type": "Point", "coordinates": [5.43147, 43.349853]}}, {"type": "Feature", "properties": {"stop_id": "RTM-00004046", "stop_name": "Technopôle Centrale Med", "main_mode": "bus", "modes": ["bus"]}, "geometry": {"type": "Point", "coordinates": [5.436608, 43.342404]}}, {"type": "Feature", "properties": {"stop_id": "RTM-00004051", "stop_name": "Technopôle Centrale Med", "main_mode": "bus", "modes": ["bus"]}, "geometry": {"type": "Point", "coordinates": [5.436517, 43.342314]}}, {"type": "Feature", "properties": {"stop_id": "RTM-00004048", "stop_name": "Technopôle de Château Gombert", "main_mode": "bus", "modes": ["bus"]}, "geometry": {"type": "Point", "coordinates": [5.439252, 43.344884]}}, {"type": "Feature", "properties": {"stop_id": "RTM-00004049", "stop_name": "Technopôle de Château Gombert", "main_mode": "bus", "modes": ["bus"]}, "geometry": {"type": "Point", "coordinates": [5.43911085, 43.34483412]}}, {"type": "Feature", "properties": {"stop_id": "RTM-00004047", "stop_name": "Technopôle Polytech Marseille", "main_mode": "bus", "modes": ["bus"]}, "geometry": {"type": "Point", "coordinates": [5.43706298, 43.34446838]}}, {"type": "Feature", "properties": {"stop_id": "RTM-00004050", "stop_name": "Technopôle Polytech Marseille", "main_mode": "bus", "modes": ["bus"]}, "geometry": {"type": "Point", "coordinates": [5.43681622, 43.34459322]}}, {"type": "Feature", "properties": {"stop_id": "RTM-00003142", "stop_name": "Teisseire Montfuron", "main_mode": "bus", "modes": ["bus"]}, "geometry": {"type": "Point", "coordinates": [5.398987, 43.273097]}}, {"type": "Feature", "properties": {"stop_id": "RTM-00004604", "stop_name": "Teisseire Montfuron", "main_mode": "bus", "modes": ["bus"]}, "geometry": {"type": "Point", "coordinates": [5.3990869, 43.2732625]}}, {"type": "Feature", "properties": {"stop_id": "RTM-00003143", "stop_name": "Teisseire Palais des Sports", "main_mode": "bus", "modes": ["bus"]}, "geometry": {"type": "Point", "coordinates": [5.400485, 43.270619]}}, {"type": "Feature", "properties": {"stop_id": "RTM-00004603", "stop_name": "Teisseire Palais des Sports", "main_mode": "bus", "modes": ["bus"]}, "geometry": {"type": "Point", "coordinates": [5.40089832, 43.27027423]}}, {"type": "Feature", "properties": {"stop_id": "RTM-00003141", "stop_name": "Teisseire Rabatau", "main_mode": "bus", "modes": ["bus"]}, "geometry": {"type": "Point", "coordinates": [5.396478, 43.274951]}}, {"type": "Feature", "properties": {"stop_id": "RTM-00004605", "stop_name": "Teisseire Rabatau", "main_mode": "bus", "modes": ["bus"]}, "geometry": {"type": "Point", "coordinates": [5.39682016, 43.2749544]}}, {"type": "Feature", "properties": {"stop_id": "RTM-00001424", "stop_name": "Tellène Chantecler", "main_mode": "bus", "modes": ["bus"]}, "geometry": {"type": "Point", "coordinates": [5.367044, 43.28612]}}, {"type": "Feature", "properties": {"stop_id": "RTM-00001438", "stop_name": "Tellène Chantecler", "main_mode": "bus", "modes": ["bus"]}, "geometry": {"type": "Point", "coordinates": [5.3669821, 43.28695582]}}, {"type": "Feature", "properties": {"stop_id": "RTM-00001426", "stop_name": "Tellène Valentin", "main_mode": "bus", "modes": ["bus"]}, "geometry": {"type": "Point", "coordinates": [5.36758491, 43.28440417]}}, {"type": "Feature", "properties": {"stop_id": "RTM-00001436", "stop_name": "Tellène Valentin", "main_mode": "bus", "modes": ["bus"]}, "geometry": {"type": "Point", "coordinates": [5.368016, 43.284346]}}, {"type": "Feature", "properties": {"stop_id": "RTM-00000246", "stop_name": "Terminal Croisières", "main_mode": "bus", "modes": ["bus"]}, "geometry": {"type": "Point", "coordinates": [5.34903477, 43.33891637]}}, {"type": "Feature", "properties": {"stop_id": "RTM-00000275", "stop_name": "Terminal Croisières", "main_mode": "bus", "modes": ["bus"]}, "geometry": {"type": "Point", "coordinates": [5.348119, 43.338976]}}, {"type": "Feature", "properties": {"stop_id": "RTM-00004289", "stop_name": "Terminal Croisières", "main_mode": "bus", "modes": ["bus"]}, "geometry": {"type": "Point", "coordinates": [5.346588, 43.340345]}}, {"type": "Feature", "properties": {"stop_id": "RTM-00004290", "stop_name": "Terminal Croisières", "main_mode": "bus", "modes": ["bus"]}, "geometry": {"type": "Point", "coordinates": [5.346024, 43.340106]}}, {"type": "Feature", "properties": {"stop_id": "RTM-00004506", "stop_name": "Terminal Maghreb", "main_mode": "bus", "modes": ["bus"]}, "geometry": {"type": "Point", "coordinates": [5.34914347, 43.33724736]}}, {"type": "Feature", "properties": {"stop_id": "RTM-00004507", "stop_name": "Terminal Maghreb", "main_mode": "bus", "modes": ["bus"]}, "geometry": {"type": "Point", "coordinates": [5.34917029, 43.33705657]}}, {"type": "Feature", "properties": {"stop_id": "RTM-00001859", "stop_name": "Terrasses de Sormiou", "main_mode": "bus", "modes": ["bus"]}, "geometry": {"type": "Point", "coordinates": [5.40251, 43.232005]}}, {"type": "Feature", "properties": {"stop_id": "RTM-00001864", "stop_name": "Terrasses de Sormiou", "main_mode": "bus", "modes": ["bus"]}, "geometry": {"type": "Point", "coordinates": [5.402268, 43.232039]}}, {"type": "Feature", "properties": {"stop_id": "RTM-00004083", "stop_name": "Terrasses du Port", "main_mode": "bus", "modes": ["bus"]}, "geometry": {"type": "Point", "coordinates": [5.365631, 43.305754]}}, {"type": "Feature", "properties": {"stop_id": "RTM-00004087", "stop_name": "Terrasses du Port", "main_mode": "bus", "modes": ["bus"]}, "geometry": {"type": "Point", "coordinates": [5.3656143, 43.30663426]}}, {"type": "Feature", "properties": {"stop_id": "RTM-00000982", "stop_name": "Théâtre du Merlan", "main_mode": "bus", "modes": ["bus"]}, "geometry": {"type": "Point", "coordinates": [5.3983587, 43.33074624]}}, {"type": "Feature", "properties": {"stop_id": "RTM-00001007", "stop_name": "Théâtre du Merlan", "main_mode": "bus", "modes": ["bus"]}, "geometry": {"type": "Point", "coordinates": [5.397993, 43.330481]}}, {"type": "Feature", "properties": {"stop_id": "RTM-00004713", "stop_name": "Théâtre du Merlan", "main_mode": "bus", "modes": ["bus"]}, "geometry": {"type": "Point", "coordinates": [5.39749246, 43.32995357]}}, {"type": "Feature", "properties": {"stop_id": "RTM-00004728", "stop_name": "Théâtre du Merlan", "main_mode": "bus", "modes": ["bus"]}, "geometry": {"type": "Point", "coordinates": [5.39732199, 43.33017388]}}, {"type": "Feature", "properties": {"stop_id": "RTM-00002054", "stop_name": "Théâtre La Criée", "main_mode": "bus", "modes": ["bus"]}, "geometry": {"type": "Point", "coordinates": [5.36646757, 43.2925286]}}, {"type": "Feature", "properties": {"stop_id": "RTM-00002088", "stop_name": "Théâtre La Criée", "main_mode": "bus", "modes": ["bus"]}, "geometry": {"type": "Point", "coordinates": [5.36756931, 43.29262663]}}, {"type": "Feature", "properties": {"stop_id": "RTM-00001709", "stop_name": "Tiboulen", "main_mode": "bus", "modes": ["bus"]}, "geometry": {"type": "Point", "coordinates": [5.372899, 43.245219]}}, {"type": "Feature", "properties": {"stop_id": "RTM-00001727", "stop_name": "Tiboulen", "main_mode": "bus", "modes": ["bus"]}, "geometry": {"type": "Point", "coordinates": [5.373677, 43.24587]}}, {"type": "Feature", "properties": {"stop_id": "RTM-00001586", "stop_name": "Timone Belvédère", "main_mode": "bus", "modes": ["bus"]}, "geometry": {"type": "Point", "coordinates": [5.409682, 43.286538]}}, {"type": "Feature", "properties": {"stop_id": "RTM-00001614", "stop_name": "Timone Belvédère", "main_mode": "bus", "modes": ["bus"]}, "geometry": {"type": "Point", "coordinates": [5.411075, 43.286794]}}, {"type": "Feature", "properties": {"stop_id": "RTM-00001583", "stop_name": "Timone Gabriel Marie", "main_mode": "bus", "modes": ["bus"]}, "geometry": {"type": "Point", "coordinates": [5.401975, 43.285635]}}, {"type": "Feature", "properties": {"stop_id": "RTM-00001582", "stop_name": "Timone Gorde", "main_mode": "bus", "modes": ["bus"]}, "geometry": {"type": "Point", "coordinates": [5.399319, 43.285365]}}, {"type": "Feature", "properties": {"stop_id": "RTM-00001585", "stop_name": "Timone Hilarion Boeuf", "main_mode": "bus", "modes": ["bus"]}, "geometry": {"type": "Point", "coordinates": [5.407694, 43.286317]}}, {"type": "Feature", "properties": {"stop_id": "RTM-00001615", "stop_name": "Timone Hilarion Boeuf", "main_mode": "bus", "modes": ["bus"]}, "geometry": {"type": "Point", "coordinates": [5.406919, 43.286298]}}, {"type": "Feature", "properties": {"stop_id": "RTM-00000335", "stop_name": "Tir La Busserine", "main_mode": "bus", "modes": ["bus"]}, "geometry": {"type": "Point", "coordinates": [5.39662989, 43.33333737]}}, {"type": "Feature", "properties": {"stop_id": "RTM-00000363", "stop_name": "Tir La Busserine", "main_mode": "bus", "modes": ["bus"]}, "geometry": {"type": "Point", "coordinates": [5.395759, 43.33377]}}, {"type": "Feature", "properties": {"stop_id": "RTM-00000336", "stop_name": "Tir Le Mail", "main_mode": "bus", "modes": ["bus"]}, "geometry": {"type": "Point", "coordinates": [5.39861342, 43.33317]}}, {"type": "Feature", "properties": {"stop_id": "RTM-00000362", "stop_name": "Tir Le Mail", "main_mode": "bus", "modes": ["bus"]}, "geometry": {"type": "Point", "coordinates": [5.39806, 43.333278]}}, {"type": "Feature", "properties": {"stop_id": "RTM-00000547", "stop_name": "Tisseron Arnavaux", "main_mode": "bus", "modes": ["bus"]}, "geometry": {"type": "Point", "coordinates": [5.378646, 43.333166]}}, {"type": "Feature", "properties": {"stop_id": "RTM-00001760", "stop_name": "Tomasi", "main_mode": "bus", "modes": ["bus"]}, "geometry": {"type": "Point", "coordinates": [5.41163027, 43.24544499]}}, {"type": "Feature", "properties": {"stop_id": "RTM-00001779", "stop_name": "Tomasi", "main_mode": "bus", "modes": ["bus"]}, "geometry": {"type": "Point", "coordinates": [5.41153908, 43.24554073]}}, {"type": "Feature", "properties": {"stop_id": "RTM-00001318", "stop_name": "Toulon Delphes", "main_mode": "bus", "modes": ["bus"]}, "geometry": {"type": "Point", "coordinates": [5.388818, 43.285259]}}, {"type": "Feature", "properties": {"stop_id": "RTM-00004101", "stop_name": "Toulon Delphes", "main_mode": "bus", "modes": ["bus"]}, "geometry": {"type": "Point", "coordinates": [5.387361, 43.285465]}}, {"type": "Feature", "properties": {"stop_id": "RTM-00001265", "stop_name": "Toulon Galinat", "main_mode": "bus", "modes": ["bus"]}, "geometry": {"type": "Point", "coordinates": [5.397765, 43.283355]}}, {"type": "Feature", "properties": {"stop_id": "RTM-00001315", "stop_name": "Toulon Galinat", "main_mode": "bus", "modes": ["bus"]}, "geometry": {"type": "Point", "coordinates": [5.39702, 43.283503]}}, {"type": "Feature", "properties": {"stop_id": "RTM-00001264", "stop_name": "Toulon Hébert", "main_mode": "bus", "modes": ["bus"]}, "geometry": {"type": "Point", "coordinates": [5.395538, 43.284389]}}, {"type": "Feature", "properties": {"stop_id": "RTM-00001316", "stop_name": "Toulon Hébert", "main_mode": "bus", "modes": ["bus"]}, "geometry": {"type": "Point", "coordinates": [5.395476, 43.284585]}}, {"type": "Feature", "properties": {"stop_id": "RTM-00001263", "stop_name": "Toulon Isly", "main_mode": "bus", "modes": ["bus"]}, "geometry": {"type": "Point", "coordinates": [5.392433, 43.284666]}}, {"type": "Feature", "properties": {"stop_id": "RTM-00001317", "stop_name": "Toulon Isly", "main_mode": "bus", "modes": ["bus"]}, "geometry": {"type": "Point", "coordinates": [5.392774, 43.28483]}}, {"type": "Feature", "properties": {"stop_id": "RTM-00000117", "stop_name": "Tour Sainte", "main_mode": "bus", "modes": ["bus"]}, "geometry": {"type": "Point", "coordinates": [5.384702, 43.344059]}}, {"type": "Feature", "properties": {"stop_id": "RTM-00000129", "stop_name": "Tour Sainte", "main_mode": "bus", "modes": ["bus"]}, "geometry": {"type": "Point", "coordinates": [5.384809, 43.343811]}}, {"type": "Feature", "properties": {"stop_id": "RTM-00000441", "stop_name": "Tourette Cathédrale", "main_mode": "bus", "modes": ["bus"]}, "geometry": {"type": "Point", "coordinates": [5.36442124, 43.29802771]}}, {"type": "Feature", "properties": {"stop_id": "RTM-00003043", "stop_name": "Transformateur", "main_mode": "bus", "modes": ["bus"]}, "geometry": {"type": "Point", "coordinates": [5.352432, 43.396086]}}, {"type": "Feature", "properties": {"stop_id": "RTM-00003046", "stop_name": "Transformateur", "main_mode": "bus", "modes": ["bus"]}, "geometry": {"type": "Point", "coordinates": [5.351942, 43.395584]}}, {"type": "Feature", "properties": {"stop_id": "RTM-00000155", "stop_name": "Traverse de l'Oasis", "main_mode": "bus", "modes": ["bus"]}, "geometry": {"type": "Point", "coordinates": [5.36633, 43.348905]}}, {"type": "Feature", "properties": {"stop_id": "RTM-00000181", "stop_name": "Traverse de l'Oasis", "main_mode": "bus", "modes": ["bus"]}, "geometry": {"type": "Point", "coordinates": [5.366434, 43.348446]}}, {"type": "Feature", "properties": {"stop_id": "RTM-00000022", "stop_name": "Traverse de la Barre", "main_mode": "bus", "modes": ["bus"]}, "geometry": {"type": "Point", "coordinates": [5.344758, 43.368535]}}, {"type": "Feature", "properties": {"stop_id": "RTM-00000031", "stop_name": "Traverse de la Barre", "main_mode": "bus", "modes": ["bus"]}, "geometry": {"type": "Point", "coordinates": [5.344573, 43.368588]}}, {"type": "Feature", "properties": {"stop_id": "RTM-00003688", "stop_name": "Traverse de la Buzine", "main_mode": "bus", "modes": ["bus"]}, "geometry": {"type": "Point", "coordinates": [5.49716, 43.294014]}}, {"type": "Feature", "properties": {"stop_id": "RTM-00002996", "stop_name": "Traverse des Fraises", "main_mode": "bus", "modes": ["bus"]}, "geometry": {"type": "Point", "coordinates": [5.35034845, 43.3828353]}}, {"type": "Feature", "properties": {"stop_id": "RTM-00003000", "stop_name": "Traverse des Fraises", "main_mode": "bus", "modes": ["bus"]}, "geometry": {"type": "Point", "coordinates": [5.35064018, 43.3832236]}}, {"type": "Feature", "properties": {"stop_id": "RTM-00000499", "stop_name": "Traverse Maritime", "main_mode": "bus", "modes": ["bus"]}, "geometry": {"type": "Point", "coordinates": [5.355256, 43.33959]}}, {"type": "Feature", "properties": {"stop_id": "RTM-00000509", "stop_name": "Traverse Maritime", "main_mode": "bus", "modes": ["bus"]}, "geometry": {"type": "Point", "coordinates": [5.355127, 43.339535]}}, {"type": "Feature", "properties": {"stop_id": "RTM-00002101", "stop_name": "Traverse Nicolas", "main_mode": "bus", "modes": ["bus"]}, "geometry": {"type": "Point", "coordinates": [5.361763, 43.27731]}}, {"type": "Feature", "properties": {"stop_id": "RTM-00002461", "stop_name": "Traverse Nicolas", "main_mode": "bus", "modes": ["bus"]}, "geometry": {"type": "Point", "coordinates": [5.362092, 43.277399]}}, {"type": "Feature", "properties": {"stop_id": "RTM-00000755", "stop_name": "Traverse St Just", "main_mode": "bus", "modes": ["bus"]}, "geometry": {"type": "Point", "coordinates": [5.415792, 43.316353]}}, {"type": "Feature", "properties": {"stop_id": "RTM-00000797", "stop_name": "Traverse St Just", "main_mode": "bus", "modes": ["bus"]}, "geometry": {"type": "Point", "coordinates": [5.415801, 43.316543]}}, {"type": "Feature", "properties": {"stop_id": "RTM-00001620", "stop_name": "Trinitaires Huveaune", "main_mode": "bus", "modes": ["bus"]}, "geometry": {"type": "Point", "coordinates": [5.406542, 43.271974]}}, {"type": "Feature", "properties": {"stop_id": "RTM-00002681", "stop_name": "Trinitaires Romain Rolland", "main_mode": "bus", "modes": ["bus"]}, "geometry": {"type": "Point", "coordinates": [5.407296, 43.271182]}}, {"type": "Feature", "properties": {"stop_id": "RTM-00002717", "stop_name": "Trévaresse Cité Jardin", "main_mode": "bus", "modes": ["bus"]}, "geometry": {"type": "Point", "coordinates": [5.410179, 43.296249]}}, {"type": "Feature", "properties": {"stop_id": "RTM-00002729", "stop_name": "Trévaresse Cité Jardin", "main_mode": "bus", "modes": ["bus"]}, "geometry": {"type": "Point", "coordinates": [5.410065, 43.296322]}}, {"type": "Feature", "properties": {"stop_id": "RTM-00002718", "stop_name": "Trévaresse Cité SNCF", "main_mode": "bus", "modes": ["bus"]}, "geometry": {"type": "Point", "coordinates": [5.413119, 43.2965972]}}, {"type": "Feature", "properties": {"stop_id": "RTM-00002728", "stop_name": "Trévaresse Cité SNCF", "main_mode": "bus", "modes": ["bus"]}, "geometry": {"type": "Point", "coordinates": [5.4125326, 43.2965648]}}, {"type": "Feature", "properties": {"stop_id": "RTM-00004210", "stop_name": "Turbine Flotte", "main_mode": "bus", "modes": ["bus"]}, "geometry": {"type": "Point", "coordinates": [5.381248, 43.276684]}}, {"type": "Feature", "properties": {"stop_id": "RTM-00004212", "stop_name": "Turbine Flotte", "main_mode": "bus", "modes": ["bus"]}, "geometry": {"type": "Point", "coordinates": [5.38101554, 43.27652575]}}, {"type": "Feature", "properties": {"stop_id": "RTM-00000190", "stop_name": "Tuves Bosphore", "main_mode": "bus", "modes": ["bus"]}, "geometry": {"type": "Point", "coordinates": [5.3650113, 43.3682574]}}, {"type": "Feature", "properties": {"stop_id": "RTM-00000200", "stop_name": "Tuves Bosphore", "main_mode": "bus", "modes": ["bus"]}, "geometry": {"type": "Point", "coordinates": [5.36455, 43.3680877]}}, {"type": "Feature", "properties": {"stop_id": "RTM-00004165", "stop_name": "Val des Bois", "main_mode": "bus", "modes": ["bus"]}, "geometry": {"type": "Point", "coordinates": [5.4227149, 43.26405541]}}, {"type": "Feature", "properties": {"stop_id": "RTM-00004168", "stop_name": "Val des Bois", "main_mode": "bus", "modes": ["bus"]}, "geometry": {"type": "Point", "coordinates": [5.422869, 43.264224]}}, {"type": "Feature", "properties": {"stop_id": "RTM-00003992", "stop_name": "Val Pins", "main_mode": "bus", "modes": ["bus"]}, "geometry": {"type": "Point", "coordinates": [5.36351, 43.370508]}}, {"type": "Feature", "properties": {"stop_id": "RTM-00004000", "stop_name": "Val Pins", "main_mode": "bus", "modes": ["bus"]}, "geometry": {"type": "Point", "coordinates": [5.363723, 43.370474]}}, {"type": "Feature", "properties": {"stop_id": "RTM-00003931", "stop_name": "Val Plan", "main_mode": "bus", "modes": ["bus"]}, "geometry": {"type": "Point", "coordinates": [5.432617, 43.334815]}}, {"type": "Feature", "properties": {"stop_id": "RTM-00003934", "stop_name": "Val Plan", "main_mode": "bus", "modes": ["bus"]}, "geometry": {"type": "Point", "coordinates": [5.432454, 43.334799]}}, {"type": "Feature", "properties": {"stop_id": "RTM-00001284", "stop_name": "Valbarelle Andreu", "main_mode": "bus", "modes": ["bus"]}, "geometry": {"type": "Point", "coordinates": [5.450823, 43.288154]}}, {"type": "Feature", "properties": {"stop_id": "RTM-00001295", "stop_name": "Valbarelle Andreu", "main_mode": "bus", "modes": ["bus"]}, "geometry": {"type": "Point", "coordinates": [5.450157, 43.288116]}}, {"type": "Feature", "properties": {"stop_id": "RTM-00001322", "stop_name": "Valbarelle Coder", "main_mode": "bus", "modes": ["bus"]}, "geometry": {"type": "Point", "coordinates": [5.457792, 43.288665]}}, {"type": "Feature", "properties": {"stop_id": "RTM-00001379", "stop_name": "Valbarelle Coder", "main_mode": "bus", "modes": ["bus"]}, "geometry": {"type": "Point", "coordinates": [5.456273, 43.288685]}}, {"type": "Feature", "properties": {"stop_id": "RTM-00001282", "stop_name": "Valbarelle Heckel", "main_mode": "bus", "modes": ["bus"]}, "geometry": {"type": "Point", "coordinates": [5.443829, 43.286268]}}, {"type": "Feature", "properties": {"stop_id": "RTM-00001297", "stop_name": "Valbarelle Heckel", "main_mode": "bus", "modes": ["bus"]}, "geometry": {"type": "Point", "coordinates": [5.443074, 43.286074]}}, {"type": "Feature", "properties": {"stop_id": "RTM-00001285", "stop_name": "Valbarelle Lanfranchi", "main_mode": "bus", "modes": ["bus"]}, "geometry": {"type": "Point", "coordinates": [5.455059, 43.288582]}}, {"type": "Feature", "properties": {"stop_id": "RTM-00001294", "stop_name": "Valbarelle Lanfranchi", "main_mode": "bus", "modes": ["bus"]}, "geometry": {"type": "Point", "coordinates": [5.454117, 43.288629]}}, {"type": "Feature", "properties": {"stop_id": "RTM-00003130", "stop_name": "Valbarelle St Jacques", "main_mode": "bus", "modes": ["bus"]}, "geometry": {"type": "Point", "coordinates": [5.446511, 43.287128]}}, {"type": "Feature", "properties": {"stop_id": "RTM-00000666", "stop_name": "Valdonne Fuveau", "main_mode": "bus", "modes": ["bus"]}, "geometry": {"type": "Point", "coordinates": [5.41901708, 43.32920879]}}, {"type": "Feature", "properties": {"stop_id": "RTM-00000716", "stop_name": "Valdonne Fuveau", "main_mode": "bus", "modes": ["bus"]}, "geometry": {"type": "Point", "coordinates": [5.418728, 43.328194]}}, {"type": "Feature", "properties": {"stop_id": "RTM-00001070", "stop_name": "Valdonne Hôpital Laveran", "main_mode": "bus", "modes": ["bus"]}, "geometry": {"type": "Point", "coordinates": [5.416932, 43.326243]}}, {"type": "Feature", "properties": {"stop_id": "RTM-00001082", "stop_name": "Valdonne Hôpital Laveran", "main_mode": "bus", "modes": ["bus"]}, "geometry": {"type": "Point", "coordinates": [5.416392, 43.325823]}}, {"type": "Feature", "properties": {"stop_id": "RTM-00002137", "stop_name": "Valdonne Peypin", "main_mode": "bus", "modes": ["bus"]}, "geometry": {"type": "Point", "coordinates": [5.417898, 43.326965]}}, {"type": "Feature", "properties": {"stop_id": "RTM-00002138", "stop_name": "Valdonne Peypin", "main_mode": "bus", "modes": ["bus"]}, "geometry": {"type": "Point", "coordinates": [5.417932, 43.327122]}}, {"type": "Feature", "properties": {"stop_id": "RTM-00003984", "stop_name": "Vallon d'Ol Bourrély", "main_mode": "bus", "modes": ["bus"]}, "geometry": {"type": "Point", "coordinates": [5.362632, 43.385177]}}, {"type": "Feature", "properties": {"stop_id": "RTM-00004008", "stop_name": "Vallon d'Ol Bourrély", "main_mode": "bus", "modes": ["bus"]}, "geometry": {"type": "Point", "coordinates": [5.361823, 43.385122]}}, {"type": "Feature", "properties": {"stop_id": "RTM-00001508", "stop_name": "Vallon de l'Oriol", "main_mode": "bus", "modes": ["bus"]}, "geometry": {"type": "Point", "coordinates": [5.364076, 43.27989]}}, {"type": "Feature", "properties": {"stop_id": "RTM-00002064", "stop_name": "Vallon de l'Oriol", "main_mode": "bus", "modes": ["bus"]}, "geometry": {"type": "Point", "coordinates": [5.358851, 43.275791]}}, {"type": "Feature", "properties": {"stop_id": "RTM-00002077", "stop_name": "Vallon de l'Oriol", "main_mode": "bus", "modes": ["bus"]}, "geometry": {"type": "Point", "coordinates": [5.3589508, 43.27596565]}}, {"type": "Feature", "properties": {"stop_id": "RTM-00002100", "stop_name": "Vallon de l'Oriol", "main_mode": "bus", "modes": ["bus"]}, "geometry": {"type": "Point", "coordinates": [5.36410689, 43.27986103]}}, {"type": "Feature", "properties": {"stop_id": "RTM-00002063", "stop_name": "Vallon de la Baudille", "main_mode": "bus", "modes": ["bus"]}, "geometry": {"type": "Point", "coordinates": [5.357033, 43.276975]}}, {"type": "Feature", "properties": {"stop_id": "RTM-00002078", "stop_name": "Vallon de la Baudille", "main_mode": "bus", "modes": ["bus"]}, "geometry": {"type": "Point", "coordinates": [5.357008, 43.27719]}}, {"type": "Feature", "properties": {"stop_id": "RTM-00002991", "stop_name": "Vallon de la Gazelle", "main_mode": "bus", "modes": ["bus"]}, "geometry": {"type": "Point", "coordinates": [5.346309, 43.407091]}}, {"type": "Feature", "properties": {"stop_id": "RTM-00004278", "stop_name": "Vallon de la Gazelle", "main_mode": "bus", "modes": ["bus"]}, "geometry": {"type": "Point", "coordinates": [5.346371, 43.406864]}}, {"type": "Feature", "properties": {"stop_id": "RTM-00002965", "stop_name": "Vallon de la Rougière", "main_mode": "bus", "modes": ["bus"]}, "geometry": {"type": "Point", "coordinates": [5.37209988, 43.39211478]}}, {"type": "Feature", "properties": {"stop_id": "RTM-00003052", "stop_name": "Vallon de la Rougière", "main_mode": "bus", "modes": ["bus"]}, "geometry": {"type": "Point", "coordinates": [5.37294209, 43.39198614]}}, {"type": "Feature", "properties": {"stop_id": "RTM-00001671", "stop_name": "Vallon de Toulouse", "main_mode": "bus", "modes": ["bus"]}, "geometry": {"type": "Point", "coordinates": [5.42412598, 43.26641512]}}, {"type": "Feature", "properties": {"stop_id": "RTM-00001674", "stop_name": "Vallon de Toulouse", "main_mode": "bus", "modes": ["bus"]}, "geometry": {"type": "Point", "coordinates": [5.42449763, 43.26681104]}}, {"type": "Feature", "properties": {"stop_id": "RTM-00002058", "stop_name": "Vallon des Auffes", "main_mode": "bus", "modes": ["bus"]}, "geometry": {"type": "Point", "coordinates": [5.350658, 43.28572]}}, {"type": "Feature", "properties": {"stop_id": "RTM-00002082", "stop_name": "Vallon des Auffes", "main_mode": "bus", "modes": ["bus"]}, "geometry": {"type": "Point", "coordinates": [5.350796, 43.285688]}}, {"type": "Feature", "properties": {"stop_id": "RTM-00003997", "stop_name": "Vallon des Tuves", "main_mode": "bus", "modes": ["bus"]}, "geometry": {"type": "Point", "coordinates": [5.362852, 43.368722]}}, {"type": "Feature", "properties": {"stop_id": "RTM-00003999", "stop_name": "Vallon des Tuves", "main_mode": "bus", "modes": ["bus"]}, "geometry": {"type": "Point", "coordinates": [5.36304, 43.368756]}}, {"type": "Feature", "properties": {"stop_id": "RTM-00002754", "stop_name": "Vallon du Redon", "main_mode": "bus", "modes": ["bus"]}, "geometry": {"type": "Point", "coordinates": [5.425242, 43.2486]}}, {"type": "Feature", "properties": {"stop_id": "RTM-00002755", "stop_name": "Vallon du Redon", "main_mode": "bus", "modes": ["bus"]}, "geometry": {"type": "Point", "coordinates": [5.425442, 43.24881]}}, {"type": "Feature", "properties": {"stop_id": "RTM-00001478", "stop_name": "Vallon Jourdan", "main_mode": "bus", "modes": ["bus"]}, "geometry": {"type": "Point", "coordinates": [5.36300607, 43.28636321]}}, {"type": "Feature", "properties": {"stop_id": "RTM-00001488", "stop_name": "Vallon Jourdan", "main_mode": "bus", "modes": ["bus"]}, "geometry": {"type": "Point", "coordinates": [5.363346, 43.286424]}}, {"type": "Feature", "properties": {"stop_id": "RTM-00001526", "stop_name": "Vallon Montebello", "main_mode": "bus", "modes": ["bus"]}, "geometry": {"type": "Point", "coordinates": [5.378565, 43.281261]}}, {"type": "Feature", "properties": {"stop_id": "RTM-00001527", "stop_name": "Vallon Montebello", "main_mode": "bus", "modes": ["bus"]}, "geometry": {"type": "Point", "coordinates": [5.378258, 43.281225]}}, {"type": "Feature", "properties": {"stop_id": "RTM-00004637", "stop_name": "Vallon Régny", "main_mode": "bus", "modes": ["bus"]}, "geometry": {"type": "Point", "coordinates": [5.41789451, 43.26347382]}}, {"type": "Feature", "properties": {"stop_id": "RTM-00004641", "stop_name": "Vallon Régny", "main_mode": "bus", "modes": ["bus"]}, "geometry": {"type": "Point", "coordinates": [5.41871325, 43.26422172]}}, {"type": "Feature", "properties": {"stop_id": "RTM-00001962", "stop_name": "Valmante", "main_mode": "bus", "modes": ["bus"]}, "geometry": {"type": "Point", "coordinates": [5.416365, 43.250172]}}, {"type": "Feature", "properties": {"stop_id": "RTM-00001963", "stop_name": "Valmante", "main_mode": "bus", "modes": ["bus"]}, "geometry": {"type": "Point", "coordinates": [5.416772, 43.25031]}}, {"type": "Feature", "properties": {"stop_id": "RTM-00002005", "stop_name": "Valmante", "main_mode": "bus", "modes": ["bus"]}, "geometry": {"type": "Point", "coordinates": [5.41711162, 43.25060938]}}, {"type": "Feature", "properties": {"stop_id": "RTM-00003623", "stop_name": "Valmante", "main_mode": "bus", "modes": ["bus"]}, "geometry": {"type": "Point", "coordinates": [5.41706, 43.250524]}}, {"type": "Feature", "properties": {"stop_id": "RTM-00001451", "stop_name": "Vauban", "main_mode": "bus", "modes": ["bus"]}, "geometry": {"type": "Point", "coordinates": [5.37705258, 43.28188007]}}, {"type": "Feature", "properties": {"stop_id": "RTM-00001447", "stop_name": "Vauban Breteuil", "main_mode": "bus", "modes": ["bus"]}, "geometry": {"type": "Point", "coordinates": [5.377429, 43.285619]}}, {"type": "Feature", "properties": {"stop_id": "RTM-00001680", "stop_name": "Verdillon", "main_mode": "bus", "modes": ["bus"]}, "geometry": {"type": "Point", "coordinates": [5.42269, 43.276007]}}, {"type": "Feature", "properties": {"stop_id": "RTM-00001693", "stop_name": "Verdillon", "main_mode": "bus", "modes": ["bus"]}, "geometry": {"type": "Point", "coordinates": [5.422186, 43.276316]}}, {"type": "Feature", "properties": {"stop_id": "RTM-00001715", "stop_name": "Verrerie", "main_mode": "bus", "modes": ["bus"]}, "geometry": {"type": "Point", "coordinates": [5.359335, 43.234453]}}, {"type": "Feature", "properties": {"stop_id": "RTM-00001721", "stop_name": "Verrerie", "main_mode": "bus", "modes": ["bus"]}, "geometry": {"type": "Point", "coordinates": [5.359604, 43.234423]}}, {"type": "Feature", "properties": {"stop_id": "RTM-00001708", "stop_name": "Vieille Chapelle", "main_mode": "bus", "modes": ["bus"]}, "geometry": {"type": "Point", "coordinates": [5.374753, 43.248411]}}, {"type": "Feature", "properties": {"stop_id": "RTM-00001728", "stop_name": "Vieille Chapelle", "main_mode": "bus", "modes": ["bus"]}, "geometry": {"type": "Point", "coordinates": [5.375017, 43.248286]}}, {"type": "Feature", "properties": {"stop_id": "RTM-00001985", "stop_name": "Vieille Chapelle", "main_mode": "bus", "modes": ["bus"]}, "geometry": {"type": "Point", "coordinates": [5.37501812, 43.24843812]}}, {"type": "Feature", "properties": {"stop_id": "RTM-00004189", "stop_name": "Vieux Chemin d'Endoume", "main_mode": "bus", "modes": ["bus"]}, "geometry": {"type": "Point", "coordinates": [5.36100898, 43.28625868]}}, {"type": "Feature", "properties": {"stop_id": "RTM-00004197", "stop_name": "Vieux Chemin d'Endoume", "main_mode": "bus", "modes": ["bus"]}, "geometry": {"type": "Point", "coordinates": [5.36111, 43.286178]}}, {"type": "Feature", "properties": {"stop_id": "RTM-00002285", "stop_name": "Vieux-Port", "main_mode": "metro", "modes": ["metro"]}, "geometry": {"type": "Point", "coordinates": [5.3741815, 43.295639]}}, {"type": "Feature", "properties": {"stop_id": "RTM-00002300", "stop_name": "Vieux-Port", "main_mode": "metro", "modes": ["metro"]}, "geometry": {"type": "Point", "coordinates": [5.3742465, 43.2956545]}}, {"type": "Feature", "properties": {"stop_id": "RTM-00003801", "stop_name": "Vieux-Port", "main_mode": "bus", "modes": ["bus"]}, "geometry": {"type": "Point", "coordinates": [5.37445, 43.295015]}}, {"type": "Feature", "properties": {"stop_id": "RTM-00003802", "stop_name": "Vieux-Port", "main_mode": "bus", "modes": ["bus"]}, "geometry": {"type": "Point", "coordinates": [5.37429191, 43.29571672]}}, {"type": "Feature", "properties": {"stop_id": "RTM-00003804", "stop_name": "Vieux-Port", "main_mode": "bus", "modes": ["bus"]}, "geometry": {"type": "Point", "coordinates": [5.37419, 43.295554]}}, {"type": "Feature", "properties": {"stop_id": "RTM-00003806", "stop_name": "Vieux-Port", "main_mode": "bus", "modes": ["bus"]}, "geometry": {"type": "Point", "coordinates": [5.374347, 43.294846]}}, {"type": "Feature", "properties": {"stop_id": "RTM-00004392", "stop_name": "Vieux-Port Ballard", "main_mode": "bus", "modes": ["bus"]}, "geometry": {"type": "Point", "coordinates": [5.374497, 43.29326]}}, {"type": "Feature", "properties": {"stop_id": "RTM-00004396", "stop_name": "Vieux-Port Ballard", "main_mode": "bus", "modes": ["bus"]}, "geometry": {"type": "Point", "coordinates": [5.374317, 43.293689]}}, {"type": "Feature", "properties": {"stop_id": "RTM-00004400", "stop_name": "Vieux-Port Ballard", "main_mode": "bus", "modes": ["bus"]}, "geometry": {"type": "Point", "coordinates": [5.374233, 43.293899]}}, {"type": "Feature", "properties": {"stop_id": "RTM-00000638", "stop_name": "Village Estellan", "main_mode": "bus", "modes": ["bus"]}, "geometry": {"type": "Point", "coordinates": [5.473423, 43.292066]}}, {"type": "Feature", "properties": {"stop_id": "RTM-00000640", "stop_name": "Village Estellan", "main_mode": "bus", "modes": ["bus"]}, "geometry": {"type": "Point", "coordinates": [5.473024, 43.291568]}}, {"type": "Feature", "properties": {"stop_id": "RTM-00001024", "stop_name": "Villecroze Bougie", "main_mode": "bus", "modes": ["bus"]}, "geometry": {"type": "Point", "coordinates": [5.3924, 43.322447]}}, {"type": "Feature", "properties": {"stop_id": "RTM-00001054", "stop_name": "Villecroze Bougie", "main_mode": "bus", "modes": ["bus"]}, "geometry": {"type": "Point", "coordinates": [5.392014, 43.321839]}}, {"type": "Feature", "properties": {"stop_id": "RTM-00000342", "stop_name": "Villecroze Les Oliviers", "main_mode": "bus", "modes": ["bus"]}, "geometry": {"type": "Point", "coordinates": [5.40613425, 43.32823965]}}, {"type": "Feature", "properties": {"stop_id": "RTM-00000356", "stop_name": "Villecroze Les Oliviers", "main_mode": "bus", "modes": ["bus"]}, "geometry": {"type": "Point", "coordinates": [5.40548, 43.328464]}}, {"type": "Feature", "properties": {"stop_id": "RTM-00001023", "stop_name": "Villecroze Marronniers", "main_mode": "bus", "modes": ["bus"]}, "geometry": {"type": "Point", "coordinates": [5.392081, 43.319724]}}, {"type": "Feature", "properties": {"stop_id": "RTM-00001055", "stop_name": "Villecroze Marronniers", "main_mode": "bus", "modes": ["bus"]}, "geometry": {"type": "Point", "coordinates": [5.391962, 43.319764]}}, {"type": "Feature", "properties": {"stop_id": "RTM-00000151", "stop_name": "Visitation", "main_mode": "bus", "modes": ["bus"]}, "geometry": {"type": "Point", "coordinates": [5.367125, 43.337736]}}, {"type": "Feature", "properties": {"stop_id": "RTM-00000185", "stop_name": "Visitation", "main_mode": "bus", "modes": ["bus"]}, "geometry": {"type": "Point", "coordinates": [5.367181, 43.337323]}}, {"type": "Feature", "properties": {"stop_id": "RTM-00000226", "stop_name": "Voltaire St Charles", "main_mode": "bus", "modes": ["bus"]}, "geometry": {"type": "Point", "coordinates": [5.385139, 43.30314]}}, {"type": "Feature", "properties": {"stop_id": "RTM-00003342", "stop_name": "Voltaire St Charles", "main_mode": "bus", "modes": ["bus"]}, "geometry": {"type": "Point", "coordinates": [5.384892, 43.302885]}}, {"type": "Feature", "properties": {"stop_id": "RTM-00000627", "stop_name": "Vélodrome", "main_mode": "bus", "modes": ["bus"]}, "geometry": {"type": "Point", "coordinates": [5.45794, 43.32106]}}, {"type": "Feature", "properties": {"stop_id": "RTM-00002780", "stop_name": "Vélodrome", "main_mode": "bus", "modes": ["bus"]}, "geometry": {"type": "Point", "coordinates": [5.458141, 43.320999]}}, {"type": "Feature", "properties": {"stop_id": "RTM-00001672", "stop_name": "Wiesel Vallon de Toulouse", "main_mode": "bus", "modes": ["bus"]}, "geometry": {"type": "Point", "coordinates": [5.41984472, 43.26799411]}}, {"type": "Feature", "properties": {"stop_id": "RTM-00001673", "stop_name": "Wiesel Vallon de Toulouse", "main_mode": "bus", "modes": ["bus"]}, "geometry": {"type": "Point", "coordinates": [5.42005508, 43.26778611]}}, {"type": "Feature", "properties": {"stop_id": "RTM-00004636", "stop_name": "Wiesel Vallon de Toulouse", "main_mode": "bus", "modes": ["bus"]}, "geometry": {"type": "Point", "coordinates": [5.42036425, 43.26808987]}}, {"type": "Feature", "properties": {"stop_id": "RTM-00004642", "stop_name": "Wiesel Vallon de Toulouse", "main_mode": "bus", "modes": ["bus"]}, "geometry": {"type": "Point", "coordinates": [5.42080035, 43.26834267]}}, {"type": "Feature", "properties": {"stop_id": "RTM-00003238", "stop_name": "William Booth", "main_mode": "tram", "modes": ["tram"]}, "geometry": {"type": "Point", "coordinates": [5.436877, 43.292623]}}, {"type": "Feature", "properties": {"stop_id": "RTM-00003249", "stop_name": "William Booth", "main_mode": "tram", "modes": ["tram"]}, "geometry": {"type": "Point", "coordinates": [5.436803, 43.292699]}}, {"type": "Feature", "properties": {"stop_id": "RTM-00002988", "stop_name": "ZA de la Haute Bédoule", "main_mode": "bus", "modes": ["bus"]}, "geometry": {"type": "Point", "coordinates": [5.35641, 43.403217]}}, {"type": "Feature", "properties": {"stop_id": "RTM-00004280", "stop_name": "ZA de la Haute Bédoule", "main_mode": "bus", "modes": ["bus"]}, "geometry": {"type": "Point", "coordinates": [5.356429, 43.403102]}}, {"type": "Feature", "properties": {"stop_id": "RTM-00000152", "stop_name": "ZI de la Delorme", "main_mode": "bus", "modes": ["bus"]}, "geometry": {"type": "Point", "coordinates": [5.365446, 43.340822]}}, {"type": "Feature", "properties": {"stop_id": "RTM-00000184", "stop_name": "ZI de la Delorme", "main_mode": "bus", "modes": ["bus"]}, "geometry": {"type": "Point", "coordinates": [5.365407, 43.340483]}}, {"type": "Feature", "properties": {"stop_id": "RTM-00001938", "stop_name": "Zénatti Ecoles", "main_mode": "bus", "modes": ["bus"]}, "geometry": {"type": "Point", "coordinates": [5.38582759, 43.24669916]}}, {"type": "Feature", "properties": {"stop_id": "RTM-00001947", "stop_name": "Zénatti Ecoles", "main_mode": "bus", "modes": ["bus"]}, "geometry": {"type": "Point", "coordinates": [5.38644, 43.246464]}}, {"type": "Feature", "properties": {"stop_id": "RTM-00001923", "stop_name": "Zénatti Lancier", "main_mode": "bus", "modes": ["bus"]}, "geometry": {"type": "Point", "coordinates": [5.383925, 43.245795]}}, {"type": "Feature", "properties": {"stop_id": "RTM-00001927", "stop_name": "Zénatti Lancier", "main_mode": "bus", "modes": ["bus"]}, "geometry": {"type": "Point", "coordinates": [5.383798, 43.246426]}}, {"type": "Feature", "properties": {"stop_id": "RTM-00001937", "stop_name": "Zénatti Malrieu", "main_mode": "bus", "modes": ["bus"]}, "geometry": {"type": "Point", "coordinates": [5.388298, 43.246322]}}, {"type": "Feature", "properties": {"stop_id": "RTM-00001948", "stop_name": "Zénatti Malrieu", "main_mode": "bus", "modes": ["bus"]}, "geometry": {"type": "Point", "coordinates": [5.389349, 43.246056]}}]}