{
  "type": "FeatureCollection",
  "generator": "overpass-turbo",
  "copyright": "The data included in this document is from www.openstreetmap.org. The data is made available under ODbL.",
  "timestamp": "2025-11-03T22:54:30Z",
  "features": [
    {
      "type": "Feature",
      "properties": {
        "@id": "node/1190104897",
        "amenity": "bicycle_parking",
        "bicycle_parking": "stands",
        "capacity": "12",
        "covered": "no",
        "survey:date": "2024-06-15"
      },
      "geometry": {
        "type": "Point",
        "coordinates": [
          5.3905265,
          43.2951423
        ]
      },
      "id": "node/1190104897"
    },
    {
      "type": "Feature",
      "properties": {
        "@id": "node/1521339208",
        "amenity": "bicycle_parking",
        "bicycle_parking": "anchors",
        "capacity": "5"
      },
      "geometry": {
        "type": "Point",
        "coordinates": [
          5.4058259,
          43.3157159
        ]
      },
      "id": "node/1521339208"
    },
    {
      "type": "Feature",
      "properties": {
        "@id": "node/1577758769",
        "amenity": "bicycle_parking",
        "bicycle_parking": "stands",
        "capacity": "16",
        "check_date:capacity": "2025-10-27",
        "covered": "no"
      },
      "geometry": {
        "type": "Point",
        "coordinates": [
          5.3856836,
          43.3004895
        ]
      },
      "id": "node/1577758769"
    },
    {
      "type": "Feature",
      "properties": {
        "@id": "node/1600583586",
        "amenity": "bicycle_parking",
        "bicycle_parking": "stands",
        "covered": "no"
      },
      "geometry": {
        "type": "Point",
        "coordinates": [
          5.3782996,
          43.2963894
        ]
      },
      "id": "node/1600583586"
    },
    {
      "type": "Feature",
      "properties": {
        "@id": "node/1630131581",
        "amenity": "bicycle_parking",
        "bicycle_parking": "stands",
        "capacity": "12",
        "covered": "no"
      },
      "geometry": {
        "type": "Point",
        "coordinates": [
          5.3742749,
          43.2616908
        ]
      },
      "id": "node/1630131581"
    },
    {
      "type": "Feature",
      "properties": {
        "@id": "node/1706043826",
        "amenity": "bicycle_parking",
        "bicycle_parking": "anchors",
        "capacity": "7",
        "check_date": "2024-01-02",
        "covered": "no"
      },
      "geometry": {
        "type": "Point",
        "coordinates": [
          5.4370891,
          43.2298085
        ]
      },
      "id": "node/1706043826"
    },
    {
      "type": "Feature",
      "properties": {
        "@id": "node/1960231701",
        "access": "yes",
        "amenity": "bicycle_parking",
        "bicycle_parking": "stands",
        "capacity": "36",
        "covered": "yes",
        "surface": "fine_gravel"
      },
      "geometry": {
        "type": "Point",
        "coordinates": [
          5.4436362,
          43.2320055
        ]
      },
      "id": "node/1960231701"
    },
    {
      "type": "Feature",
      "properties": {
        "@id": "node/1960231703",
        "amenity": "bicycle_parking",
        "bicycle_parking": "stands",
        "capacity": "10",
        "covered": "no"
      },
      "geometry": {
        "type": "Point",
        "coordinates": [
          5.3766356,
          43.2961212
        ]
      },
      "id": "node/1960231703"
    },
    {
      "type": "Feature",
      "properties": {
        "@id": "node/2031085679",
        "amenity": "bicycle_parking",
        "bicycle_parking": "wall_loops",
        "covered": "no"
      },
      "geometry": {
        "type": "Point",
        "coordinates": [
          5.3810379,
          43.3039453
        ]
      },
      "id": "node/2031085679"
    },
    {
      "type": "Feature",
      "properties": {
        "@id": "node/2112116486",
        "amenity": "bicycle_parking",
        "bicycle_parking": "stands",
        "capacity": "18",
        "covered": "no",
        "note": "Au 20/01 3 bornes cassées !"
      },
      "geometry": {
        "type": "Point",
        "coordinates": [
          5.3720708,
          43.2962308
        ]
      },
      "id": "node/2112116486"
    },
    {
      "type": "Feature",
      "properties": {
        "@id": "node/2122509416",
        "access": "customers",
        "amenity": "bicycle_parking",
        "building": "shed",
        "capacity": "11",
        "charging_station": "yes",
        "charging_station:capacity": "3",
        "covered": "yes",
        "fee": "no",
        "note": "Ombrière avec prises pour recharger les 2 roues"
      },
      "geometry": {
        "type": "Point",
        "coordinates": [
          5.4123391,
          43.3379301
        ]
      },
      "id": "node/2122509416"
    },
    {
      "type": "Feature",
      "properties": {
        "@id": "node/2176830937",
        "amenity": "bicycle_parking",
        "bicycle_parking": "anchors",
        "capacity": "20"
      },
      "geometry": {
        "type": "Point",
        "coordinates": [
          5.3583165,
          43.2336006
        ]
      },
      "id": "node/2176830937"
    },
    {
      "type": "Feature",
      "properties": {
        "@id": "node/2176830939",
        "amenity": "bicycle_parking",
        "bicycle_parking": "anchors",
        "capacity": "10"
      },
      "geometry": {
        "type": "Point",
        "coordinates": [
          5.3972562,
          43.2415451
        ]
      },
      "id": "node/2176830939"
    },
    {
      "type": "Feature",
      "properties": {
        "@id": "node/2176830942",
        "amenity": "bicycle_parking",
        "bicycle_parking": "anchors",
        "capacity": "10"
      },
      "geometry": {
        "type": "Point",
        "coordinates": [
          5.3925449,
          43.2478059
        ]
      },
      "id": "node/2176830942"
    },
    {
      "type": "Feature",
      "properties": {
        "@id": "node/2176830945",
        "amenity": "bicycle_parking",
        "bicycle_parking": "anchors",
        "capacity": "8",
        "covered": "no"
      },
      "geometry": {
        "type": "Point",
        "coordinates": [
          5.3838838,
          43.2521725
        ]
      },
      "id": "node/2176830945"
    },
    {
      "type": "Feature",
      "properties": {
        "@id": "node/2176830946",
        "amenity": "bicycle_parking",
        "bicycle_parking": "anchors",
        "capacity": "10"
      },
      "geometry": {
        "type": "Point",
        "coordinates": [
          5.4102128,
          43.2523092
        ]
      },
      "id": "node/2176830946"
    },
    {
      "type": "Feature",
      "properties": {
        "@id": "node/2176830952",
        "amenity": "bicycle_parking",
        "bicycle_parking": "anchors",
        "capacity": "10"
      },
      "geometry": {
        "type": "Point",
        "coordinates": [
          5.4076894,
          43.2541936
        ]
      },
      "id": "node/2176830952"
    },
    {
      "type": "Feature",
      "properties": {
        "@id": "node/2176830953",
        "amenity": "bicycle_parking",
        "bicycle_parking": "anchors",
        "capacity": "10"
      },
      "geometry": {
        "type": "Point",
        "coordinates": [
          5.4072833,
          43.2548873
        ]
      },
      "id": "node/2176830953"
    },
    {
      "type": "Feature",
      "properties": {
        "@id": "node/2176830956",
        "amenity": "bicycle_parking",
        "bicycle_parking": "anchors",
        "capacity": "14",
        "covered": "no"
      },
      "geometry": {
        "type": "Point",
        "coordinates": [
          5.3877673,
          43.2598615
        ]
      },
      "id": "node/2176830956"
    },
    {
      "type": "Feature",
      "properties": {
        "@id": "node/2176830958",
        "amenity": "bicycle_parking",
        "bicycle_parking": "anchors",
        "capacity": "10",
        "covered": "no"
      },
      "geometry": {
        "type": "Point",
        "coordinates": [
          5.3944259,
          43.2667949
        ]
      },
      "id": "node/2176830958"
    },
    {
      "type": "Feature",
      "properties": {
        "@id": "node/2176830961",
        "amenity": "bicycle_parking",
        "bicycle_parking": "anchors",
        "capacity": "10",
        "covered": "no"
      },
      "geometry": {
        "type": "Point",
        "coordinates": [
          5.3536554,
          43.2802847
        ]
      },
      "id": "node/2176830961"
    },
    {
      "type": "Feature",
      "properties": {
        "@id": "node/2176830965",
        "amenity": "bicycle_parking",
        "bicycle_parking": "anchors",
        "capacity": "10",
        "covered": "no"
      },
      "geometry": {
        "type": "Point",
        "coordinates": [
          5.3686712,
          43.2849204
        ]
      },
      "id": "node/2176830965"
    },
    {
      "type": "Feature",
      "properties": {
        "@id": "node/2176830968",
        "amenity": "bicycle_parking",
        "bicycle_parking": "anchors",
        "capacity": "6",
        "covered": "no"
      },
      "geometry": {
        "type": "Point",
        "coordinates": [
          5.3991843,
          43.2975356
        ]
      },
      "id": "node/2176830968"
    },
    {
      "type": "Feature",
      "properties": {
        "@id": "node/2176830974",
        "amenity": "bicycle_parking",
        "bicycle_parking": "anchors",
        "capacity": "8",
        "covered": "no"
      },
      "geometry": {
        "type": "Point",
        "coordinates": [
          5.3736375,
          43.3116197
        ]
      },
      "id": "node/2176830974"
    },
    {
      "type": "Feature",
      "properties": {
        "@id": "node/2178341157",
        "amenity": "bicycle_parking",
        "bicycle_parking": "anchors",
        "capacity": "10"
      },
      "geometry": {
        "type": "Point",
        "coordinates": [
          5.426272,
          43.2799741
        ]
      },
      "id": "node/2178341157"
    },
    {
      "type": "Feature",
      "properties": {
        "@id": "node/2178341168",
        "amenity": "bicycle_parking",
        "bicycle_parking": "anchors",
        "capacity": "10"
      },
      "geometry": {
        "type": "Point",
        "coordinates": [
          5.4462931,
          43.2840727
        ]
      },
      "id": "node/2178341168"
    },
    {
      "type": "Feature",
      "properties": {
        "@id": "node/2178341176",
        "amenity": "bicycle_parking",
        "bicycle_parking": "anchors",
        "capacity": "10"
      },
      "geometry": {
        "type": "Point",
        "coordinates": [
          5.4221497,
          43.284889
        ]
      },
      "id": "node/2178341176"
    },
    {
      "type": "Feature",
      "properties": {
        "@id": "node/2178341186",
        "amenity": "bicycle_parking",
        "bicycle_parking": "anchors",
        "capacity": "10"
      },
      "geometry": {
        "type": "Point",
        "coordinates": [
          5.4679719,
          43.28696
        ]
      },
      "id": "node/2178341186"
    },
    {
      "type": "Feature",
      "properties": {
        "@id": "node/2178341233",
        "amenity": "bicycle_parking",
        "bicycle_parking": "anchors",
        "capacity": "10"
      },
      "geometry": {
        "type": "Point",
        "coordinates": [
          5.4132355,
          43.2995138
        ]
      },
      "id": "node/2178341233"
    },
    {
      "type": "Feature",
      "properties": {
        "@id": "node/2178341266",
        "amenity": "bicycle_parking",
        "bicycle_parking": "anchors",
        "capacity": "10",
        "check_date": "2024-07-10"
      },
      "geometry": {
        "type": "Point",
        "coordinates": [
          5.4277261,
          43.3137701
        ]
      },
      "id": "node/2178341266"
    },
    {
      "type": "Feature",
      "properties": {
        "@id": "node/2178341298",
        "amenity": "bicycle_parking",
        "bicycle_parking": "anchors",
        "capacity": "10"
      },
      "geometry": {
        "type": "Point",
        "coordinates": [
          5.4330103,
          43.3171532
        ]
      },
      "id": "node/2178341298"
    },
    {
      "type": "Feature",
      "properties": {
        "@id": "node/2178341317",
        "amenity": "bicycle_parking",
        "bicycle_parking": "anchors",
        "capacity": "10"
      },
      "geometry": {
        "type": "Point",
        "coordinates": [
          5.3884419,
          43.3243531
        ]
      },
      "id": "node/2178341317"
    },
    {
      "type": "Feature",
      "properties": {
        "@id": "node/2178341322",
        "amenity": "bicycle_parking",
        "bicycle_parking": "anchors",
        "capacity": "10"
      },
      "geometry": {
        "type": "Point",
        "coordinates": [
          5.4574575,
          43.3309513
        ]
      },
      "id": "node/2178341322"
    },
    {
      "type": "Feature",
      "properties": {
        "@id": "node/2178341329",
        "amenity": "bicycle_parking",
        "bicycle_parking": "anchors",
        "capacity": "10",
        "covered": "no"
      },
      "geometry": {
        "type": "Point",
        "coordinates": [
          5.3646593,
          43.3322538
        ]
      },
      "id": "node/2178341329"
    },
    {
      "type": "Feature",
      "properties": {
        "@id": "node/2178341345",
        "amenity": "bicycle_parking",
        "bicycle_parking": "anchors",
        "capacity": "10"
      },
      "geometry": {
        "type": "Point",
        "coordinates": [
          5.3798615,
          43.3459042
        ]
      },
      "id": "node/2178341345"
    },
    {
      "type": "Feature",
      "properties": {
        "@id": "node/2178341353",
        "amenity": "bicycle_parking",
        "bicycle_parking": "anchors",
        "capacity": "10"
      },
      "geometry": {
        "type": "Point",
        "coordinates": [
          5.3784673,
          43.3459495
        ]
      },
      "id": "node/2178341353"
    },
    {
      "type": "Feature",
      "properties": {
        "@id": "node/2178341369",
        "amenity": "bicycle_parking",
        "bicycle_parking": "anchors",
        "capacity": "10",
        "covered": "no"
      },
      "geometry": {
        "type": "Point",
        "coordinates": [
          5.3317921,
          43.3614707
        ]
      },
      "id": "node/2178341369"
    },
    {
      "type": "Feature",
      "properties": {
        "@id": "node/2178341377",
        "amenity": "bicycle_parking",
        "bicycle_parking": "anchors",
        "capacity": "10"
      },
      "geometry": {
        "type": "Point",
        "coordinates": [
          5.3065263,
          43.3617414
        ]
      },
      "id": "node/2178341377"
    },
    {
      "type": "Feature",
      "properties": {
        "@id": "node/2178341416",
        "amenity": "bicycle_parking",
        "bicycle_parking": "anchors",
        "capacity": "10"
      },
      "geometry": {
        "type": "Point",
        "coordinates": [
          5.3626479,
          43.3742411
        ]
      },
      "id": "node/2178341416"
    },
    {
      "type": "Feature",
      "properties": {
        "@id": "node/2189506919",
        "amenity": "bicycle_parking",
        "bicycle_parking": "anchors",
        "capacity": "14",
        "covered": "no"
      },
      "geometry": {
        "type": "Point",
        "coordinates": [
          5.3668492,
          43.3106043
        ]
      },
      "id": "node/2189506919"
    },
    {
      "type": "Feature",
      "properties": {
        "@id": "node/2189508955",
        "amenity": "bicycle_parking",
        "bicycle_parking": "stands",
        "capacity": "6",
        "covered": "no"
      },
      "geometry": {
        "type": "Point",
        "coordinates": [
          5.3892044,
          43.2952102
        ]
      },
      "id": "node/2189508955"
    },
    {
      "type": "Feature",
      "properties": {
        "@id": "node/2189508957",
        "amenity": "bicycle_parking",
        "bicycle_parking": "stands",
        "capacity": "4",
        "covered": "no"
      },
      "geometry": {
        "type": "Point",
        "coordinates": [
          5.3905026,
          43.2952677
        ]
      },
      "id": "node/2189508957"
    },
    {
      "type": "Feature",
      "properties": {
        "@id": "node/2228729763",
        "amenity": "bicycle_parking",
        "bicycle_parking": "anchors",
        "capacity": "22",
        "check_date": "2023-11-08",
        "covered": "no"
      },
      "geometry": {
        "type": "Point",
        "coordinates": [
          5.3943919,
          43.2849727
        ]
      },
      "id": "node/2228729763"
    },
    {
      "type": "Feature",
      "properties": {
        "@id": "node/2348009388",
        "amenity": "bicycle_parking",
        "bicycle_parking": "stands",
        "capacity": "22",
        "covered": "no",
        "fee": "no",
        "source:bicycle": "Collectif Vélos en Ville"
      },
      "geometry": {
        "type": "Point",
        "coordinates": [
          5.3676086,
          43.295787
        ]
      },
      "id": "node/2348009388"
    },
    {
      "type": "Feature",
      "properties": {
        "@id": "node/2365710628",
        "amenity": "bicycle_parking",
        "bicycle_parking": "stands",
        "covered": "yes",
        "supervised": "no"
      },
      "geometry": {
        "type": "Point",
        "coordinates": [
          5.3962784,
          43.2614207
        ]
      },
      "id": "node/2365710628"
    },
    {
      "type": "Feature",
      "properties": {
        "@id": "node/2365753145",
        "amenity": "bicycle_parking",
        "bicycle_parking": "wall_loops",
        "capacity": "3",
        "covered": "no"
      },
      "geometry": {
        "type": "Point",
        "coordinates": [
          5.3783442,
          43.2608751
        ]
      },
      "id": "node/2365753145"
    },
    {
      "type": "Feature",
      "properties": {
        "@id": "node/2368452285",
        "amenity": "bicycle_parking",
        "bicycle_parking": "stands",
        "capacity": "16",
        "covered": "no"
      },
      "geometry": {
        "type": "Point",
        "coordinates": [
          5.3764382,
          43.2990463
        ]
      },
      "id": "node/2368452285"
    },
    {
      "type": "Feature",
      "properties": {
        "@id": "node/2368671428",
        "amenity": "bicycle_parking",
        "capacity": "3",
        "covered": "no",
        "supervised": "no"
      },
      "geometry": {
        "type": "Point",
        "coordinates": [
          5.381122,
          43.2574327
        ]
      },
      "id": "node/2368671428"
    },
    {
      "type": "Feature",
      "properties": {
        "@id": "node/2386827678",
        "amenity": "bicycle_parking",
        "bicycle_parking": "stands",
        "capacity": "9",
        "covered": "no"
      },
      "geometry": {
        "type": "Point",
        "coordinates": [
          5.376535,
          43.2923757
        ]
      },
      "id": "node/2386827678"
    },
    {
      "type": "Feature",
      "properties": {
        "@id": "node/2477009165",
        "amenity": "bicycle_parking",
        "bicycle": "yes",
        "bicycle_parking": "stands",
        "capacity": "10",
        "covered": "no"
      },
      "geometry": {
        "type": "Point",
        "coordinates": [
          5.4060379,
          43.2963024
        ]
      },
      "id": "node/2477009165"
    },
    {
      "type": "Feature",
      "properties": {
        "@id": "node/2477019902",
        "amenity": "bicycle_parking",
        "bicycle": "yes",
        "bicycle_parking": "anchors",
        "capacity": "5",
        "covered": "no",
        "motorcycle": "no"
      },
      "geometry": {
        "type": "Point",
        "coordinates": [
          5.3985018,
          43.3012966
        ]
      },
      "id": "node/2477019902"
    },
    {
      "type": "Feature",
      "properties": {
        "@id": "node/2491226452",
        "amenity": "bicycle_parking",
        "bicycle_parking": "anchors",
        "capacity": "7",
        "covered": "no",
        "source": "Terrain"
      },
      "geometry": {
        "type": "Point",
        "coordinates": [
          5.4046694,
          43.2554404
        ]
      },
      "id": "node/2491226452"
    },
    {
      "type": "Feature",
      "properties": {
        "@id": "node/3504612115",
        "amenity": "bicycle_parking",
        "bicycle_parking": "anchors",
        "capacity": "10",
        "covered": "no"
      },
      "geometry": {
        "type": "Point",
        "coordinates": [
          5.3732792,
          43.309792
        ]
      },
      "id": "node/3504612115"
    },
    {
      "type": "Feature",
      "properties": {
        "@id": "node/3587815253",
        "amenity": "bicycle_parking",
        "bicycle_parking": "anchors",
        "capacity": "7",
        "covered": "no"
      },
      "geometry": {
        "type": "Point",
        "coordinates": [
          5.3306885,
          43.3607802
        ]
      },
      "id": "node/3587815253"
    },
    {
      "type": "Feature",
      "properties": {
        "@id": "node/3869325283",
        "amenity": "bicycle_parking",
        "bicycle_parking": "stands",
        "capacity": "6",
        "covered": "no"
      },
      "geometry": {
        "type": "Point",
        "coordinates": [
          5.3688494,
          43.2973067
        ]
      },
      "id": "node/3869325283"
    },
    {
      "type": "Feature",
      "properties": {
        "@id": "node/3906663206",
        "amenity": "bicycle_parking",
        "bicycle_parking": "stands",
        "capacity": "12",
        "covered": "no"
      },
      "geometry": {
        "type": "Point",
        "coordinates": [
          5.383088,
          43.2942839
        ]
      },
      "id": "node/3906663206"
    },
    {
      "type": "Feature",
      "properties": {
        "@id": "node/3928805398",
        "amenity": "bicycle_parking"
      },
      "geometry": {
        "type": "Point",
        "coordinates": [
          5.3636346,
          43.3076124
        ]
      },
      "id": "node/3928805398"
    },
    {
      "type": "Feature",
      "properties": {
        "@id": "node/3928805399",
        "amenity": "bicycle_parking",
        "covered": "yes"
      },
      "geometry": {
        "type": "Point",
        "coordinates": [
          5.3791473,
          43.3052841
        ]
      },
      "id": "node/3928805399"
    },
    {
      "type": "Feature",
      "properties": {
        "@id": "node/4028024633",
        "amenity": "bicycle_parking",
        "capacity": "22",
        "covered": "yes"
      },
      "geometry": {
        "type": "Point",
        "coordinates": [
          5.3796436,
          43.3054956
        ]
      },
      "id": "node/4028024633"
    },
    {
      "type": "Feature",
      "properties": {
        "@id": "node/4037844577",
        "amenity": "bicycle_parking",
        "capacity": "6",
        "covered": "no"
      },
      "geometry": {
        "type": "Point",
        "coordinates": [
          5.3994998,
          43.3007999
        ]
      },
      "id": "node/4037844577"
    },
    {
      "type": "Feature",
      "properties": {
        "@id": "node/4219292302",
        "amenity": "bicycle_parking",
        "bicycle_parking": "stands",
        "capacity": "16",
        "covered": "no"
      },
      "geometry": {
        "type": "Point",
        "coordinates": [
          5.3762862,
          43.3032563
        ]
      },
      "id": "node/4219292302"
    },
    {
      "type": "Feature",
      "properties": {
        "@id": "node/4502461825",
        "amenity": "bicycle_parking",
        "bicycle_parking": "stands",
        "capacity": "22",
        "source": "survey"
      },
      "geometry": {
        "type": "Point",
        "coordinates": [
          5.4001692,
          43.245551
        ]
      },
      "id": "node/4502461825"
    },
    {
      "type": "Feature",
      "properties": {
        "@id": "node/4566602968",
        "amenity": "bicycle_parking",
        "bicycle_parking": "stands",
        "capacity": "12",
        "covered": "no",
        "source": "survey décembre 2016"
      },
      "geometry": {
        "type": "Point",
        "coordinates": [
          5.3757517,
          43.3018472
        ]
      },
      "id": "node/4566602968"
    },
    {
      "type": "Feature",
      "properties": {
        "@id": "node/4591322253",
        "amenity": "bicycle_parking",
        "bicycle_parking": "stands",
        "capacity": "9",
        "covered": "no"
      },
      "geometry": {
        "type": "Point",
        "coordinates": [
          5.3118649,
          43.3612538
        ]
      },
      "id": "node/4591322253"
    },
    {
      "type": "Feature",
      "properties": {
        "@id": "node/4805765436",
        "amenity": "bicycle_parking",
        "bicycle_parking": "stands",
        "capacity": "68",
        "check_date": "2024-10-27",
        "covered": "no",
        "fee": "no",
        "name:oc": "Pargue dei Bicicletas",
        "source:name:oc": "ieo-bdtopoc"
      },
      "geometry": {
        "type": "Point",
        "coordinates": [
          5.3904493,
          43.3096445
        ]
      },
      "id": "node/4805765436"
    },
    {
      "type": "Feature",
      "properties": {
        "@id": "node/4869539787",
        "amenity": "bicycle_parking",
        "bicycle_parking": "stands",
        "capacity": "48",
        "covered": "no"
      },
      "geometry": {
        "type": "Point",
        "coordinates": [
          5.3988285,
          43.2704249
        ]
      },
      "id": "node/4869539787"
    },
    {
      "type": "Feature",
      "properties": {
        "@id": "node/5467646383",
        "amenity": "bicycle_parking",
        "bicycle_parking": "stands",
        "capacity": "12",
        "covered": "no"
      },
      "geometry": {
        "type": "Point",
        "coordinates": [
          5.3738983,
          43.3079049
        ]
      },
      "id": "node/5467646383"
    },
    {
      "type": "Feature",
      "properties": {
        "@id": "node/5470900200",
        "amenity": "bicycle_parking",
        "bicycle_parking": "stands",
        "capacity": "20",
        "covered": "no"
      },
      "geometry": {
        "type": "Point",
        "coordinates": [
          5.3734463,
          43.3083016
        ]
      },
      "id": "node/5470900200"
    },
    {
      "type": "Feature",
      "properties": {
        "@id": "node/5693519314",
        "amenity": "bicycle_parking",
        "bicycle_parking": "stands",
        "capacity": "24",
        "colour": "gray",
        "covered": "no",
        "fee": "no",
        "source": "survey",
        "survey:date": "2024-06-15"
      },
      "geometry": {
        "type": "Point",
        "coordinates": [
          5.3889755,
          43.2962941
        ]
      },
      "id": "node/5693519314"
    },
    {
      "type": "Feature",
      "properties": {
        "@id": "node/5794499436",
        "amenity": "bicycle_parking"
      },
      "geometry": {
        "type": "Point",
        "coordinates": [
          5.5602633,
          43.253992
        ]
      },
      "id": "node/5794499436"
    },
    {
      "type": "Feature",
      "properties": {
        "@id": "node/6326745153",
        "access": "yes",
        "amenity": "bicycle_parking",
        "bicycle_parking": "anchors",
        "capacity": "7",
        "covered": "no",
        "fee": "no",
        "smoothness": "good"
      },
      "geometry": {
        "type": "Point",
        "coordinates": [
          5.6102156,
          43.1738503
        ]
      },
      "id": "node/6326745153"
    },
    {
      "type": "Feature",
      "properties": {
        "@id": "node/6327126235",
        "amenity": "bicycle_parking",
        "bicycle_parking": "anchors",
        "capacity": "7",
        "covered": "no"
      },
      "geometry": {
        "type": "Point",
        "coordinates": [
          5.6098293,
          43.1772374
        ]
      },
      "id": "node/6327126235"
    },
    {
      "type": "Feature",
      "properties": {
        "@id": "node/6327126237",
        "access": "yes",
        "amenity": "bicycle_parking",
        "bicycle_parking": "anchors",
        "capacity": "8",
        "covered": "no",
        "fee": "no",
        "lit": "yes"
      },
      "geometry": {
        "type": "Point",
        "coordinates": [
          5.610947,
          43.1765211
        ]
      },
      "id": "node/6327126237"
    },
    {
      "type": "Feature",
      "properties": {
        "@id": "node/6395640240",
        "amenity": "bicycle_parking",
        "bicycle_parking": "stands",
        "capacity": "8",
        "covered": "yes"
      },
      "geometry": {
        "type": "Point",
        "coordinates": [
          5.5947232,
          43.2944917
        ]
      },
      "id": "node/6395640240"
    },
    {
      "type": "Feature",
      "properties": {
        "@id": "node/6395640241",
        "amenity": "bicycle_parking",
        "bicycle_parking": "stands",
        "capacity": "8",
        "covered": "yes"
      },
      "geometry": {
        "type": "Point",
        "coordinates": [
          5.5947045,
          43.2944117
        ]
      },
      "id": "node/6395640241"
    },
    {
      "type": "Feature",
      "properties": {
        "@id": "node/6794576208",
        "amenity": "bicycle_parking",
        "bicycle_parking": "stands",
        "capacity": "8",
        "covered": "no"
      },
      "geometry": {
        "type": "Point",
        "coordinates": [
          5.3662513,
          43.3086846
        ]
      },
      "id": "node/6794576208"
    },
    {
      "type": "Feature",
      "properties": {
        "@id": "node/6794576210",
        "amenity": "bicycle_parking",
        "bicycle_parking": "stands",
        "capacity": "8",
        "covered": "no"
      },
      "geometry": {
        "type": "Point",
        "coordinates": [
          5.3658074,
          43.3071857
        ]
      },
      "id": "node/6794576210"
    },
    {
      "type": "Feature",
      "properties": {
        "@id": "node/7052799870",
        "amenity": "bicycle_parking",
        "bicycle": "yes",
        "bicycle_parking": "anchors",
        "capacity": "4",
        "covered": "no",
        "motorcycle": "no"
      },
      "geometry": {
        "type": "Point",
        "coordinates": [
          5.3928968,
          43.2930209
        ]
      },
      "id": "node/7052799870"
    },
    {
      "type": "Feature",
      "properties": {
        "@id": "node/7148367357",
        "amenity": "bicycle_parking",
        "bicycle_parking": "stands",
        "capacity": "20"
      },
      "geometry": {
        "type": "Point",
        "coordinates": [
          5.403002,
          43.2382773
        ]
      },
      "id": "node/7148367357"
    },
    {
      "type": "Feature",
      "properties": {
        "@id": "node/7234877345",
        "amenity": "bicycle_parking",
        "bicycle_parking": "stands",
        "capacity": "16",
        "covered": "no"
      },
      "geometry": {
        "type": "Point",
        "coordinates": [
          5.3744243,
          43.2915699
        ]
      },
      "id": "node/7234877345"
    },
    {
      "type": "Feature",
      "properties": {
        "@id": "node/7257280653",
        "amenity": "bicycle_parking",
        "bicycle_parking": "stands",
        "capacity": "4",
        "covered": "no"
      },
      "geometry": {
        "type": "Point",
        "coordinates": [
          5.3788778,
          43.3086641
        ]
      },
      "id": "node/7257280653"
    },
    {
      "type": "Feature",
      "properties": {
        "@id": "node/7350580260",
        "access": "yes",
        "amenity": "bicycle_parking",
        "bicycle_parking": "rack",
        "capacity": "7",
        "covered": "no",
        "fee": "no"
      },
      "geometry": {
        "type": "Point",
        "coordinates": [
          5.445946,
          43.3375209
        ]
      },
      "id": "node/7350580260"
    },
    {
      "type": "Feature",
      "properties": {
        "@id": "node/7382768281",
        "amenity": "bicycle_parking",
        "bicycle_parking": "stands",
        "capacity": "10",
        "covered": "no"
      },
      "geometry": {
        "type": "Point",
        "coordinates": [
          5.3736206,
          43.3015121
        ]
      },
      "id": "node/7382768281"
    },
    {
      "type": "Feature",
      "properties": {
        "@id": "node/7614818258",
        "access": "customers",
        "amenity": "bicycle_parking",
        "building": "shed",
        "capacity": "20",
        "covered": "yes",
        "fee": "no",
        "opening_hours": "04:30-01:30",
        "operator": "RTM",
        "source": "https://www.rtm.fr/abrivelo"
      },
      "geometry": {
        "type": "Point",
        "coordinates": [
          5.4304825,
          43.3336125
        ]
      },
      "id": "node/7614818258"
    },
    {
      "type": "Feature",
      "properties": {
        "@id": "node/7614907386",
        "access": "customers",
        "amenity": "bicycle_parking",
        "building": "shed",
        "capacity": "70",
        "covered": "yes",
        "fee": "no",
        "operator": "RTM"
      },
      "geometry": {
        "type": "Point",
        "coordinates": [
          5.367086,
          43.3289066
        ]
      },
      "id": "node/7614907386"
    },
    {
      "type": "Feature",
      "properties": {
        "@id": "node/7656061614",
        "amenity": "bicycle_parking",
        "bicycle_parking": "stands",
        "capacity": "5",
        "fee": "no"
      },
      "geometry": {
        "type": "Point",
        "coordinates": [
          5.5169559,
          43.2784585
        ]
      },
      "id": "node/7656061614"
    },
    {
      "type": "Feature",
      "properties": {
        "@id": "node/7714338009",
        "amenity": "bicycle_parking",
        "bicycle_parking": "stands",
        "capacity": "18"
      },
      "geometry": {
        "type": "Point",
        "coordinates": [
          5.4242769,
          43.2737811
        ]
      },
      "id": "node/7714338009"
    },
    {
      "type": "Feature",
      "properties": {
        "@id": "node/7749927851",
        "access": "yes",
        "amenity": "bicycle_parking",
        "bicycle_parking": "stands",
        "capacity": "8",
        "covered": "no",
        "fee": "no",
        "supervised": "no"
      },
      "geometry": {
        "type": "Point",
        "coordinates": [
          5.5678294,
          43.2929416
        ]
      },
      "id": "node/7749927851"
    },
    {
      "type": "Feature",
      "properties": {
        "@id": "node/7749927857",
        "access": "yes",
        "amenity": "bicycle_parking",
        "bicycle_parking": "stands",
        "capacity": "6",
        "fee": "no"
      },
      "geometry": {
        "type": "Point",
        "coordinates": [
          5.5670714,
          43.2949531
        ]
      },
      "id": "node/7749927857"
    },
    {
      "type": "Feature",
      "properties": {
        "@id": "node/7749927872",
        "access": "yes",
        "amenity": "bicycle_parking",
        "bicycle_parking": "stands",
        "capacity": "8",
        "covered": "no",
        "fee": "no",
        "supervised": "no"
      },
      "geometry": {
        "type": "Point",
        "coordinates": [
          5.5672854,
          43.294
        ]
      },
      "id": "node/7749927872"
    },
    {
      "type": "Feature",
      "properties": {
        "@id": "node/7831588749",
        "amenity": "bicycle_parking",
        "bicycle_parking": "stands",
        "capacity": "6",
        "covered": "no"
      },
      "geometry": {
        "type": "Point",
        "coordinates": [
          5.6226463,
          43.1869401
        ]
      },
      "id": "node/7831588749"
    },
    {
      "type": "Feature",
      "properties": {
        "@id": "node/7893947858",
        "amenity": "bicycle_parking",
        "covered": "no"
      },
      "geometry": {
        "type": "Point",
        "coordinates": [
          5.3152352,
          43.3601596
        ]
      },
      "id": "node/7893947858"
    },
    {
      "type": "Feature",
      "properties": {
        "@id": "node/7932404833",
        "amenity": "bicycle_parking",
        "building": "shed",
        "covered": "yes",
        "operator": "La Métropole Moblité",
        "operator:type": "public"
      },
      "geometry": {
        "type": "Point",
        "coordinates": [
          5.5946056,
          43.2865751
        ]
      },
      "id": "node/7932404833"
    },
    {
      "type": "Feature",
      "properties": {
        "@id": "node/8071999816",
        "amenity": "bicycle_parking",
        "bicycle_parking": "floor",
        "covered": "no"
      },
      "geometry": {
        "type": "Point",
        "coordinates": [
          5.3998601,
          43.2927513
        ]
      },
      "id": "node/8071999816"
    },
    {
      "type": "Feature",
      "properties": {
        "@id": "node/8072021972",
        "amenity": "bicycle_parking",
        "covered": "no"
      },
      "geometry": {
        "type": "Point",
        "coordinates": [
          5.394849,
          43.2946303
        ]
      },
      "id": "node/8072021972"
    },
    {
      "type": "Feature",
      "properties": {
        "@id": "node/8077098390",
        "amenity": "bicycle_parking",
        "covered": "yes",
        "operator": "softmobilitycompagny",
        "service:bicycle:repair": "yes",
        "supervised": "yes"
      },
      "geometry": {
        "type": "Point",
        "coordinates": [
          5.3662969,
          43.3062927
        ]
      },
      "id": "node/8077098390"
    },
    {
      "type": "Feature",
      "properties": {
        "@id": "node/8137286204",
        "amenity": "bicycle_parking",
        "bicycle_parking": "stands",
        "capacity": "12",
        "covered": "no"
      },
      "geometry": {
        "type": "Point",
        "coordinates": [
          5.3824942,
          43.2968646
        ]
      },
      "id": "node/8137286204"
    },
    {
      "type": "Feature",
      "properties": {
        "@id": "node/8149003199",
        "amenity": "bicycle_parking",
        "bicycle_parking": "stands",
        "capacity": "6",
        "covered": "no"
      },
      "geometry": {
        "type": "Point",
        "coordinates": [
          5.3712461,
          43.3118743
        ]
      },
      "id": "node/8149003199"
    },
    {
      "type": "Feature",
      "properties": {
        "@id": "node/8149003200",
        "amenity": "bicycle_parking",
        "bicycle_parking": "stands",
        "capacity": "6",
        "covered": "no",
        "fee": "no"
      },
      "geometry": {
        "type": "Point",
        "coordinates": [
          5.3711327,
          43.3120618
        ]
      },
      "id": "node/8149003200"
    },
    {
      "type": "Feature",
      "properties": {
        "@id": "node/8149003201",
        "amenity": "bicycle_parking",
        "bicycle_parking": "stands",
        "capacity": "6",
        "covered": "no",
        "fee": "no"
      },
      "geometry": {
        "type": "Point",
        "coordinates": [
          5.3709457,
          43.3123379
        ]
      },
      "id": "node/8149003201"
    },
    {
      "type": "Feature",
      "properties": {
        "@id": "node/8149025024",
        "access": "yes",
        "amenity": "bicycle_parking",
        "bicycle_parking": "stands",
        "capacity": "20",
        "covered": "no",
        "fee": "no"
      },
      "geometry": {
        "type": "Point",
        "coordinates": [
          5.3680972,
          43.3090854
        ]
      },
      "id": "node/8149025024"
    },
    {
      "type": "Feature",
      "properties": {
        "@id": "node/8164200639",
        "amenity": "bicycle_parking",
        "bicycle": "yes",
        "bicycle_parking": "stands",
        "capacity": "6",
        "covered": "no"
      },
      "geometry": {
        "type": "Point",
        "coordinates": [
          5.547351,
          43.2845718
        ]
      },
      "id": "node/8164200639"
    },
    {
      "type": "Feature",
      "properties": {
        "@id": "node/8164680679",
        "amenity": "bicycle_parking",
        "bicycle_parking": "stands",
        "capacity": "4",
        "covered": "no"
      },
      "geometry": {
        "type": "Point",
        "coordinates": [
          5.3933242,
          43.2847377
        ]
      },
      "id": "node/8164680679"
    },
    {
      "type": "Feature",
      "properties": {
        "@id": "node/8164867156",
        "amenity": "bicycle_parking",
        "capacity": "20"
      },
      "geometry": {
        "type": "Point",
        "coordinates": [
          5.5643694,
          43.2942577
        ]
      },
      "id": "node/8164867156"
    },
    {
      "type": "Feature",
      "properties": {
        "@id": "node/8170218973",
        "amenity": "bicycle_parking",
        "capacity": "16"
      },
      "geometry": {
        "type": "Point",
        "coordinates": [
          5.6093515,
          43.1776964
        ]
      },
      "id": "node/8170218973"
    },
    {
      "type": "Feature",
      "properties": {
        "@id": "node/8170455108",
        "amenity": "bicycle_parking",
        "bicycle_parking": "stands",
        "capacity": "6",
        "covered": "no"
      },
      "geometry": {
        "type": "Point",
        "coordinates": [
          5.6059845,
          43.1721012
        ]
      },
      "id": "node/8170455108"
    },
    {
      "type": "Feature",
      "properties": {
        "@id": "node/8173692947",
        "amenity": "bicycle_parking",
        "capacity": "8"
      },
      "geometry": {
        "type": "Point",
        "coordinates": [
          5.6001715,
          43.1856476
        ]
      },
      "id": "node/8173692947"
    },
    {
      "type": "Feature",
      "properties": {
        "@id": "node/8213977163",
        "amenity": "bicycle_parking",
        "capacity": "6"
      },
      "geometry": {
        "type": "Point",
        "coordinates": [
          5.437811,
          43.2443988
        ]
      },
      "id": "node/8213977163"
    },
    {
      "type": "Feature",
      "properties": {
        "@id": "node/8255025970",
        "access": "customers",
        "amenity": "bicycle_parking",
        "building": "shed",
        "capacity": "10",
        "covered": "yes",
        "name": "L'abrivelo",
        "opening_hours": "24/7",
        "operator": "La Métropole Mobilité",
        "website": "https://www.rtm.fr/abrivelo"
      },
      "geometry": {
        "type": "Point",
        "coordinates": [
          5.3680524,
          43.3122865
        ]
      },
      "id": "node/8255025970"
    },
    {
      "type": "Feature",
      "properties": {
        "@id": "node/8302467295",
        "access": "yes",
        "amenity": "bicycle_parking",
        "bicycle_parking": "stands",
        "capacity": "20",
        "covered": "yes",
        "fee": "no",
        "surface": "concrete"
      },
      "geometry": {
        "type": "Point",
        "coordinates": [
          5.4391857,
          43.2313598
        ]
      },
      "id": "node/8302467295"
    },
    {
      "type": "Feature",
      "properties": {
        "@id": "node/8476103135",
        "amenity": "bicycle_parking",
        "bicycle_parking": "stands",
        "capacity": "6",
        "covered": "no",
        "fee": "no"
      },
      "geometry": {
        "type": "Point",
        "coordinates": [
          5.371224,
          43.3122693
        ]
      },
      "id": "node/8476103135"
    },
    {
      "type": "Feature",
      "properties": {
        "@id": "node/8476103145",
        "amenity": "bicycle_parking",
        "bicycle_parking": "stands",
        "capacity": "4",
        "covered": "no",
        "fee": "no"
      },
      "geometry": {
        "type": "Point",
        "coordinates": [
          5.3716532,
          43.3124086
        ]
      },
      "id": "node/8476103145"
    },
    {
      "type": "Feature",
      "properties": {
        "@id": "node/8476103148",
        "amenity": "bicycle_parking",
        "bicycle_parking": "stands",
        "capacity": "4",
        "covered": "no",
        "fee": "no"
      },
      "geometry": {
        "type": "Point",
        "coordinates": [
          5.3714396,
          43.312333
        ]
      },
      "id": "node/8476103148"
    },
    {
      "type": "Feature",
      "properties": {
        "@id": "node/8476103207",
        "amenity": "bicycle_parking",
        "bicycle_parking": "stands",
        "capacity": "6",
        "covered": "no",
        "fee": "no"
      },
      "geometry": {
        "type": "Point",
        "coordinates": [
          5.3713592,
          43.3123087
        ]
      },
      "id": "node/8476103207"
    },
    {
      "type": "Feature",
      "properties": {
        "@id": "node/8476103212",
        "amenity": "bicycle_parking",
        "bicycle_parking": "stands",
        "capacity": "4",
        "covered": "no",
        "fee": "no"
      },
      "geometry": {
        "type": "Point",
        "coordinates": [
          5.3717547,
          43.3124424
        ]
      },
      "id": "node/8476103212"
    },
    {
      "type": "Feature",
      "properties": {
        "@id": "node/8476105517",
        "amenity": "bicycle_parking",
        "bicycle_parking": "stands",
        "capacity": "4",
        "covered": "no",
        "fee": "no"
      },
      "geometry": {
        "type": "Point",
        "coordinates": [
          5.3711464,
          43.3122411
        ]
      },
      "id": "node/8476105517"
    },
    {
      "type": "Feature",
      "properties": {
        "@id": "node/8499241487",
        "amenity": "bicycle_parking",
        "covered": "no"
      },
      "geometry": {
        "type": "Point",
        "coordinates": [
          5.3611712,
          43.2745856
        ]
      },
      "id": "node/8499241487"
    },
    {
      "type": "Feature",
      "properties": {
        "@id": "node/8518294539",
        "amenity": "bicycle_parking",
        "bicycle_parking": "stands",
        "capacity": "14",
        "covered": "no",
        "source:bicycle": "Collectif Vélos en Ville"
      },
      "geometry": {
        "type": "Point",
        "coordinates": [
          5.3767136,
          43.2932191
        ]
      },
      "id": "node/8518294539"
    },
    {
      "type": "Feature",
      "properties": {
        "@id": "node/8518294541",
        "amenity": "bicycle_parking",
        "bicycle_parking": "stands",
        "capacity": "10",
        "covered": "no"
      },
      "geometry": {
        "type": "Point",
        "coordinates": [
          5.3762265,
          43.2948216
        ]
      },
      "id": "node/8518294541"
    },
    {
      "type": "Feature",
      "properties": {
        "@id": "node/8518294551",
        "amenity": "bicycle_parking",
        "bicycle_parking": "stands",
        "capacity": "7",
        "covered": "no",
        "survey:date": "2023-06-09"
      },
      "geometry": {
        "type": "Point",
        "coordinates": [
          5.3752018,
          43.2950403
        ]
      },
      "id": "node/8518294551"
    },
    {
      "type": "Feature",
      "properties": {
        "@id": "node/8518294552",
        "amenity": "bicycle_parking",
        "bicycle_parking": "stands",
        "capacity": "8",
        "covered": "no"
      },
      "geometry": {
        "type": "Point",
        "coordinates": [
          5.3754447,
          43.2942575
        ]
      },
      "id": "node/8518294552"
    },
    {
      "type": "Feature",
      "properties": {
        "@id": "node/8541358468",
        "amenity": "bicycle_parking",
        "bicycle_parking": "stands",
        "capacity": "6",
        "covered": "no",
        "source:bicycle": "Collectif Vélos en Ville"
      },
      "geometry": {
        "type": "Point",
        "coordinates": [
          5.3762665,
          43.2932201
        ]
      },
      "id": "node/8541358468"
    },
    {
      "type": "Feature",
      "properties": {
        "@id": "node/8541358472",
        "amenity": "bicycle_parking",
        "bicycle_parking": "stands",
        "capacity": "6",
        "covered": "no",
        "source:bicycle": "Collectif Vélos en Ville"
      },
      "geometry": {
        "type": "Point",
        "coordinates": [
          5.3769826,
          43.2930663
        ]
      },
      "id": "node/8541358472"
    },
    {
      "type": "Feature",
      "properties": {
        "@id": "node/8544622920",
        "amenity": "bicycle_parking",
        "bicycle_parking": "stands",
        "capacity": "6",
        "covered": "no"
      },
      "geometry": {
        "type": "Point",
        "coordinates": [
          5.3750451,
          43.2936734
        ]
      },
      "id": "node/8544622920"
    },
    {
      "type": "Feature",
      "properties": {
        "@id": "node/8544622921",
        "amenity": "bicycle_parking",
        "bicycle_parking": "stands",
        "capacity": "10",
        "covered": "no",
        "source:bicycle": "Collectif Vélos en Ville"
      },
      "geometry": {
        "type": "Point",
        "coordinates": [
          5.3753753,
          43.2937578
        ]
      },
      "id": "node/8544622921"
    },
    {
      "type": "Feature",
      "properties": {
        "@id": "node/8544622922",
        "amenity": "bicycle_parking",
        "bicycle_parking": "stands",
        "capacity": "6",
        "covered": "no",
        "source:bicycle": "Collectif Vélos en Ville"
      },
      "geometry": {
        "type": "Point",
        "coordinates": [
          5.3755857,
          43.2932816
        ]
      },
      "id": "node/8544622922"
    },
    {
      "type": "Feature",
      "properties": {
        "@id": "node/8544622923",
        "amenity": "bicycle_parking",
        "bicycle_parking": "stands",
        "capacity": "10",
        "covered": "no",
        "source:bicycle": "Collectif Vélos en Ville"
      },
      "geometry": {
        "type": "Point",
        "coordinates": [
          5.3756608,
          43.2931118
        ]
      },
      "id": "node/8544622923"
    },
    {
      "type": "Feature",
      "properties": {
        "@id": "node/8603640814",
        "amenity": "bicycle_parking",
        "bicycle_parking": "stands",
        "capacity": "6",
        "covered": "no"
      },
      "geometry": {
        "type": "Point",
        "coordinates": [
          5.3830077,
          43.2956594
        ]
      },
      "id": "node/8603640814"
    },
    {
      "type": "Feature",
      "properties": {
        "@id": "node/8612680124",
        "amenity": "bicycle_parking",
        "bicycle_parking": "stands",
        "capacity": "10",
        "covered": "no"
      },
      "geometry": {
        "type": "Point",
        "coordinates": [
          5.3931904,
          43.3037201
        ]
      },
      "id": "node/8612680124"
    },
    {
      "type": "Feature",
      "properties": {
        "@id": "node/8617206558",
        "amenity": "bicycle_parking",
        "bicycle_parking": "stands",
        "capacity": "8",
        "covered": "no",
        "fee": "no"
      },
      "geometry": {
        "type": "Point",
        "coordinates": [
          5.4244409,
          43.2961012
        ]
      },
      "id": "node/8617206558"
    },
    {
      "type": "Feature",
      "properties": {
        "@id": "node/8617206559",
        "amenity": "bicycle_parking",
        "bicycle_parking": "stands",
        "capacity": "10",
        "covered": "no",
        "fee": "no"
      },
      "geometry": {
        "type": "Point",
        "coordinates": [
          5.4240677,
          43.292846
        ]
      },
      "id": "node/8617206559"
    },
    {
      "type": "Feature",
      "properties": {
        "@id": "node/8654945073",
        "amenity": "bicycle_parking",
        "bicycle_parking": "stands",
        "capacity": "10",
        "covered": "no",
        "fee": "no"
      },
      "geometry": {
        "type": "Point",
        "coordinates": [
          5.3992747,
          43.3009368
        ]
      },
      "id": "node/8654945073"
    },
    {
      "type": "Feature",
      "properties": {
        "@id": "node/8687459907",
        "amenity": "bicycle_parking",
        "bicycle_parking": "stands",
        "capacity": "6",
        "covered": "no",
        "source:bicycle": "Collectif Vélos en Ville"
      },
      "geometry": {
        "type": "Point",
        "coordinates": [
          5.3766167,
          43.2939048
        ]
      },
      "id": "node/8687459907"
    },
    {
      "type": "Feature",
      "properties": {
        "@id": "node/8733242861",
        "amenity": "bicycle_parking",
        "bicycle_parking": "stands",
        "capacity": "16",
        "covered": "no"
      },
      "geometry": {
        "type": "Point",
        "coordinates": [
          5.4025168,
          43.2917756
        ]
      },
      "id": "node/8733242861"
    },
    {
      "type": "Feature",
      "properties": {
        "@id": "node/8736460270",
        "amenity": "bicycle_parking",
        "bicycle_parking": "stands",
        "capacity": "14",
        "covered": "no"
      },
      "geometry": {
        "type": "Point",
        "coordinates": [
          5.4008763,
          43.2948904
        ]
      },
      "id": "node/8736460270"
    },
    {
      "type": "Feature",
      "properties": {
        "@id": "node/8743116532",
        "amenity": "bicycle_parking",
        "bicycle_parking": "floor",
        "covered": "no"
      },
      "geometry": {
        "type": "Point",
        "coordinates": [
          5.401003,
          43.2973809
        ]
      },
      "id": "node/8743116532"
    },
    {
      "type": "Feature",
      "properties": {
        "@id": "node/8796524851",
        "amenity": "bicycle_parking",
        "bicycle_parking": "stands",
        "capacity": "14",
        "covered": "no"
      },
      "geometry": {
        "type": "Point",
        "coordinates": [
          5.3663821,
          43.3051611
        ]
      },
      "id": "node/8796524851"
    },
    {
      "type": "Feature",
      "properties": {
        "@id": "node/8825275417",
        "amenity": "bicycle_parking",
        "bicycle_parking": "stands",
        "capacity": "12",
        "covered": "no",
        "fee": "no"
      },
      "geometry": {
        "type": "Point",
        "coordinates": [
          5.3739285,
          43.2988474
        ]
      },
      "id": "node/8825275417"
    },
    {
      "type": "Feature",
      "properties": {
        "@id": "node/8825275498",
        "amenity": "bicycle_parking",
        "bicycle_parking": "stands",
        "capacity": "8",
        "covered": "no",
        "fee": "no"
      },
      "geometry": {
        "type": "Point",
        "coordinates": [
          5.3739895,
          43.2990363
        ]
      },
      "id": "node/8825275498"
    },
    {
      "type": "Feature",
      "properties": {
        "@id": "node/8825275499",
        "amenity": "bicycle_parking",
        "bicycle_parking": "stands",
        "capacity": "8",
        "covered": "no",
        "fee": "no"
      },
      "geometry": {
        "type": "Point",
        "coordinates": [
          5.3742148,
          43.2990685
        ]
      },
      "id": "node/8825275499"
    },
    {
      "type": "Feature",
      "properties": {
        "@id": "node/8857539861",
        "amenity": "bicycle_parking",
        "bicycle_parking": "stands",
        "capacity": "3",
        "covered": "no",
        "source:bicycle": "Collectif Vélos en Ville"
      },
      "geometry": {
        "type": "Point",
        "coordinates": [
          5.3967731,
          43.2954055
        ]
      },
      "id": "node/8857539861"
    },
    {
      "type": "Feature",
      "properties": {
        "@id": "node/8860328718",
        "amenity": "bicycle_parking",
        "bicycle_parking": "stands",
        "capacity": "16",
        "covered": "no"
      },
      "geometry": {
        "type": "Point",
        "coordinates": [
          5.3691176,
          43.3156998
        ]
      },
      "id": "node/8860328718"
    },
    {
      "type": "Feature",
      "properties": {
        "@id": "node/8917463298",
        "amenity": "bicycle_parking",
        "bicycle_parking": "handlebar_holder",
        "capacity": "7"
      },
      "geometry": {
        "type": "Point",
        "coordinates": [
          5.3728475,
          43.2522829
        ]
      },
      "id": "node/8917463298"
    },
    {
      "type": "Feature",
      "properties": {
        "@id": "node/8917558776",
        "access": "customers",
        "amenity": "bicycle_parking",
        "bicycle_parking": "stands",
        "capacity": "26",
        "covered": "no"
      },
      "geometry": {
        "type": "Point",
        "coordinates": [
          5.4051353,
          43.2566475
        ]
      },
      "id": "node/8917558776"
    },
    {
      "type": "Feature",
      "properties": {
        "@id": "node/8917558777",
        "access": "customers",
        "amenity": "bicycle_parking",
        "bicycle_parking": "wall_loops",
        "capacity": "18",
        "covered": "yes"
      },
      "geometry": {
        "type": "Point",
        "coordinates": [
          5.4064167,
          43.2573234
        ]
      },
      "id": "node/8917558777"
    },
    {
      "type": "Feature",
      "properties": {
        "@id": "node/8922457888",
        "access": "customers",
        "amenity": "bicycle_parking",
        "bicycle_parking": "stands",
        "covered": "no"
      },
      "geometry": {
        "type": "Point",
        "coordinates": [
          5.4072251,
          43.2568534
        ]
      },
      "id": "node/8922457888"
    },
    {
      "type": "Feature",
      "properties": {
        "@id": "node/8944460075",
        "amenity": "bicycle_parking",
        "bicycle_parking": "stands",
        "capacity": "12",
        "covered": "no"
      },
      "geometry": {
        "type": "Point",
        "coordinates": [
          5.3691816,
          43.3140644
        ]
      },
      "id": "node/8944460075"
    },
    {
      "type": "Feature",
      "properties": {
        "@id": "node/8944460082",
        "amenity": "bicycle_parking",
        "bicycle_parking": "stands",
        "capacity": "12",
        "covered": "no"
      },
      "geometry": {
        "type": "Point",
        "coordinates": [
          5.3694606,
          43.3142479
        ]
      },
      "id": "node/8944460082"
    },
    {
      "type": "Feature",
      "properties": {
        "@id": "node/9073751948",
        "amenity": "bicycle_parking",
        "bicycle_parking": "stands",
        "capacity": "5",
        "covered": "no"
      },
      "geometry": {
        "type": "Point",
        "coordinates": [
          5.3693605,
          43.2999408
        ]
      },
      "id": "node/9073751948"
    },
    {
      "type": "Feature",
      "properties": {
        "@id": "node/9073761351",
        "amenity": "bicycle_parking",
        "bicycle_parking": "wall_loops",
        "capacity": "6",
        "covered": "no"
      },
      "geometry": {
        "type": "Point",
        "coordinates": [
          5.3734536,
          43.2879978
        ]
      },
      "id": "node/9073761351"
    },
    {
      "type": "Feature",
      "properties": {
        "@id": "node/9218436576",
        "access": "permissive",
        "amenity": "bicycle_parking",
        "capacity": "5",
        "covered": "no",
        "fee": "no"
      },
      "geometry": {
        "type": "Point",
        "coordinates": [
          5.629389,
          43.2068311
        ]
      },
      "id": "node/9218436576"
    },
    {
      "type": "Feature",
      "properties": {
        "@id": "node/9263702245",
        "amenity": "bicycle_parking",
        "bicycle_parking": "stands",
        "capacity": "4",
        "covered": "no",
        "source:bicycle": "Collectif Vélos en Ville"
      },
      "geometry": {
        "type": "Point",
        "coordinates": [
          5.3763079,
          43.2951349
        ]
      },
      "id": "node/9263702245"
    },
    {
      "type": "Feature",
      "properties": {
        "@id": "node/9633350250",
        "amenity": "bicycle_parking",
        "bicycle_parking": "stands",
        "capacity": "26",
        "check_date": "2024-10-25",
        "covered": "no",
        "fee": "no"
      },
      "geometry": {
        "type": "Point",
        "coordinates": [
          5.3508311,
          43.2117482
        ]
      },
      "id": "node/9633350250"
    },
    {
      "type": "Feature",
      "properties": {
        "@id": "node/9686377111",
        "amenity": "bicycle_parking",
        "bicycle_parking": "wall_loops",
        "capacity": "6",
        "covered": "no"
      },
      "geometry": {
        "type": "Point",
        "coordinates": [
          5.5356147,
          43.2133053
        ]
      },
      "id": "node/9686377111"
    },
    {
      "type": "Feature",
      "properties": {
        "@id": "node/9690374993",
        "access": "customers",
        "amenity": "bicycle_parking",
        "bicycle_parking": "stands",
        "capacity": "12",
        "covered": "no"
      },
      "geometry": {
        "type": "Point",
        "coordinates": [
          5.4059507,
          43.2569146
        ]
      },
      "id": "node/9690374993"
    },
    {
      "type": "Feature",
      "properties": {
        "@id": "node/9694447924",
        "access": "yes",
        "amenity": "bicycle_parking",
        "bicycle_parking": "stands",
        "capacity": "12",
        "covered": "no"
      },
      "geometry": {
        "type": "Point",
        "coordinates": [
          5.3903712,
          43.2476697
        ]
      },
      "id": "node/9694447924"
    },
    {
      "type": "Feature",
      "properties": {
        "@id": "node/9703672791",
        "amenity": "bicycle_parking",
        "bicycle_parking": "stands",
        "capacity": "24",
        "covered": "no"
      },
      "geometry": {
        "type": "Point",
        "coordinates": [
          5.3950314,
          43.2761557
        ]
      },
      "id": "node/9703672791"
    },
    {
      "type": "Feature",
      "properties": {
        "@id": "node/9705960366",
        "access": "yes",
        "amenity": "bicycle_parking",
        "bicycle_parking": "stands",
        "capacity": "10",
        "covered": "no"
      },
      "geometry": {
        "type": "Point",
        "coordinates": [
          5.375684,
          43.2626032
        ]
      },
      "id": "node/9705960366"
    },
    {
      "type": "Feature",
      "properties": {
        "@id": "node/9830411720",
        "amenity": "bicycle_parking",
        "bicycle_parking": "stands",
        "capacity": "10",
        "covered": "no"
      },
      "geometry": {
        "type": "Point",
        "coordinates": [
          5.3747451,
          43.2531832
        ]
      },
      "id": "node/9830411720"
    },
    {
      "type": "Feature",
      "properties": {
        "@id": "node/9961851508",
        "amenity": "bicycle_parking",
        "bicycle_parking": "stands",
        "capacity": "8",
        "covered": "no"
      },
      "geometry": {
        "type": "Point",
        "coordinates": [
          5.3774415,
          43.2963834
        ]
      },
      "id": "node/9961851508"
    },
    {
      "type": "Feature",
      "properties": {
        "@id": "node/9961851509",
        "amenity": "bicycle_parking",
        "bicycle_parking": "stands",
        "capacity": "10",
        "covered": "no"
      },
      "geometry": {
        "type": "Point",
        "coordinates": [
          5.3749229,
          43.2955513
        ]
      },
      "id": "node/9961851509"
    },
    {
      "type": "Feature",
      "properties": {
        "@id": "node/9963928369",
        "amenity": "bicycle_parking",
        "bicycle_parking": "stands",
        "capacity": "8",
        "covered": "no"
      },
      "geometry": {
        "type": "Point",
        "coordinates": [
          5.4005802,
          43.2973443
        ]
      },
      "id": "node/9963928369"
    },
    {
      "type": "Feature",
      "properties": {
        "@id": "node/9963928370",
        "amenity": "bicycle_parking",
        "bicycle_parking": "stands",
        "capacity": "12",
        "covered": "no"
      },
      "geometry": {
        "type": "Point",
        "coordinates": [
          5.4000887,
          43.2960413
        ]
      },
      "id": "node/9963928370"
    },
    {
      "type": "Feature",
      "properties": {
        "@id": "node/10042581432",
        "amenity": "bicycle_parking",
        "bicycle_parking": "stands",
        "capacity": "12",
        "covered": "no"
      },
      "geometry": {
        "type": "Point",
        "coordinates": [
          5.3558873,
          43.2898804
        ]
      },
      "id": "node/10042581432"
    },
    {
      "type": "Feature",
      "properties": {
        "@id": "node/10042581469",
        "amenity": "bicycle_parking",
        "bicycle_parking": "stands",
        "covered": "no"
      },
      "geometry": {
        "type": "Point",
        "coordinates": [
          5.3558229,
          43.2917185
        ]
      },
      "id": "node/10042581469"
    },
    {
      "type": "Feature",
      "properties": {
        "@id": "node/10047614356",
        "amenity": "bicycle_parking",
        "bicycle_parking": "stands",
        "capacity": "10",
        "covered": "no"
      },
      "geometry": {
        "type": "Point",
        "coordinates": [
          5.3913286,
          43.26497
        ]
      },
      "id": "node/10047614356"
    },
    {
      "type": "Feature",
      "properties": {
        "@id": "node/10100802363",
        "access": "yes",
        "amenity": "bicycle_parking",
        "bicycle_parking": "stands",
        "capacity": "16",
        "covered": "no",
        "fee": "no"
      },
      "geometry": {
        "type": "Point",
        "coordinates": [
          5.3921242,
          43.3046639
        ]
      },
      "id": "node/10100802363"
    },
    {
      "type": "Feature",
      "properties": {
        "@id": "node/10100871426",
        "access": "yes",
        "amenity": "bicycle_parking",
        "bicycle_parking": "bollard",
        "capacity": "18",
        "covered": "no",
        "fee": "no"
      },
      "geometry": {
        "type": "Point",
        "coordinates": [
          5.4028291,
          43.2821712
        ]
      },
      "id": "node/10100871426"
    },
    {
      "type": "Feature",
      "properties": {
        "@id": "node/10101022740",
        "amenity": "bicycle_parking",
        "bicycle_parking": "stands",
        "capacity": "16",
        "covered": "no",
        "source": "survey",
        "survey:date": "2022-10-14"
      },
      "geometry": {
        "type": "Point",
        "coordinates": [
          5.3742535,
          43.2983637
        ]
      },
      "id": "node/10101022740"
    },
    {
      "type": "Feature",
      "properties": {
        "@id": "node/10157037075",
        "amenity": "bicycle_parking",
        "bicycle_parking": "stands",
        "capacity": "2",
        "covered": "no",
        "source:bicycle": "Collectif Vélos en Ville"
      },
      "geometry": {
        "type": "Point",
        "coordinates": [
          5.3930329,
          43.2939858
        ]
      },
      "id": "node/10157037075"
    },
    {
      "type": "Feature",
      "properties": {
        "@id": "node/10157087799",
        "amenity": "bicycle_parking",
        "bicycle_parking": "stands",
        "capacity": "2",
        "covered": "no",
        "source:bicycle": "Collectif Vélos en Ville"
      },
      "geometry": {
        "type": "Point",
        "coordinates": [
          5.3929981,
          43.2935036
        ]
      },
      "id": "node/10157087799"
    },
    {
      "type": "Feature",
      "properties": {
        "@id": "node/10199753099",
        "amenity": "bicycle_parking",
        "bicycle_parking": "stands",
        "capacity": "6",
        "covered": "no"
      },
      "geometry": {
        "type": "Point",
        "coordinates": [
          5.3670425,
          43.2692627
        ]
      },
      "id": "node/10199753099"
    },
    {
      "type": "Feature",
      "properties": {
        "@id": "node/10206863916",
        "amenity": "bicycle_parking",
        "bicycle_parking": "stands",
        "capacity": "8",
        "covered": "no"
      },
      "geometry": {
        "type": "Point",
        "coordinates": [
          5.3833431,
          43.2468129
        ]
      },
      "id": "node/10206863916"
    },
    {
      "type": "Feature",
      "properties": {
        "@id": "node/10218204098",
        "amenity": "bicycle_parking",
        "bicycle_parking": "stands",
        "capacity": "16",
        "covered": "no"
      },
      "geometry": {
        "type": "Point",
        "coordinates": [
          5.384727,
          43.2955357
        ]
      },
      "id": "node/10218204098"
    },
    {
      "type": "Feature",
      "properties": {
        "@id": "node/10218204115",
        "amenity": "bicycle_parking",
        "bicycle_parking": "stands",
        "capacity": "18",
        "covered": "no"
      },
      "geometry": {
        "type": "Point",
        "coordinates": [
          5.3836669,
          43.2952648
        ]
      },
      "id": "node/10218204115"
    },
    {
      "type": "Feature",
      "properties": {
        "@id": "node/10223419952",
        "amenity": "bicycle_parking",
        "capacity": "10",
        "covered": "no"
      },
      "geometry": {
        "type": "Point",
        "coordinates": [
          5.4214002,
          43.2638723
        ]
      },
      "id": "node/10223419952"
    },
    {
      "type": "Feature",
      "properties": {
        "@id": "node/10223419953",
        "amenity": "bicycle_parking"
      },
      "geometry": {
        "type": "Point",
        "coordinates": [
          5.4214072,
          43.2639643
        ]
      },
      "id": "node/10223419953"
    },
    {
      "type": "Feature",
      "properties": {
        "@id": "node/10720880461",
        "amenity": "bicycle_parking",
        "bicycle_parking": "stands",
        "capacity": "20",
        "covered": "no"
      },
      "geometry": {
        "type": "Point",
        "coordinates": [
          5.3909989,
          43.2722965
        ]
      },
      "id": "node/10720880461"
    },
    {
      "type": "Feature",
      "properties": {
        "@id": "node/10733441252",
        "amenity": "bicycle_parking",
        "bicycle_parking": "stands",
        "capacity": "10",
        "covered": "no",
        "lit": "yes"
      },
      "geometry": {
        "type": "Point",
        "coordinates": [
          5.3879359,
          43.2842922
        ]
      },
      "id": "node/10733441252"
    },
    {
      "type": "Feature",
      "properties": {
        "@id": "node/10784605706",
        "amenity": "bicycle_parking",
        "bicycle_parking": "stands",
        "capacity": "20",
        "covered": "no"
      },
      "geometry": {
        "type": "Point",
        "coordinates": [
          5.60627,
          43.1667417
        ]
      },
      "id": "node/10784605706"
    },
    {
      "type": "Feature",
      "properties": {
        "@id": "node/10784624505",
        "amenity": "bicycle_parking",
        "bicycle_parking": "stands",
        "capacity": "16",
        "covered": "no"
      },
      "geometry": {
        "type": "Point",
        "coordinates": [
          5.6062322,
          43.1653442
        ]
      },
      "id": "node/10784624505"
    },
    {
      "type": "Feature",
      "properties": {
        "@id": "node/10795433360",
        "amenity": "bicycle_parking",
        "bicycle_parking": "stands",
        "capacity": "8"
      },
      "geometry": {
        "type": "Point",
        "coordinates": [
          5.4038254,
          43.2373
        ]
      },
      "id": "node/10795433360"
    },
    {
      "type": "Feature",
      "properties": {
        "@id": "node/10815925527",
        "amenity": "bicycle_parking",
        "bicycle_parking": "wall_loops",
        "capacity": "12"
      },
      "geometry": {
        "type": "Point",
        "coordinates": [
          5.4210938,
          43.2523481
        ]
      },
      "id": "node/10815925527"
    },
    {
      "type": "Feature",
      "properties": {
        "@id": "node/10846342366",
        "amenity": "bicycle_parking",
        "covered": "no"
      },
      "geometry": {
        "type": "Point",
        "coordinates": [
          5.3874917,
          43.2949798
        ]
      },
      "id": "node/10846342366"
    },
    {
      "type": "Feature",
      "properties": {
        "@id": "node/10917815404",
        "amenity": "bicycle_parking",
        "bicycle_parking": "stands",
        "capacity": "10",
        "covered": "no"
      },
      "geometry": {
        "type": "Point",
        "coordinates": [
          5.393522,
          43.29665
        ]
      },
      "id": "node/10917815404"
    },
    {
      "type": "Feature",
      "properties": {
        "@id": "node/10963236955",
        "amenity": "bicycle_parking",
        "bicycle_parking": "stands",
        "capacity": "14",
        "covered": "no"
      },
      "geometry": {
        "type": "Point",
        "coordinates": [
          5.3828247,
          43.2792645
        ]
      },
      "id": "node/10963236955"
    },
    {
      "type": "Feature",
      "properties": {
        "@id": "node/10963236956",
        "amenity": "bicycle_parking",
        "bicycle_parking": "stands",
        "capacity": "10",
        "covered": "no"
      },
      "geometry": {
        "type": "Point",
        "coordinates": [
          5.3827295,
          43.2792459
        ]
      },
      "id": "node/10963236956"
    },
    {
      "type": "Feature",
      "properties": {
        "@id": "node/10967220178",
        "access": "yes",
        "amenity": "bicycle_parking",
        "bicycle_parking": "wall_loops",
        "capacity": "12",
        "covered": "no",
        "surface": "asphalt"
      },
      "geometry": {
        "type": "Point",
        "coordinates": [
          5.4386302,
          43.2291646
        ]
      },
      "id": "node/10967220178"
    },
    {
      "type": "Feature",
      "properties": {
        "@id": "node/10967307103",
        "amenity": "bicycle_parking",
        "bicycle_parking": "stands",
        "capacity": "20",
        "colour": "grey",
        "covered": "no",
        "protected": "bollards",
        "source": "survey",
        "survey:date": "2023-06-10"
      },
      "geometry": {
        "type": "Point",
        "coordinates": [
          5.4392295,
          43.2304584
        ]
      },
      "id": "node/10967307103"
    },
    {
      "type": "Feature",
      "properties": {
        "@id": "node/10967921835",
        "amenity": "bicycle_parking",
        "bicycle_parking": "stands",
        "capacity": "2"
      },
      "geometry": {
        "type": "Point",
        "coordinates": [
          5.4432501,
          43.2309597
        ]
      },
      "id": "node/10967921835"
    },
    {
      "type": "Feature",
      "properties": {
        "@id": "node/10968291245",
        "access": "yes",
        "amenity": "bicycle_parking",
        "bicycle_parking": "stands",
        "capacity": "20",
        "covered": "yes",
        "motorcycle": "no",
        "surface": "paved"
      },
      "geometry": {
        "type": "Point",
        "coordinates": [
          5.4411182,
          43.2314526
        ]
      },
      "id": "node/10968291245"
    },
    {
      "type": "Feature",
      "properties": {
        "@id": "node/10968291246",
        "access": "yes",
        "amenity": "bicycle_parking",
        "bicycle_parking": "stands",
        "capacity": "36",
        "covered": "yes",
        "surface": "fine_gravel"
      },
      "geometry": {
        "type": "Point",
        "coordinates": [
          5.4420923,
          43.2319298
        ]
      },
      "id": "node/10968291246"
    },
    {
      "type": "Feature",
      "properties": {
        "@id": "node/10968291247",
        "access": "yes",
        "amenity": "bicycle_parking",
        "bicycle_parking": "stands",
        "capacity": "20",
        "covered": "yes",
        "surface": "fine_gravel"
      },
      "geometry": {
        "type": "Point",
        "coordinates": [
          5.4402132,
          43.2314099
        ]
      },
      "id": "node/10968291247"
    },
    {
      "type": "Feature",
      "properties": {
        "@id": "node/10973434667",
        "access": "yes",
        "amenity": "bicycle_parking",
        "bicycle_parking": "floor",
        "capacity": "6",
        "covered": "no",
        "smoothness": "excellent",
        "surface": "asphalt"
      },
      "geometry": {
        "type": "Point",
        "coordinates": [
          5.5215499,
          43.2072485
        ]
      },
      "id": "node/10973434667"
    },
    {
      "type": "Feature",
      "properties": {
        "@id": "node/10974031315",
        "access": "yes",
        "amenity": "bicycle_parking",
        "bicycle_parking": "stands",
        "capacity": "16",
        "covered": "no",
        "smoothness": "good",
        "surface": "paved"
      },
      "geometry": {
        "type": "Point",
        "coordinates": [
          5.3745794,
          43.2967928
        ]
      },
      "id": "node/10974031315"
    },
    {
      "type": "Feature",
      "properties": {
        "@id": "node/10974037598",
        "access": "yes",
        "amenity": "bicycle_parking",
        "bicycle_parking": "stands",
        "capacity": "16",
        "covered": "no",
        "smoothness": "good",
        "surface": "paved"
      },
      "geometry": {
        "type": "Point",
        "coordinates": [
          5.3741783,
          43.2980222
        ]
      },
      "id": "node/10974037598"
    },
    {
      "type": "Feature",
      "properties": {
        "@id": "node/10974040363",
        "access": "yes",
        "amenity": "bicycle_parking",
        "bicycle_parking": "stands",
        "capacity": "10",
        "covered": "no",
        "smoothness": "good",
        "surface": "paved"
      },
      "geometry": {
        "type": "Point",
        "coordinates": [
          5.374203,
          43.2972597
        ]
      },
      "id": "node/10974040363"
    },
    {
      "type": "Feature",
      "properties": {
        "@id": "node/10976584976",
        "access": "yes",
        "amenity": "bicycle_parking",
        "bicycle_parking": "stands",
        "capacity": "14",
        "covered": "no",
        "smoothness": "intermediate",
        "surface": "fine_gravel"
      },
      "geometry": {
        "type": "Point",
        "coordinates": [
          5.3606534,
          43.2975083
        ]
      },
      "id": "node/10976584976"
    },
    {
      "type": "Feature",
      "properties": {
        "@id": "node/10976584977",
        "access": "yes",
        "amenity": "bicycle_parking",
        "bicycle_parking": "stands",
        "capacity": "14",
        "covered": "no",
        "smoothness": "intermediate",
        "surface": "fine_gravel"
      },
      "geometry": {
        "type": "Point",
        "coordinates": [
          5.3626057,
          43.2983677
        ]
      },
      "id": "node/10976584977"
    },
    {
      "type": "Feature",
      "properties": {
        "@id": "node/10976584978",
        "access": "yes",
        "amenity": "bicycle_parking",
        "bicycle_parking": "stands",
        "capacity": "40",
        "covered": "no",
        "smoothness": "excellent",
        "surface": "concrete"
      },
      "geometry": {
        "type": "Point",
        "coordinates": [
          5.3615061,
          43.2967982
        ]
      },
      "id": "node/10976584978"
    },
    {
      "type": "Feature",
      "properties": {
        "@id": "node/10976584979",
        "access": "yes",
        "amenity": "bicycle_parking",
        "bicycle_parking": "stands",
        "capacity": "10",
        "covered": "no",
        "smoothness": "intermediate",
        "surface": "fine_gravel"
      },
      "geometry": {
        "type": "Point",
        "coordinates": [
          5.3604719,
          43.2974242
        ]
      },
      "id": "node/10976584979"
    },
    {
      "type": "Feature",
      "properties": {
        "@id": "node/11031874041",
        "amenity": "bicycle_parking",
        "bicycle_parking": "stands",
        "capacity": "8",
        "covered": "no"
      },
      "geometry": {
        "type": "Point",
        "coordinates": [
          5.3662694,
          43.2696127
        ]
      },
      "id": "node/11031874041"
    },
    {
      "type": "Feature",
      "properties": {
        "@id": "node/11055681179",
        "amenity": "bicycle_parking",
        "capacity": "5",
        "covered": "no"
      },
      "geometry": {
        "type": "Point",
        "coordinates": [
          5.38069,
          43.3070229
        ]
      },
      "id": "node/11055681179"
    },
    {
      "type": "Feature",
      "properties": {
        "@id": "node/11099612459",
        "amenity": "bicycle_parking",
        "bicycle_parking": "stands",
        "capacity": "12"
      },
      "geometry": {
        "type": "Point",
        "coordinates": [
          5.366858,
          43.3274559
        ]
      },
      "id": "node/11099612459"
    },
    {
      "type": "Feature",
      "properties": {
        "@id": "node/11099612460",
        "access": "customers",
        "amenity": "bicycle_parking",
        "building": "shed",
        "capacity": "40",
        "covered": "yes",
        "fee": "no",
        "name": "L'abrivelo",
        "operator": "La Métropole Mobilité",
        "website": "https://www.rtm.fr/abrivelo"
      },
      "geometry": {
        "type": "Point",
        "coordinates": [
          5.3667367,
          43.3274291
        ]
      },
      "id": "node/11099612460"
    },
    {
      "type": "Feature",
      "properties": {
        "@id": "node/11136447946",
        "amenity": "bicycle_parking",
        "bicycle_parking": "stands",
        "capacity": "22",
        "covered": "no"
      },
      "geometry": {
        "type": "Point",
        "coordinates": [
          5.3844984,
          43.2926503
        ]
      },
      "id": "node/11136447946"
    },
    {
      "type": "Feature",
      "properties": {
        "@id": "node/11136447948",
        "amenity": "bicycle_parking",
        "bicycle_parking": "stands",
        "capacity": "12",
        "covered": "no"
      },
      "geometry": {
        "type": "Point",
        "coordinates": [
          5.3853426,
          43.2929504
        ]
      },
      "id": "node/11136447948"
    },
    {
      "type": "Feature",
      "properties": {
        "@id": "node/11136447950",
        "amenity": "bicycle_parking",
        "bicycle_parking": "stands",
        "capacity": "12",
        "covered": "no"
      },
      "geometry": {
        "type": "Point",
        "coordinates": [
          5.384736,
          43.2915732
        ]
      },
      "id": "node/11136447950"
    },
    {
      "type": "Feature",
      "properties": {
        "@id": "node/11249181690",
        "amenity": "bicycle_parking",
        "bicycle_parking": "wall_loops",
        "capacity": "8",
        "covered": "no"
      },
      "geometry": {
        "type": "Point",
        "coordinates": [
          5.4913628,
          43.210122
        ]
      },
      "id": "node/11249181690"
    },
    {
      "type": "Feature",
      "properties": {
        "@id": "node/11249189142",
        "amenity": "bicycle_parking",
        "capacity": "10"
      },
      "geometry": {
        "type": "Point",
        "coordinates": [
          5.4944524,
          43.214677
        ]
      },
      "id": "node/11249189142"
    },
    {
      "type": "Feature",
      "properties": {
        "@id": "node/11250829673",
        "access": "yes",
        "amenity": "bicycle_parking",
        "bicycle_parking": "stands",
        "capacity": "10",
        "covered": "no",
        "fee": "no",
        "smoothness": "excellent",
        "supervised": "no",
        "surface": "asphalt"
      },
      "geometry": {
        "type": "Point",
        "coordinates": [
          5.3684565,
          43.3021083
        ]
      },
      "id": "node/11250829673"
    },
    {
      "type": "Feature",
      "properties": {
        "@id": "node/11252714605",
        "access": "yes",
        "amenity": "bicycle_parking",
        "bicycle_parking": "stands",
        "capacity": "20",
        "covered": "no",
        "fee": "no",
        "smoothness": "good",
        "supervised": "no",
        "surface": "asphalt"
      },
      "geometry": {
        "type": "Point",
        "coordinates": [
          5.370413,
          43.3084356
        ]
      },
      "id": "node/11252714605"
    },
    {
      "type": "Feature",
      "properties": {
        "@id": "node/11252714606",
        "access": "yes",
        "amenity": "bicycle_parking",
        "bicycle_parking": "stands",
        "capacity": "20",
        "covered": "no",
        "fee": "no",
        "smoothness": "good",
        "supervised": "no",
        "surface": "asphalt"
      },
      "geometry": {
        "type": "Point",
        "coordinates": [
          5.370348,
          43.3084199
        ]
      },
      "id": "node/11252714606"
    },
    {
      "type": "Feature",
      "properties": {
        "@id": "node/11287266151",
        "amenity": "bicycle_parking",
        "bicycle_parking": "rack",
        "capacity": "6",
        "covered": "no",
        "panoramax": "2d019a16-dc44-498c-a2c5-c348a49fa9c2"
      },
      "geometry": {
        "type": "Point",
        "coordinates": [
          5.3841086,
          43.25996
        ]
      },
      "id": "node/11287266151"
    },
    {
      "type": "Feature",
      "properties": {
        "@id": "node/11288661987",
        "amenity": "bicycle_parking",
        "bicycle_parking": "stands",
        "capacity": "10",
        "covered": "no"
      },
      "geometry": {
        "type": "Point",
        "coordinates": [
          5.3633281,
          43.2880184
        ]
      },
      "id": "node/11288661987"
    },
    {
      "type": "Feature",
      "properties": {
        "@id": "node/11309753806",
        "amenity": "bicycle_parking",
        "bicycle_parking": "stands",
        "capacity": "3",
        "covered": "no",
        "survey:date": "2023-11-03"
      },
      "geometry": {
        "type": "Point",
        "coordinates": [
          5.3666069,
          43.2992404
        ]
      },
      "id": "node/11309753806"
    },
    {
      "type": "Feature",
      "properties": {
        "@id": "node/11339017100",
        "amenity": "bicycle_parking",
        "bicycle_parking": "stands",
        "capacity": "8",
        "covered": "no"
      },
      "geometry": {
        "type": "Point",
        "coordinates": [
          5.5037933,
          43.3011825
        ]
      },
      "id": "node/11339017100"
    },
    {
      "type": "Feature",
      "properties": {
        "@id": "node/11353702756",
        "amenity": "bicycle_parking",
        "bicycle_parking": "stands",
        "capacity": "4",
        "covered": "no",
        "fixme": "position plus précise à affiner"
      },
      "geometry": {
        "type": "Point",
        "coordinates": [
          5.3813329,
          43.2978028
        ]
      },
      "id": "node/11353702756"
    },
    {
      "type": "Feature",
      "properties": {
        "@id": "node/11364654237",
        "amenity": "bicycle_parking",
        "bicycle_parking": "stands",
        "capacity": "8",
        "covered": "no"
      },
      "geometry": {
        "type": "Point",
        "coordinates": [
          5.3756207,
          43.2562938
        ]
      },
      "id": "node/11364654237"
    },
    {
      "type": "Feature",
      "properties": {
        "@id": "node/11366176591",
        "access": "yes",
        "amenity": "bicycle_parking",
        "bicycle_parking": "stands",
        "capacity": "20",
        "capacity:cargo_bike": "0",
        "covered": "no",
        "fee": "no",
        "parking": "surface",
        "smoothness": "good",
        "supervised": "no",
        "surface": "asphalt"
      },
      "geometry": {
        "type": "Point",
        "coordinates": [
          5.3713506,
          43.3073455
        ]
      },
      "id": "node/11366176591"
    },
    {
      "type": "Feature",
      "properties": {
        "@id": "node/11366176594",
        "access": "yes",
        "amenity": "bicycle_parking",
        "bicycle_parking": "stands",
        "capacity": "20",
        "capacity:cargo_bike": "0",
        "covered": "no",
        "fee": "no",
        "smoothness": "good",
        "supervised": "no",
        "surface": "asphalt"
      },
      "geometry": {
        "type": "Point",
        "coordinates": [
          5.3708553,
          43.3071969
        ]
      },
      "id": "node/11366176594"
    },
    {
      "type": "Feature",
      "properties": {
        "@id": "node/11366176596",
        "access": "yes",
        "amenity": "bicycle_parking",
        "bicycle_parking": "stands",
        "capacity": "20",
        "capacity:cargo_bike": "0",
        "covered": "no",
        "fee": "no",
        "smoothness": "good",
        "supervised": "no",
        "surface": "asphalt"
      },
      "geometry": {
        "type": "Point",
        "coordinates": [
          5.3713744,
          43.3072924
        ]
      },
      "id": "node/11366176596"
    },
    {
      "type": "Feature",
      "properties": {
        "@id": "node/11366176598",
        "access": "yes",
        "amenity": "bicycle_parking",
        "bicycle_parking": "stands",
        "capacity": "20",
        "capacity:cargo_bike": "0",
        "covered": "no",
        "fee": "no",
        "lit": "yes",
        "smoothness": "good",
        "surface": "asphalt"
      },
      "geometry": {
        "type": "Point",
        "coordinates": [
          5.3708795,
          43.3071363
        ]
      },
      "id": "node/11366176598"
    },
    {
      "type": "Feature",
      "properties": {
        "@id": "node/11373055156",
        "amenity": "bicycle_parking",
        "bicycle_parking": "stands",
        "capacity": "8",
        "covered": "no",
        "source:bicycle": "Collectif Vélos en Ville"
      },
      "geometry": {
        "type": "Point",
        "coordinates": [
          5.3882584,
          43.287909
        ]
      },
      "id": "node/11373055156"
    },
    {
      "type": "Feature",
      "properties": {
        "@id": "node/11379808188",
        "amenity": "bicycle_parking",
        "bicycle_parking": "stands",
        "capacity": "12"
      },
      "geometry": {
        "type": "Point",
        "coordinates": [
          5.4217765,
          43.2481865
        ]
      },
      "id": "node/11379808188"
    },
    {
      "type": "Feature",
      "properties": {
        "@id": "node/11387374761",
        "amenity": "bicycle_parking",
        "bicycle_parking": "stands",
        "capacity": "20",
        "covered": "no"
      },
      "geometry": {
        "type": "Point",
        "coordinates": [
          5.3763089,
          43.2554801
        ]
      },
      "id": "node/11387374761"
    },
    {
      "type": "Feature",
      "properties": {
        "@id": "node/11539932236",
        "amenity": "bicycle_parking",
        "bicycle_parking": "stands",
        "capacity": "6",
        "covered": "no"
      },
      "geometry": {
        "type": "Point",
        "coordinates": [
          5.394559,
          43.2869015
        ]
      },
      "id": "node/11539932236"
    },
    {
      "type": "Feature",
      "properties": {
        "@id": "node/11539941936",
        "amenity": "bicycle_parking",
        "bicycle_parking": "stands",
        "capacity": "10",
        "covered": "no"
      },
      "geometry": {
        "type": "Point",
        "coordinates": [
          5.3819651,
          43.2813018
        ]
      },
      "id": "node/11539941936"
    },
    {
      "type": "Feature",
      "properties": {
        "@id": "node/11539950913",
        "amenity": "bicycle_parking",
        "bicycle_parking": "stands",
        "capacity": "10",
        "covered": "no"
      },
      "geometry": {
        "type": "Point",
        "coordinates": [
          5.3591331,
          43.2888273
        ]
      },
      "id": "node/11539950913"
    },
    {
      "type": "Feature",
      "properties": {
        "@id": "node/11539989134",
        "amenity": "bicycle_parking",
        "bicycle_parking": "stands",
        "capacity": "28",
        "covered": "no"
      },
      "geometry": {
        "type": "Point",
        "coordinates": [
          5.3555733,
          43.2899331
        ]
      },
      "id": "node/11539989134"
    },
    {
      "type": "Feature",
      "properties": {
        "@id": "node/11539993063",
        "amenity": "bicycle_parking",
        "bicycle_parking": "stands",
        "capacity": "12",
        "covered": "no"
      },
      "geometry": {
        "type": "Point",
        "coordinates": [
          5.3554599,
          43.2899252
        ]
      },
      "id": "node/11539993063"
    },
    {
      "type": "Feature",
      "properties": {
        "@id": "node/11540047206",
        "amenity": "bicycle_parking",
        "bicycle_parking": "stands",
        "capacity": "10",
        "covered": "no"
      },
      "geometry": {
        "type": "Point",
        "coordinates": [
          5.3785115,
          43.292541
        ]
      },
      "id": "node/11540047206"
    },
    {
      "type": "Feature",
      "properties": {
        "@id": "node/11540101187",
        "amenity": "bicycle_parking",
        "bicycle_parking": "stands",
        "capacity": "10",
        "covered": "no"
      },
      "geometry": {
        "type": "Point",
        "coordinates": [
          5.3774644,
          43.2922957
        ]
      },
      "id": "node/11540101187"
    },
    {
      "type": "Feature",
      "properties": {
        "@id": "node/11540257550",
        "amenity": "bicycle_parking",
        "bicycle_parking": "stands",
        "capacity": "10",
        "covered": "no"
      },
      "geometry": {
        "type": "Point",
        "coordinates": [
          5.3852739,
          43.2869522
        ]
      },
      "id": "node/11540257550"
    },
    {
      "type": "Feature",
      "properties": {
        "@id": "node/11540257551",
        "amenity": "bicycle_parking",
        "bicycle_parking": "stands",
        "capacity": "10",
        "covered": "no"
      },
      "geometry": {
        "type": "Point",
        "coordinates": [
          5.3829178,
          43.2918445
        ]
      },
      "id": "node/11540257551"
    },
    {
      "type": "Feature",
      "properties": {
        "@id": "node/11540257552",
        "amenity": "bicycle_parking",
        "bicycle_parking": "stands",
        "capacity": "8",
        "covered": "no"
      },
      "geometry": {
        "type": "Point",
        "coordinates": [
          5.3827761,
          43.2922908
        ]
      },
      "id": "node/11540257552"
    },
    {
      "type": "Feature",
      "properties": {
        "@id": "node/11540257553",
        "amenity": "bicycle_parking",
        "bicycle_parking": "stands",
        "capacity": "12",
        "covered": "no"
      },
      "geometry": {
        "type": "Point",
        "coordinates": [
          5.3827359,
          43.292408
        ]
      },
      "id": "node/11540257553"
    },
    {
      "type": "Feature",
      "properties": {
        "@id": "node/11540257554",
        "amenity": "bicycle_parking",
        "bicycle_parking": "stands",
        "capacity": "6",
        "covered": "no"
      },
      "geometry": {
        "type": "Point",
        "coordinates": [
          5.3820994,
          43.2940159
        ]
      },
      "id": "node/11540257554"
    },
    {
      "type": "Feature",
      "properties": {
        "@id": "node/11540257555",
        "amenity": "bicycle_parking",
        "bicycle_parking": "stands",
        "capacity": "8",
        "covered": "no"
      },
      "geometry": {
        "type": "Point",
        "coordinates": [
          5.3818078,
          43.2949466
        ]
      },
      "id": "node/11540257555"
    },
    {
      "type": "Feature",
      "properties": {
        "@id": "node/11540257556",
        "amenity": "bicycle_parking",
        "bicycle_parking": "stands",
        "capacity": "6",
        "covered": "no"
      },
      "geometry": {
        "type": "Point",
        "coordinates": [
          5.3816287,
          43.2958491
        ]
      },
      "id": "node/11540257556"
    },
    {
      "type": "Feature",
      "properties": {
        "@id": "node/11540358254",
        "amenity": "bicycle_parking",
        "bicycle_parking": "stands",
        "capacity": "8",
        "covered": "no"
      },
      "geometry": {
        "type": "Point",
        "coordinates": [
          5.391966,
          43.2725305
        ]
      },
      "id": "node/11540358254"
    },
    {
      "type": "Feature",
      "properties": {
        "@id": "node/11540358255",
        "amenity": "bicycle_parking",
        "bicycle_parking": "stands",
        "capacity": "8",
        "covered": "no"
      },
      "geometry": {
        "type": "Point",
        "coordinates": [
          5.3919608,
          43.272603
        ]
      },
      "id": "node/11540358255"
    },
    {
      "type": "Feature",
      "properties": {
        "@id": "node/11540358256",
        "amenity": "bicycle_parking",
        "bicycle_parking": "stands",
        "capacity": "6",
        "covered": "no"
      },
      "geometry": {
        "type": "Point",
        "coordinates": [
          5.3915061,
          43.2729421
        ]
      },
      "id": "node/11540358256"
    },
    {
      "type": "Feature",
      "properties": {
        "@id": "node/11540358257",
        "amenity": "bicycle_parking",
        "bicycle_parking": "stands",
        "capacity": "10",
        "covered": "no"
      },
      "geometry": {
        "type": "Point",
        "coordinates": [
          5.3908313,
          43.272795
        ]
      },
      "id": "node/11540358257"
    },
    {
      "type": "Feature",
      "properties": {
        "@id": "node/11540358258",
        "amenity": "bicycle_parking",
        "bicycle_parking": "stands",
        "capacity": "14",
        "covered": "no"
      },
      "geometry": {
        "type": "Point",
        "coordinates": [
          5.3914302,
          43.2719578
        ]
      },
      "id": "node/11540358258"
    },
    {
      "type": "Feature",
      "properties": {
        "@id": "node/11540511176",
        "amenity": "bicycle_parking",
        "bicycle_parking": "stands",
        "capacity": "20",
        "covered": "no"
      },
      "geometry": {
        "type": "Point",
        "coordinates": [
          5.3946766,
          43.2861129
        ]
      },
      "id": "node/11540511176"
    },
    {
      "type": "Feature",
      "properties": {
        "@id": "node/11540511179",
        "amenity": "bicycle_parking",
        "bicycle_parking": "stands",
        "capacity": "20",
        "covered": "no"
      },
      "geometry": {
        "type": "Point",
        "coordinates": [
          5.3947207,
          43.2854926
        ]
      },
      "id": "node/11540511179"
    },
    {
      "type": "Feature",
      "properties": {
        "@id": "node/11540511181",
        "amenity": "bicycle_parking",
        "bicycle_parking": "stands",
        "capacity": "20",
        "covered": "no"
      },
      "geometry": {
        "type": "Point",
        "coordinates": [
          5.3932465,
          43.2866505
        ]
      },
      "id": "node/11540511181"
    },
    {
      "type": "Feature",
      "properties": {
        "@id": "node/11540511182",
        "amenity": "bicycle_parking",
        "bicycle_parking": "stands",
        "capacity": "6",
        "covered": "no"
      },
      "geometry": {
        "type": "Point",
        "coordinates": [
          5.3919317,
          43.2870115
        ]
      },
      "id": "node/11540511182"
    },
    {
      "type": "Feature",
      "properties": {
        "@id": "node/11542370027",
        "amenity": "bicycle_parking",
        "bicycle_parking": "stands",
        "capacity": "10",
        "covered": "no"
      },
      "geometry": {
        "type": "Point",
        "coordinates": [
          5.3918651,
          43.2845863
        ]
      },
      "id": "node/11542370027"
    },
    {
      "type": "Feature",
      "properties": {
        "@id": "node/11542887269",
        "amenity": "bicycle_parking",
        "bicycle_parking": "stands",
        "capacity": "8",
        "covered": "no"
      },
      "geometry": {
        "type": "Point",
        "coordinates": [
          5.3897772,
          43.2668809
        ]
      },
      "id": "node/11542887269"
    },
    {
      "type": "Feature",
      "properties": {
        "@id": "node/11542900087",
        "amenity": "bicycle_parking",
        "bicycle_parking": "stands",
        "capacity": "12",
        "covered": "no"
      },
      "geometry": {
        "type": "Point",
        "coordinates": [
          5.366272,
          43.2969616
        ]
      },
      "id": "node/11542900087"
    },
    {
      "type": "Feature",
      "properties": {
        "@id": "node/11542900088",
        "amenity": "bicycle_parking",
        "bicycle_parking": "stands",
        "capacity": "10",
        "covered": "no"
      },
      "geometry": {
        "type": "Point",
        "coordinates": [
          5.3654372,
          43.2972582
        ]
      },
      "id": "node/11542900088"
    },
    {
      "type": "Feature",
      "properties": {
        "@id": "node/11542911533",
        "amenity": "bicycle_parking",
        "bicycle_parking": "stands",
        "capacity": "16",
        "covered": "no"
      },
      "geometry": {
        "type": "Point",
        "coordinates": [
          5.3705824,
          43.2976143
        ]
      },
      "id": "node/11542911533"
    },
    {
      "type": "Feature",
      "properties": {
        "@id": "node/11542911534",
        "amenity": "bicycle_parking",
        "bicycle_parking": "stands",
        "capacity": "16",
        "covered": "no"
      },
      "geometry": {
        "type": "Point",
        "coordinates": [
          5.3720705,
          43.2978302
        ]
      },
      "id": "node/11542911534"
    },
    {
      "type": "Feature",
      "properties": {
        "@id": "node/11543037951",
        "amenity": "bicycle_parking",
        "bicycle_parking": "stands",
        "capacity": "10",
        "covered": "no"
      },
      "geometry": {
        "type": "Point",
        "coordinates": [
          5.3726999,
          43.2900865
        ]
      },
      "id": "node/11543037951"
    },
    {
      "type": "Feature",
      "properties": {
        "@id": "node/11543098515",
        "amenity": "bicycle_parking",
        "bicycle_parking": "stands",
        "capacity": "16",
        "covered": "no"
      },
      "geometry": {
        "type": "Point",
        "coordinates": [
          5.3670641,
          43.2864156
        ]
      },
      "id": "node/11543098515"
    },
    {
      "type": "Feature",
      "properties": {
        "@id": "node/11543098516",
        "amenity": "bicycle_parking",
        "bicycle_parking": "stands",
        "capacity": "16",
        "covered": "no"
      },
      "geometry": {
        "type": "Point",
        "coordinates": [
          5.3666041,
          43.2818368
        ]
      },
      "id": "node/11543098516"
    },
    {
      "type": "Feature",
      "properties": {
        "@id": "node/11543098517",
        "amenity": "bicycle_parking",
        "bicycle_parking": "stands",
        "capacity": "28",
        "covered": "no"
      },
      "geometry": {
        "type": "Point",
        "coordinates": [
          5.3665038,
          43.2818221
        ]
      },
      "id": "node/11543098517"
    },
    {
      "type": "Feature",
      "properties": {
        "@id": "node/11543218841",
        "amenity": "bicycle_parking",
        "bicycle_parking": "stands",
        "capacity": "20"
      },
      "geometry": {
        "type": "Point",
        "coordinates": [
          5.4194901,
          43.2739646
        ]
      },
      "id": "node/11543218841"
    },
    {
      "type": "Feature",
      "properties": {
        "@id": "node/11543294068",
        "amenity": "bicycle_parking",
        "bicycle_parking": "stands",
        "capacity": "10"
      },
      "geometry": {
        "type": "Point",
        "coordinates": [
          5.4247611,
          43.288542
        ]
      },
      "id": "node/11543294068"
    },
    {
      "type": "Feature",
      "properties": {
        "@id": "node/11543345069",
        "amenity": "bicycle_parking",
        "bicycle_parking": "stands",
        "capacity": "10"
      },
      "geometry": {
        "type": "Point",
        "coordinates": [
          5.4243205,
          43.2904641
        ]
      },
      "id": "node/11543345069"
    },
    {
      "type": "Feature",
      "properties": {
        "@id": "node/11543345070",
        "amenity": "bicycle_parking",
        "bicycle_parking": "stands",
        "capacity": "10"
      },
      "geometry": {
        "type": "Point",
        "coordinates": [
          5.4247052,
          43.2907349
        ]
      },
      "id": "node/11543345070"
    },
    {
      "type": "Feature",
      "properties": {
        "@id": "node/11543594167",
        "amenity": "bicycle_parking",
        "bicycle_parking": "stands",
        "capacity": "16",
        "covered": "no"
      },
      "geometry": {
        "type": "Point",
        "coordinates": [
          5.3914229,
          43.2847427
        ]
      },
      "id": "node/11543594167"
    },
    {
      "type": "Feature",
      "properties": {
        "@id": "node/11554735023",
        "amenity": "bicycle_parking",
        "bicycle_parking": "stands",
        "capacity": "10",
        "covered": "no"
      },
      "geometry": {
        "type": "Point",
        "coordinates": [
          5.3863255,
          43.2933013
        ]
      },
      "id": "node/11554735023"
    },
    {
      "type": "Feature",
      "properties": {
        "@id": "node/11554735024",
        "amenity": "bicycle_parking",
        "bicycle_parking": "stands",
        "capacity": "10",
        "covered": "no"
      },
      "geometry": {
        "type": "Point",
        "coordinates": [
          5.3955913,
          43.2921695
        ]
      },
      "id": "node/11554735024"
    },
    {
      "type": "Feature",
      "properties": {
        "@id": "node/11554735026",
        "amenity": "bicycle_parking",
        "bicycle_parking": "stands",
        "capacity": "20",
        "covered": "no"
      },
      "geometry": {
        "type": "Point",
        "coordinates": [
          5.3958969,
          43.2862662
        ]
      },
      "id": "node/11554735026"
    },
    {
      "type": "Feature",
      "properties": {
        "@id": "node/11554735027",
        "amenity": "bicycle_parking",
        "bicycle_parking": "stands",
        "capacity": "10",
        "covered": "no"
      },
      "geometry": {
        "type": "Point",
        "coordinates": [
          5.3501072,
          43.2835043
        ]
      },
      "id": "node/11554735027"
    },
    {
      "type": "Feature",
      "properties": {
        "@id": "node/11564175024",
        "amenity": "bicycle_parking",
        "bicycle_parking": "stands",
        "capacity": "10",
        "covered": "no"
      },
      "geometry": {
        "type": "Point",
        "coordinates": [
          5.3930268,
          43.303521
        ]
      },
      "id": "node/11564175024"
    },
    {
      "type": "Feature",
      "properties": {
        "@id": "node/11564175025",
        "amenity": "bicycle_parking",
        "bicycle_parking": "stands",
        "capacity": "16",
        "covered": "no"
      },
      "geometry": {
        "type": "Point",
        "coordinates": [
          5.3924965,
          43.3042569
        ]
      },
      "id": "node/11564175025"
    },
    {
      "type": "Feature",
      "properties": {
        "@id": "node/11564175026",
        "amenity": "bicycle_parking",
        "bicycle_parking": "stands",
        "capacity": "6",
        "covered": "no"
      },
      "geometry": {
        "type": "Point",
        "coordinates": [
          5.393593,
          43.3058832
        ]
      },
      "id": "node/11564175026"
    },
    {
      "type": "Feature",
      "properties": {
        "@id": "node/11564701017",
        "amenity": "bicycle_parking",
        "bicycle_parking": "stands",
        "capacity": "4",
        "covered": "no"
      },
      "geometry": {
        "type": "Point",
        "coordinates": [
          5.3754551,
          43.2942317
        ]
      },
      "id": "node/11564701017"
    },
    {
      "type": "Feature",
      "properties": {
        "@id": "node/11574681922",
        "amenity": "bicycle_parking",
        "bicycle_parking": "stands",
        "capacity": "16"
      },
      "geometry": {
        "type": "Point",
        "coordinates": [
          5.3942855,
          43.2579324
        ]
      },
      "id": "node/11574681922"
    },
    {
      "type": "Feature",
      "properties": {
        "@id": "node/11586716141",
        "amenity": "bicycle_parking",
        "bicycle_parking": "stands",
        "capacity": "14",
        "covered": "no"
      },
      "geometry": {
        "type": "Point",
        "coordinates": [
          5.3926056,
          43.2732107
        ]
      },
      "id": "node/11586716141"
    },
    {
      "type": "Feature",
      "properties": {
        "@id": "node/11586716142",
        "amenity": "bicycle_parking",
        "bicycle_parking": "stands",
        "capacity": "14",
        "covered": "no"
      },
      "geometry": {
        "type": "Point",
        "coordinates": [
          5.393163,
          43.273555
        ]
      },
      "id": "node/11586716142"
    },
    {
      "type": "Feature",
      "properties": {
        "@id": "node/11635387169",
        "amenity": "bicycle_parking",
        "bicycle_parking": "stands",
        "capacity": "12",
        "covered": "no"
      },
      "geometry": {
        "type": "Point",
        "coordinates": [
          5.3695618,
          43.2964339
        ]
      },
      "id": "node/11635387169"
    },
    {
      "type": "Feature",
      "properties": {
        "@id": "node/11635387170",
        "amenity": "bicycle_parking",
        "bicycle_parking": "stands",
        "capacity": "12",
        "covered": "no"
      },
      "geometry": {
        "type": "Point",
        "coordinates": [
          5.3653496,
          43.3015884
        ]
      },
      "id": "node/11635387170"
    },
    {
      "type": "Feature",
      "properties": {
        "@id": "node/11635387171",
        "amenity": "bicycle_parking",
        "bicycle_parking": "stands",
        "capacity": "12",
        "covered": "no"
      },
      "geometry": {
        "type": "Point",
        "coordinates": [
          5.3655841,
          43.302389
        ]
      },
      "id": "node/11635387171"
    },
    {
      "type": "Feature",
      "properties": {
        "@id": "node/11635387172",
        "amenity": "bicycle_parking",
        "bicycle_parking": "stands",
        "capacity": "10",
        "covered": "no"
      },
      "geometry": {
        "type": "Point",
        "coordinates": [
          5.3679153,
          43.3123984
        ]
      },
      "id": "node/11635387172"
    },
    {
      "type": "Feature",
      "properties": {
        "@id": "node/11635387173",
        "amenity": "bicycle_parking",
        "bicycle_parking": "stands",
        "capacity": "8",
        "covered": "no"
      },
      "geometry": {
        "type": "Point",
        "coordinates": [
          5.3682104,
          43.313607
        ]
      },
      "id": "node/11635387173"
    },
    {
      "type": "Feature",
      "properties": {
        "@id": "node/11635387174",
        "amenity": "bicycle_parking",
        "bicycle_parking": "stands",
        "capacity": "18",
        "covered": "no"
      },
      "geometry": {
        "type": "Point",
        "coordinates": [
          5.3684798,
          43.314916
        ]
      },
      "id": "node/11635387174"
    },
    {
      "type": "Feature",
      "properties": {
        "@id": "node/11635387175",
        "amenity": "bicycle_parking",
        "bicycle_parking": "stands",
        "capacity": "32"
      },
      "geometry": {
        "type": "Point",
        "coordinates": [
          5.371026,
          43.3192189
        ]
      },
      "id": "node/11635387175"
    },
    {
      "type": "Feature",
      "properties": {
        "@id": "node/11635387176",
        "amenity": "bicycle_parking",
        "bicycle_parking": "stands",
        "capacity": "8",
        "covered": "no"
      },
      "geometry": {
        "type": "Point",
        "coordinates": [
          5.3877735,
          43.3012887
        ]
      },
      "id": "node/11635387176"
    },
    {
      "type": "Feature",
      "properties": {
        "@id": "node/11635387177",
        "amenity": "bicycle_parking",
        "bicycle_parking": "stands",
        "capacity": "20",
        "covered": "no",
        "wheelchair": "no"
      },
      "geometry": {
        "type": "Point",
        "coordinates": [
          5.3926519,
          43.3026752
        ]
      },
      "id": "node/11635387177"
    },
    {
      "type": "Feature",
      "properties": {
        "@id": "node/11635387178",
        "amenity": "bicycle_parking",
        "bicycle_parking": "stands",
        "capacity": "8",
        "covered": "no",
        "wheelchair": "no"
      },
      "geometry": {
        "type": "Point",
        "coordinates": [
          5.3933804,
          43.3030143
        ]
      },
      "id": "node/11635387178"
    },
    {
      "type": "Feature",
      "properties": {
        "@id": "node/11635387179",
        "amenity": "bicycle_parking",
        "bicycle_parking": "stands",
        "capacity": "20",
        "covered": "no"
      },
      "geometry": {
        "type": "Point",
        "coordinates": [
          5.3961374,
          43.3009022
        ]
      },
      "id": "node/11635387179"
    },
    {
      "type": "Feature",
      "properties": {
        "@id": "node/11635387180",
        "amenity": "bicycle_parking",
        "bicycle_parking": "stands",
        "capacity": "10",
        "covered": "no"
      },
      "geometry": {
        "type": "Point",
        "coordinates": [
          5.3973235,
          43.2996551
        ]
      },
      "id": "node/11635387180"
    },
    {
      "type": "Feature",
      "properties": {
        "@id": "node/11635387181",
        "amenity": "bicycle_parking",
        "bicycle_parking": "stands",
        "capacity": "10",
        "covered": "no"
      },
      "geometry": {
        "type": "Point",
        "coordinates": [
          5.3973276,
          43.2995866
        ]
      },
      "id": "node/11635387181"
    },
    {
      "type": "Feature",
      "properties": {
        "@id": "node/11635387182",
        "amenity": "bicycle_parking",
        "bicycle_parking": "stands",
        "capacity": "20",
        "covered": "no"
      },
      "geometry": {
        "type": "Point",
        "coordinates": [
          5.3972684,
          43.2989759
        ]
      },
      "id": "node/11635387182"
    },
    {
      "type": "Feature",
      "properties": {
        "@id": "node/11635387183",
        "amenity": "bicycle_parking",
        "bicycle_parking": "stands",
        "capacity": "20",
        "covered": "no"
      },
      "geometry": {
        "type": "Point",
        "coordinates": [
          5.3984525,
          43.2987206
        ]
      },
      "id": "node/11635387183"
    },
    {
      "type": "Feature",
      "properties": {
        "@id": "node/11635387184",
        "amenity": "bicycle_parking",
        "bicycle_parking": "stands",
        "capacity": "14",
        "covered": "no"
      },
      "geometry": {
        "type": "Point",
        "coordinates": [
          5.3978627,
          43.2974468
        ]
      },
      "id": "node/11635387184"
    },
    {
      "type": "Feature",
      "properties": {
        "@id": "node/11635387185",
        "amenity": "bicycle_parking",
        "bicycle_parking": "stands",
        "capacity": "10",
        "covered": "no"
      },
      "geometry": {
        "type": "Point",
        "coordinates": [
          5.3980162,
          43.2945292
        ]
      },
      "id": "node/11635387185"
    },
    {
      "type": "Feature",
      "properties": {
        "@id": "node/11635387186",
        "amenity": "bicycle_parking",
        "bicycle_parking": "stands",
        "capacity": "8",
        "covered": "no"
      },
      "geometry": {
        "type": "Point",
        "coordinates": [
          5.3977193,
          43.2940774
        ]
      },
      "id": "node/11635387186"
    },
    {
      "type": "Feature",
      "properties": {
        "@id": "node/11635387187",
        "amenity": "bicycle_parking",
        "bicycle_parking": "stands",
        "capacity": "10",
        "covered": "no"
      },
      "geometry": {
        "type": "Point",
        "coordinates": [
          5.3990247,
          43.2926464
        ]
      },
      "id": "node/11635387187"
    },
    {
      "type": "Feature",
      "properties": {
        "@id": "node/11635387188",
        "amenity": "bicycle_parking",
        "bicycle_parking": "stands",
        "capacity": "10",
        "covered": "no"
      },
      "geometry": {
        "type": "Point",
        "coordinates": [
          5.3990361,
          43.2925705
        ]
      },
      "id": "node/11635387188"
    },
    {
      "type": "Feature",
      "properties": {
        "@id": "node/11635387189",
        "amenity": "bicycle_parking",
        "bicycle_parking": "stands",
        "capacity": "20",
        "covered": "no"
      },
      "geometry": {
        "type": "Point",
        "coordinates": [
          5.3997728,
          43.290575
        ]
      },
      "id": "node/11635387189"
    },
    {
      "type": "Feature",
      "properties": {
        "@id": "node/11635387190",
        "amenity": "bicycle_parking",
        "bicycle_parking": "stands",
        "capacity": "18",
        "covered": "no"
      },
      "geometry": {
        "type": "Point",
        "coordinates": [
          5.3999856,
          43.2872292
        ]
      },
      "id": "node/11635387190"
    },
    {
      "type": "Feature",
      "properties": {
        "@id": "node/11635387191",
        "amenity": "bicycle_parking",
        "bicycle_parking": "stands",
        "capacity": "10",
        "covered": "no"
      },
      "geometry": {
        "type": "Point",
        "coordinates": [
          5.3997269,
          43.2869918
        ]
      },
      "id": "node/11635387191"
    },
    {
      "type": "Feature",
      "properties": {
        "@id": "node/11635387192",
        "amenity": "bicycle_parking",
        "bicycle_parking": "stands",
        "capacity": "12",
        "covered": "no"
      },
      "geometry": {
        "type": "Point",
        "coordinates": [
          5.3988668,
          43.286361
        ]
      },
      "id": "node/11635387192"
    },
    {
      "type": "Feature",
      "properties": {
        "@id": "node/11635387193",
        "amenity": "bicycle_parking",
        "bicycle_parking": "stands",
        "capacity": "20",
        "covered": "no"
      },
      "geometry": {
        "type": "Point",
        "coordinates": [
          5.3952329,
          43.2855536
        ]
      },
      "id": "node/11635387193"
    },
    {
      "type": "Feature",
      "properties": {
        "@id": "node/11640694517",
        "amenity": "bicycle_parking",
        "bicycle_parking": "stands",
        "capacity": "12",
        "covered": "no"
      },
      "geometry": {
        "type": "Point",
        "coordinates": [
          5.3876179,
          43.2975041
        ]
      },
      "id": "node/11640694517"
    },
    {
      "type": "Feature",
      "properties": {
        "@id": "node/11640729047",
        "amenity": "bicycle_parking",
        "bicycle_parking": "stands",
        "capacity": "10",
        "covered": "no"
      },
      "geometry": {
        "type": "Point",
        "coordinates": [
          5.3895834,
          43.2988081
        ]
      },
      "id": "node/11640729047"
    },
    {
      "type": "Feature",
      "properties": {
        "@id": "node/11640981642",
        "amenity": "bicycle_parking",
        "bicycle_parking": "stands",
        "capacity": "16",
        "covered": "no"
      },
      "geometry": {
        "type": "Point",
        "coordinates": [
          5.3909083,
          43.2947849
        ]
      },
      "id": "node/11640981642"
    },
    {
      "type": "Feature",
      "properties": {
        "@id": "node/11640981645",
        "amenity": "bicycle_parking",
        "bicycle_parking": "stands",
        "capacity": "12",
        "covered": "no"
      },
      "geometry": {
        "type": "Point",
        "coordinates": [
          5.3946221,
          43.2966969
        ]
      },
      "id": "node/11640981645"
    },
    {
      "type": "Feature",
      "properties": {
        "@id": "node/11640992077",
        "amenity": "bicycle_parking",
        "bicycle_parking": "stands",
        "capacity": "4",
        "covered": "no"
      },
      "geometry": {
        "type": "Point",
        "coordinates": [
          5.3796397,
          43.2793591
        ]
      },
      "id": "node/11640992077"
    },
    {
      "type": "Feature",
      "properties": {
        "@id": "node/11640992078",
        "amenity": "bicycle_parking",
        "bicycle_parking": "stands",
        "capacity": "10",
        "covered": "no"
      },
      "geometry": {
        "type": "Point",
        "coordinates": [
          5.3782289,
          43.2814923
        ]
      },
      "id": "node/11640992078"
    },
    {
      "type": "Feature",
      "properties": {
        "@id": "node/11640992079",
        "amenity": "bicycle_parking",
        "bicycle_parking": "stands",
        "capacity": "20",
        "covered": "no"
      },
      "geometry": {
        "type": "Point",
        "coordinates": [
          5.3786235,
          43.281542
        ]
      },
      "id": "node/11640992079"
    },
    {
      "type": "Feature",
      "properties": {
        "@id": "node/11640992080",
        "amenity": "bicycle_parking",
        "bicycle_parking": "stands",
        "capacity": "10",
        "covered": "no"
      },
      "geometry": {
        "type": "Point",
        "coordinates": [
          5.3787226,
          43.2814762
        ]
      },
      "id": "node/11640992080"
    },
    {
      "type": "Feature",
      "properties": {
        "@id": "node/11640992081",
        "amenity": "bicycle_parking",
        "bicycle_parking": "stands",
        "capacity": "12",
        "covered": "no"
      },
      "geometry": {
        "type": "Point",
        "coordinates": [
          5.3788726,
          43.2827346
        ]
      },
      "id": "node/11640992081"
    },
    {
      "type": "Feature",
      "properties": {
        "@id": "node/11640992082",
        "amenity": "bicycle_parking",
        "bicycle_parking": "stands",
        "capacity": "24",
        "covered": "no"
      },
      "geometry": {
        "type": "Point",
        "coordinates": [
          5.37905,
          43.2826617
        ]
      },
      "id": "node/11640992082"
    },
    {
      "type": "Feature",
      "properties": {
        "@id": "node/11640992083",
        "amenity": "bicycle_parking",
        "bicycle_parking": "wall_loops",
        "capacity": "10"
      },
      "geometry": {
        "type": "Point",
        "coordinates": [
          5.3782085,
          43.2824164
        ]
      },
      "id": "node/11640992083"
    },
    {
      "type": "Feature",
      "properties": {
        "@id": "node/11672544818",
        "amenity": "bicycle_parking",
        "bicycle_parking": "stands",
        "capacity": "16",
        "covered": "no"
      },
      "geometry": {
        "type": "Point",
        "coordinates": [
          5.3782425,
          43.2930826
        ]
      },
      "id": "node/11672544818"
    },
    {
      "type": "Feature",
      "properties": {
        "@id": "node/11672544819",
        "amenity": "bicycle_parking",
        "bicycle_parking": "stands",
        "capacity": "8",
        "covered": "no"
      },
      "geometry": {
        "type": "Point",
        "coordinates": [
          5.3779555,
          43.2930203
        ]
      },
      "id": "node/11672544819"
    },
    {
      "type": "Feature",
      "properties": {
        "@id": "node/11672544820",
        "amenity": "bicycle_parking",
        "bicycle_parking": "stands",
        "capacity": "8",
        "covered": "no"
      },
      "geometry": {
        "type": "Point",
        "coordinates": [
          5.3771927,
          43.2928463
        ]
      },
      "id": "node/11672544820"
    },
    {
      "type": "Feature",
      "properties": {
        "@id": "node/11672544821",
        "amenity": "bicycle_parking",
        "bicycle_parking": "stands",
        "capacity": "6",
        "covered": "no"
      },
      "geometry": {
        "type": "Point",
        "coordinates": [
          5.3763326,
          43.2926563
        ]
      },
      "id": "node/11672544821"
    },
    {
      "type": "Feature",
      "properties": {
        "@id": "node/11672544822",
        "amenity": "bicycle_parking",
        "bicycle_parking": "stands",
        "capacity": "8",
        "covered": "no"
      },
      "geometry": {
        "type": "Point",
        "coordinates": [
          5.3770896,
          43.2941053
        ]
      },
      "id": "node/11672544822"
    },
    {
      "type": "Feature",
      "properties": {
        "@id": "node/11672544823",
        "amenity": "bicycle_parking",
        "bicycle_parking": "stands",
        "capacity": "8",
        "covered": "no"
      },
      "geometry": {
        "type": "Point",
        "coordinates": [
          5.3772455,
          43.2936656
        ]
      },
      "id": "node/11672544823"
    },
    {
      "type": "Feature",
      "properties": {
        "@id": "node/11672544824",
        "amenity": "bicycle_parking",
        "bicycle_parking": "stands",
        "capacity": "10",
        "covered": "no"
      },
      "geometry": {
        "type": "Point",
        "coordinates": [
          5.3773534,
          43.293579
        ]
      },
      "id": "node/11672544824"
    },
    {
      "type": "Feature",
      "properties": {
        "@id": "node/11672544825",
        "amenity": "bicycle_parking",
        "bicycle_parking": "stands",
        "capacity": "20",
        "covered": "no"
      },
      "geometry": {
        "type": "Point",
        "coordinates": [
          5.3826759,
          43.2929266
        ]
      },
      "id": "node/11672544825"
    },
    {
      "type": "Feature",
      "properties": {
        "@id": "node/11685917226",
        "amenity": "bicycle_parking",
        "bicycle_parking": "stands",
        "capacity": "8"
      },
      "geometry": {
        "type": "Point",
        "coordinates": [
          5.4174756,
          43.3037991
        ]
      },
      "id": "node/11685917226"
    },
    {
      "type": "Feature",
      "properties": {
        "@id": "node/11685917227",
        "amenity": "bicycle_parking",
        "bicycle_parking": "stands",
        "capacity": "8"
      },
      "geometry": {
        "type": "Point",
        "coordinates": [
          5.4149658,
          43.3042339
        ]
      },
      "id": "node/11685917227"
    },
    {
      "type": "Feature",
      "properties": {
        "@id": "node/11685918927",
        "amenity": "bicycle_parking",
        "bicycle_parking": "stands",
        "capacity": "16",
        "covered": "no"
      },
      "geometry": {
        "type": "Point",
        "coordinates": [
          5.3776272,
          43.2943342
        ]
      },
      "id": "node/11685918927"
    },
    {
      "type": "Feature",
      "properties": {
        "@id": "node/11685918928",
        "amenity": "bicycle_parking",
        "bicycle_parking": "stands",
        "capacity": "6",
        "covered": "no"
      },
      "geometry": {
        "type": "Point",
        "coordinates": [
          5.3762832,
          43.2951925
        ]
      },
      "id": "node/11685918928"
    },
    {
      "type": "Feature",
      "properties": {
        "@id": "node/11685918929",
        "amenity": "bicycle_parking",
        "bicycle_parking": "stands",
        "capacity": "20",
        "covered": "no"
      },
      "geometry": {
        "type": "Point",
        "coordinates": [
          5.3759817,
          43.2953856
        ]
      },
      "id": "node/11685918929"
    },
    {
      "type": "Feature",
      "properties": {
        "@id": "node/11685980513",
        "amenity": "bicycle_parking",
        "bicycle_parking": "stands",
        "capacity": "10"
      },
      "geometry": {
        "type": "Point",
        "coordinates": [
          5.3784962,
          43.2892765
        ]
      },
      "id": "node/11685980513"
    },
    {
      "type": "Feature",
      "properties": {
        "@id": "node/11694755820",
        "amenity": "bicycle_parking",
        "bicycle_parking": "stands",
        "capacity": "24",
        "covered": "no"
      },
      "geometry": {
        "type": "Point",
        "coordinates": [
          5.390036,
          43.2859775
        ]
      },
      "id": "node/11694755820"
    },
    {
      "type": "Feature",
      "properties": {
        "@id": "node/11694755821",
        "amenity": "bicycle_parking",
        "bicycle_parking": "stands",
        "capacity": "20",
        "covered": "no"
      },
      "geometry": {
        "type": "Point",
        "coordinates": [
          5.392716,
          43.2873532
        ]
      },
      "id": "node/11694755821"
    },
    {
      "type": "Feature",
      "properties": {
        "@id": "node/11723018166",
        "amenity": "bicycle_parking",
        "bicycle_parking": "stands",
        "capacity": "10",
        "covered": "no"
      },
      "geometry": {
        "type": "Point",
        "coordinates": [
          5.3782466,
          43.2637129
        ]
      },
      "id": "node/11723018166"
    },
    {
      "type": "Feature",
      "properties": {
        "@id": "node/11723018167",
        "amenity": "bicycle_parking",
        "bicycle_parking": "stands",
        "capacity": "10",
        "covered": "no"
      },
      "geometry": {
        "type": "Point",
        "coordinates": [
          5.3778421,
          43.2634827
        ]
      },
      "id": "node/11723018167"
    },
    {
      "type": "Feature",
      "properties": {
        "@id": "node/11723018168",
        "amenity": "bicycle_parking",
        "bicycle_parking": "stands",
        "capacity": "10",
        "covered": "no"
      },
      "geometry": {
        "type": "Point",
        "coordinates": [
          5.3781365,
          43.2633128
        ]
      },
      "id": "node/11723018168"
    },
    {
      "type": "Feature",
      "properties": {
        "@id": "node/11723018969",
        "amenity": "bicycle_parking",
        "bicycle_parking": "stands",
        "capacity": "10",
        "covered": "no"
      },
      "geometry": {
        "type": "Point",
        "coordinates": [
          5.3782777,
          43.2633563
        ]
      },
      "id": "node/11723018969"
    },
    {
      "type": "Feature",
      "properties": {
        "@id": "node/11723018970",
        "amenity": "bicycle_parking",
        "bicycle_parking": "stands",
        "capacity": "20",
        "covered": "no"
      },
      "geometry": {
        "type": "Point",
        "coordinates": [
          5.3758181,
          43.2587634
        ]
      },
      "id": "node/11723018970"
    },
    {
      "type": "Feature",
      "properties": {
        "@id": "node/11724462712",
        "amenity": "bicycle_parking",
        "bicycle_parking": "stands",
        "capacity": "20",
        "covered": "no"
      },
      "geometry": {
        "type": "Point",
        "coordinates": [
          5.3786335,
          43.2646114
        ]
      },
      "id": "node/11724462712"
    },
    {
      "type": "Feature",
      "properties": {
        "@id": "node/11731618869",
        "amenity": "bicycle_parking",
        "covered": "no"
      },
      "geometry": {
        "type": "Point",
        "coordinates": [
          5.373622,
          43.2873638
        ]
      },
      "id": "node/11731618869"
    },
    {
      "type": "Feature",
      "properties": {
        "@id": "node/11741234332",
        "amenity": "bicycle_parking",
        "bicycle_parking": "stands",
        "capacity": "8",
        "covered": "no"
      },
      "geometry": {
        "type": "Point",
        "coordinates": [
          5.4151086,
          43.2643215
        ]
      },
      "id": "node/11741234332"
    },
    {
      "type": "Feature",
      "properties": {
        "@id": "node/11741234333",
        "amenity": "bicycle_parking",
        "bicycle_parking": "stands",
        "capacity": "14",
        "covered": "no"
      },
      "geometry": {
        "type": "Point",
        "coordinates": [
          5.4228169,
          43.2646991
        ]
      },
      "id": "node/11741234333"
    },
    {
      "type": "Feature",
      "properties": {
        "@id": "node/11741234334",
        "amenity": "bicycle_parking",
        "bicycle_parking": "stands",
        "capacity": "20",
        "covered": "no"
      },
      "geometry": {
        "type": "Point",
        "coordinates": [
          5.4229752,
          43.2654513
        ]
      },
      "id": "node/11741234334"
    },
    {
      "type": "Feature",
      "properties": {
        "@id": "node/11741246069",
        "amenity": "bicycle_parking",
        "bicycle_parking": "stands",
        "capacity": "8",
        "covered": "no"
      },
      "geometry": {
        "type": "Point",
        "coordinates": [
          5.3629549,
          43.2950309
        ]
      },
      "id": "node/11741246069"
    },
    {
      "type": "Feature",
      "properties": {
        "@id": "node/11747634336",
        "amenity": "bicycle_parking",
        "bicycle_parking": "stands",
        "capacity": "20"
      },
      "geometry": {
        "type": "Point",
        "coordinates": [
          5.3714747,
          43.3190719
        ]
      },
      "id": "node/11747634336"
    },
    {
      "type": "Feature",
      "properties": {
        "@id": "node/11755267822",
        "amenity": "bicycle_parking",
        "bicycle_parking": "building"
      },
      "geometry": {
        "type": "Point",
        "coordinates": [
          5.4003717,
          43.2992458
        ]
      },
      "id": "node/11755267822"
    },
    {
      "type": "Feature",
      "properties": {
        "@id": "node/11786553981",
        "amenity": "bicycle_parking",
        "bicycle_parking": "stands",
        "capacity": "20",
        "covered": "no"
      },
      "geometry": {
        "type": "Point",
        "coordinates": [
          5.3762201,
          43.2539812
        ]
      },
      "id": "node/11786553981"
    },
    {
      "type": "Feature",
      "properties": {
        "@id": "node/11786553987",
        "amenity": "bicycle_parking",
        "bicycle_parking": "stands",
        "capacity": "30",
        "covered": "no"
      },
      "geometry": {
        "type": "Point",
        "coordinates": [
          5.3722325,
          43.3179945
        ]
      },
      "id": "node/11786553987"
    },
    {
      "type": "Feature",
      "properties": {
        "@id": "node/11786581610",
        "amenity": "bicycle_parking",
        "bicycle_parking": "stands",
        "capacity": "6",
        "covered": "no"
      },
      "geometry": {
        "type": "Point",
        "coordinates": [
          5.3660012,
          43.3255952
        ]
      },
      "id": "node/11786581610"
    },
    {
      "type": "Feature",
      "properties": {
        "@id": "node/11786581611",
        "amenity": "bicycle_parking",
        "bicycle_parking": "stands",
        "capacity": "6",
        "covered": "no"
      },
      "geometry": {
        "type": "Point",
        "coordinates": [
          5.3656497,
          43.3255266
        ]
      },
      "id": "node/11786581611"
    },
    {
      "type": "Feature",
      "properties": {
        "@id": "node/11786581612",
        "amenity": "bicycle_parking",
        "bicycle_parking": "stands",
        "capacity": "12",
        "covered": "no"
      },
      "geometry": {
        "type": "Point",
        "coordinates": [
          5.3652457,
          43.3249
        ]
      },
      "id": "node/11786581612"
    },
    {
      "type": "Feature",
      "properties": {
        "@id": "node/11786581613",
        "amenity": "bicycle_parking",
        "bicycle_parking": "stands",
        "capacity": "10",
        "covered": "no"
      },
      "geometry": {
        "type": "Point",
        "coordinates": [
          5.3653562,
          43.3248976
        ]
      },
      "id": "node/11786581613"
    },
    {
      "type": "Feature",
      "properties": {
        "@id": "node/11786581614",
        "amenity": "bicycle_parking",
        "bicycle_parking": "stands",
        "capacity": "12",
        "covered": "no"
      },
      "geometry": {
        "type": "Point",
        "coordinates": [
          5.3656471,
          43.3237223
        ]
      },
      "id": "node/11786581614"
    },
    {
      "type": "Feature",
      "properties": {
        "@id": "node/11786581615",
        "amenity": "bicycle_parking",
        "bicycle_parking": "stands",
        "capacity": "12",
        "covered": "no"
      },
      "geometry": {
        "type": "Point",
        "coordinates": [
          5.3656372,
          43.3240939
        ]
      },
      "id": "node/11786581615"
    },
    {
      "type": "Feature",
      "properties": {
        "@id": "node/11786581616",
        "amenity": "bicycle_parking",
        "bicycle_parking": "stands",
        "capacity": "6",
        "covered": "no"
      },
      "geometry": {
        "type": "Point",
        "coordinates": [
          5.3656539,
          43.3240351
        ]
      },
      "id": "node/11786581616"
    },
    {
      "type": "Feature",
      "properties": {
        "@id": "node/11786581617",
        "amenity": "bicycle_parking",
        "bicycle_parking": "stands",
        "capacity": "10",
        "covered": "no"
      },
      "geometry": {
        "type": "Point",
        "coordinates": [
          5.3666819,
          43.3248186
        ]
      },
      "id": "node/11786581617"
    },
    {
      "type": "Feature",
      "properties": {
        "@id": "node/11786581618",
        "amenity": "bicycle_parking",
        "bicycle_parking": "stands",
        "capacity": "22",
        "covered": "no"
      },
      "geometry": {
        "type": "Point",
        "coordinates": [
          5.3658979,
          43.3246858
        ]
      },
      "id": "node/11786581618"
    },
    {
      "type": "Feature",
      "properties": {
        "@id": "node/11786581619",
        "amenity": "bicycle_parking",
        "bicycle_parking": "stands",
        "capacity": "16",
        "covered": "no"
      },
      "geometry": {
        "type": "Point",
        "coordinates": [
          5.3660789,
          43.3248283
        ]
      },
      "id": "node/11786581619"
    },
    {
      "type": "Feature",
      "properties": {
        "@id": "node/11791113598",
        "amenity": "bicycle_parking",
        "bicycle_parking": "stands",
        "capacity": "12",
        "covered": "no"
      },
      "geometry": {
        "type": "Point",
        "coordinates": [
          5.3882708,
          43.2863035
        ]
      },
      "id": "node/11791113598"
    },
    {
      "type": "Feature",
      "properties": {
        "@id": "node/11792814470",
        "amenity": "bicycle_parking",
        "bicycle_parking": "stands",
        "capacity": "20",
        "covered": "no"
      },
      "geometry": {
        "type": "Point",
        "coordinates": [
          5.3750523,
          43.2623247
        ]
      },
      "id": "node/11792814470"
    },
    {
      "type": "Feature",
      "properties": {
        "@id": "node/11792814471",
        "amenity": "bicycle_parking",
        "bicycle_parking": "stands",
        "capacity": "20",
        "covered": "no"
      },
      "geometry": {
        "type": "Point",
        "coordinates": [
          5.3747858,
          43.2622621
        ]
      },
      "id": "node/11792814471"
    },
    {
      "type": "Feature",
      "properties": {
        "@id": "node/11792814472",
        "amenity": "bicycle_parking",
        "bicycle_parking": "stands",
        "capacity": "16",
        "covered": "no"
      },
      "geometry": {
        "type": "Point",
        "coordinates": [
          5.3726066,
          43.2660424
        ]
      },
      "id": "node/11792814472"
    },
    {
      "type": "Feature",
      "properties": {
        "@id": "node/11792815594",
        "amenity": "bicycle_parking",
        "bicycle_parking": "stands",
        "capacity": "8",
        "covered": "no"
      },
      "geometry": {
        "type": "Point",
        "coordinates": [
          5.3856645,
          43.2722786
        ]
      },
      "id": "node/11792815594"
    },
    {
      "type": "Feature",
      "properties": {
        "@id": "node/11801512062",
        "amenity": "bicycle_parking",
        "bicycle_parking": "handlebar_holder",
        "capacity": "7",
        "covered": "no"
      },
      "geometry": {
        "type": "Point",
        "coordinates": [
          5.3794413,
          43.2618432
        ]
      },
      "id": "node/11801512062"
    },
    {
      "type": "Feature",
      "properties": {
        "@id": "node/11801593158",
        "amenity": "bicycle_parking",
        "bicycle_parking": "stands",
        "capacity": "10",
        "covered": "no"
      },
      "geometry": {
        "type": "Point",
        "coordinates": [
          5.3847403,
          43.274454
        ]
      },
      "id": "node/11801593158"
    },
    {
      "type": "Feature",
      "properties": {
        "@id": "node/11801597590",
        "amenity": "bicycle_parking",
        "bicycle_parking": "stands",
        "capacity": "20",
        "covered": "no"
      },
      "geometry": {
        "type": "Point",
        "coordinates": [
          5.3824762,
          43.2665761
        ]
      },
      "id": "node/11801597590"
    },
    {
      "type": "Feature",
      "properties": {
        "@id": "node/11801597591",
        "amenity": "bicycle_parking",
        "bicycle_parking": "stands",
        "capacity": "10",
        "covered": "no"
      },
      "geometry": {
        "type": "Point",
        "coordinates": [
          5.3828077,
          43.2666707
        ]
      },
      "id": "node/11801597591"
    },
    {
      "type": "Feature",
      "properties": {
        "@id": "node/11801597592",
        "amenity": "bicycle_parking",
        "bicycle_parking": "stands",
        "capacity": "10",
        "covered": "no"
      },
      "geometry": {
        "type": "Point",
        "coordinates": [
          5.3827386,
          43.2666467
        ]
      },
      "id": "node/11801597592"
    },
    {
      "type": "Feature",
      "properties": {
        "@id": "node/11818487099",
        "amenity": "bicycle_parking",
        "bicycle_parking": "stands",
        "capacity": "20",
        "covered": "no"
      },
      "geometry": {
        "type": "Point",
        "coordinates": [
          5.3977474,
          43.2995155
        ]
      },
      "id": "node/11818487099"
    },
    {
      "type": "Feature",
      "properties": {
        "@id": "node/11818487100",
        "amenity": "bicycle_parking",
        "bicycle_parking": "stands",
        "capacity": "6",
        "covered": "no"
      },
      "geometry": {
        "type": "Point",
        "coordinates": [
          5.3974324,
          43.3020205
        ]
      },
      "id": "node/11818487100"
    },
    {
      "type": "Feature",
      "properties": {
        "@id": "node/11818487101",
        "amenity": "bicycle_parking",
        "bicycle_parking": "stands",
        "capacity": "4",
        "covered": "no"
      },
      "geometry": {
        "type": "Point",
        "coordinates": [
          5.396335,
          43.3026366
        ]
      },
      "id": "node/11818487101"
    },
    {
      "type": "Feature",
      "properties": {
        "@id": "node/11818487102",
        "amenity": "bicycle_parking",
        "bicycle_parking": "stands",
        "capacity": "20",
        "covered": "no"
      },
      "geometry": {
        "type": "Point",
        "coordinates": [
          5.3928106,
          43.3020205
        ]
      },
      "id": "node/11818487102"
    },
    {
      "type": "Feature",
      "properties": {
        "@id": "node/11818487103",
        "amenity": "bicycle_parking",
        "bicycle_parking": "stands",
        "capacity": "10",
        "covered": "no"
      },
      "geometry": {
        "type": "Point",
        "coordinates": [
          5.3909578,
          43.3018805
        ]
      },
      "id": "node/11818487103"
    },
    {
      "type": "Feature",
      "properties": {
        "@id": "node/11818487104",
        "amenity": "bicycle_parking",
        "bicycle_parking": "stands",
        "capacity": "10",
        "covered": "no"
      },
      "geometry": {
        "type": "Point",
        "coordinates": [
          5.3852526,
          43.2996657
        ]
      },
      "id": "node/11818487104"
    },
    {
      "type": "Feature",
      "properties": {
        "@id": "node/11818487105",
        "amenity": "bicycle_parking",
        "bicycle_parking": "stands",
        "capacity": "10",
        "covered": "no",
        "note": "2 arceaux cassés"
      },
      "geometry": {
        "type": "Point",
        "coordinates": [
          5.3849545,
          43.2998406
        ]
      },
      "id": "node/11818487105"
    },
    {
      "type": "Feature",
      "properties": {
        "@id": "node/11818487106",
        "amenity": "bicycle_parking",
        "bicycle_parking": "stands",
        "capacity": "10",
        "covered": "no",
        "note": "3 arceaux cassés"
      },
      "geometry": {
        "type": "Point",
        "coordinates": [
          5.3849648,
          43.2999562
        ]
      },
      "id": "node/11818487106"
    },
    {
      "type": "Feature",
      "properties": {
        "@id": "node/11818487107",
        "amenity": "bicycle_parking",
        "bicycle_parking": "stands",
        "capacity": "14",
        "covered": "no"
      },
      "geometry": {
        "type": "Point",
        "coordinates": [
          5.3832825,
          43.3005008
        ]
      },
      "id": "node/11818487107"
    },
    {
      "type": "Feature",
      "properties": {
        "@id": "node/11818487108",
        "amenity": "bicycle_parking",
        "bicycle_parking": "stands",
        "capacity": "12",
        "covered": "no"
      },
      "geometry": {
        "type": "Point",
        "coordinates": [
          5.3816989,
          43.3017166
        ]
      },
      "id": "node/11818487108"
    },
    {
      "type": "Feature",
      "properties": {
        "@id": "node/11818487109",
        "amenity": "bicycle_parking",
        "bicycle_parking": "stands",
        "capacity": "20",
        "covered": "no"
      },
      "geometry": {
        "type": "Point",
        "coordinates": [
          5.3816225,
          43.301709
        ]
      },
      "id": "node/11818487109"
    },
    {
      "type": "Feature",
      "properties": {
        "@id": "node/11818487110",
        "amenity": "bicycle_parking",
        "bicycle_parking": "stands",
        "capacity": "10",
        "covered": "no"
      },
      "geometry": {
        "type": "Point",
        "coordinates": [
          5.3815297,
          43.3017022
        ]
      },
      "id": "node/11818487110"
    },
    {
      "type": "Feature",
      "properties": {
        "@id": "node/11818487111",
        "amenity": "bicycle_parking",
        "bicycle_parking": "stands",
        "capacity": "14",
        "covered": "no"
      },
      "geometry": {
        "type": "Point",
        "coordinates": [
          5.3843385,
          43.3012487
        ]
      },
      "id": "node/11818487111"
    },
    {
      "type": "Feature",
      "properties": {
        "@id": "node/11818487112",
        "amenity": "bicycle_parking",
        "bicycle_parking": "stands",
        "capacity": "16",
        "covered": "no"
      },
      "geometry": {
        "type": "Point",
        "coordinates": [
          5.384471,
          43.3007508
        ]
      },
      "id": "node/11818487112"
    },
    {
      "type": "Feature",
      "properties": {
        "@id": "node/11818487113",
        "amenity": "bicycle_parking",
        "bicycle_parking": "stands",
        "capacity": "14",
        "covered": "no"
      },
      "geometry": {
        "type": "Point",
        "coordinates": [
          5.3846218,
          43.3007123
        ]
      },
      "id": "node/11818487113"
    },
    {
      "type": "Feature",
      "properties": {
        "@id": "node/11818487114",
        "amenity": "bicycle_parking",
        "bicycle_parking": "stands",
        "capacity": "16",
        "covered": "no"
      },
      "geometry": {
        "type": "Point",
        "coordinates": [
          5.3847436,
          43.3010372
        ]
      },
      "id": "node/11818487114"
    },
    {
      "type": "Feature",
      "properties": {
        "@id": "node/11818487115",
        "amenity": "bicycle_parking",
        "bicycle_parking": "stands",
        "capacity": "14",
        "covered": "no"
      },
      "geometry": {
        "type": "Point",
        "coordinates": [
          5.3848077,
          43.3011426
        ]
      },
      "id": "node/11818487115"
    },
    {
      "type": "Feature",
      "properties": {
        "@id": "node/11818487116",
        "amenity": "bicycle_parking",
        "bicycle_parking": "stands",
        "capacity": "10",
        "covered": "no"
      },
      "geometry": {
        "type": "Point",
        "coordinates": [
          5.3849209,
          43.3013355
        ]
      },
      "id": "node/11818487116"
    },
    {
      "type": "Feature",
      "properties": {
        "@id": "node/11818487117",
        "amenity": "bicycle_parking",
        "bicycle_parking": "stands",
        "capacity": "8",
        "covered": "no"
      },
      "geometry": {
        "type": "Point",
        "coordinates": [
          5.3851495,
          43.3012985
        ]
      },
      "id": "node/11818487117"
    },
    {
      "type": "Feature",
      "properties": {
        "@id": "node/11818487118",
        "amenity": "bicycle_parking",
        "bicycle_parking": "stands",
        "capacity": "20",
        "covered": "no"
      },
      "geometry": {
        "type": "Point",
        "coordinates": [
          5.3852883,
          43.3009321
        ]
      },
      "id": "node/11818487118"
    },
    {
      "type": "Feature",
      "properties": {
        "@id": "node/11818487119",
        "amenity": "bicycle_parking",
        "bicycle_parking": "stands",
        "capacity": "10",
        "covered": "no"
      },
      "geometry": {
        "type": "Point",
        "coordinates": [
          5.385259,
          43.3007841
        ]
      },
      "id": "node/11818487119"
    },
    {
      "type": "Feature",
      "properties": {
        "@id": "node/11818487120",
        "amenity": "bicycle_parking",
        "bicycle_parking": "stands",
        "capacity": "16",
        "covered": "no"
      },
      "geometry": {
        "type": "Point",
        "coordinates": [
          5.3861455,
          43.3010048
        ]
      },
      "id": "node/11818487120"
    },
    {
      "type": "Feature",
      "properties": {
        "@id": "node/11818487121",
        "amenity": "bicycle_parking",
        "bicycle_parking": "stands",
        "capacity": "10",
        "covered": "no"
      },
      "geometry": {
        "type": "Point",
        "coordinates": [
          5.3866204,
          43.302816
        ]
      },
      "id": "node/11818487121"
    },
    {
      "type": "Feature",
      "properties": {
        "@id": "node/11818487122",
        "amenity": "bicycle_parking",
        "bicycle_parking": "stands",
        "capacity": "10",
        "covered": "no"
      },
      "geometry": {
        "type": "Point",
        "coordinates": [
          5.3897522,
          43.3028227
        ]
      },
      "id": "node/11818487122"
    },
    {
      "type": "Feature",
      "properties": {
        "@id": "node/11818487123",
        "amenity": "bicycle_parking",
        "bicycle_parking": "stands",
        "capacity": "12",
        "covered": "no"
      },
      "geometry": {
        "type": "Point",
        "coordinates": [
          5.3919514,
          43.3038925
        ]
      },
      "id": "node/11818487123"
    },
    {
      "type": "Feature",
      "properties": {
        "@id": "node/11818487124",
        "amenity": "bicycle_parking",
        "bicycle_parking": "stands",
        "capacity": "10",
        "covered": "no"
      },
      "geometry": {
        "type": "Point",
        "coordinates": [
          5.3913974,
          43.29781
        ]
      },
      "id": "node/11818487124"
    },
    {
      "type": "Feature",
      "properties": {
        "@id": "node/11818487125",
        "amenity": "bicycle_parking",
        "bicycle_parking": "stands",
        "capacity": "6",
        "covered": "no"
      },
      "geometry": {
        "type": "Point",
        "coordinates": [
          5.3915958,
          43.297139
        ]
      },
      "id": "node/11818487125"
    },
    {
      "type": "Feature",
      "properties": {
        "@id": "node/11818487126",
        "amenity": "bicycle_parking",
        "bicycle_parking": "stands",
        "capacity": "10",
        "covered": "no"
      },
      "geometry": {
        "type": "Point",
        "coordinates": [
          5.3937626,
          43.2958926
        ]
      },
      "id": "node/11818487126"
    },
    {
      "type": "Feature",
      "properties": {
        "@id": "node/11818487127",
        "amenity": "bicycle_parking",
        "bicycle_parking": "stands",
        "capacity": "10",
        "covered": "no"
      },
      "geometry": {
        "type": "Point",
        "coordinates": [
          5.3906878,
          43.2958433
        ]
      },
      "id": "node/11818487127"
    },
    {
      "type": "Feature",
      "properties": {
        "@id": "node/11818487128",
        "amenity": "bicycle_parking",
        "bicycle_parking": "stands",
        "capacity": "10",
        "covered": "no"
      },
      "geometry": {
        "type": "Point",
        "coordinates": [
          5.3888509,
          43.2945947
        ]
      },
      "id": "node/11818487128"
    },
    {
      "type": "Feature",
      "properties": {
        "@id": "node/11818487129",
        "amenity": "bicycle_parking",
        "bicycle_parking": "stands",
        "capacity": "10",
        "covered": "no"
      },
      "geometry": {
        "type": "Point",
        "coordinates": [
          5.3917819,
          43.2943766
        ]
      },
      "id": "node/11818487129"
    },
    {
      "type": "Feature",
      "properties": {
        "@id": "node/11818487130",
        "amenity": "bicycle_parking",
        "bicycle_parking": "stands",
        "capacity": "8",
        "covered": "no"
      },
      "geometry": {
        "type": "Point",
        "coordinates": [
          5.3917725,
          43.2944412
        ]
      },
      "id": "node/11818487130"
    },
    {
      "type": "Feature",
      "properties": {
        "@id": "node/11818487131",
        "amenity": "bicycle_parking",
        "bicycle_parking": "stands",
        "capacity": "10",
        "covered": "no"
      },
      "geometry": {
        "type": "Point",
        "coordinates": [
          5.3951189,
          43.2939608
        ]
      },
      "id": "node/11818487131"
    },
    {
      "type": "Feature",
      "properties": {
        "@id": "node/11818487132",
        "amenity": "bicycle_parking",
        "bicycle_parking": "stands",
        "capacity": "10",
        "covered": "no"
      },
      "geometry": {
        "type": "Point",
        "coordinates": [
          5.393093,
          43.2929059
        ]
      },
      "id": "node/11818487132"
    },
    {
      "type": "Feature",
      "properties": {
        "@id": "node/11818487133",
        "amenity": "bicycle_parking",
        "bicycle_parking": "stands",
        "capacity": "10",
        "covered": "no"
      },
      "geometry": {
        "type": "Point",
        "coordinates": [
          5.3891545,
          43.2937365
        ]
      },
      "id": "node/11818487133"
    },
    {
      "type": "Feature",
      "properties": {
        "@id": "node/11818487134",
        "amenity": "bicycle_parking",
        "bicycle_parking": "stands",
        "capacity": "20",
        "covered": "no"
      },
      "geometry": {
        "type": "Point",
        "coordinates": [
          5.3888851,
          43.2938837
        ]
      },
      "id": "node/11818487134"
    },
    {
      "type": "Feature",
      "properties": {
        "@id": "node/11818487135",
        "amenity": "bicycle_parking",
        "bicycle_parking": "stands",
        "capacity": "10",
        "covered": "no"
      },
      "geometry": {
        "type": "Point",
        "coordinates": [
          5.3892283,
          43.2904602
        ]
      },
      "id": "node/11818487135"
    },
    {
      "type": "Feature",
      "properties": {
        "@id": "node/11818487136",
        "amenity": "bicycle_parking",
        "bicycle_parking": "stands",
        "capacity": "10",
        "covered": "no"
      },
      "geometry": {
        "type": "Point",
        "coordinates": [
          5.390703,
          43.2920549
        ]
      },
      "id": "node/11818487136"
    },
    {
      "type": "Feature",
      "properties": {
        "@id": "node/11818487137",
        "amenity": "bicycle_parking",
        "bicycle_parking": "stands",
        "capacity": "10",
        "covered": "no"
      },
      "geometry": {
        "type": "Point",
        "coordinates": [
          5.3907918,
          43.2920462
        ]
      },
      "id": "node/11818487137"
    },
    {
      "type": "Feature",
      "properties": {
        "@id": "node/11818551573",
        "amenity": "bicycle_parking",
        "bicycle_parking": "stands",
        "capacity": "6",
        "covered": "no"
      },
      "geometry": {
        "type": "Point",
        "coordinates": [
          5.421124,
          43.2457941
        ]
      },
      "id": "node/11818551573"
    },
    {
      "type": "Feature",
      "properties": {
        "@id": "node/11818551574",
        "amenity": "bicycle_parking",
        "bicycle_parking": "stands",
        "capacity": "6",
        "covered": "no"
      },
      "geometry": {
        "type": "Point",
        "coordinates": [
          5.416097,
          43.2457095
        ]
      },
      "id": "node/11818551574"
    },
    {
      "type": "Feature",
      "properties": {
        "@id": "node/11818551575",
        "amenity": "bicycle_parking",
        "bicycle_parking": "stands",
        "capacity": "4",
        "covered": "no"
      },
      "geometry": {
        "type": "Point",
        "coordinates": [
          5.416173,
          43.2457142
        ]
      },
      "id": "node/11818551575"
    },
    {
      "type": "Feature",
      "properties": {
        "@id": "node/11818551576",
        "amenity": "bicycle_parking",
        "bicycle_parking": "stands",
        "capacity": "6",
        "covered": "no"
      },
      "geometry": {
        "type": "Point",
        "coordinates": [
          5.4131222,
          43.2454153
        ]
      },
      "id": "node/11818551576"
    },
    {
      "type": "Feature",
      "properties": {
        "@id": "node/11818551577",
        "amenity": "bicycle_parking",
        "bicycle_parking": "stands",
        "capacity": "6",
        "covered": "no"
      },
      "geometry": {
        "type": "Point",
        "coordinates": [
          5.4069951,
          43.2473246
        ]
      },
      "id": "node/11818551577"
    },
    {
      "type": "Feature",
      "properties": {
        "@id": "node/11818551578",
        "amenity": "bicycle_parking",
        "bicycle_parking": "stands",
        "capacity": "6",
        "covered": "no"
      },
      "geometry": {
        "type": "Point",
        "coordinates": [
          5.4358943,
          43.24641
        ]
      },
      "id": "node/11818551578"
    },
    {
      "type": "Feature",
      "properties": {
        "@id": "node/11831398149",
        "amenity": "bicycle_parking",
        "bicycle_parking": "stands",
        "capacity": "12",
        "covered": "no"
      },
      "geometry": {
        "type": "Point",
        "coordinates": [
          5.3821865,
          43.2701885
        ]
      },
      "id": "node/11831398149"
    },
    {
      "type": "Feature",
      "properties": {
        "@id": "node/11831398150",
        "amenity": "bicycle_parking",
        "bicycle_parking": "stands",
        "capacity": "10",
        "covered": "no"
      },
      "geometry": {
        "type": "Point",
        "coordinates": [
          5.381042,
          43.2692315
        ]
      },
      "id": "node/11831398150"
    },
    {
      "type": "Feature",
      "properties": {
        "@id": "node/11831398151",
        "amenity": "bicycle_parking",
        "bicycle_parking": "stands",
        "capacity": "10",
        "covered": "no"
      },
      "geometry": {
        "type": "Point",
        "coordinates": [
          5.373441,
          43.2644529
        ]
      },
      "id": "node/11831398151"
    },
    {
      "type": "Feature",
      "properties": {
        "@id": "node/11831398152",
        "amenity": "bicycle_parking",
        "bicycle_parking": "stands",
        "capacity": "20",
        "covered": "no"
      },
      "geometry": {
        "type": "Point",
        "coordinates": [
          5.3737435,
          43.2642149
        ]
      },
      "id": "node/11831398152"
    },
    {
      "type": "Feature",
      "properties": {
        "@id": "node/11831398153",
        "amenity": "bicycle_parking",
        "bicycle_parking": "stands",
        "capacity": "8",
        "covered": "no"
      },
      "geometry": {
        "type": "Point",
        "coordinates": [
          5.3649245,
          43.270274
        ]
      },
      "id": "node/11831398153"
    },
    {
      "type": "Feature",
      "properties": {
        "@id": "node/11831398154",
        "amenity": "bicycle_parking",
        "bicycle_parking": "stands",
        "capacity": "20",
        "covered": "no"
      },
      "geometry": {
        "type": "Point",
        "coordinates": [
          5.3629583,
          43.2728044
        ]
      },
      "id": "node/11831398154"
    },
    {
      "type": "Feature",
      "properties": {
        "@id": "node/11831480406",
        "amenity": "bicycle_parking",
        "bicycle_parking": "stands",
        "capacity": "10",
        "covered": "no"
      },
      "geometry": {
        "type": "Point",
        "coordinates": [
          5.3715724,
          43.2966105
        ]
      },
      "id": "node/11831480406"
    },
    {
      "type": "Feature",
      "properties": {
        "@id": "node/11831480407",
        "amenity": "bicycle_parking",
        "bicycle_parking": "stands",
        "capacity": "28",
        "covered": "no"
      },
      "geometry": {
        "type": "Point",
        "coordinates": [
          5.3778277,
          43.2969641
        ]
      },
      "id": "node/11831480407"
    },
    {
      "type": "Feature",
      "properties": {
        "@id": "node/11831505655",
        "amenity": "bicycle_parking",
        "bicycle_parking": "stands",
        "capacity": "20",
        "covered": "no"
      },
      "geometry": {
        "type": "Point",
        "coordinates": [
          5.3570177,
          43.2913054
        ]
      },
      "id": "node/11831505655"
    },
    {
      "type": "Feature",
      "properties": {
        "@id": "node/11831505656",
        "amenity": "bicycle_parking",
        "bicycle_parking": "stands",
        "capacity": "20",
        "covered": "no"
      },
      "geometry": {
        "type": "Point",
        "coordinates": [
          5.357028,
          43.2912533
        ]
      },
      "id": "node/11831505656"
    },
    {
      "type": "Feature",
      "properties": {
        "@id": "node/11831505657",
        "amenity": "bicycle_parking",
        "bicycle_parking": "stands",
        "capacity": "10",
        "covered": "no"
      },
      "geometry": {
        "type": "Point",
        "coordinates": [
          5.3572726,
          43.2914431
        ]
      },
      "id": "node/11831505657"
    },
    {
      "type": "Feature",
      "properties": {
        "@id": "node/11831505658",
        "amenity": "bicycle_parking",
        "bicycle_parking": "stands",
        "capacity": "20",
        "covered": "no",
        "description": "Censé avoir 10 arceaux mais un arceau est arraché"
      },
      "geometry": {
        "type": "Point",
        "coordinates": [
          5.3573613,
          43.2909142
        ]
      },
      "id": "node/11831505658"
    },
    {
      "type": "Feature",
      "properties": {
        "@id": "node/11831505659",
        "amenity": "bicycle_parking",
        "bicycle_parking": "stands",
        "capacity": "20",
        "covered": "no"
      },
      "geometry": {
        "type": "Point",
        "coordinates": [
          5.3573038,
          43.2908702
        ]
      },
      "id": "node/11831505659"
    },
    {
      "type": "Feature",
      "properties": {
        "@id": "node/11831505660",
        "amenity": "bicycle_parking",
        "bicycle_parking": "stands",
        "capacity": "10",
        "covered": "no"
      },
      "geometry": {
        "type": "Point",
        "coordinates": [
          5.3575225,
          43.2907174
        ]
      },
      "id": "node/11831505660"
    },
    {
      "type": "Feature",
      "properties": {
        "@id": "node/11831505661",
        "amenity": "bicycle_parking",
        "bicycle_parking": "stands",
        "capacity": "18",
        "covered": "no"
      },
      "geometry": {
        "type": "Point",
        "coordinates": [
          5.3574121,
          43.2906022
        ]
      },
      "id": "node/11831505661"
    },
    {
      "type": "Feature",
      "properties": {
        "@id": "node/11831505662",
        "amenity": "bicycle_parking",
        "bicycle_parking": "stands",
        "capacity": "22",
        "covered": "no"
      },
      "geometry": {
        "type": "Point",
        "coordinates": [
          5.3573858,
          43.2903574
        ]
      },
      "id": "node/11831505662"
    },
    {
      "type": "Feature",
      "properties": {
        "@id": "node/11831505663",
        "amenity": "bicycle_parking",
        "bicycle_parking": "stands",
        "capacity": "10",
        "covered": "no"
      },
      "geometry": {
        "type": "Point",
        "coordinates": [
          5.3572481,
          43.2902115
        ]
      },
      "id": "node/11831505663"
    },
    {
      "type": "Feature",
      "properties": {
        "@id": "node/11831505664",
        "amenity": "bicycle_parking",
        "bicycle_parking": "stands",
        "capacity": "10",
        "covered": "no"
      },
      "geometry": {
        "type": "Point",
        "coordinates": [
          5.3572518,
          43.2901612
        ]
      },
      "id": "node/11831505664"
    },
    {
      "type": "Feature",
      "properties": {
        "@id": "node/11831505665",
        "amenity": "bicycle_parking",
        "bicycle_parking": "stands",
        "capacity": "20",
        "covered": "no"
      },
      "geometry": {
        "type": "Point",
        "coordinates": [
          5.3589962,
          43.2903225
        ]
      },
      "id": "node/11831505665"
    },
    {
      "type": "Feature",
      "properties": {
        "@id": "node/11831505666",
        "amenity": "bicycle_parking",
        "bicycle_parking": "stands",
        "capacity": "20",
        "covered": "no"
      },
      "geometry": {
        "type": "Point",
        "coordinates": [
          5.3589848,
          43.2903785
        ]
      },
      "id": "node/11831505666"
    },
    {
      "type": "Feature",
      "properties": {
        "@id": "node/11831505667",
        "amenity": "bicycle_parking",
        "bicycle_parking": "stands",
        "capacity": "10",
        "covered": "no"
      },
      "geometry": {
        "type": "Point",
        "coordinates": [
          5.3588941,
          43.2914705
        ]
      },
      "id": "node/11831505667"
    },
    {
      "type": "Feature",
      "properties": {
        "@id": "node/11831505668",
        "amenity": "bicycle_parking",
        "bicycle_parking": "stands",
        "capacity": "18",
        "covered": "no"
      },
      "geometry": {
        "type": "Point",
        "coordinates": [
          5.358876,
          43.2914054
        ]
      },
      "id": "node/11831505668"
    },
    {
      "type": "Feature",
      "properties": {
        "@id": "node/11831510869",
        "amenity": "bicycle_parking",
        "bicycle_parking": "stands",
        "capacity": "10",
        "covered": "no"
      },
      "geometry": {
        "type": "Point",
        "coordinates": [
          5.3603383,
          43.2910521
        ]
      },
      "id": "node/11831510869"
    },
    {
      "type": "Feature",
      "properties": {
        "@id": "node/11831525140",
        "amenity": "bicycle_parking",
        "bicycle_parking": "stands",
        "capacity": "16",
        "covered": "no"
      },
      "geometry": {
        "type": "Point",
        "coordinates": [
          5.3821956,
          43.2977286
        ]
      },
      "id": "node/11831525140"
    },
    {
      "type": "Feature",
      "properties": {
        "@id": "node/11831525141",
        "amenity": "bicycle_parking",
        "bicycle_parking": "stands",
        "capacity": "10",
        "covered": "no"
      },
      "geometry": {
        "type": "Point",
        "coordinates": [
          5.3822584,
          43.2976178
        ]
      },
      "id": "node/11831525141"
    },
    {
      "type": "Feature",
      "properties": {
        "@id": "node/11831525142",
        "amenity": "bicycle_parking",
        "bicycle_parking": "stands",
        "capacity": "22",
        "covered": "no"
      },
      "geometry": {
        "type": "Point",
        "coordinates": [
          5.3827011,
          43.2972205
        ]
      },
      "id": "node/11831525142"
    },
    {
      "type": "Feature",
      "properties": {
        "@id": "node/11831525143",
        "amenity": "bicycle_parking",
        "bicycle_parking": "stands",
        "capacity": "22",
        "covered": "no"
      },
      "geometry": {
        "type": "Point",
        "coordinates": [
          5.3831434,
          43.2973078
        ]
      },
      "id": "node/11831525143"
    },
    {
      "type": "Feature",
      "properties": {
        "@id": "node/11831525144",
        "amenity": "bicycle_parking",
        "bicycle_parking": "stands",
        "capacity": "26",
        "covered": "no"
      },
      "geometry": {
        "type": "Point",
        "coordinates": [
          5.3815282,
          43.2966502
        ]
      },
      "id": "node/11831525144"
    },
    {
      "type": "Feature",
      "properties": {
        "@id": "node/11831525145",
        "amenity": "bicycle_parking",
        "bicycle_parking": "stands",
        "capacity": "18",
        "covered": "no"
      },
      "geometry": {
        "type": "Point",
        "coordinates": [
          5.381423,
          43.296949
        ]
      },
      "id": "node/11831525145"
    },
    {
      "type": "Feature",
      "properties": {
        "@id": "node/11831525146",
        "amenity": "bicycle_parking",
        "bicycle_parking": "stands",
        "capacity": "4",
        "covered": "no"
      },
      "geometry": {
        "type": "Point",
        "coordinates": [
          5.38138,
          43.2969817
        ]
      },
      "id": "node/11831525146"
    },
    {
      "type": "Feature",
      "properties": {
        "@id": "node/11831525147",
        "amenity": "bicycle_parking",
        "bicycle_parking": "stands",
        "capacity": "8",
        "covered": "no"
      },
      "geometry": {
        "type": "Point",
        "coordinates": [
          5.3838305,
          43.2971844
        ]
      },
      "id": "node/11831525147"
    },
    {
      "type": "Feature",
      "properties": {
        "@id": "node/11831525148",
        "amenity": "bicycle_parking",
        "bicycle_parking": "stands",
        "capacity": "10",
        "covered": "no"
      },
      "geometry": {
        "type": "Point",
        "coordinates": [
          5.3858432,
          43.2958295
        ]
      },
      "id": "node/11831525148"
    },
    {
      "type": "Feature",
      "properties": {
        "@id": "node/11843277103",
        "amenity": "bicycle_parking",
        "bicycle_parking": "stands",
        "capacity": "8",
        "covered": "no"
      },
      "geometry": {
        "type": "Point",
        "coordinates": [
          5.4090023,
          43.29183
        ]
      },
      "id": "node/11843277103"
    },
    {
      "type": "Feature",
      "properties": {
        "@id": "node/11843277104",
        "amenity": "bicycle_parking",
        "bicycle_parking": "stands",
        "capacity": "8",
        "covered": "no"
      },
      "geometry": {
        "type": "Point",
        "coordinates": [
          5.4089257,
          43.29183
        ]
      },
      "id": "node/11843277104"
    },
    {
      "type": "Feature",
      "properties": {
        "@id": "node/11868493629",
        "amenity": "bicycle_parking",
        "bicycle_parking": "wall_loops",
        "capacity": "5",
        "covered": "no",
        "fee": "no"
      },
      "geometry": {
        "type": "Point",
        "coordinates": [
          5.39103,
          43.2664853
        ]
      },
      "id": "node/11868493629"
    },
    {
      "type": "Feature",
      "properties": {
        "@id": "node/11889164173",
        "amenity": "bicycle_parking",
        "covered": "no",
        "description": "8 anneaus"
      },
      "geometry": {
        "type": "Point",
        "coordinates": [
          5.3726029,
          43.2660337
        ]
      },
      "id": "node/11889164173"
    },
    {
      "type": "Feature",
      "properties": {
        "@id": "node/12003220085",
        "access": "yes",
        "amenity": "bicycle_parking",
        "bicycle_parking": "stands",
        "capacity": "12",
        "covered": "no",
        "fee": "no"
      },
      "geometry": {
        "type": "Point",
        "coordinates": [
          5.6325768,
          43.1994186
        ]
      },
      "id": "node/12003220085"
    },
    {
      "type": "Feature",
      "properties": {
        "@id": "node/12003262775",
        "amenity": "bicycle_parking",
        "bicycle_parking": "stands",
        "capacity": "12",
        "covered": "no"
      },
      "geometry": {
        "type": "Point",
        "coordinates": [
          5.5528701,
          43.2340849
        ]
      },
      "id": "node/12003262775"
    },
    {
      "type": "Feature",
      "properties": {
        "@id": "node/12003266857",
        "access": "yes",
        "amenity": "bicycle_parking",
        "bicycle_parking": "wall_loops",
        "capacity": "10",
        "covered": "no",
        "fee": "no"
      },
      "geometry": {
        "type": "Point",
        "coordinates": [
          5.5657511,
          43.2959274
        ]
      },
      "id": "node/12003266857"
    },
    {
      "type": "Feature",
      "properties": {
        "@id": "node/12003266865",
        "access": "yes",
        "amenity": "bicycle_parking",
        "bicycle_parking": "wide_stands",
        "capacity": "24",
        "covered": "yes",
        "fee": "no"
      },
      "geometry": {
        "type": "Point",
        "coordinates": [
          5.5157425,
          43.2845894
        ]
      },
      "id": "node/12003266865"
    },
    {
      "type": "Feature",
      "properties": {
        "@id": "node/12016461973",
        "amenity": "bicycle_parking",
        "covered": "no"
      },
      "geometry": {
        "type": "Point",
        "coordinates": [
          5.3776851,
          43.2375326
        ]
      },
      "id": "node/12016461973"
    },
    {
      "type": "Feature",
      "properties": {
        "@id": "node/12022409421",
        "access": "yes",
        "amenity": "bicycle_parking",
        "bicycle_parking": "wide_stands",
        "capacity": "24",
        "covered": "yes",
        "fee": "no",
        "lit": "yes"
      },
      "geometry": {
        "type": "Point",
        "coordinates": [
          5.4668029,
          43.2882291
        ]
      },
      "id": "node/12022409421"
    },
    {
      "type": "Feature",
      "properties": {
        "@id": "node/12022409432",
        "amenity": "bicycle_parking",
        "bicycle_parking": "stands",
        "capacity": "32",
        "covered": "yes"
      },
      "geometry": {
        "type": "Point",
        "coordinates": [
          5.4413806,
          43.2903638
        ]
      },
      "id": "node/12022409432"
    },
    {
      "type": "Feature",
      "properties": {
        "@id": "node/12080105964",
        "access": "customers",
        "amenity": "bicycle_parking",
        "bicycle_parking": "stands",
        "capacity": "8",
        "covered": "yes"
      },
      "geometry": {
        "type": "Point",
        "coordinates": [
          5.4436834,
          43.2302972
        ]
      },
      "id": "node/12080105964"
    },
    {
      "type": "Feature",
      "properties": {
        "@id": "node/12115416066",
        "amenity": "bicycle_parking",
        "bicycle_parking": "wall_loops",
        "capacity": "5",
        "covered": "no"
      },
      "geometry": {
        "type": "Point",
        "coordinates": [
          5.6003128,
          43.1863575
        ]
      },
      "id": "node/12115416066"
    },
    {
      "type": "Feature",
      "properties": {
        "@id": "node/12192727066",
        "amenity": "bicycle_parking",
        "bicycle_parking": "stands",
        "capacity": "5",
        "covered": "no"
      },
      "geometry": {
        "type": "Point",
        "coordinates": [
          5.4023874,
          43.2954683
        ]
      },
      "id": "node/12192727066"
    },
    {
      "type": "Feature",
      "properties": {
        "@id": "node/12192727067",
        "amenity": "bicycle_parking",
        "bicycle_parking": "stands",
        "capacity": "5",
        "covered": "no"
      },
      "geometry": {
        "type": "Point",
        "coordinates": [
          5.402669,
          43.2954171
        ]
      },
      "id": "node/12192727067"
    },
    {
      "type": "Feature",
      "properties": {
        "@id": "node/12201233965",
        "amenity": "bicycle_parking",
        "bicycle_parking": "ground_slots",
        "covered": "no"
      },
      "geometry": {
        "type": "Point",
        "coordinates": [
          5.4042643,
          43.2932994
        ]
      },
      "id": "node/12201233965"
    },
    {
      "type": "Feature",
      "properties": {
        "@id": "node/12214413742",
        "access": "yes",
        "amenity": "bicycle_parking",
        "bicycle_parking": "stands",
        "capacity": "8"
      },
      "geometry": {
        "type": "Point",
        "coordinates": [
          5.384831,
          43.3089188
        ]
      },
      "id": "node/12214413742"
    },
    {
      "type": "Feature",
      "properties": {
        "@id": "node/12224079479",
        "amenity": "bicycle_parking",
        "bicycle_parking": "stands",
        "capacity": "20",
        "covered": "no"
      },
      "geometry": {
        "type": "Point",
        "coordinates": [
          5.4000394,
          43.2706599
        ]
      },
      "id": "node/12224079479"
    },
    {
      "type": "Feature",
      "properties": {
        "@id": "node/12224160104",
        "amenity": "bicycle_parking",
        "bicycle_parking": "stands",
        "capacity": "38",
        "covered": "no"
      },
      "geometry": {
        "type": "Point",
        "coordinates": [
          5.3997851,
          43.2702186
        ]
      },
      "id": "node/12224160104"
    },
    {
      "type": "Feature",
      "properties": {
        "@id": "node/12229153525",
        "amenity": "bicycle_parking",
        "bicycle_parking": "wall_loops",
        "capacity": "8",
        "covered": "no"
      },
      "geometry": {
        "type": "Point",
        "coordinates": [
          5.3928738,
          43.2721657
        ]
      },
      "id": "node/12229153525"
    },
    {
      "type": "Feature",
      "properties": {
        "@id": "node/12234690217",
        "amenity": "bicycle_parking",
        "bike_ride": "no",
        "covered": "no",
        "fee": "no",
        "indoor": "no",
        "lit": "no"
      },
      "geometry": {
        "type": "Point",
        "coordinates": [
          5.4014337,
          43.290727
        ]
      },
      "id": "node/12234690217"
    },
    {
      "type": "Feature",
      "properties": {
        "@id": "node/12251219903",
        "amenity": "bicycle_parking",
        "bicycle_parking": "rack",
        "covered": "no",
        "fee": "no"
      },
      "geometry": {
        "type": "Point",
        "coordinates": [
          5.3875233,
          43.3103402
        ]
      },
      "id": "node/12251219903"
    },
    {
      "type": "Feature",
      "properties": {
        "@id": "node/12251219904",
        "amenity": "bicycle_parking",
        "bicycle_parking": "wall_loops",
        "covered": "yes",
        "fee": "no"
      },
      "geometry": {
        "type": "Point",
        "coordinates": [
          5.3874706,
          43.3104107
        ]
      },
      "id": "node/12251219904"
    },
    {
      "type": "Feature",
      "properties": {
        "@id": "node/12251219905",
        "amenity": "bicycle_parking",
        "bicycle_parking": "rack",
        "covered": "no",
        "fee": "no"
      },
      "geometry": {
        "type": "Point",
        "coordinates": [
          5.3874857,
          43.3103469
        ]
      },
      "id": "node/12251219905"
    },
    {
      "type": "Feature",
      "properties": {
        "@id": "node/12255170642",
        "amenity": "bicycle_parking",
        "bicycle_parking": "stands",
        "capacity": "20",
        "covered": "no",
        "fee": "no"
      },
      "geometry": {
        "type": "Point",
        "coordinates": [
          5.3527481,
          43.2125921
        ]
      },
      "id": "node/12255170642"
    },
    {
      "type": "Feature",
      "properties": {
        "@id": "node/12255177143",
        "amenity": "bicycle_parking",
        "bicycle_parking": "stands",
        "capacity": "20",
        "covered": "no",
        "fee": "no"
      },
      "geometry": {
        "type": "Point",
        "coordinates": [
          5.3469537,
          43.2246072
        ]
      },
      "id": "node/12255177143"
    },
    {
      "type": "Feature",
      "properties": {
        "@id": "node/12255177144",
        "amenity": "bicycle_parking",
        "bicycle_parking": "stands",
        "capacity": "18",
        "check_date": "2024-10-25",
        "covered": "no",
        "fee": "no"
      },
      "geometry": {
        "type": "Point",
        "coordinates": [
          5.3479569,
          43.2250021
        ]
      },
      "id": "node/12255177144"
    },
    {
      "type": "Feature",
      "properties": {
        "@id": "node/12255202707",
        "amenity": "bicycle_parking",
        "bicycle_parking": "stands",
        "capacity": "20",
        "check_date": "2024-10-25",
        "covered": "no",
        "fee": "no"
      },
      "geometry": {
        "type": "Point",
        "coordinates": [
          5.3497413,
          43.2281206
        ]
      },
      "id": "node/12255202707"
    },
    {
      "type": "Feature",
      "properties": {
        "@id": "node/12279019200",
        "access": "yes",
        "amenity": "bicycle_parking",
        "bicycle_parking": "stands",
        "capacity": "5",
        "covered": "no",
        "fee": "no"
      },
      "geometry": {
        "type": "Point",
        "coordinates": [
          5.4090057,
          43.2373093
        ]
      },
      "id": "node/12279019200"
    },
    {
      "type": "Feature",
      "properties": {
        "@id": "node/12279033101",
        "access": "yes",
        "amenity": "bicycle_parking",
        "bicycle_parking": "stands",
        "capacity": "5",
        "covered": "no",
        "fee": "no"
      },
      "geometry": {
        "type": "Point",
        "coordinates": [
          5.409168,
          43.2372801
        ]
      },
      "id": "node/12279033101"
    },
    {
      "type": "Feature",
      "properties": {
        "@id": "node/12287931005",
        "amenity": "bicycle_parking",
        "bicycle_parking": "stands",
        "capacity": "10",
        "check_date": "2024-10-25",
        "covered": "no",
        "fee": "no",
        "indoor": "no"
      },
      "geometry": {
        "type": "Point",
        "coordinates": [
          5.3507227,
          43.2318102
        ]
      },
      "id": "node/12287931005"
    },
    {
      "type": "Feature",
      "properties": {
        "@id": "node/12287931006",
        "amenity": "bicycle_parking",
        "bicycle_parking": "stands",
        "capacity": "8",
        "check_date": "2024-10-25",
        "covered": "no",
        "fee": "no"
      },
      "geometry": {
        "type": "Point",
        "coordinates": [
          5.346404,
          43.2199706
        ]
      },
      "id": "node/12287931006"
    },
    {
      "type": "Feature",
      "properties": {
        "@id": "node/12287931007",
        "amenity": "bicycle_parking",
        "bicycle_parking": "stands",
        "capacity": "20",
        "check_date": "2024-10-25",
        "covered": "no",
        "fee": "no"
      },
      "geometry": {
        "type": "Point",
        "coordinates": [
          5.3483382,
          43.2253038
        ]
      },
      "id": "node/12287931007"
    },
    {
      "type": "Feature",
      "properties": {
        "@id": "node/12287931008",
        "amenity": "bicycle_parking",
        "bicycle_parking": "stands",
        "capacity": "20",
        "check_date": "2024-10-25",
        "covered": "no",
        "fee": "no"
      },
      "geometry": {
        "type": "Point",
        "coordinates": [
          5.3463833,
          43.2241714
        ]
      },
      "id": "node/12287931008"
    },
    {
      "type": "Feature",
      "properties": {
        "@id": "node/12291667386",
        "amenity": "bicycle_parking",
        "bicycle_parking": "stands",
        "capacity": "36",
        "check_date": "2024-10-27",
        "covered": "no",
        "fee": "no"
      },
      "geometry": {
        "type": "Point",
        "coordinates": [
          5.3906013,
          43.3095458
        ]
      },
      "id": "node/12291667386"
    },
    {
      "type": "Feature",
      "properties": {
        "@id": "node/12296917029",
        "amenity": "bicycle_parking",
        "bicycle_parking": "wall_loops",
        "capacity": "3",
        "covered": "yes",
        "fee": "no"
      },
      "geometry": {
        "type": "Point",
        "coordinates": [
          5.3905825,
          43.3392143
        ]
      },
      "id": "node/12296917029"
    },
    {
      "type": "Feature",
      "properties": {
        "@id": "node/12297039532",
        "amenity": "bicycle_parking",
        "bicycle_parking": "stands",
        "capacity": "24"
      },
      "geometry": {
        "type": "Point",
        "coordinates": [
          5.392632,
          43.3308272
        ]
      },
      "id": "node/12297039532"
    },
    {
      "type": "Feature",
      "properties": {
        "@id": "node/12297039536",
        "amenity": "bicycle_parking",
        "bicycle_parking": "stands",
        "capacity": "24",
        "covered": "no"
      },
      "geometry": {
        "type": "Point",
        "coordinates": [
          5.3935862,
          43.3312044
        ]
      },
      "id": "node/12297039536"
    },
    {
      "type": "Feature",
      "properties": {
        "@id": "node/12312196296",
        "amenity": "bicycle_parking",
        "bicycle_parking": "stands",
        "capacity": "10"
      },
      "geometry": {
        "type": "Point",
        "coordinates": [
          5.466482,
          43.2885736
        ]
      },
      "id": "node/12312196296"
    },
    {
      "type": "Feature",
      "properties": {
        "@id": "node/12312365650",
        "amenity": "bicycle_parking",
        "bicycle_parking": "support pour cadre vélos",
        "capacity": "5"
      },
      "geometry": {
        "type": "Point",
        "coordinates": [
          5.4392311,
          43.2902725
        ]
      },
      "id": "node/12312365650"
    },
    {
      "type": "Feature",
      "properties": {
        "@id": "node/12320121148",
        "amenity": "bicycle_parking",
        "bicycle_parking": "rack",
        "capacity": "7",
        "covered": "yes"
      },
      "geometry": {
        "type": "Point",
        "coordinates": [
          5.377733,
          43.3508212
        ]
      },
      "id": "node/12320121148"
    },
    {
      "type": "Feature",
      "properties": {
        "@id": "node/12323138544",
        "access": "yes",
        "amenity": "bicycle_parking",
        "bicycle_parking": "stands",
        "capacity": "12",
        "covered": "no",
        "fee": "no"
      },
      "geometry": {
        "type": "Point",
        "coordinates": [
          5.6325252,
          43.1993515
        ]
      },
      "id": "node/12323138544"
    },
    {
      "type": "Feature",
      "properties": {
        "@id": "node/12323203164",
        "access": "yes",
        "amenity": "bicycle_parking",
        "bicycle_parking": "stands",
        "capacity": "18",
        "covered": "no",
        "fee": "no"
      },
      "geometry": {
        "type": "Point",
        "coordinates": [
          5.6323598,
          43.1993825
        ]
      },
      "id": "node/12323203164"
    },
    {
      "type": "Feature",
      "properties": {
        "@id": "node/12334526647",
        "amenity": "bicycle_parking",
        "bicycle_parking": "wide_stands",
        "capacity": "36",
        "covered": "yes"
      },
      "geometry": {
        "type": "Point",
        "coordinates": [
          5.483443,
          43.2856814
        ]
      },
      "id": "node/12334526647"
    },
    {
      "type": "Feature",
      "properties": {
        "@id": "node/12334652745",
        "amenity": "bicycle_parking",
        "bicycle_parking": "wall_loops",
        "capacity": "6",
        "covered": "yes"
      },
      "geometry": {
        "type": "Point",
        "coordinates": [
          5.3703667,
          43.4031899
        ]
      },
      "id": "node/12334652745"
    },
    {
      "type": "Feature",
      "properties": {
        "@id": "node/12355483452",
        "amenity": "bicycle_parking",
        "bicycle_parking": "stands",
        "capacity": "5",
        "covered": "no"
      },
      "geometry": {
        "type": "Point",
        "coordinates": [
          5.3649504,
          43.3255006
        ]
      },
      "id": "node/12355483452"
    },
    {
      "type": "Feature",
      "properties": {
        "@id": "node/12358573855",
        "amenity": "bicycle_parking"
      },
      "geometry": {
        "type": "Point",
        "coordinates": [
          5.4029246,
          43.262419
        ]
      },
      "id": "node/12358573855"
    },
    {
      "type": "Feature",
      "properties": {
        "@id": "node/12373336217",
        "amenity": "bicycle_parking",
        "bicycle_parking": "stands",
        "capacity": "10",
        "covered": "no"
      },
      "geometry": {
        "type": "Point",
        "coordinates": [
          5.3923767,
          43.2848343
        ]
      },
      "id": "node/12373336217"
    },
    {
      "type": "Feature",
      "properties": {
        "@id": "node/12386106298",
        "amenity": "bicycle_parking",
        "bicycle": "yes",
        "capacity": "10",
        "covered": "no",
        "fee": "no",
        "motorcycle": "yes",
        "surface": "concrete"
      },
      "geometry": {
        "type": "Point",
        "coordinates": [
          5.3822228,
          43.2884648
        ]
      },
      "id": "node/12386106298"
    },
    {
      "type": "Feature",
      "properties": {
        "@id": "node/12397575325",
        "amenity": "bicycle_parking",
        "bicycle_parking": "stands",
        "capacity": "10",
        "covered": "no"
      },
      "geometry": {
        "type": "Point",
        "coordinates": [
          5.4175886,
          43.2758205
        ]
      },
      "id": "node/12397575325"
    },
    {
      "type": "Feature",
      "properties": {
        "@id": "node/12397576424",
        "amenity": "bicycle_parking",
        "bicycle_parking": "stands",
        "capacity": "10",
        "covered": "no"
      },
      "geometry": {
        "type": "Point",
        "coordinates": [
          5.4184259,
          43.2747179
        ]
      },
      "id": "node/12397576424"
    },
    {
      "type": "Feature",
      "properties": {
        "@id": "node/12397576425",
        "amenity": "bicycle_parking",
        "bicycle_parking": "stands",
        "capacity": "10",
        "covered": "no"
      },
      "geometry": {
        "type": "Point",
        "coordinates": [
          5.4182485,
          43.2747806
        ]
      },
      "id": "node/12397576425"
    },
    {
      "type": "Feature",
      "properties": {
        "@id": "node/12400126618",
        "amenity": "bicycle_parking"
      },
      "geometry": {
        "type": "Point",
        "coordinates": [
          5.3957458,
          43.2668463
        ]
      },
      "id": "node/12400126618"
    },
    {
      "type": "Feature",
      "properties": {
        "@id": "node/12452831068",
        "amenity": "bicycle_parking",
        "bicycle_parking": "stands",
        "capacity": "10",
        "covered": "no"
      },
      "geometry": {
        "type": "Point",
        "coordinates": [
          5.3915083,
          43.2862654
        ]
      },
      "id": "node/12452831068"
    },
    {
      "type": "Feature",
      "properties": {
        "@id": "node/12452831069",
        "amenity": "bicycle_parking",
        "bicycle_parking": "stands",
        "capacity": "10",
        "covered": "no"
      },
      "geometry": {
        "type": "Point",
        "coordinates": [
          5.391478,
          43.2862207
        ]
      },
      "id": "node/12452831069"
    },
    {
      "type": "Feature",
      "properties": {
        "@id": "node/12452831070",
        "amenity": "bicycle_parking",
        "bicycle_parking": "stands",
        "capacity": "10",
        "covered": "no"
      },
      "geometry": {
        "type": "Point",
        "coordinates": [
          5.3964923,
          43.2884146
        ]
      },
      "id": "node/12452831070"
    },
    {
      "type": "Feature",
      "properties": {
        "@id": "node/12452831071",
        "amenity": "bicycle_parking",
        "bicycle_parking": "stands",
        "capacity": "10",
        "covered": "no"
      },
      "geometry": {
        "type": "Point",
        "coordinates": [
          5.3964468,
          43.2883729
        ]
      },
      "id": "node/12452831071"
    },
    {
      "type": "Feature",
      "properties": {
        "@id": "node/12452831072",
        "amenity": "bicycle_parking",
        "bicycle_parking": "stands",
        "capacity": "4",
        "covered": "no"
      },
      "geometry": {
        "type": "Point",
        "coordinates": [
          5.3943594,
          43.2879026
        ]
      },
      "id": "node/12452831072"
    },
    {
      "type": "Feature",
      "properties": {
        "@id": "node/12452831073",
        "amenity": "bicycle_parking",
        "bicycle_parking": "stands",
        "capacity": "10",
        "covered": "no"
      },
      "geometry": {
        "type": "Point",
        "coordinates": [
          5.391407,
          43.2871085
        ]
      },
      "id": "node/12452831073"
    },
    {
      "type": "Feature",
      "properties": {
        "@id": "node/12497734962",
        "amenity": "bicycle_parking",
        "bicycle_parking": "stands",
        "capacity": "10",
        "covered": "no"
      },
      "geometry": {
        "type": "Point",
        "coordinates": [
          5.3912532,
          43.2897307
        ]
      },
      "id": "node/12497734962"
    },
    {
      "type": "Feature",
      "properties": {
        "@id": "node/12497734963",
        "amenity": "bicycle_parking",
        "bicycle_parking": "stands",
        "capacity": "10",
        "covered": "no"
      },
      "geometry": {
        "type": "Point",
        "coordinates": [
          5.3904737,
          43.289918
        ]
      },
      "id": "node/12497734963"
    },
    {
      "type": "Feature",
      "properties": {
        "@id": "node/12497734964",
        "amenity": "bicycle_parking",
        "bicycle_parking": "stands",
        "capacity": "20",
        "covered": "no"
      },
      "geometry": {
        "type": "Point",
        "coordinates": [
          5.3912584,
          43.2880013
        ]
      },
      "id": "node/12497734964"
    },
    {
      "type": "Feature",
      "properties": {
        "@id": "node/12497734965",
        "amenity": "bicycle_parking",
        "bicycle_parking": "stands",
        "capacity": "10",
        "covered": "no"
      },
      "geometry": {
        "type": "Point",
        "coordinates": [
          5.3901873,
          43.287713
        ]
      },
      "id": "node/12497734965"
    },
    {
      "type": "Feature",
      "properties": {
        "@id": "node/12578448015",
        "access": "yes",
        "amenity": "bicycle_parking",
        "covered": "no",
        "fee": "no",
        "operator:type": "public"
      },
      "geometry": {
        "type": "Point",
        "coordinates": [
          5.4082036,
          43.2664198
        ]
      },
      "id": "node/12578448015"
    },
    {
      "type": "Feature",
      "properties": {
        "@id": "node/12600875536",
        "access": "yes",
        "amenity": "bicycle_parking",
        "bicycle_parking": "anchors",
        "capacity": "6",
        "fee": "no",
        "lit": "yes",
        "opening_hours": "24/7"
      },
      "geometry": {
        "type": "Point",
        "coordinates": [
          5.3510553,
          43.2805186
        ]
      },
      "id": "node/12600875536"
    },
    {
      "type": "Feature",
      "properties": {
        "@id": "node/12648181638",
        "amenity": "bicycle_parking",
        "bicycle_parking": "stands",
        "covered": "no"
      },
      "geometry": {
        "type": "Point",
        "coordinates": [
          5.3916445,
          43.2790946
        ]
      },
      "id": "node/12648181638"
    },
    {
      "type": "Feature",
      "properties": {
        "@id": "node/12648204387",
        "amenity": "bicycle_parking",
        "bicycle_parking": "stands",
        "covered": "no"
      },
      "geometry": {
        "type": "Point",
        "coordinates": [
          5.3917041,
          43.2791202
        ]
      },
      "id": "node/12648204387"
    },
    {
      "type": "Feature",
      "properties": {
        "@id": "node/12677258945",
        "amenity": "bicycle_parking",
        "bicycle_parking": "stands",
        "covered": "no"
      },
      "geometry": {
        "type": "Point",
        "coordinates": [
          5.363107,
          43.2891712
        ]
      },
      "id": "node/12677258945"
    },
    {
      "type": "Feature",
      "properties": {
        "@id": "node/12709715013",
        "amenity": "bicycle_parking",
        "bicycle_parking": "stands",
        "capacity": "10",
        "covered": "no"
      },
      "geometry": {
        "type": "Point",
        "coordinates": [
          5.4141407,
          43.3145534
        ]
      },
      "id": "node/12709715013"
    },
    {
      "type": "Feature",
      "properties": {
        "@id": "node/12715813182",
        "access": "customers",
        "amenity": "bicycle_parking",
        "bicycle_parking": "wall_loops",
        "capacity": "5",
        "covered": "no",
        "fee": "no",
        "operator": "Picard",
        "operator:type": "private"
      },
      "geometry": {
        "type": "Point",
        "coordinates": [
          5.4045744,
          43.2638041
        ]
      },
      "id": "node/12715813182"
    },
    {
      "type": "Feature",
      "properties": {
        "@id": "node/12718893611",
        "amenity": "bicycle_parking",
        "bicycle_parking": "anchors"
      },
      "geometry": {
        "type": "Point",
        "coordinates": [
          5.4102422,
          43.3116219
        ]
      },
      "id": "node/12718893611"
    },
    {
      "type": "Feature",
      "properties": {
        "@id": "node/12803625898",
        "access": "yes",
        "amenity": "bicycle_parking",
        "bicycle_parking": "handlebar_holder",
        "capacity": "8",
        "covered": "no",
        "fee": "no"
      },
      "geometry": {
        "type": "Point",
        "coordinates": [
          5.3717634,
          43.2625045
        ]
      },
      "id": "node/12803625898"
    },
    {
      "type": "Feature",
      "properties": {
        "@id": "node/12809048099",
        "amenity": "bicycle_parking",
        "bicycle_parking": "stands",
        "capacity": "12",
        "covered": "no"
      },
      "geometry": {
        "type": "Point",
        "coordinates": [
          5.3731253,
          43.2885492
        ]
      },
      "id": "node/12809048099"
    },
    {
      "type": "Feature",
      "properties": {
        "@id": "node/12809068554",
        "amenity": "bicycle_parking",
        "bicycle_parking": "stands",
        "capacity": "12",
        "covered": "no"
      },
      "geometry": {
        "type": "Point",
        "coordinates": [
          5.3731475,
          43.2885062
        ]
      },
      "id": "node/12809068554"
    },
    {
      "type": "Feature",
      "properties": {
        "@id": "node/12825502669",
        "amenity": "bicycle_parking",
        "bicycle_parking": "stands"
      },
      "geometry": {
        "type": "Point",
        "coordinates": [
          5.4049303,
          43.2548095
        ]
      },
      "id": "node/12825502669"
    },
    {
      "type": "Feature",
      "properties": {
        "@id": "node/12836386066",
        "amenity": "bicycle_parking",
        "bicycle_parking": "stands",
        "capacity": "10",
        "covered": "no"
      },
      "geometry": {
        "type": "Point",
        "coordinates": [
          5.3927286,
          43.2858435
        ]
      },
      "id": "node/12836386066"
    },
    {
      "type": "Feature",
      "properties": {
        "@id": "node/12836386067",
        "amenity": "bicycle_parking",
        "bicycle_parking": "stands",
        "capacity": "10",
        "covered": "no"
      },
      "geometry": {
        "type": "Point",
        "coordinates": [
          5.3928256,
          43.2865317
        ]
      },
      "id": "node/12836386067"
    },
    {
      "type": "Feature",
      "properties": {
        "@id": "node/12836386068",
        "amenity": "bicycle_parking",
        "bicycle_parking": "stands",
        "capacity": "8",
        "covered": "no"
      },
      "geometry": {
        "type": "Point",
        "coordinates": [
          5.3928738,
          43.2865689
        ]
      },
      "id": "node/12836386068"
    },
    {
      "type": "Feature",
      "properties": {
        "@id": "node/12848715548",
        "access": "yes",
        "amenity": "bicycle_parking",
        "bicycle_parking": "rack",
        "capacity": "4",
        "covered": "yes",
        "fee": "no"
      },
      "geometry": {
        "type": "Point",
        "coordinates": [
          5.6695425,
          43.2239393
        ]
      },
      "id": "node/12848715548"
    },
    {
      "type": "Feature",
      "properties": {
        "@id": "node/12848715549",
        "access": "yes",
        "amenity": "bicycle_parking",
        "bicycle_parking": "rack",
        "capacity": "4",
        "covered": "yes",
        "fee": "no"
      },
      "geometry": {
        "type": "Point",
        "coordinates": [
          5.6695804,
          43.2239277
        ]
      },
      "id": "node/12848715549"
    },
    {
      "type": "Feature",
      "properties": {
        "@id": "node/12853385003",
        "amenity": "bicycle_parking",
        "bicycle_parking": "stands",
        "capacity": "10",
        "covered": "no"
      },
      "geometry": {
        "type": "Point",
        "coordinates": [
          5.4940781,
          43.302228
        ]
      },
      "id": "node/12853385003"
    },
    {
      "type": "Feature",
      "properties": {
        "@id": "node/12853385004",
        "amenity": "bicycle_parking",
        "bicycle_parking": "stands",
        "capacity": "10",
        "covered": "no"
      },
      "geometry": {
        "type": "Point",
        "coordinates": [
          5.4832976,
          43.2974674
        ]
      },
      "id": "node/12853385004"
    },
    {
      "type": "Feature",
      "properties": {
        "@id": "node/12866019663",
        "access": "customers",
        "amenity": "bicycle_parking",
        "bicycle_parking": "stands",
        "capacity": "12",
        "covered": "yes"
      },
      "geometry": {
        "type": "Point",
        "coordinates": [
          5.4069132,
          43.2573622
        ]
      },
      "id": "node/12866019663"
    },
    {
      "type": "Feature",
      "properties": {
        "@id": "node/12867114333",
        "access": "yes",
        "amenity": "bicycle_parking",
        "bicycle_parking": "stands",
        "capacity": "12",
        "covered": "no",
        "fee": "no",
        "indoor": "no",
        "lit": "no"
      },
      "geometry": {
        "type": "Point",
        "coordinates": [
          5.5377541,
          43.2133195
        ]
      },
      "id": "node/12867114333"
    },
    {
      "type": "Feature",
      "properties": {
        "@id": "node/12875716901",
        "access": "customers",
        "amenity": "bicycle_parking",
        "bicycle_parking": "rack",
        "capacity": "25",
        "covered": "no",
        "fee": "no"
      },
      "geometry": {
        "type": "Point",
        "coordinates": [
          5.3950374,
          43.267643
        ]
      },
      "id": "node/12875716901"
    },
    {
      "type": "Feature",
      "properties": {
        "@id": "node/12921174591",
        "amenity": "bicycle_parking",
        "bicycle_parking": "stands",
        "capacity": "8",
        "covered": "no",
        "operator:type": "public"
      },
      "geometry": {
        "type": "Point",
        "coordinates": [
          5.5149362,
          43.2061644
        ]
      },
      "id": "node/12921174591"
    },
    {
      "type": "Feature",
      "properties": {
        "@id": "node/12922811914",
        "access": "yes",
        "amenity": "bicycle_parking",
        "bicycle_parking": "stands",
        "capacity": "14",
        "covered": "no",
        "fee": "no"
      },
      "geometry": {
        "type": "Point",
        "coordinates": [
          5.3838821,
          43.3007756
        ]
      },
      "id": "node/12922811914"
    },
    {
      "type": "Feature",
      "properties": {
        "@id": "node/12941936077",
        "amenity": "bicycle_parking",
        "bicycle_parking": "stands",
        "capacity": "6",
        "covered": "no"
      },
      "geometry": {
        "type": "Point",
        "coordinates": [
          5.3751329,
          43.2598488
        ]
      },
      "id": "node/12941936077"
    },
    {
      "type": "Feature",
      "properties": {
        "@id": "node/12942206860",
        "access": "yes",
        "amenity": "bicycle_parking",
        "bicycle_parking": "stands",
        "capacity": "10",
        "covered": "no",
        "fee": "no",
        "operator:type": "Ville",
        "survey:date": "2025-06-21"
      },
      "geometry": {
        "type": "Point",
        "coordinates": [
          5.3838741,
          43.2854382
        ]
      },
      "id": "node/12942206860"
    },
    {
      "type": "Feature",
      "properties": {
        "@id": "node/12942206861",
        "access": "yes",
        "amenity": "bicycle_parking",
        "bicycle_parking": "stands",
        "capacity": "10",
        "covered": "no",
        "fee": "no",
        "operator:type": "Ville",
        "survey:date": "2025-06-21"
      },
      "geometry": {
        "type": "Point",
        "coordinates": [
          5.3837998,
          43.2853643
        ]
      },
      "id": "node/12942206861"
    },
    {
      "type": "Feature",
      "properties": {
        "@id": "node/12985785336",
        "amenity": "bicycle_parking",
        "bicycle_parking": "stands",
        "capacity": "12",
        "covered": "no"
      },
      "geometry": {
        "type": "Point",
        "coordinates": [
          5.3823605,
          43.283394
        ]
      },
      "id": "node/12985785336"
    },
    {
      "type": "Feature",
      "properties": {
        "@id": "node/13005985238",
        "amenity": "bicycle_parking",
        "building": "shed",
        "covered": "yes",
        "operator": "La Métropole Mobilité"
      },
      "geometry": {
        "type": "Point",
        "coordinates": [
          5.4446693,
          43.2947509
        ]
      },
      "id": "node/13005985238"
    },
    {
      "type": "Feature",
      "properties": {
        "@id": "node/13006295855",
        "amenity": "bicycle_parking",
        "bicycle_parking": "stands",
        "capacity": "10",
        "covered": "no"
      },
      "geometry": {
        "type": "Point",
        "coordinates": [
          5.3716699,
          43.3862973
        ]
      },
      "id": "node/13006295855"
    },
    {
      "type": "Feature",
      "properties": {
        "@id": "node/13006295856",
        "amenity": "bicycle_parking",
        "bicycle_parking": "stands",
        "capacity": "10",
        "covered": "no"
      },
      "geometry": {
        "type": "Point",
        "coordinates": [
          5.3722893,
          43.3869245
        ]
      },
      "id": "node/13006295856"
    },
    {
      "type": "Feature",
      "properties": {
        "@id": "node/13006295857",
        "amenity": "bicycle_parking",
        "bicycle_parking": "stands",
        "capacity": "10",
        "covered": "no"
      },
      "geometry": {
        "type": "Point",
        "coordinates": [
          5.3716712,
          43.386397
        ]
      },
      "id": "node/13006295857"
    },
    {
      "type": "Feature",
      "properties": {
        "@id": "node/13006295858",
        "amenity": "bicycle_parking",
        "bicycle_parking": "stands",
        "capacity": "10",
        "covered": "no"
      },
      "geometry": {
        "type": "Point",
        "coordinates": [
          5.3725419,
          43.3868939
        ]
      },
      "id": "node/13006295858"
    },
    {
      "type": "Feature",
      "properties": {
        "@id": "node/13070435038",
        "amenity": "bicycle_parking",
        "bicycle_parking": "stands",
        "capacity": "16",
        "covered": "no"
      },
      "geometry": {
        "type": "Point",
        "coordinates": [
          5.3645151,
          43.3010473
        ]
      },
      "id": "node/13070435038"
    },
    {
      "type": "Feature",
      "properties": {
        "@id": "node/13070435514",
        "amenity": "bicycle_parking",
        "bicycle_parking": "stands",
        "capacity": "6",
        "covered": "no"
      },
      "geometry": {
        "type": "Point",
        "coordinates": [
          5.3644911,
          43.3009956
        ]
      },
      "id": "node/13070435514"
    },
    {
      "type": "Feature",
      "properties": {
        "@id": "node/13108544553",
        "amenity": "bicycle_parking",
        "bicycle_parking": "stands",
        "capacity": "10",
        "covered": "no"
      },
      "geometry": {
        "type": "Point",
        "coordinates": [
          5.3933232,
          43.2794653
        ]
      },
      "id": "node/13108544553"
    },
    {
      "type": "Feature",
      "properties": {
        "@id": "node/13108549561",
        "amenity": "bicycle_parking",
        "bicycle_parking": "stands",
        "covered": "no"
      },
      "geometry": {
        "type": "Point",
        "coordinates": [
          5.3919103,
          43.2790563
        ]
      },
      "id": "node/13108549561"
    },
    {
      "type": "Feature",
      "properties": {
        "@id": "node/13108560538",
        "amenity": "bicycle_parking",
        "bicycle_parking": "stands",
        "covered": "no"
      },
      "geometry": {
        "type": "Point",
        "coordinates": [
          5.3918594,
          43.2791237
        ]
      },
      "id": "node/13108560538"
    },
    {
      "type": "Feature",
      "properties": {
        "@id": "node/13108561607",
        "amenity": "bicycle_parking",
        "bicycle_parking": "stands",
        "capacity": "10",
        "covered": "no"
      },
      "geometry": {
        "type": "Point",
        "coordinates": [
          5.3932993,
          43.279519
        ]
      },
      "id": "node/13108561607"
    },
    {
      "type": "Feature",
      "properties": {
        "@id": "node/13108564327",
        "amenity": "bicycle_parking",
        "bicycle_parking": "stands",
        "covered": "no"
      },
      "geometry": {
        "type": "Point",
        "coordinates": [
          5.3916412,
          43.2789839
        ]
      },
      "id": "node/13108564327"
    },
    {
      "type": "Feature",
      "properties": {
        "@id": "node/13120642394",
        "amenity": "bicycle_parking",
        "capacity": "32"
      },
      "geometry": {
        "type": "Point",
        "coordinates": [
          5.4029807,
          43.2708158
        ]
      },
      "id": "node/13120642394"
    },
    {
      "type": "Feature",
      "properties": {
        "@id": "node/13120663639",
        "amenity": "bicycle_parking",
        "name": "l'abrivélo"
      },
      "geometry": {
        "type": "Point",
        "coordinates": [
          5.404161,
          43.2713995
        ]
      },
      "id": "node/13120663639"
    },
    {
      "type": "Feature",
      "properties": {
        "@id": "node/13120687680",
        "amenity": "bicycle_parking",
        "capacity": "34"
      },
      "geometry": {
        "type": "Point",
        "coordinates": [
          5.4037949,
          43.271308
        ]
      },
      "id": "node/13120687680"
    },
    {
      "type": "Feature",
      "properties": {
        "@id": "node/13162999647",
        "amenity": "bicycle_parking"
      },
      "geometry": {
        "type": "Point",
        "coordinates": [
          5.3695149,
          43.3052623
        ]
      },
      "id": "node/13162999647"
    },
    {
      "type": "Feature",
      "properties": {
        "@id": "node/13197325712",
        "amenity": "bicycle_parking"
      },
      "geometry": {
        "type": "Point",
        "coordinates": [
          5.3838504,
          43.2921893
        ]
      },
      "id": "node/13197325712"
    },
    {
      "type": "Feature",
      "properties": {
        "@id": "node/13207100880",
        "amenity": "bicycle_parking"
      },
      "geometry": {
        "type": "Point",
        "coordinates": [
          5.3715626,
          43.2913359
        ]
      },
      "id": "node/13207100880"
    },
    {
      "type": "Feature",
      "properties": {
        "@id": "node/13277394673",
        "amenity": "bicycle_parking",
        "bicycle_parking": "two-tier",
        "capacity": "50",
        "covered": "yes"
      },
      "geometry": {
        "type": "Point",
        "coordinates": [
          5.382091,
          43.3026872
        ]
      },
      "id": "node/13277394673"
    },
    {
      "type": "Feature",
      "properties": {
        "@id": "node/13277394678",
        "amenity": "bicycle_parking",
        "bicycle_parking": "two-tier",
        "capacity": "50",
        "covered": "yes"
      },
      "geometry": {
        "type": "Point",
        "coordinates": [
          5.3822603,
          43.302459
        ]
      },
      "id": "node/13277394678"
    },
    {
      "type": "Feature",
      "properties": {
        "@id": "node/13277394684",
        "amenity": "bicycle_parking",
        "bicycle_parking": "stands",
        "capacity": "80",
        "covered": "yes"
      },
      "geometry": {
        "type": "Point",
        "coordinates": [
          5.3807196,
          43.3037798
        ]
      },
      "id": "node/13277394684"
    }
  ]
}