{
  "type": "FeatureCollection",
  "generator": "overpass-turbo",
  "copyright": "The data included in this document is from www.openstreetmap.org. The data is made available under ODbL.",
  "timestamp": "2025-11-03T22:52:28Z",
  "features": [
    {
      "type": "Feature",
      "properties": {
        "@id": "way/3617357",
        "cycleway": "no",
        "highway": "secondary",
        "lanes": "2",
        "lit": "yes",
        "maxspeed": "50",
        "name": "Route de Gémenos",
        "oneway": "yes",
        "ref": "D 2",
        "sidewalk": "right",
        "source:maxspeed": "FR:urban",
        "surface": "asphalt"
      },
      "geometry": {
        "type": "LineString",
        "coordinates": [
          [
            5.5968673,
            43.2983569
          ],
          [
            5.5967332,
            43.2983656
          ],
          [
            5.596719,
            43.2983661
          ],
          [
            5.5958829,
            43.2984185
          ],
          [
            5.5957741,
            43.2984253
          ],
          [
            5.5954488,
            43.2984455
          ],
          [
            5.5950253,
            43.2984719
          ],
          [
            5.5947318,
            43.2984901
          ],
          [
            5.5939205,
            43.298501
          ],
          [
            5.5937249,
            43.2984991
          ],
          [
            5.5935517,
            43.2984907
          ],
          [
            5.5930905,
            43.2984634
          ],
          [
            5.5927404,
            43.2984311
          ],
          [
            5.5922065,
            43.2983641
          ]
        ]
      },
      "id": "way/3617357"
    },
    {
      "type": "Feature",
      "properties": {
        "@id": "way/3617367",
        "cycleway": "no",
        "highway": "secondary",
        "name": "Route de la Ciotat",
        "oneway": "yes",
        "ref": "D 559 A",
        "surface": "asphalt"
      },
      "geometry": {
        "type": "LineString",
        "coordinates": [
          [
            5.5871776,
            43.2671257
          ],
          [
            5.5870837,
            43.2670964
          ],
          [
            5.5869975,
            43.2670602
          ],
          [
            5.5868099,
            43.2669592
          ],
          [
            5.5866735,
            43.2668407
          ],
          [
            5.5866137,
            43.2667513
          ],
          [
            5.5864332,
            43.2664618
          ]
        ]
      },
      "id": "way/3617367"
    },
    {
      "type": "Feature",
      "properties": {
        "@id": "way/3627715",
        "cycleway": "no",
        "highway": "primary",
        "junction": "roundabout",
        "lit": "yes",
        "maxspeed": "50",
        "sidewalk": "right",
        "source:maxspeed": "FR:urban",
        "surface": "asphalt"
      },
      "geometry": {
        "type": "LineString",
        "coordinates": [
          [
            5.5823186,
            43.3171109
          ],
          [
            5.5823994,
            43.317097
          ],
          [
            5.5824821,
            43.3171023
          ],
          [
            5.5825642,
            43.3171292
          ],
          [
            5.5826288,
            43.3171749
          ],
          [
            5.582666,
            43.317229
          ],
          [
            5.5826779,
            43.3172889
          ],
          [
            5.5826631,
            43.3173485
          ],
          [
            5.5826232,
            43.3174016
          ]
        ]
      },
      "id": "way/3627715"
    },
    {
      "type": "Feature",
      "properties": {
        "@id": "way/5051205",
        "cycleway": "separate",
        "highway": "secondary",
        "lanes": "2",
        "layer": "1",
        "loc_name": "La Corniche",
        "maxspeed": "50",
        "name": "Corniche du Président John Fitzgerald Kennedy",
        "name:etymology:wikidata": "Q9696",
        "name:oc": "Cornissa dau President John Fitzgerald Kennedy",
        "old_name": "Promenade de la Corniche",
        "oneway": "yes",
        "source:name:oc": "ieo-bdtopoc",
        "surface": "asphalt",
        "wikidata": "Q2997551",
        "wikipedia": "fr:Corniche Président John Fitzgerald Kennedy"
      },
      "geometry": {
        "type": "LineString",
        "coordinates": [
          [
            5.3719758,
            43.2676784
          ],
          [
            5.371892,
            43.2677652
          ],
          [
            5.3717026,
            43.267925
          ],
          [
            5.3711572,
            43.2683525
          ],
          [
            5.3710444,
            43.268421
          ],
          [
            5.3709046,
            43.2685005
          ],
          [
            5.3707554,
            43.2685712
          ],
          [
            5.3705724,
            43.2686463
          ],
          [
            5.3704257,
            43.2686933
          ],
          [
            5.3700814,
            43.2688008
          ],
          [
            5.3697663,
            43.2688995
          ],
          [
            5.3696313,
            43.2689377
          ],
          [
            5.3694993,
            43.2689572
          ],
          [
            5.3693421,
            43.2689649
          ],
          [
            5.3691366,
            43.2689481
          ],
          [
            5.3689307,
            43.2689215
          ],
          [
            5.3687344,
            43.2688998
          ],
          [
            5.3685772,
            43.2689073
          ],
          [
            5.3684053,
            43.2689394
          ],
          [
            5.3681227,
            43.2690269
          ],
          [
            5.3672397,
            43.2693173
          ],
          [
            5.3669225,
            43.2694228
          ],
          [
            5.3667214,
            43.2695038
          ],
          [
            5.3665637,
            43.2695797
          ],
          [
            5.3664246,
            43.2696657
          ],
          [
            5.3663263,
            43.2697442
          ],
          [
            5.3662868,
            43.2697705
          ],
          [
            5.3661471,
            43.2698694
          ],
          [
            5.3660116,
            43.2699442
          ],
          [
            5.3658192,
            43.270022
          ],
          [
            5.365641,
            43.2700649
          ],
          [
            5.3654239,
            43.2701052
          ],
          [
            5.365254,
            43.2701383
          ],
          [
            5.3652153,
            43.2701454
          ],
          [
            5.3650421,
            43.2701773
          ],
          [
            5.363935,
            43.2703768
          ],
          [
            5.3637916,
            43.2704114
          ],
          [
            5.3636552,
            43.2704634
          ],
          [
            5.3635356,
            43.2705257
          ],
          [
            5.3634241,
            43.2705961
          ],
          [
            5.3632288,
            43.2707588
          ],
          [
            5.3630905,
            43.2708918
          ],
          [
            5.3630346,
            43.2709467
          ],
          [
            5.3629755,
            43.2710186
          ],
          [
            5.3629306,
            43.2710902
          ],
          [
            5.3628924,
            43.2711789
          ],
          [
            5.3628812,
            43.2712094
          ],
          [
            5.3628557,
            43.271313
          ],
          [
            5.3628065,
            43.2716916
          ],
          [
            5.3627888,
            43.2717941
          ],
          [
            5.3627058,
            43.2721179
          ],
          [
            5.3626939,
            43.272213
          ],
          [
            5.3627002,
            43.272284
          ],
          [
            5.3627159,
            43.2723518
          ],
          [
            5.36275,
            43.2724258
          ],
          [
            5.3628103,
            43.2725704
          ],
          [
            5.3628283,
            43.2726113
          ],
          [
            5.3628519,
            43.2726717
          ],
          [
            5.3629455,
            43.2729177
          ],
          [
            5.3629586,
            43.2730411
          ],
          [
            5.3629499,
            43.2731467
          ],
          [
            5.3629171,
            43.2732523
          ],
          [
            5.3628569,
            43.2733623
          ],
          [
            5.362774,
            43.2734623
          ],
          [
            5.3624575,
            43.2738049
          ],
          [
            5.3623278,
            43.2739452
          ],
          [
            5.3621507,
            43.2741325
          ],
          [
            5.3620084,
            43.2742749
          ],
          [
            5.3618536,
            43.2743602
          ],
          [
            5.3616749,
            43.2744214
          ],
          [
            5.3612967,
            43.2745072
          ],
          [
            5.3609595,
            43.2745739
          ],
          [
            5.3607812,
            43.2746091
          ],
          [
            5.3605714,
            43.2746552
          ],
          [
            5.36047,
            43.2746863
          ],
          [
            5.3603739,
            43.2747408
          ],
          [
            5.3602715,
            43.2748254
          ],
          [
            5.3602268,
            43.2748828
          ],
          [
            5.3601999,
            43.2749265
          ],
          [
            5.3601728,
            43.2749918
          ],
          [
            5.3601574,
            43.2750705
          ],
          [
            5.3601252,
            43.2752342
          ],
          [
            5.3600967,
            43.2753084
          ],
          [
            5.3600704,
            43.2753455
          ],
          [
            5.3599768,
            43.2754233
          ],
          [
            5.3598619,
            43.2754872
          ],
          [
            5.3597888,
            43.2755227
          ],
          [
            5.3595893,
            43.2755633
          ],
          [
            5.3594173,
            43.2755818
          ],
          [
            5.3593177,
            43.2755982
          ],
          [
            5.3592165,
            43.2756373
          ],
          [
            5.3591366,
            43.2756948
          ],
          [
            5.3590864,
            43.2757403
          ],
          [
            5.358844,
            43.2759595
          ],
          [
            5.3584088,
            43.2763663
          ],
          [
            5.3583453,
            43.2764177
          ],
          [
            5.3582103,
            43.2765066
          ],
          [
            5.3580445,
            43.2765802
          ],
          [
            5.3577539,
            43.2766885
          ],
          [
            5.3575007,
            43.276791
          ],
          [
            5.3573435,
            43.2768784
          ],
          [
            5.3571898,
            43.2769888
          ],
          [
            5.356977,
            43.2771415
          ],
          [
            5.3569051,
            43.2771934
          ],
          [
            5.3568925,
            43.2772025
          ],
          [
            5.3568405,
            43.2772409
          ],
          [
            5.3567298,
            43.2773199
          ],
          [
            5.3566868,
            43.2773503
          ],
          [
            5.3565315,
            43.2774321
          ],
          [
            5.3563417,
            43.2775215
          ],
          [
            5.3561315,
            43.2776049
          ],
          [
            5.3557379,
            43.2777549
          ],
          [
            5.3554704,
            43.277856
          ],
          [
            5.355321,
            43.2779246
          ],
          [
            5.3552004,
            43.2780129
          ]
        ]
      },
      "id": "way/5051205"
    },
    {
      "type": "Feature",
      "properties": {
        "@id": "way/6311582",
        "cycleway": "lane",
        "highway": "secondary",
        "lanes": "3",
        "lanes:backward": "2",
        "lanes:forward": "1",
        "name": "Boulevard des Dames",
        "name:etymology:wikidata": "Q3485951",
        "name:oc": "Baloard dei Nòblei Dònas",
        "old_name": "Lices de la Joliette;Lices de la Concorde",
        "source:name:oc": "ieo-bdtopoc",
        "surface": "asphalt",
        "traffic_signals:direction": "forward",
        "wikidata": "Q2922043",
        "wikipedia": "fr:Boulevard des Dames"
      },
      "geometry": {
        "type": "LineString",
        "coordinates": [
          [
            5.3735336,
            43.3016042
          ],
          [
            5.3733023,
            43.3016539
          ],
          [
            5.3728878,
            43.3017445
          ],
          [
            5.3727389,
            43.3017756
          ],
          [
            5.3726948,
            43.3017839
          ],
          [
            5.3725182,
            43.301817
          ],
          [
            5.3722378,
            43.3018777
          ],
          [
            5.3721974,
            43.3018864
          ],
          [
            5.372162,
            43.3018941
          ],
          [
            5.3713653,
            43.3020666
          ],
          [
            5.3713301,
            43.3020742
          ],
          [
            5.3712538,
            43.3020907
          ],
          [
            5.3711154,
            43.3021207
          ],
          [
            5.3709613,
            43.3021541
          ]
        ]
      },
      "id": "way/6311582"
    },
    {
      "type": "Feature",
      "properties": {
        "@id": "way/6311711",
        "access": "no",
        "bicycle": "yes",
        "bus": "yes",
        "cycleway": "share_busway",
        "highway": "service",
        "level": "0",
        "name": "Quai des Belges",
        "name:oc": "Cai dei Bèlgas",
        "psv": "yes",
        "source:name:oc": "ieo-bdtopoc"
      },
      "geometry": {
        "type": "LineString",
        "coordinates": [
          [
            5.3742315,
            43.295716
          ],
          [
            5.3742783,
            43.2954841
          ],
          [
            5.3742883,
            43.2954352
          ],
          [
            5.3743202,
            43.2952823
          ]
        ]
      },
      "id": "way/6311711"
    },
    {
      "type": "Feature",
      "properties": {
        "@id": "way/6312726",
        "cycleway": "no",
        "highway": "residential",
        "lane_markings": "no",
        "lit": "yes",
        "maxspeed": "50",
        "maxspeed:type": "sign",
        "name": "Rue des Vertus",
        "name:oc": "Carriera dei Vertuts",
        "oneway": "yes",
        "sidewalk": "both",
        "smoothness": "good",
        "source:name:oc": "ieo-bdtopoc",
        "surface": "asphalt"
      },
      "geometry": {
        "type": "LineString",
        "coordinates": [
          [
            5.3931279,
            43.2876007
          ],
          [
            5.3931081,
            43.2876385
          ],
          [
            5.3928208,
            43.2881969
          ],
          [
            5.3927994,
            43.2882385
          ],
          [
            5.3927515,
            43.2883316
          ]
        ]
      },
      "id": "way/6312726"
    },
    {
      "type": "Feature",
      "properties": {
        "@id": "way/6313330",
        "access": "yes",
        "cutting": "no",
        "cycleway": "no",
        "cycleway:left": "no",
        "cycleway:right": "no",
        "embankment": "no",
        "expressway": "no",
        "ford": "no",
        "highway": "tertiary",
        "lanes": "2",
        "lit": "yes",
        "maxspeed": "30",
        "name": "Avenue de la Pointe Rouge",
        "name:oc": "Avenguda de La Poncha Roja",
        "oneway": "no",
        "oneway:bicycle": "no",
        "sidewalk": "both",
        "source:name:oc": "ieo-bdtopoc",
        "surface": "asphalt",
        "toll": "no",
        "tunnel": "no"
      },
      "geometry": {
        "type": "LineString",
        "coordinates": [
          [
            5.3738098,
            43.2465699
          ],
          [
            5.3738246,
            43.2466353
          ],
          [
            5.3738584,
            43.2467553
          ],
          [
            5.3738942,
            43.246882
          ],
          [
            5.3739604,
            43.2471632
          ],
          [
            5.3739818,
            43.2472582
          ],
          [
            5.3740115,
            43.2473161
          ],
          [
            5.3740727,
            43.2473937
          ]
        ]
      },
      "id": "way/6313330"
    },
    {
      "type": "Feature",
      "properties": {
        "@id": "way/6313422",
        "cycleway": "no",
        "highway": "living_street",
        "lanes": "1",
        "lit": "yes",
        "maxspeed": "20",
        "name": "Rue Papère",
        "name:oc": "Carriera Papere",
        "oneway": "yes",
        "oneway:bicycle": "no",
        "surface": "asphalt"
      },
      "geometry": {
        "type": "LineString",
        "coordinates": [
          [
            5.38027,
            43.296508
          ],
          [
            5.3802644,
            43.296537
          ],
          [
            5.3801517,
            43.297118
          ],
          [
            5.3801353,
            43.2972026
          ],
          [
            5.3801278,
            43.2972405
          ],
          [
            5.3801254,
            43.2972539
          ]
        ]
      },
      "id": "way/6313422"
    },
    {
      "type": "Feature",
      "properties": {
        "@id": "way/6314179",
        "cycleway": "lane",
        "highway": "tertiary",
        "lanes": "2",
        "name": "Rue du Docteur Gabriel Bertrand",
        "name:oc": "Carriera dau Doctor Gabrièl Bertrand",
        "parking:lane:left": "diagonal",
        "parking:lane:right": "parallel",
        "source:name:oc": "ieo-bdtopoc"
      },
      "geometry": {
        "type": "LineString",
        "coordinates": [
          [
            5.3804383,
            43.2459828
          ],
          [
            5.3817689,
            43.2467331
          ],
          [
            5.3818368,
            43.246773
          ],
          [
            5.3819253,
            43.2468213
          ],
          [
            5.382132,
            43.2469378
          ]
        ]
      },
      "id": "way/6314179"
    },
    {
      "type": "Feature",
      "properties": {
        "@id": "way/6314188",
        "access": "yes",
        "bridge": "no",
        "covered": "no",
        "cutting": "no",
        "cycleway": "no",
        "embankment": "no",
        "ford": "no",
        "highway": "residential",
        "lanes": "2",
        "lit": "yes",
        "maxspeed": "30",
        "name": "Traverse Parangon",
        "name:oc": "Travèrsa Parangon",
        "oneway": "no",
        "oneway:bicycle": "no",
        "source:name:oc": "ieo-bdtopoc",
        "surface": "asphalt",
        "tunnel": "no"
      },
      "geometry": {
        "type": "LineString",
        "coordinates": [
          [
            5.3775244,
            43.2353753
          ],
          [
            5.3775263,
            43.2353917
          ],
          [
            5.3776052,
            43.2360805
          ],
          [
            5.3776485,
            43.2369365
          ],
          [
            5.3776475,
            43.236964
          ],
          [
            5.377654,
            43.236986
          ],
          [
            5.3776986,
            43.237122
          ],
          [
            5.3777078,
            43.2373514
          ],
          [
            5.3777119,
            43.2375315
          ],
          [
            5.3777244,
            43.2380817
          ],
          [
            5.3777303,
            43.2383445
          ],
          [
            5.3777456,
            43.2390186
          ],
          [
            5.3777572,
            43.2395308
          ],
          [
            5.3777421,
            43.2396363
          ],
          [
            5.3776485,
            43.2398584
          ],
          [
            5.3776445,
            43.2399664
          ],
          [
            5.3776509,
            43.2400576
          ],
          [
            5.3777045,
            43.2402601
          ],
          [
            5.3777127,
            43.2402895
          ],
          [
            5.3777255,
            43.2403351
          ]
        ]
      },
      "id": "way/6314188"
    },
    {
      "type": "Feature",
      "properties": {
        "@id": "way/12369775",
        "cycleway": "lane",
        "highway": "residential",
        "lanes": "2",
        "name": "Chemin de Morgiou",
        "name:etymology:wikidata": "Q2933600",
        "name:oc": "Camin de Morgiu",
        "oneway": "no",
        "source:name:oc": "ieo-bdtopoc",
        "surface": "asphalt"
      },
      "geometry": {
        "type": "LineString",
        "coordinates": [
          [
            5.414398,
            43.2303786
          ],
          [
            5.41435,
            43.2304512
          ],
          [
            5.4143007,
            43.2305258
          ],
          [
            5.4142779,
            43.2305604
          ]
        ]
      },
      "id": "way/12369775"
    },
    {
      "type": "Feature",
      "properties": {
        "@id": "way/23361354",
        "cycleway": "no",
        "highway": "secondary",
        "junction": "roundabout",
        "lit": "yes",
        "maxspeed": "50",
        "sidewalk": "right",
        "source:maxspeed": "FR:urban",
        "surface": "asphalt"
      },
      "geometry": {
        "type": "LineString",
        "coordinates": [
          [
            5.57384,
            43.2607157
          ],
          [
            5.5739028,
            43.2607084
          ],
          [
            5.5739655,
            43.2607159
          ],
          [
            5.5740131,
            43.2607329
          ],
          [
            5.5740528,
            43.2607585
          ],
          [
            5.5740857,
            43.2607969
          ],
          [
            5.5741007,
            43.2608408
          ]
        ]
      },
      "id": "way/23361354"
    },
    {
      "type": "Feature",
      "properties": {
        "@id": "way/23361382",
        "cycleway": "no",
        "highway": "secondary",
        "junction": "roundabout",
        "lit": "yes",
        "maxspeed": "50",
        "source:maxspeed": "FR:urban",
        "surface": "asphalt"
      },
      "geometry": {
        "type": "LineString",
        "coordinates": [
          [
            5.5803284,
            43.2624996
          ],
          [
            5.5803081,
            43.2624661
          ],
          [
            5.5803004,
            43.2624299
          ],
          [
            5.5803063,
            43.2623917
          ],
          [
            5.5803263,
            43.2623562
          ],
          [
            5.5803587,
            43.2623259
          ],
          [
            5.5804012,
            43.2623031
          ],
          [
            5.5804309,
            43.2622936
          ],
          [
            5.5804625,
            43.2622878
          ]
        ]
      },
      "id": "way/23361382"
    },
    {
      "type": "Feature",
      "properties": {
        "@id": "way/23361404",
        "cycleway": "no",
        "highway": "secondary",
        "lit": "yes",
        "maxspeed": "50",
        "name": "Route d'Aubagne",
        "ref": "D 41e",
        "sidewalk": "left",
        "source:maxspeed": "FR:urban",
        "surface": "asphalt"
      },
      "geometry": {
        "type": "LineString",
        "coordinates": [
          [
            5.58206,
            43.2629866
          ],
          [
            5.5824204,
            43.2632082
          ],
          [
            5.5827493,
            43.263468
          ],
          [
            5.5831699,
            43.2638576
          ],
          [
            5.5835578,
            43.2641284
          ],
          [
            5.5836861,
            43.2641825
          ],
          [
            5.5840456,
            43.2643339
          ],
          [
            5.5841017,
            43.2643604
          ],
          [
            5.5849092,
            43.2647419
          ]
        ]
      },
      "id": "way/23361404"
    },
    {
      "type": "Feature",
      "properties": {
        "@id": "way/23361414",
        "cycleway": "no",
        "highway": "secondary",
        "lit": "yes",
        "maxspeed": "50",
        "ref": "D 41e",
        "sidewalk": "both",
        "source:maxspeed": "FR:urban",
        "surface": "asphalt"
      },
      "geometry": {
        "type": "LineString",
        "coordinates": [
          [
            5.5742643,
            43.2610255
          ],
          [
            5.5744778,
            43.261117
          ],
          [
            5.5746456,
            43.2611801
          ],
          [
            5.5748955,
            43.2612428
          ]
        ]
      },
      "id": "way/23361414"
    },
    {
      "type": "Feature",
      "properties": {
        "@id": "way/23559237",
        "cycleway": "shoulder",
        "highway": "primary",
        "lanes": "2",
        "name": "Avenue des Bénézits",
        "ref": "D 96",
        "source:bicycle": "Collectif Vélos en Ville",
        "surface": "asphalt"
      },
      "geometry": {
        "type": "LineString",
        "coordinates": [
          [
            5.5902154,
            43.3983229
          ],
          [
            5.5895624,
            43.3990782
          ],
          [
            5.5893313,
            43.3993456
          ],
          [
            5.5884565,
            43.4003059
          ],
          [
            5.587752,
            43.4010793
          ],
          [
            5.5872168,
            43.4016574
          ],
          [
            5.5871975,
            43.4016783
          ],
          [
            5.5868966,
            43.4020033
          ],
          [
            5.5867821,
            43.402127
          ]
        ]
      },
      "id": "way/23559237"
    },
    {
      "type": "Feature",
      "properties": {
        "@id": "way/23559548",
        "bridge": "yes",
        "cycleway": "shoulder",
        "highway": "primary",
        "layer": "1",
        "lit": "no",
        "ref": "D 96",
        "surface": "asphalt"
      },
      "geometry": {
        "type": "LineString",
        "coordinates": [
          [
            5.5768601,
            43.4045028
          ],
          [
            5.5774695,
            43.4043781
          ]
        ]
      },
      "id": "way/23559548"
    },
    {
      "type": "Feature",
      "properties": {
        "@id": "way/23559549",
        "cycleway": "shoulder",
        "highway": "primary",
        "lanes": "2",
        "lit": "no",
        "ref": "D 96",
        "source:bicycle": "Collectif Vélos en Ville",
        "surface": "asphalt"
      },
      "geometry": {
        "type": "LineString",
        "coordinates": [
          [
            5.5774695,
            43.4043781
          ],
          [
            5.577727,
            43.4043594
          ],
          [
            5.5779673,
            43.4043968
          ],
          [
            5.5782002,
            43.4044532
          ],
          [
            5.5787398,
            43.4045839
          ],
          [
            5.5790316,
            43.4046213
          ],
          [
            5.579272,
            43.4046213
          ],
          [
            5.579538,
            43.4046026
          ],
          [
            5.5800101,
            43.4044966
          ],
          [
            5.5819719,
            43.4039946
          ]
        ]
      },
      "id": "way/23559549"
    },
    {
      "type": "Feature",
      "properties": {
        "@id": "way/24257289",
        "cycleway": "lane",
        "highway": "tertiary",
        "lanes": "2",
        "lit": "yes",
        "name": "Avenue d'Outre Mer",
        "name:oc": "Avenguda d'Otramar",
        "ref:FR:FANTOIR": "132086720K",
        "source:name:oc": "ieo-bdtopoc",
        "surface": "asphalt"
      },
      "geometry": {
        "type": "LineString",
        "coordinates": [
          [
            5.362922,
            43.2391271
          ],
          [
            5.3629965,
            43.2391339
          ],
          [
            5.3630508,
            43.239151
          ],
          [
            5.3631029,
            43.2391811
          ],
          [
            5.3631495,
            43.2392129
          ],
          [
            5.363391,
            43.2393571
          ],
          [
            5.3636624,
            43.2394998
          ]
        ]
      },
      "id": "way/24257289"
    },
    {
      "type": "Feature",
      "properties": {
        "@id": "way/24257365",
        "access": "yes",
        "covered": "no",
        "cycleway": "no",
        "flood_prone": "no",
        "highway": "residential",
        "lanes": "1",
        "lit": "yes",
        "name": "Boulevard Piot",
        "name:oc": "Baloard Piòt",
        "oneway": "yes",
        "oneway:bicycle": "no",
        "sidewalk": "both",
        "source:name:oc": "ieo-bdtopoc",
        "surface": "asphalt"
      },
      "geometry": {
        "type": "LineString",
        "coordinates": [
          [
            5.3714271,
            43.2441829
          ],
          [
            5.3714944,
            43.2441179
          ],
          [
            5.3718606,
            43.2437576
          ],
          [
            5.3720859,
            43.2434215
          ],
          [
            5.3726542,
            43.2425587
          ],
          [
            5.3731116,
            43.2418969
          ],
          [
            5.3735115,
            43.2413322
          ],
          [
            5.3738207,
            43.2408848
          ],
          [
            5.3740691,
            43.2405253
          ],
          [
            5.3744214,
            43.2400389
          ],
          [
            5.3747654,
            43.2395175
          ]
        ]
      },
      "id": "way/24257365"
    },
    {
      "type": "Feature",
      "properties": {
        "@id": "way/24374144",
        "bus": "yes",
        "cycleway": "lane",
        "highway": "tertiary",
        "name": "Rue Charles Kaddouz",
        "name:oc": "Carriera Carles Kaddoz",
        "oneway": "yes",
        "operator": "RTM",
        "public_transport": "stop_position",
        "source:name:oc": "ieo-bdtopoc"
      },
      "geometry": {
        "type": "LineString",
        "coordinates": [
          [
            5.4365592,
            43.3169132
          ],
          [
            5.4364742,
            43.3168506
          ],
          [
            5.4363201,
            43.3167373
          ]
        ]
      },
      "id": "way/24374144"
    },
    {
      "type": "Feature",
      "properties": {
        "@id": "way/24374148",
        "bus": "yes",
        "cycleway": "lane",
        "highway": "tertiary",
        "name": "Rue Charles Kaddouz",
        "name:oc": "Carriera Carles Kaddoz",
        "oneway": "yes",
        "operator": "RTM",
        "public_transport": "stop_position",
        "source:name:oc": "ieo-bdtopoc"
      },
      "geometry": {
        "type": "LineString",
        "coordinates": [
          [
            5.4363201,
            43.3167373
          ],
          [
            5.4365177,
            43.3168115
          ],
          [
            5.4365764,
            43.3168336
          ],
          [
            5.4365772,
            43.316834
          ],
          [
            5.4366323,
            43.3168547
          ]
        ]
      },
      "id": "way/24374148"
    },
    {
      "type": "Feature",
      "properties": {
        "@id": "way/24387020",
        "access": "yes",
        "bicycle": "yes",
        "cycleway": "no",
        "foot": "yes",
        "highway": "tertiary",
        "lanes": "2",
        "maxspeed": "50",
        "name": "Chemin des Amaryllis",
        "name:oc": "Camin deis Amarillis",
        "oneway": "no",
        "surface": "asphalt"
      },
      "geometry": {
        "type": "LineString",
        "coordinates": [
          [
            5.4388912,
            43.317867
          ],
          [
            5.4389755,
            43.3177796
          ],
          [
            5.4390123,
            43.3177421
          ],
          [
            5.4392889,
            43.3174602
          ],
          [
            5.4393593,
            43.3173809
          ],
          [
            5.4395727,
            43.3171593
          ],
          [
            5.4397241,
            43.3169985
          ],
          [
            5.4397573,
            43.3169621
          ],
          [
            5.4397918,
            43.3169202
          ],
          [
            5.43982,
            43.316886
          ],
          [
            5.4398821,
            43.31678
          ],
          [
            5.4399465,
            43.3166573
          ],
          [
            5.4399826,
            43.3166253
          ],
          [
            5.4400295,
            43.3166009
          ],
          [
            5.4400887,
            43.3165795
          ],
          [
            5.4401475,
            43.3165648
          ],
          [
            5.4402018,
            43.3165563
          ],
          [
            5.4402677,
            43.3165541
          ],
          [
            5.4405804,
            43.3166029
          ],
          [
            5.4410417,
            43.3166748
          ],
          [
            5.44123,
            43.3167154
          ]
        ]
      },
      "id": "way/24387020"
    },
    {
      "type": "Feature",
      "properties": {
        "@id": "way/24387219",
        "bicycle": "yes",
        "cycleway": "no",
        "foot": "yes",
        "highway": "tertiary",
        "name": "Boulevard de la Comtesse",
        "name:oc": "Baloard de la Comtessa",
        "oneway": "no",
        "sidewalk": "both",
        "source:name:oc": "ieo-bdtopoc"
      },
      "geometry": {
        "type": "LineString",
        "coordinates": [
          [
            5.4475148,
            43.3121584
          ],
          [
            5.4475109,
            43.3122387
          ],
          [
            5.4475092,
            43.312269
          ],
          [
            5.4474976,
            43.312509
          ],
          [
            5.4474908,
            43.3128746
          ],
          [
            5.4474904,
            43.3129501
          ],
          [
            5.4474916,
            43.3131039
          ],
          [
            5.4474908,
            43.3131213
          ],
          [
            5.4474891,
            43.3131598
          ],
          [
            5.4474875,
            43.3132028
          ],
          [
            5.4474832,
            43.313314
          ],
          [
            5.4474824,
            43.3133341
          ],
          [
            5.4474748,
            43.313531
          ],
          [
            5.4474713,
            43.3136215
          ],
          [
            5.4474582,
            43.3138443
          ],
          [
            5.4474558,
            43.3138912
          ]
        ]
      },
      "id": "way/24387219"
    },
    {
      "type": "Feature",
      "properties": {
        "@id": "way/24401801",
        "cycleway": "lane",
        "highway": "secondary",
        "name": "Rue Léon Bancal",
        "name:oc": "Carriera Leon Bancal",
        "oneway": "yes",
        "ref": "D 2D",
        "source:name:oc": "ieo-bdtopoc",
        "surface": "asphalt"
      },
      "geometry": {
        "type": "LineString",
        "coordinates": [
          [
            5.4812615,
            43.2897178
          ],
          [
            5.4812996,
            43.2896012
          ],
          [
            5.4812893,
            43.2895133
          ],
          [
            5.4812701,
            43.2894403
          ],
          [
            5.4811605,
            43.28916
          ],
          [
            5.4810333,
            43.2888843
          ],
          [
            5.4809003,
            43.2886153
          ],
          [
            5.4804979,
            43.2877992
          ],
          [
            5.4804865,
            43.287776
          ]
        ]
      },
      "id": "way/24401801"
    },
    {
      "type": "Feature",
      "properties": {
        "@id": "way/24580089",
        "cycleway": "lane",
        "highway": "tertiary",
        "lanes": "1",
        "lit": "yes",
        "maxspeed": "50",
        "name": "Rue Fondère",
        "name:oc": "Carriera Fondera",
        "oneway": "yes",
        "sidewalk": "both",
        "source:name:oc": "ieo-bdtopoc",
        "surface": "asphalt"
      },
      "geometry": {
        "type": "LineString",
        "coordinates": [
          [
            5.3980439,
            43.3018018
          ],
          [
            5.3981133,
            43.3018064
          ],
          [
            5.398352,
            43.3018234
          ],
          [
            5.3990626,
            43.3018597
          ],
          [
            5.3994233,
            43.3018778
          ],
          [
            5.3994713,
            43.3018798
          ],
          [
            5.3995504,
            43.3018841
          ],
          [
            5.4003956,
            43.3019311
          ],
          [
            5.4004604,
            43.301934
          ],
          [
            5.4006412,
            43.3019367
          ]
        ]
      },
      "id": "way/24580089"
    },
    {
      "type": "Feature",
      "properties": {
        "@id": "way/24580261",
        "access": "yes",
        "bicycle": "yes",
        "cycleway": "no",
        "foot": "yes",
        "highway": "residential",
        "maxspeed": "30",
        "name": "Traverse Saint-Pons",
        "name:oc": "Travèrsa de Sant Pons",
        "oneway": "no",
        "ref:FR:FANTOIR": "132128444S",
        "source:name:oc": "ieo-bdtopoc",
        "surface": "asphalt"
      },
      "geometry": {
        "type": "LineString",
        "coordinates": [
          [
            5.4453694,
            43.3150795
          ],
          [
            5.445377,
            43.3151297
          ],
          [
            5.4454137,
            43.3152828
          ],
          [
            5.4454144,
            43.3154555
          ],
          [
            5.445385,
            43.3155866
          ],
          [
            5.44536,
            43.3157719
          ],
          [
            5.4453716,
            43.3158869
          ],
          [
            5.4454092,
            43.3159953
          ],
          [
            5.4456779,
            43.3164699
          ],
          [
            5.4458615,
            43.3168048
          ],
          [
            5.4458828,
            43.3169401
          ],
          [
            5.4458564,
            43.3170795
          ],
          [
            5.4456813,
            43.3173408
          ],
          [
            5.4456209,
            43.3174857
          ],
          [
            5.4455192,
            43.3177627
          ]
        ]
      },
      "id": "way/24580261"
    },
    {
      "type": "Feature",
      "properties": {
        "@id": "way/26599712",
        "access": "private",
        "bicycle": "no",
        "cycleway": "no",
        "highway": "service",
        "incline": "5%",
        "oneway": "no",
        "smoothness": "excellent",
        "source": "BDOrtho IGN"
      },
      "geometry": {
        "type": "LineString",
        "coordinates": [
          [
            5.4338626,
            43.2350055
          ],
          [
            5.4337245,
            43.2350133
          ],
          [
            5.433666,
            43.2349935
          ],
          [
            5.4336134,
            43.2349197
          ],
          [
            5.4336097,
            43.2347815
          ],
          [
            5.4336345,
            43.234736
          ],
          [
            5.433841,
            43.2346002
          ],
          [
            5.4338903,
            43.2345036
          ],
          [
            5.4339072,
            43.2343668
          ],
          [
            5.4338742,
            43.2341576
          ],
          [
            5.433795,
            43.2338735
          ],
          [
            5.4337063,
            43.2336376
          ],
          [
            5.4336777,
            43.2335617
          ],
          [
            5.4335909,
            43.2334721
          ]
        ]
      },
      "id": "way/26599712"
    },
    {
      "type": "Feature",
      "properties": {
        "@id": "way/26842690",
        "bicycle": "yes",
        "cycleway": "lane",
        "highway": "primary",
        "name": "Route du Vaisseau",
        "old_ref": "N 8",
        "oneway": "yes",
        "ref": "D 8N"
      },
      "geometry": {
        "type": "LineString",
        "coordinates": [
          [
            5.6371872,
            43.2739237
          ],
          [
            5.6376742,
            43.2738365
          ],
          [
            5.6378692,
            43.273784
          ],
          [
            5.6380869,
            43.2737126
          ],
          [
            5.6381737,
            43.2736841
          ],
          [
            5.638518,
            43.2735548
          ]
        ]
      },
      "id": "way/26842690"
    },
    {
      "type": "Feature",
      "properties": {
        "@id": "way/27770688",
        "cycleway": "lane",
        "highway": "unclassified",
        "source:bicycle": "Collectif Vélos en Ville"
      },
      "geometry": {
        "type": "LineString",
        "coordinates": [
          [
            5.349186,
            43.3390135
          ],
          [
            5.349116,
            43.3389733
          ],
          [
            5.349071,
            43.3389628
          ],
          [
            5.3489266,
            43.338934
          ]
        ]
      },
      "id": "way/27770688"
    },
    {
      "type": "Feature",
      "properties": {
        "@id": "way/27773503",
        "cycleway": "lane",
        "highway": "residential",
        "lanes": "1",
        "name": "Avenue Jean Compadieu",
        "name:oc": "Avenguda Joan Compadieu",
        "oneway": "yes",
        "source:name:oc": "ieo-bdtopoc"
      },
      "geometry": {
        "type": "LineString",
        "coordinates": [
          [
            5.4366987,
            43.3170726
          ],
          [
            5.4366533,
            43.317085
          ],
          [
            5.4364468,
            43.3171416
          ],
          [
            5.4362227,
            43.3172117
          ],
          [
            5.4359173,
            43.3173383
          ],
          [
            5.4356744,
            43.3174522
          ],
          [
            5.4354045,
            43.3176251
          ],
          [
            5.4352328,
            43.3177539
          ],
          [
            5.4351266,
            43.3178339
          ],
          [
            5.4350125,
            43.3179334
          ]
        ]
      },
      "id": "way/27773503"
    },
    {
      "type": "Feature",
      "properties": {
        "@id": "way/27773509",
        "cycleway": "lane",
        "highway": "residential",
        "lanes": "1",
        "name": "Avenue Jean Compadieu",
        "name:oc": "Avenguda Joan Compadieu",
        "oneway": "yes",
        "source:name:oc": "ieo-bdtopoc"
      },
      "geometry": {
        "type": "LineString",
        "coordinates": [
          [
            5.4326023,
            43.3199205
          ],
          [
            5.4326718,
            43.3198572
          ],
          [
            5.4334101,
            43.319215
          ],
          [
            5.4335668,
            43.3190648
          ],
          [
            5.4336379,
            43.3189971
          ],
          [
            5.4337905,
            43.3188605
          ],
          [
            5.4338737,
            43.318786
          ],
          [
            5.4348978,
            43.317869
          ],
          [
            5.4350174,
            43.317763
          ],
          [
            5.4353032,
            43.3175459
          ],
          [
            5.4355685,
            43.3173772
          ],
          [
            5.4358053,
            43.3172561
          ],
          [
            5.43605,
            43.3171563
          ],
          [
            5.4361606,
            43.3171172
          ],
          [
            5.4363881,
            43.3170409
          ],
          [
            5.4365534,
            43.316979
          ]
        ]
      },
      "id": "way/27773509"
    },
    {
      "type": "Feature",
      "properties": {
        "@id": "way/27773532",
        "cycleway": "lane",
        "highway": "residential",
        "lanes": "1",
        "name": "Avenue Jean Compadieu",
        "name:oc": "Avenguda Joan Compadieu",
        "oneway": "yes",
        "source:name:oc": "ieo-bdtopoc"
      },
      "geometry": {
        "type": "LineString",
        "coordinates": [
          [
            5.4321709,
            43.3203522
          ],
          [
            5.4321854,
            43.3203124
          ],
          [
            5.4322212,
            43.3202641
          ],
          [
            5.4322505,
            43.3202378
          ],
          [
            5.432329,
            43.3201672
          ],
          [
            5.4326023,
            43.3199205
          ]
        ]
      },
      "id": "way/27773532"
    },
    {
      "type": "Feature",
      "properties": {
        "@id": "way/27773534",
        "cycleway": "lane",
        "highway": "residential",
        "lanes": "1",
        "maxspeed": "30",
        "name": "Avenue Jean Compadieu",
        "name:oc": "Avenguda Joan Compadieu",
        "oneway": "yes",
        "source:name:oc": "ieo-bdtopoc",
        "surface": "asphalt"
      },
      "geometry": {
        "type": "LineString",
        "coordinates": [
          [
            5.4326486,
            43.3200384
          ],
          [
            5.4326258,
            43.3200588
          ],
          [
            5.4323167,
            43.3203352
          ],
          [
            5.4322791,
            43.3203733
          ]
        ]
      },
      "id": "way/27773534"
    },
    {
      "type": "Feature",
      "properties": {
        "@id": "way/27773562",
        "bicycle": "yes",
        "cycleway": "lane",
        "highway": "tertiary",
        "maxspeed": "30",
        "name": "Place Caire",
        "name:oc": "Plaça Caire",
        "oneway": "yes"
      },
      "geometry": {
        "type": "LineString",
        "coordinates": [
          [
            5.4186926,
            43.3039268
          ],
          [
            5.4186708,
            43.3040316
          ],
          [
            5.418655,
            43.3041239
          ]
        ]
      },
      "id": "way/27773562"
    },
    {
      "type": "Feature",
      "properties": {
        "@id": "way/27773582",
        "access": "yes",
        "bicycle": "yes",
        "cycleway": "no",
        "foot": "yes",
        "highway": "residential",
        "maxspeed": "50",
        "name": "Boulevard de Haguenau",
        "name:oc": "Baloard d'Hàwenàu",
        "note": "Sur le terrain, plusieurs de panneaux donnent \"Boulevard Hagueneau\" et plusieurs autres \"Boulevard Hagueneau\".",
        "oneway": "no",
        "ref:FR:FANTOIR": "132124368L",
        "sidewalk": "both",
        "source:name:oc": "ieo-bdtopoc",
        "surface": "asphalt"
      },
      "geometry": {
        "type": "LineString",
        "coordinates": [
          [
            5.4131614,
            43.3006268
          ],
          [
            5.4131581,
            43.3006875
          ],
          [
            5.4131349,
            43.30129
          ],
          [
            5.413128,
            43.301464
          ],
          [
            5.4131028,
            43.3020846
          ],
          [
            5.4131018,
            43.3021013
          ],
          [
            5.4130768,
            43.3026528
          ],
          [
            5.4130736,
            43.3027234
          ],
          [
            5.4130637,
            43.3032186
          ],
          [
            5.4130503,
            43.3035686
          ],
          [
            5.4130475,
            43.3036427
          ],
          [
            5.413034,
            43.3041569
          ],
          [
            5.4130333,
            43.3041828
          ],
          [
            5.4130309,
            43.3042756
          ]
        ]
      },
      "id": "way/27773582"
    },
    {
      "type": "Feature",
      "properties": {
        "@id": "way/27773720",
        "bicycle": "yes",
        "cycleway": "no",
        "foot": "yes",
        "highway": "residential",
        "lanes": "1",
        "lit": "yes",
        "maxspeed": "50",
        "name": "Rue du Monastère",
        "name:etymology:wikidata": "Q44613",
        "name:oc": "Carriera dau Monestier",
        "oneway": "yes",
        "sidewalk": "both",
        "source:name:oc": "ieo-bdtopoc",
        "surface": "asphalt"
      },
      "geometry": {
        "type": "LineString",
        "coordinates": [
          [
            5.4006339,
            43.3016842
          ],
          [
            5.4007823,
            43.3016936
          ],
          [
            5.4014559,
            43.3017324
          ],
          [
            5.4016678,
            43.3017446
          ],
          [
            5.4020055,
            43.3017687
          ],
          [
            5.4021388,
            43.3017782
          ],
          [
            5.4025964,
            43.3018113
          ]
        ]
      },
      "id": "way/27773720"
    },
    {
      "type": "Feature",
      "properties": {
        "@id": "way/27773748",
        "cycleway": "lane",
        "highway": "secondary",
        "lanes": "1",
        "lit": "yes",
        "maxspeed": "50",
        "name": "Boulevard de la Blancarde",
        "name:etymology:wikidata": "Q3206691",
        "name:oc": "Baloard de La Blancarda",
        "oneway": "yes",
        "sidewalk": "both",
        "source:name:oc": "ieo-bdtopoc",
        "surface": "asphalt"
      },
      "geometry": {
        "type": "LineString",
        "coordinates": [
          [
            5.4001584,
            43.3028743
          ],
          [
            5.3996291,
            43.3028426
          ],
          [
            5.3996054,
            43.3028412
          ],
          [
            5.399509,
            43.3028353
          ],
          [
            5.3994421,
            43.3028302
          ],
          [
            5.3983225,
            43.3027437
          ],
          [
            5.3982586,
            43.3027387
          ],
          [
            5.3981059,
            43.3027306
          ],
          [
            5.3977982,
            43.3027073
          ],
          [
            5.3974669,
            43.3026866
          ],
          [
            5.3972334,
            43.3026797
          ],
          [
            5.3970944,
            43.302674
          ],
          [
            5.3970351,
            43.3026716
          ],
          [
            5.3970147,
            43.3026708
          ]
        ]
      },
      "id": "way/27773748"
    },
    {
      "type": "Feature",
      "properties": {
        "@id": "way/27773750",
        "access": "yes",
        "bicycle": "yes",
        "cycleway": "no",
        "foot": "yes",
        "highway": "residential",
        "lane_markings": "no",
        "maxspeed": "50",
        "name": "Rue Maréchal Fayolle",
        "name:etymology:wikidata": "Q81184",
        "name:oc": "Carriera Manescau Falhòla",
        "oneway": "yes",
        "sidewalk": "both",
        "source:name:oc": "ieo-bdtopoc",
        "surface": "asphalt"
      },
      "geometry": {
        "type": "LineString",
        "coordinates": [
          [
            5.398352,
            43.3018234
          ],
          [
            5.398345,
            43.3019001
          ],
          [
            5.3982646,
            43.3026625
          ],
          [
            5.3982597,
            43.3027002
          ],
          [
            5.398259,
            43.3027237
          ],
          [
            5.3982586,
            43.3027387
          ]
        ]
      },
      "id": "way/27773750"
    },
    {
      "type": "Feature",
      "properties": {
        "@id": "way/28072159",
        "cycleway": "lane",
        "highway": "tertiary",
        "lanes": "2",
        "name": "Chemin du Roy d'Espagne",
        "name:oc": "Camin dau Rèi d’Espanha",
        "ref:FR:FANTOIR": "132097997U",
        "source:name:oc": "ieo-bdtopoc",
        "surface": "asphalt"
      },
      "geometry": {
        "type": "LineString",
        "coordinates": [
          [
            5.3970517,
            43.242029
          ],
          [
            5.3968959,
            43.242503
          ],
          [
            5.3964933,
            43.2439415
          ],
          [
            5.3964882,
            43.2439596
          ],
          [
            5.3964453,
            43.2441119
          ],
          [
            5.3964386,
            43.2441341
          ],
          [
            5.3964158,
            43.2441876
          ]
        ]
      },
      "id": "way/28072159"
    },
    {
      "type": "Feature",
      "properties": {
        "@id": "way/28117221",
        "cycleway": "lane",
        "highway": "secondary",
        "name": "Boulevard de la Pomme",
        "name:oc": "Baloard de La Poma",
        "ref": "D 2",
        "source": "Bing",
        "source:name:oc": "ieo-bdtopoc",
        "surface": "asphalt"
      },
      "geometry": {
        "type": "LineString",
        "coordinates": [
          [
            5.4552981,
            43.2931687
          ],
          [
            5.4551919,
            43.2931911
          ],
          [
            5.4549523,
            43.2932416
          ],
          [
            5.4548359,
            43.2932661
          ],
          [
            5.454721,
            43.2932903
          ],
          [
            5.4545347,
            43.2933296
          ],
          [
            5.4540035,
            43.2934374
          ],
          [
            5.4537268,
            43.2934692
          ],
          [
            5.4536536,
            43.2934776
          ],
          [
            5.4532476,
            43.2935146
          ]
        ]
      },
      "id": "way/28117221"
    },
    {
      "type": "Feature",
      "properties": {
        "@id": "way/28117655",
        "cycleway": "lane",
        "highway": "tertiary",
        "lanes": "1",
        "maxspeed": "30",
        "maxweight": "3.5",
        "name": "Rue Urbain V",
        "name:etymology:wikidata": "Q133046",
        "name:oc": "Carriera Urban V",
        "oneway": "yes",
        "sidewalk:right": "separate",
        "source": "survey 2021-06",
        "source:name:oc": "ieo-bdtopoc",
        "surface": "asphalt"
      },
      "geometry": {
        "type": "LineString",
        "coordinates": [
          [
            5.3688939,
            43.3155945
          ],
          [
            5.3689978,
            43.3156255
          ],
          [
            5.3690211,
            43.3156325
          ],
          [
            5.3695287,
            43.3157843
          ],
          [
            5.369555,
            43.3157921
          ],
          [
            5.3697049,
            43.3158372
          ]
        ]
      },
      "id": "way/28117655"
    },
    {
      "type": "Feature",
      "properties": {
        "@id": "way/29857631",
        "cycleway": "lane",
        "highway": "tertiary",
        "lane_markings": "no",
        "lit": "yes",
        "maxspeed:type": "FR:urban",
        "name": "Chemin du Puits de Brunet",
        "oneway": "yes",
        "ref": "D 141",
        "sidewalk": "right",
        "sidewalk:right:surface": "asphalt",
        "surface": "asphalt"
      },
      "geometry": {
        "type": "LineString",
        "coordinates": [
          [
            5.6004461,
            43.1871247
          ],
          [
            5.6004545,
            43.1870354
          ],
          [
            5.6004588,
            43.1869802
          ],
          [
            5.6004593,
            43.1869615
          ],
          [
            5.6004564,
            43.1869449
          ],
          [
            5.6004408,
            43.1868547
          ]
        ]
      },
      "id": "way/29857631"
    },
    {
      "type": "Feature",
      "properties": {
        "@id": "way/32554745",
        "cycleway": "lane",
        "highway": "secondary",
        "name": "Rue Léon Bancal",
        "name:oc": "Carriera Leon Bancal",
        "oneway": "yes",
        "ref": "D 2D",
        "source:name:oc": "ieo-bdtopoc",
        "surface": "asphalt"
      },
      "geometry": {
        "type": "LineString",
        "coordinates": [
          [
            5.4805523,
            43.2877721
          ],
          [
            5.4805813,
            43.2878303
          ],
          [
            5.4808317,
            43.2883319
          ],
          [
            5.4811393,
            43.2889546
          ],
          [
            5.4813351,
            43.2893607
          ],
          [
            5.4814007,
            43.2895351
          ],
          [
            5.4814275,
            43.2896094
          ],
          [
            5.4814676,
            43.289727
          ]
        ]
      },
      "id": "way/32554745"
    },
    {
      "type": "Feature",
      "properties": {
        "@id": "way/33455334",
        "bicycle": "yes",
        "cycleway": "lane",
        "highway": "secondary",
        "name": "Avenue du Chemin de Jouques",
        "oneway": "yes",
        "ref": "D 42E",
        "surface": "asphalt"
      },
      "geometry": {
        "type": "LineString",
        "coordinates": [
          [
            5.6200682,
            43.2779871
          ],
          [
            5.6199498,
            43.2778764
          ],
          [
            5.6199043,
            43.277838
          ]
        ]
      },
      "id": "way/33455334"
    },
    {
      "type": "Feature",
      "properties": {
        "@id": "way/34355965",
        "boundary": "political",
        "bridge": "yes",
        "cycleway": "lane",
        "highway": "tertiary",
        "lanes": "2",
        "layer": "1",
        "maxspeed": "50",
        "name": "Boulevard Laveran",
        "name:oc": "Baloard Laveran",
        "political_division": "canton",
        "surface": "asphalt"
      },
      "geometry": {
        "type": "LineString",
        "coordinates": [
          [
            5.4138389,
            43.329527
          ],
          [
            5.4138198,
            43.3291851
          ]
        ]
      },
      "id": "way/34355965"
    },
    {
      "type": "Feature",
      "properties": {
        "@id": "way/34427138",
        "access": "yes",
        "bicycle": "yes",
        "cycleway": "no",
        "foot": "yes",
        "highway": "secondary",
        "lanes": "2",
        "lit": "yes",
        "maxspeed": "50",
        "name": "Boulevard de la Blancarde",
        "name:etymology:wikidata": "Q3206691",
        "name:oc": "Baloard de La Blancarda",
        "oneway": "no",
        "sidewalk:left": "separate",
        "sidewalk:right": "yes",
        "surface": "asphalt"
      },
      "geometry": {
        "type": "LineString",
        "coordinates": [
          [
            5.4071027,
            43.3038266
          ],
          [
            5.4066419,
            43.3037391
          ],
          [
            5.4057326,
            43.3035754
          ],
          [
            5.4053495,
            43.3035093
          ],
          [
            5.4051709,
            43.303481
          ],
          [
            5.4049915,
            43.3034547
          ],
          [
            5.4044951,
            43.3033927
          ]
        ]
      },
      "id": "way/34427138"
    },
    {
      "type": "Feature",
      "properties": {
        "@id": "way/34491372",
        "busway": "lane",
        "cycleway": "share_busway",
        "highway": "residential",
        "lanes": "3",
        "lit": "yes",
        "maxspeed": "30",
        "name": "Rue Sainte-Barbe",
        "name:etymology:wikidata": "Q192816",
        "name:oc": "Carriera de Santa Barba",
        "oneway": "yes",
        "source": "survey décembre 2016",
        "source:name:oc": "ieo-bdtopoc",
        "surface": "asphalt"
      },
      "geometry": {
        "type": "LineString",
        "coordinates": [
          [
            5.3741177,
            43.3010535
          ],
          [
            5.3740895,
            43.3011352
          ],
          [
            5.374004,
            43.3013047
          ],
          [
            5.3739986,
            43.3013372
          ],
          [
            5.3739888,
            43.3013936
          ],
          [
            5.3740135,
            43.3014364
          ],
          [
            5.3740543,
            43.3014776
          ]
        ]
      },
      "id": "way/34491372"
    },
    {
      "type": "Feature",
      "properties": {
        "@id": "way/34932710",
        "bicycle": "yes",
        "cycleway": "share_busway",
        "highway": "busway",
        "name": "Avenue Camille Pelletan",
        "name:etymology:wikidata": "Q2862434",
        "name:oc": "Avenguda Camilha Pelletan",
        "oneway": "yes",
        "source": "survey",
        "source:name:oc": "ieo-bdtopoc",
        "surface": "asphalt"
      },
      "geometry": {
        "type": "LineString",
        "coordinates": [
          [
            5.3735282,
            43.3064575
          ],
          [
            5.3735571,
            43.3065556
          ],
          [
            5.3736491,
            43.3068647
          ],
          [
            5.3739125,
            43.3076523
          ],
          [
            5.3739164,
            43.3076641
          ],
          [
            5.373928,
            43.3076986
          ],
          [
            5.3739545,
            43.3077878
          ],
          [
            5.3740377,
            43.3080498
          ],
          [
            5.3742185,
            43.3086102
          ],
          [
            5.3742329,
            43.3086495
          ],
          [
            5.3742462,
            43.3086861
          ],
          [
            5.3742563,
            43.3087462
          ],
          [
            5.3742433,
            43.3088278
          ],
          [
            5.374214,
            43.308913
          ],
          [
            5.3741664,
            43.3089919
          ]
        ]
      },
      "id": "way/34932710"
    },
    {
      "type": "Feature",
      "properties": {
        "@id": "way/34934797",
        "cycleway": "no",
        "highway": "residential",
        "name": "Avenue de Toulon",
        "name:etymology:wikidata": "Q44160",
        "name:oc": "Avenguda de Tolon",
        "oneway": "yes",
        "source:name:oc": "ieo-bdtopoc",
        "surface": "asphalt"
      },
      "geometry": {
        "type": "LineString",
        "coordinates": [
          [
            5.3882515,
            43.2853013
          ],
          [
            5.3883824,
            43.2852421
          ]
        ]
      },
      "id": "way/34934797"
    },
    {
      "type": "Feature",
      "properties": {
        "@id": "way/34934812",
        "cycleway": "lane",
        "highway": "residential",
        "lanes": "2",
        "lit": "yes",
        "maxspeed": "30",
        "name": "Place de l'Hôtel des Postes",
        "name:oc": "Plaça de la Pòsta Granda",
        "sidewalk": "both",
        "sidewalk:left:surface": "sett",
        "sidewalk:right:surface": "paving_stones",
        "smoothness": "excellent",
        "source:name:oc": "ieo-bdtopoc",
        "surface": "asphalt"
      },
      "geometry": {
        "type": "LineString",
        "coordinates": [
          [
            5.374159,
            43.2992535
          ],
          [
            5.3741544,
            43.2992195
          ],
          [
            5.3741539,
            43.2992046
          ],
          [
            5.3741503,
            43.299189
          ],
          [
            5.3741453,
            43.2991519
          ],
          [
            5.374142,
            43.2991279
          ],
          [
            5.3741069,
            43.2988785
          ],
          [
            5.3741021,
            43.2988443
          ],
          [
            5.3740981,
            43.2988208
          ]
        ]
      },
      "id": "way/34934812"
    },
    {
      "type": "Feature",
      "properties": {
        "@id": "way/34935112",
        "cycleway": "no",
        "highway": "living_street",
        "lit": "yes",
        "maxweight": "12",
        "name": "Rue Montgrand",
        "name:etymology:wikidata": "Q3164170",
        "name:oc": "Carriera Montgrand",
        "oneway": "yes",
        "oneway:bicycle": "no",
        "source:name:oc": "ieo-bdtopoc",
        "surface": "asphalt"
      },
      "geometry": {
        "type": "LineString",
        "coordinates": [
          [
            5.3803243,
            43.2920347
          ],
          [
            5.3803031,
            43.2920305
          ],
          [
            5.3802826,
            43.2920264
          ],
          [
            5.3795793,
            43.2918804
          ],
          [
            5.379269,
            43.2918167
          ],
          [
            5.3791767,
            43.2917958
          ],
          [
            5.3789566,
            43.2917478
          ],
          [
            5.3776205,
            43.291469
          ],
          [
            5.3770611,
            43.2913564
          ]
        ]
      },
      "id": "way/34935112"
    },
    {
      "type": "Feature",
      "properties": {
        "@id": "way/34966336",
        "bridge": "yes",
        "cycleway": "lane",
        "highway": "secondary",
        "lanes": "2",
        "layer": "1",
        "name": "Boulevard de la Pomme",
        "name:oc": "Baloard de La Poma",
        "ref": "D 2",
        "source:name:oc": "ieo-bdtopoc",
        "surface": "asphalt"
      },
      "geometry": {
        "type": "LineString",
        "coordinates": [
          [
            5.4552981,
            43.2931687
          ],
          [
            5.4561204,
            43.2929956
          ]
        ]
      },
      "id": "way/34966336"
    },
    {
      "type": "Feature",
      "properties": {
        "@id": "way/34966338",
        "cycleway": "lane",
        "highway": "secondary",
        "name": "Boulevard de la Pomme",
        "name:oc": "Baloard de La Poma",
        "ref": "D 2",
        "source:name:oc": "ieo-bdtopoc",
        "surface": "asphalt"
      },
      "geometry": {
        "type": "LineString",
        "coordinates": [
          [
            5.4561204,
            43.2929956
          ],
          [
            5.4577315,
            43.2926475
          ]
        ]
      },
      "id": "way/34966338"
    },
    {
      "type": "Feature",
      "properties": {
        "@id": "way/34966957",
        "access": "yes",
        "bicycle": "yes",
        "cycleway": "no",
        "foot": "yes",
        "highway": "secondary",
        "lit": "yes",
        "maxspeed": "50",
        "name": "Boulevard de la Blancarde",
        "name:etymology:wikidata": "Q3206691",
        "name:oc": "Baloard de La Blancarda",
        "oneway": "yes",
        "sidewalk": "both",
        "source:name:oc": "ieo-bdtopoc",
        "surface": "asphalt"
      },
      "geometry": {
        "type": "LineString",
        "coordinates": [
          [
            5.4022158,
            43.3030847
          ],
          [
            5.4020591,
            43.3030605
          ],
          [
            5.4015186,
            43.3029923
          ],
          [
            5.401495,
            43.3029909
          ],
          [
            5.4014426,
            43.3029877
          ],
          [
            5.4013898,
            43.3029846
          ],
          [
            5.4012047,
            43.3029735
          ],
          [
            5.4011126,
            43.302968
          ],
          [
            5.40102,
            43.3029624
          ],
          [
            5.400915,
            43.3029561
          ],
          [
            5.40088,
            43.302954
          ],
          [
            5.4008507,
            43.3029523
          ]
        ]
      },
      "id": "way/34966957"
    },
    {
      "type": "Feature",
      "properties": {
        "@id": "way/37791871",
        "boundary": "political",
        "cycleway": "lane",
        "highway": "tertiary",
        "lanes": "2",
        "maxspeed": "50",
        "name": "Boulevard Laveran",
        "name:oc": "Baloard Laveran",
        "political_division": "canton",
        "source:name:oc": "ieo-bdtopoc",
        "surface": "asphalt"
      },
      "geometry": {
        "type": "LineString",
        "coordinates": [
          [
            5.4138198,
            43.3291851
          ],
          [
            5.4138124,
            43.3290462
          ],
          [
            5.4138071,
            43.3289472
          ],
          [
            5.4138035,
            43.3288896
          ],
          [
            5.4137923,
            43.3287648
          ],
          [
            5.4137894,
            43.3286611
          ],
          [
            5.413781,
            43.328564
          ],
          [
            5.4137779,
            43.3284911
          ],
          [
            5.413769,
            43.3283874
          ],
          [
            5.4137335,
            43.3278758
          ],
          [
            5.4137329,
            43.327815
          ]
        ]
      },
      "id": "way/37791871"
    },
    {
      "type": "Feature",
      "properties": {
        "@id": "way/38579396",
        "cycleway": "no",
        "highway": "secondary",
        "junction": "roundabout",
        "lanes": "1",
        "lit": "yes",
        "maxspeed": "50",
        "sidewalk": "right",
        "smoothness": "excellent",
        "source:maxspeed": "FR:urban",
        "surface": "asphalt"
      },
      "geometry": {
        "type": "LineString",
        "coordinates": [
          [
            5.5475089,
            43.2885725
          ],
          [
            5.5475313,
            43.2885327
          ],
          [
            5.5475511,
            43.2885152
          ],
          [
            5.5475989,
            43.288492
          ],
          [
            5.5476614,
            43.2884835
          ],
          [
            5.5477202,
            43.2884934
          ],
          [
            5.5477635,
            43.2885151
          ],
          [
            5.5477831,
            43.2885323
          ],
          [
            5.5478048,
            43.2885686
          ],
          [
            5.5478065,
            43.2886126
          ],
          [
            5.5477807,
            43.2886575
          ]
        ]
      },
      "id": "way/38579396"
    },
    {
      "type": "Feature",
      "properties": {
        "@id": "way/39484975",
        "cycleway": "no",
        "foot": "no",
        "highway": "secondary",
        "lanes": "1",
        "lit": "yes",
        "maxspeed": "80",
        "oneway": "yes",
        "sidewalk": "no",
        "smoothness": "good",
        "source:maxspeed": "FR:rural",
        "surface": "asphalt"
      },
      "geometry": {
        "type": "LineString",
        "coordinates": [
          [
            5.5716773,
            43.3035726
          ],
          [
            5.5718286,
            43.3035975
          ],
          [
            5.5719034,
            43.3036132
          ],
          [
            5.5720095,
            43.303654
          ]
        ]
      },
      "id": "way/39484975"
    },
    {
      "type": "Feature",
      "properties": {
        "@id": "way/39752645",
        "access": "yes",
        "bicycle": "dismount",
        "cycleway": "no",
        "foot": "designated",
        "highway": "pedestrian",
        "motor_vehicle": "no",
        "name": "Rue Jean Jaurès",
        "surface": "paving_stones"
      },
      "geometry": {
        "type": "LineString",
        "coordinates": [
          [
            5.6292493,
            43.2961252
          ],
          [
            5.6292124,
            43.2961394
          ],
          [
            5.6291386,
            43.2961711
          ],
          [
            5.6290703,
            43.2962021
          ],
          [
            5.6288852,
            43.2963099
          ],
          [
            5.6286277,
            43.2964474
          ],
          [
            5.6285699,
            43.2965561
          ],
          [
            5.6285333,
            43.2967487
          ]
        ]
      },
      "id": "way/39752645"
    },
    {
      "type": "Feature",
      "properties": {
        "@id": "way/39752677",
        "access": "yes",
        "bicycle": "yes",
        "cycleway": "no",
        "foot": "yes",
        "highway": "residential",
        "horse": "yes",
        "maxspeed": "30",
        "name": "Chemin des Graviers",
        "oneway": "no",
        "sidewalk": "no"
      },
      "geometry": {
        "type": "LineString",
        "coordinates": [
          [
            5.6132296,
            43.2846208
          ],
          [
            5.6136073,
            43.2849457
          ],
          [
            5.6144313,
            43.285633
          ],
          [
            5.6146367,
            43.2858093
          ],
          [
            5.6146716,
            43.2858392
          ],
          [
            5.6153239,
            43.286389
          ],
          [
            5.615997,
            43.2869552
          ],
          [
            5.6166234,
            43.2874603
          ]
        ]
      },
      "id": "way/39752677"
    },
    {
      "type": "Feature",
      "properties": {
        "@id": "way/40044586",
        "cycleway": "lane",
        "hazard": "animal_crossing",
        "highway": "primary",
        "old_ref": "N 8",
        "ref": "D 8N",
        "source": "Mapillary Traffic Signs",
        "survey:date": "2019-05-17"
      },
      "geometry": {
        "type": "LineString",
        "coordinates": [
          [
            5.7487202,
            43.263985
          ],
          [
            5.7488904,
            43.2643054
          ],
          [
            5.7489651,
            43.264446
          ],
          [
            5.7491375,
            43.2647706
          ],
          [
            5.7491799,
            43.2649005
          ],
          [
            5.7491992,
            43.2650524
          ],
          [
            5.7491845,
            43.2652518
          ],
          [
            5.7491005,
            43.2654813
          ],
          [
            5.7489239,
            43.265686
          ],
          [
            5.7486327,
            43.2658461
          ],
          [
            5.7483303,
            43.2659174
          ],
          [
            5.7478871,
            43.2659292
          ],
          [
            5.7464134,
            43.2656097
          ],
          [
            5.7429062,
            43.264796
          ],
          [
            5.7421107,
            43.2646456
          ],
          [
            5.7416062,
            43.2646319
          ],
          [
            5.7411261,
            43.264684
          ],
          [
            5.7408076,
            43.2647737
          ],
          [
            5.740777,
            43.2647924
          ],
          [
            5.7407398,
            43.2648193
          ],
          [
            5.7405705,
            43.2649416
          ],
          [
            5.7404426,
            43.2650607
          ],
          [
            5.7403384,
            43.2652016
          ],
          [
            5.7401914,
            43.2653555
          ],
          [
            5.739992,
            43.2655324
          ],
          [
            5.7398348,
            43.2656337
          ],
          [
            5.7395945,
            43.2657398
          ],
          [
            5.7393669,
            43.2657975
          ],
          [
            5.7390832,
            43.2658387
          ],
          [
            5.7387207,
            43.2658853
          ],
          [
            5.7383964,
            43.2659532
          ],
          [
            5.7381671,
            43.2660589
          ],
          [
            5.7379581,
            43.2662007
          ],
          [
            5.7375879,
            43.2665233
          ],
          [
            5.7374649,
            43.2666659
          ],
          [
            5.7373844,
            43.2667815
          ],
          [
            5.7373496,
            43.2668617
          ],
          [
            5.7373326,
            43.2669708
          ],
          [
            5.7373463,
            43.2670846
          ],
          [
            5.7373937,
            43.2671804
          ],
          [
            5.7374889,
            43.2673038
          ],
          [
            5.7375662,
            43.2674304
          ],
          [
            5.7375895,
            43.2675233
          ],
          [
            5.7375723,
            43.2676211
          ],
          [
            5.7375187,
            43.2677121
          ],
          [
            5.7374134,
            43.267803
          ],
          [
            5.7363745,
            43.2684443
          ],
          [
            5.7362273,
            43.268514
          ],
          [
            5.7361274,
            43.2685543
          ],
          [
            5.7360122,
            43.2685753
          ],
          [
            5.7359014,
            43.2685799
          ],
          [
            5.7357256,
            43.2685453
          ],
          [
            5.735588,
            43.2684944
          ],
          [
            5.7339854,
            43.2677503
          ],
          [
            5.733577,
            43.2675597
          ],
          [
            5.7334176,
            43.2674476
          ],
          [
            5.7333139,
            43.2673618
          ],
          [
            5.7332574,
            43.2672727
          ],
          [
            5.7332041,
            43.2671351
          ],
          [
            5.7331733,
            43.2669778
          ],
          [
            5.7331358,
            43.2667992
          ],
          [
            5.7330759,
            43.2666926
          ],
          [
            5.7329603,
            43.2665791
          ],
          [
            5.7328063,
            43.2665039
          ],
          [
            5.7325876,
            43.2664437
          ],
          [
            5.7323278,
            43.2664148
          ],
          [
            5.7319217,
            43.2663828
          ],
          [
            5.7313379,
            43.2663333
          ],
          [
            5.7298169,
            43.2661922
          ],
          [
            5.7295461,
            43.266178
          ],
          [
            5.7293472,
            43.2661977
          ],
          [
            5.7292502,
            43.2662207
          ],
          [
            5.7291643,
            43.266241
          ],
          [
            5.728979,
            43.2663082
          ],
          [
            5.7287947,
            43.2664225
          ],
          [
            5.7286375,
            43.2665126
          ],
          [
            5.7284989,
            43.2666132
          ]
        ]
      },
      "id": "way/40044586"
    },
    {
      "type": "Feature",
      "properties": {
        "@id": "way/40123489",
        "cycleway": "no",
        "highway": "tertiary",
        "lit": "yes",
        "maxspeed": "30",
        "name": "Route de Napollon",
        "ref": "D 43F",
        "sidewalk": "both",
        "source:maxspeed": "sign",
        "surface": "asphalt"
      },
      "geometry": {
        "type": "LineString",
        "coordinates": [
          [
            5.5883526,
            43.3148626
          ],
          [
            5.5881256,
            43.3150342
          ],
          [
            5.5879854,
            43.3151401
          ]
        ]
      },
      "id": "way/40123489"
    },
    {
      "type": "Feature",
      "properties": {
        "@id": "way/41276261",
        "alt_name": "Boulevard des Océans",
        "cycleway": "lane",
        "cycleway:left": "track",
        "highway": "unclassified",
        "lanes": "2",
        "maxspeed": "30",
        "name": "Boulevard de l'Océan",
        "name:oc": "Baloard de l’Ocean",
        "source:name:oc": "ieo-bdtopoc",
        "surface": "asphalt"
      },
      "geometry": {
        "type": "LineString",
        "coordinates": [
          [
            5.3975024,
            43.2416935
          ],
          [
            5.3978503,
            43.2416898
          ]
        ]
      },
      "id": "way/41276261"
    },
    {
      "type": "Feature",
      "properties": {
        "@id": "way/41276273",
        "cycleway": "no",
        "highway": "residential",
        "lanes": "1",
        "name": "Avenue de la Martheline",
        "name:oc": "Avenguda de la Martelina",
        "oneway": "yes",
        "parking:lane:right": "parallel",
        "source": "survey",
        "source:name:oc": "ieo-bdtopoc"
      },
      "geometry": {
        "type": "LineString",
        "coordinates": [
          [
            5.3970686,
            43.2471372
          ],
          [
            5.3972063,
            43.2470739
          ],
          [
            5.397263,
            43.2470451
          ],
          [
            5.3974709,
            43.2469406
          ],
          [
            5.397719,
            43.2467964
          ],
          [
            5.3981723,
            43.2465547
          ],
          [
            5.3987535,
            43.2462726
          ]
        ]
      },
      "id": "way/41276273"
    },
    {
      "type": "Feature",
      "properties": {
        "@id": "way/41276275",
        "cycleway": "no",
        "highway": "residential",
        "lanes": "1",
        "name": "Avenue de la Martheline",
        "name:oc": "Avenguda de la Martelina",
        "oneway": "yes",
        "parking:lane:right": "parallel",
        "source": "survey",
        "source:name:oc": "ieo-bdtopoc"
      },
      "geometry": {
        "type": "LineString",
        "coordinates": [
          [
            5.3988854,
            43.2464239
          ],
          [
            5.3976621,
            43.2469904
          ],
          [
            5.3971411,
            43.2472284
          ]
        ]
      },
      "id": "way/41276275"
    },
    {
      "type": "Feature",
      "properties": {
        "@id": "way/41455213",
        "cycleway": "lane",
        "highway": "tertiary",
        "lane_markings": "yes",
        "lanes": "2",
        "lanes:backward": "1",
        "lanes:forward": "1",
        "maxspeed": "30",
        "name": "Rue Verdillon",
        "name:etymology:wikidata": "Q15695497",
        "name:oc": "Carriera Verdilhon",
        "oneway": "no",
        "source:name:oc": "ieo-bdtopoc"
      },
      "geometry": {
        "type": "LineString",
        "coordinates": [
          [
            5.4257185,
            43.2750775
          ],
          [
            5.4257469,
            43.2750699
          ],
          [
            5.4260942,
            43.2749778
          ],
          [
            5.4261078,
            43.2749742
          ],
          [
            5.4261466,
            43.2749639
          ],
          [
            5.4264256,
            43.2748976
          ]
        ]
      },
      "id": "way/41455213"
    },
    {
      "type": "Feature",
      "properties": {
        "@id": "way/41455224",
        "cycleway": "lane",
        "highway": "tertiary",
        "lane_markings": "yes",
        "lanes": "2",
        "lanes:backward": "1",
        "lanes:forward": "1",
        "name": "Rue Pierre Doize",
        "name:oc": "Carriera Pèire Doisa",
        "source:name:oc": "ieo-bdtopoc"
      },
      "geometry": {
        "type": "LineString",
        "coordinates": [
          [
            5.4273794,
            43.2773292
          ],
          [
            5.427311,
            43.2771936
          ],
          [
            5.4272494,
            43.277102
          ],
          [
            5.4272106,
            43.2770485
          ],
          [
            5.427194,
            43.2770284
          ],
          [
            5.4265966,
            43.2763059
          ],
          [
            5.4265405,
            43.2762407
          ],
          [
            5.4264908,
            43.276183
          ],
          [
            5.4264783,
            43.2761684
          ],
          [
            5.4264236,
            43.2761049
          ],
          [
            5.4263831,
            43.2760574
          ],
          [
            5.4263024,
            43.2759342
          ],
          [
            5.4262566,
            43.2758339
          ],
          [
            5.4262326,
            43.2757454
          ],
          [
            5.4262466,
            43.2755775
          ],
          [
            5.4263068,
            43.2753615
          ]
        ]
      },
      "id": "way/41455224"
    },
    {
      "type": "Feature",
      "properties": {
        "@id": "way/42809486",
        "bicycle": "yes",
        "cycleway": "no",
        "foot": "yes",
        "highway": "tertiary",
        "maxspeed": "30",
        "name": "Place Caire",
        "name:oc": "Plaça Caire",
        "sidewalk": "both"
      },
      "geometry": {
        "type": "LineString",
        "coordinates": [
          [
            5.4187321,
            43.3038771
          ],
          [
            5.4187914,
            43.3038218
          ],
          [
            5.4188596,
            43.3037629
          ],
          [
            5.4189254,
            43.3037363
          ],
          [
            5.419032,
            43.3037181
          ],
          [
            5.4192489,
            43.3037379
          ]
        ]
      },
      "id": "way/42809486"
    },
    {
      "type": "Feature",
      "properties": {
        "@id": "way/42809488",
        "access": "yes",
        "bicycle": "yes",
        "cycleway": "no",
        "foot": "yes",
        "highway": "tertiary",
        "maxspeed": "50",
        "name": "Boulevard Gassendi",
        "name:etymology:wikidata": "Q192315",
        "name:oc": "Baloard Gassendi",
        "oneway": "no",
        "sidewalk": "both",
        "source:name:oc": "ieo-bdtopoc"
      },
      "geometry": {
        "type": "LineString",
        "coordinates": [
          [
            5.4192489,
            43.3037379
          ],
          [
            5.419551,
            43.3037632
          ],
          [
            5.4203198,
            43.3038317
          ],
          [
            5.4207609,
            43.303875
          ],
          [
            5.4216403,
            43.3039421
          ],
          [
            5.4221094,
            43.3039949
          ],
          [
            5.4222501,
            43.3040062
          ],
          [
            5.4223187,
            43.3040138
          ],
          [
            5.4224929,
            43.3040307
          ]
        ]
      },
      "id": "way/42809488"
    },
    {
      "type": "Feature",
      "properties": {
        "@id": "way/43024164",
        "bicycle": "yes",
        "cycleway": "no",
        "foot": "yes",
        "highway": "residential",
        "lanes": "2",
        "name": "Boulevard Ernest Gasquy",
        "name:oc": "Baloard Ernest Gasqui",
        "oneway": "no",
        "sidewalk": "both",
        "source:name:oc": "ieo-bdtopoc"
      },
      "geometry": {
        "type": "LineString",
        "coordinates": [
          [
            5.4224929,
            43.3040307
          ],
          [
            5.4225623,
            43.3039412
          ],
          [
            5.4225665,
            43.3039187
          ],
          [
            5.4225687,
            43.3038924
          ],
          [
            5.4225822,
            43.3037307
          ],
          [
            5.4226655,
            43.3024378
          ]
        ]
      },
      "id": "way/43024164"
    },
    {
      "type": "Feature",
      "properties": {
        "@id": "way/43024169",
        "access": "yes",
        "bicycle": "yes",
        "cycleway": "no",
        "foot": "yes",
        "highway": "residential",
        "lanes": "2",
        "maxspeed": "50",
        "name": "Avenue de Garlaban",
        "name:oc": "Avenguda de Garlaban",
        "oneway": "no",
        "sidewalk": "both",
        "source:name:oc": "ieo-bdtopoc"
      },
      "geometry": {
        "type": "LineString",
        "coordinates": [
          [
            5.4217248,
            43.2988967
          ],
          [
            5.4216439,
            43.2988954
          ],
          [
            5.4214954,
            43.2988849
          ],
          [
            5.4213376,
            43.2988737
          ],
          [
            5.4212983,
            43.2988709
          ],
          [
            5.4210959,
            43.2988407
          ],
          [
            5.420876,
            43.2987908
          ],
          [
            5.4208498,
            43.2987846
          ],
          [
            5.4204641,
            43.2986984
          ],
          [
            5.4200542,
            43.2986113
          ],
          [
            5.4194238,
            43.2984518
          ],
          [
            5.4192645,
            43.2984114
          ],
          [
            5.4185772,
            43.2982096
          ],
          [
            5.4178853,
            43.2981491
          ],
          [
            5.4177883,
            43.2981354
          ],
          [
            5.4176132,
            43.2981107
          ]
        ]
      },
      "id": "way/43024169"
    },
    {
      "type": "Feature",
      "properties": {
        "@id": "way/44781550",
        "boundary": "political",
        "cycleway": "lane",
        "highway": "tertiary",
        "name": "Rue Saint-Jean du Désert",
        "name:oc": "Carriera de Sant Joan dau Desèrt",
        "oneway": "yes",
        "political_division": "canton",
        "source:name:oc": "ieo-bdtopoc"
      },
      "geometry": {
        "type": "LineString",
        "coordinates": [
          [
            5.4341137,
            43.2970839
          ],
          [
            5.4341011,
            43.2970453
          ],
          [
            5.4340692,
            43.2970016
          ],
          [
            5.4338631,
            43.2967849
          ],
          [
            5.4337833,
            43.2966823
          ],
          [
            5.4336241,
            43.2964229
          ],
          [
            5.433529,
            43.2962501
          ],
          [
            5.4334486,
            43.2961019
          ],
          [
            5.4333934,
            43.2959649
          ],
          [
            5.4333901,
            43.2959567
          ],
          [
            5.4333863,
            43.2959473
          ],
          [
            5.433377,
            43.2959237
          ],
          [
            5.433386,
            43.2958799
          ]
        ]
      },
      "id": "way/44781550"
    },
    {
      "type": "Feature",
      "properties": {
        "@id": "way/46250516",
        "access": "yes",
        "bicycle": "yes",
        "cycleway": "no",
        "foot": "yes",
        "highway": "residential",
        "lanes": "2",
        "maxspeed": "30",
        "name": "Boulevard Louis Armand",
        "name:oc": "Baloard Loís Armand",
        "oneway": "no",
        "sidewalk": "both",
        "source:name:oc": "ieo-bdtopoc",
        "surface": "asphalt"
      },
      "geometry": {
        "type": "LineString",
        "coordinates": [
          [
            5.4127498,
            43.300544
          ],
          [
            5.4127664,
            43.3004932
          ],
          [
            5.4129072,
            43.3000816
          ],
          [
            5.4129566,
            43.2999152
          ],
          [
            5.4130326,
            43.2996449
          ],
          [
            5.4132209,
            43.2990424
          ],
          [
            5.4132301,
            43.2990089
          ],
          [
            5.4133159,
            43.2987216
          ],
          [
            5.4133148,
            43.2986601
          ],
          [
            5.41331,
            43.2983907
          ],
          [
            5.4133093,
            43.2983472
          ],
          [
            5.4133104,
            43.2983208
          ],
          [
            5.4133113,
            43.2982984
          ],
          [
            5.4133354,
            43.2979841
          ],
          [
            5.4133482,
            43.2979383
          ],
          [
            5.4133876,
            43.2979017
          ]
        ]
      },
      "id": "way/46250516"
    },
    {
      "type": "Feature",
      "properties": {
        "@id": "way/51196009",
        "access": "yes",
        "bicycle": "yes",
        "boundary": "political",
        "cycleway": "no",
        "foot": "yes",
        "highway": "residential",
        "maxspeed": "50",
        "name": "Boulevard Louis Botinelly",
        "name:oc": "Baloard Loís Botinelli",
        "oneway": "no",
        "political_division": "canton",
        "sidewalk": "both",
        "source:name:oc": "ieo-bdtopoc",
        "surface": "asphalt"
      },
      "geometry": {
        "type": "LineString",
        "coordinates": [
          [
            5.4066567,
            43.2973392
          ],
          [
            5.4065879,
            43.2974327
          ],
          [
            5.4062805,
            43.2978504
          ],
          [
            5.4058677,
            43.2980157
          ],
          [
            5.4057187,
            43.2980757
          ],
          [
            5.4056829,
            43.298112
          ],
          [
            5.4054694,
            43.2983286
          ],
          [
            5.4051579,
            43.2988118
          ],
          [
            5.4051413,
            43.2988887
          ],
          [
            5.405107,
            43.2990484
          ],
          [
            5.4050695,
            43.2992207
          ],
          [
            5.4050427,
            43.2993359
          ],
          [
            5.4050176,
            43.2994442
          ],
          [
            5.4048764,
            43.3000514
          ],
          [
            5.40475,
            43.3005955
          ],
          [
            5.4046923,
            43.3009656
          ],
          [
            5.404599,
            43.3014491
          ],
          [
            5.4044981,
            43.3020842
          ],
          [
            5.4044706,
            43.3023317
          ]
        ]
      },
      "id": "way/51196009"
    },
    {
      "type": "Feature",
      "properties": {
        "@id": "way/53331164",
        "cycleway": "lane",
        "highway": "secondary",
        "lanes": "2",
        "name": "Boulevard Achille Marcel",
        "name:oc": "Baloard Aquiles Marcèu",
        "source:name:oc": "ieo-bdtopoc"
      },
      "geometry": {
        "type": "LineString",
        "coordinates": [
          [
            5.4254193,
            43.2801333
          ],
          [
            5.4254807,
            43.2800023
          ],
          [
            5.4254899,
            43.2799839
          ],
          [
            5.425841,
            43.279223
          ],
          [
            5.4259069,
            43.2791446
          ],
          [
            5.4261703,
            43.2789705
          ],
          [
            5.4262368,
            43.2789261
          ],
          [
            5.4262843,
            43.2788943
          ],
          [
            5.4263123,
            43.2788773
          ],
          [
            5.4264119,
            43.2788209
          ],
          [
            5.4264582,
            43.278796
          ],
          [
            5.4265978,
            43.2787166
          ]
        ]
      },
      "id": "way/53331164"
    },
    {
      "type": "Feature",
      "properties": {
        "@id": "way/53563926",
        "access": "yes",
        "bicycle": "yes",
        "cycleway": "no",
        "foot": "yes",
        "highway": "secondary",
        "lanes": "2",
        "maxspeed": "50",
        "name": "Avenue de Saint-Barnabé",
        "name:oc": "Avenguda de Sant Barnabèu",
        "oneway": "no",
        "sidewalk": "both",
        "source:name:oc": "ieo-bdtopoc",
        "surface": "asphalt"
      },
      "geometry": {
        "type": "LineString",
        "coordinates": [
          [
            5.4130309,
            43.3042756
          ],
          [
            5.4128933,
            43.3042635
          ],
          [
            5.4122258,
            43.3042049
          ],
          [
            5.4121212,
            43.3041957
          ],
          [
            5.4117889,
            43.3041645
          ]
        ]
      },
      "id": "way/53563926"
    },
    {
      "type": "Feature",
      "properties": {
        "@id": "way/60181302",
        "access": "yes",
        "covered": "no",
        "cycleway": "no",
        "flood_prone": "no",
        "highway": "tertiary",
        "lanes": "2",
        "lit": "yes",
        "maxspeed": "30",
        "name": "Avenue de la Madrague de Montredon",
        "name:oc": "Avenguda de la Madraga dau Mont Redon",
        "oneway": "no",
        "sidewalk": "both",
        "smoothness": "good",
        "source:name:oc": "ieo-bdtopoc",
        "surface": "asphalt"
      },
      "geometry": {
        "type": "LineString",
        "coordinates": [
          [
            5.3559403,
            43.2323465
          ],
          [
            5.3559779,
            43.2323826
          ],
          [
            5.3560029,
            43.2324013
          ],
          [
            5.3560292,
            43.2324157
          ],
          [
            5.3560656,
            43.2324345
          ],
          [
            5.3563257,
            43.2325545
          ],
          [
            5.3572371,
            43.2329752
          ],
          [
            5.3573251,
            43.2330225
          ],
          [
            5.3573568,
            43.2330409
          ],
          [
            5.3574472,
            43.233103
          ],
          [
            5.3577014,
            43.2332776
          ],
          [
            5.3577311,
            43.233298
          ],
          [
            5.3579385,
            43.233436
          ],
          [
            5.3582852,
            43.233672
          ],
          [
            5.3584765,
            43.2338023
          ],
          [
            5.3585796,
            43.2338733
          ],
          [
            5.3591985,
            43.2342997
          ],
          [
            5.3592749,
            43.2343523
          ],
          [
            5.3593021,
            43.2343705
          ],
          [
            5.3594034,
            43.2344383
          ],
          [
            5.3595036,
            43.2345097
          ],
          [
            5.3601521,
            43.234962
          ],
          [
            5.3602077,
            43.2349984
          ],
          [
            5.3605614,
            43.2352428
          ],
          [
            5.360921,
            43.2354826
          ],
          [
            5.3610103,
            43.235545
          ],
          [
            5.3610475,
            43.235571
          ],
          [
            5.3613156,
            43.2357585
          ],
          [
            5.36161,
            43.235975
          ],
          [
            5.3616324,
            43.2359915
          ],
          [
            5.3617036,
            43.2360438
          ],
          [
            5.3617809,
            43.2361006
          ],
          [
            5.36182,
            43.2361293
          ],
          [
            5.3622028,
            43.2364103
          ],
          [
            5.3623057,
            43.2364858
          ],
          [
            5.3623975,
            43.2365532
          ],
          [
            5.3624296,
            43.2365768
          ],
          [
            5.3628545,
            43.2368281
          ],
          [
            5.3629124,
            43.2368623
          ],
          [
            5.363351,
            43.2371704
          ],
          [
            5.3634404,
            43.2372398
          ],
          [
            5.3635654,
            43.2373379
          ],
          [
            5.3635952,
            43.2373598
          ],
          [
            5.3638782,
            43.2375967
          ],
          [
            5.3642203,
            43.237883
          ]
        ]
      },
      "id": "way/60181302"
    },
    {
      "type": "Feature",
      "properties": {
        "@id": "way/62114867",
        "cycleway": "lane",
        "highway": "primary",
        "lanes": "2",
        "maxspeed": "30",
        "old_ref": "N 8",
        "ref": "D 8N",
        "surface": "asphalt"
      },
      "geometry": {
        "type": "LineString",
        "coordinates": [
          [
            5.7001959,
            43.2759371
          ],
          [
            5.7000372,
            43.2758991
          ],
          [
            5.700013,
            43.2758933
          ]
        ]
      },
      "id": "way/62114867"
    },
    {
      "type": "Feature",
      "properties": {
        "@id": "way/62131159",
        "cycleway": "no",
        "highway": "secondary",
        "lit": "yes",
        "maxspeed": "50",
        "oneway": "yes",
        "ref": "D 2",
        "sidewalk": "no",
        "source:maxspeed": "FR:urban",
        "surface": "asphalt"
      },
      "geometry": {
        "type": "LineString",
        "coordinates": [
          [
            5.5898573,
            43.2979295
          ],
          [
            5.5902654,
            43.2979965
          ],
          [
            5.5904024,
            43.2979954
          ],
          [
            5.5904729,
            43.2979949
          ]
        ]
      },
      "id": "way/62131159"
    },
    {
      "type": "Feature",
      "properties": {
        "@id": "way/62131393",
        "cycleway": "lane",
        "highway": "residential",
        "lit": "yes",
        "maxspeed": "50",
        "name": "Chemin de la Planque",
        "sidewalk": "both",
        "source:maxspeed": "FR:urban",
        "surface": "asphalt"
      },
      "geometry": {
        "type": "LineString",
        "coordinates": [
          [
            5.5735356,
            43.2946358
          ],
          [
            5.5734138,
            43.2945957
          ],
          [
            5.5733423,
            43.2945936
          ],
          [
            5.573139,
            43.2946392
          ],
          [
            5.5730429,
            43.2946442
          ]
        ]
      },
      "id": "way/62131393"
    },
    {
      "type": "Feature",
      "properties": {
        "@id": "way/63696200",
        "cycleway": "lane",
        "fixme": "yes",
        "highway": "tertiary",
        "lane_markings": "no",
        "maxspeed": "30",
        "name": "Avenue Elzeard Rougier",
        "oneway": "yes",
        "ref": "D 2",
        "source:maxspeed": "sign",
        "surface": "asphalt"
      },
      "geometry": {
        "type": "LineString",
        "coordinates": [
          [
            5.5679282,
            43.2939346
          ],
          [
            5.5679695,
            43.2939675
          ],
          [
            5.5680091,
            43.2939915
          ],
          [
            5.568052,
            43.2940051
          ],
          [
            5.568103,
            43.294009
          ],
          [
            5.5686685,
            43.2939779
          ],
          [
            5.5690974,
            43.2939568
          ],
          [
            5.5691862,
            43.2939451
          ]
        ]
      },
      "id": "way/63696200"
    },
    {
      "type": "Feature",
      "properties": {
        "@id": "way/63725620",
        "access": "yes",
        "bicycle": "yes",
        "cycleway": "no",
        "foot": "yes",
        "highway": "tertiary",
        "lanes": "2",
        "maxspeed": "50",
        "motor_vehicle": "yes",
        "name": "Boulevard Henri Saver",
        "name:oc": "Baloard Enri Saver",
        "oneway": "no",
        "source:name:oc": "ieo-bdtopoc",
        "surface": "asphalt"
      },
      "geometry": {
        "type": "LineString",
        "coordinates": [
          [
            5.5293744,
            43.2791443
          ],
          [
            5.5294121,
            43.2791604
          ],
          [
            5.529447,
            43.27916
          ],
          [
            5.5294979,
            43.279142
          ],
          [
            5.5296852,
            43.279052
          ],
          [
            5.5301589,
            43.2789003
          ],
          [
            5.530226,
            43.2788807
          ],
          [
            5.5302738,
            43.2788798
          ],
          [
            5.5303198,
            43.2789129
          ],
          [
            5.5304178,
            43.2790725
          ],
          [
            5.5304218,
            43.2791599
          ]
        ]
      },
      "id": "way/63725620"
    },
    {
      "type": "Feature",
      "properties": {
        "@id": "way/65006148",
        "bicycle": "yes",
        "cycleway": "no",
        "foot": "yes",
        "highway": "unclassified",
        "name": "Rue Boisselot",
        "name:oc": "Carriera Boisselòt",
        "oneway": "no",
        "source:name:oc": "ieo-bdtopoc",
        "surface": "asphalt"
      },
      "geometry": {
        "type": "LineString",
        "coordinates": [
          [
            5.3851259,
            43.3191705
          ],
          [
            5.3851828,
            43.3191425
          ],
          [
            5.3853745,
            43.3190483
          ],
          [
            5.3857127,
            43.3189278
          ],
          [
            5.3860759,
            43.3188307
          ],
          [
            5.3862294,
            43.3188006
          ],
          [
            5.3863461,
            43.3187805
          ],
          [
            5.387017,
            43.3186651
          ],
          [
            5.3872392,
            43.3186248
          ],
          [
            5.3876621,
            43.318548
          ],
          [
            5.3892532,
            43.3182632
          ],
          [
            5.3893304,
            43.3182685
          ],
          [
            5.3894162,
            43.3182841
          ],
          [
            5.3894883,
            43.3183105
          ],
          [
            5.3895362,
            43.318328
          ],
          [
            5.3895892,
            43.318344
          ],
          [
            5.3896348,
            43.3183539
          ],
          [
            5.3896929,
            43.3183517
          ],
          [
            5.3897847,
            43.3183286
          ],
          [
            5.3902077,
            43.3182221
          ],
          [
            5.3903202,
            43.3181895
          ]
        ]
      },
      "id": "way/65006148"
    },
    {
      "type": "Feature",
      "properties": {
        "@id": "way/65611546",
        "cycleway": "lane",
        "highway": "tertiary",
        "lanes": "1",
        "name": "Rue Saint-Jean du Désert",
        "name:oc": "Carriera de Sant Joan dau Desèrt",
        "oneway": "yes",
        "source:name:oc": "ieo-bdtopoc"
      },
      "geometry": {
        "type": "LineString",
        "coordinates": [
          [
            5.4351232,
            43.2975207
          ],
          [
            5.434957,
            43.2974649
          ],
          [
            5.4348479,
            43.2974123
          ],
          [
            5.4347772,
            43.2973836
          ],
          [
            5.4346298,
            43.2973311
          ],
          [
            5.4345766,
            43.2973114
          ],
          [
            5.4345223,
            43.2972972
          ],
          [
            5.4344083,
            43.2972804
          ],
          [
            5.4343519,
            43.2972803
          ]
        ]
      },
      "id": "way/65611546"
    },
    {
      "type": "Feature",
      "properties": {
        "@id": "way/75803939",
        "access": "yes",
        "bicycle": "yes",
        "boundary": "political",
        "cycleway": "no",
        "foot": "yes",
        "highway": "tertiary",
        "horse": "no",
        "name": "Boulevard de Pont de Vivaux",
        "name:etymology:wikidata": "Q3396414",
        "name:oc": "Baloard dau Pònt dei Vivauts",
        "old_ref": "N 8",
        "oneway": "no",
        "political_division": "canton",
        "ref": "D 8n",
        "source": "Bing"
      },
      "geometry": {
        "type": "LineString",
        "coordinates": [
          [
            5.4171331,
            43.2796262
          ],
          [
            5.4171919,
            43.2796024
          ],
          [
            5.417246,
            43.279586
          ]
        ]
      },
      "id": "way/75803939"
    },
    {
      "type": "Feature",
      "properties": {
        "@id": "way/81061363",
        "bridge": "yes",
        "cycleway": "lane",
        "highway": "unclassified",
        "layer": "1",
        "source:bicycle": "Collectif Vélos en Ville",
        "surface": "asphalt"
      },
      "geometry": {
        "type": "LineString",
        "coordinates": [
          [
            5.3489266,
            43.338934
          ],
          [
            5.3488504,
            43.3389186
          ],
          [
            5.3483571,
            43.3388046
          ],
          [
            5.3483333,
            43.3387995
          ],
          [
            5.3482447,
            43.3387822
          ]
        ]
      },
      "id": "way/81061363"
    },
    {
      "type": "Feature",
      "properties": {
        "@id": "way/81112774",
        "access": "yes",
        "covered": "no",
        "cutting": "no",
        "cycleway": "lane",
        "embankment": "no",
        "ford": "no",
        "highway": "tertiary",
        "lanes": "1",
        "lit": "yes",
        "maxheight": "4.1",
        "maxspeed": "50",
        "name": "Boulevard Jean-Eugène Cabassud",
        "name:oc": "Baloard Joan-Eugèni Cabassud",
        "oneway": "yes",
        "source:name:oc": "ieo-bdtopoc",
        "surface": "asphalt",
        "toll": "no",
        "tunnel": "no"
      },
      "geometry": {
        "type": "LineString",
        "coordinates": [
          [
            5.4124177,
            43.2869003
          ],
          [
            5.4124764,
            43.2867661
          ],
          [
            5.4125248,
            43.2866603
          ],
          [
            5.4126028,
            43.2864746
          ],
          [
            5.4127354,
            43.2861263
          ],
          [
            5.4127871,
            43.2859903
          ],
          [
            5.4128148,
            43.2858749
          ],
          [
            5.4128288,
            43.2857492
          ],
          [
            5.4128265,
            43.2855834
          ],
          [
            5.4128257,
            43.2852371
          ],
          [
            5.4128252,
            43.2851896
          ],
          [
            5.4128208,
            43.2847595
          ],
          [
            5.4128184,
            43.2845232
          ],
          [
            5.4128169,
            43.2843769
          ],
          [
            5.4128154,
            43.2842237
          ],
          [
            5.4127984,
            43.2838561
          ],
          [
            5.4127931,
            43.2836679
          ],
          [
            5.4127875,
            43.2834673
          ],
          [
            5.412787,
            43.2834486
          ],
          [
            5.4127728,
            43.2833055
          ]
        ]
      },
      "id": "way/81112774"
    },
    {
      "type": "Feature",
      "properties": {
        "@id": "way/88571230",
        "cycleway": "lane",
        "highway": "tertiary",
        "name": "Rue André Suarès",
        "name:oc": "Carriera Andrieu Suarès",
        "oneway": "yes",
        "source:name:oc": "ieo-bdtopoc"
      },
      "geometry": {
        "type": "LineString",
        "coordinates": [
          [
            5.4404919,
            43.3214471
          ],
          [
            5.440551,
            43.3213282
          ],
          [
            5.4407182,
            43.3210016
          ],
          [
            5.4407217,
            43.3209412
          ],
          [
            5.4406902,
            43.3209027
          ],
          [
            5.4406421,
            43.3208809
          ],
          [
            5.4404402,
            43.3208366
          ]
        ]
      },
      "id": "way/88571230"
    },
    {
      "type": "Feature",
      "properties": {
        "@id": "way/90753296",
        "cycleway": "no",
        "highway": "primary",
        "maxspeed": "50",
        "oneway": "yes",
        "ref": "D 96",
        "sidewalk": "right",
        "source:maxspeed": "FR:urban",
        "surface": "asphalt"
      },
      "geometry": {
        "type": "LineString",
        "coordinates": [
          [
            5.582015,
            43.3169661
          ],
          [
            5.5821599,
            43.3170412
          ],
          [
            5.5822826,
            43.3170951
          ],
          [
            5.5823186,
            43.3171109
          ]
        ]
      },
      "id": "way/90753296"
    },
    {
      "type": "Feature",
      "properties": {
        "@id": "way/90753321",
        "cycleway": "no",
        "destination": "Fréjus-Saint-Raphaël;Aix-en-Provence;Marseille;Pont de l'Étoile;Roquevaire",
        "highway": "secondary",
        "lanes": "1",
        "lit": "yes",
        "maxspeed": "50",
        "name": "Avenue Roger Salengro",
        "oneway": "yes",
        "ref": "D 96",
        "sidewalk": "right",
        "smoothness": "excellent",
        "source:maxspeed": "FR:urban",
        "surface": "asphalt"
      },
      "geometry": {
        "type": "LineString",
        "coordinates": [
          [
            5.5703455,
            43.3010164
          ],
          [
            5.5704011,
            43.301154
          ]
        ]
      },
      "id": "way/90753321"
    },
    {
      "type": "Feature",
      "properties": {
        "@id": "way/90753323",
        "cycleway": "no",
        "highway": "secondary",
        "junction": "roundabout",
        "lanes": "1",
        "lit": "yes",
        "maxspeed": "50",
        "sidewalk": "right",
        "smoothness": "excellent",
        "source:maxspeed": "FR:urban",
        "surface": "asphalt"
      },
      "geometry": {
        "type": "LineString",
        "coordinates": [
          [
            5.5701069,
            43.3010864
          ],
          [
            5.5700738,
            43.3010718
          ],
          [
            5.5700351,
            43.301042
          ],
          [
            5.5700112,
            43.3010049
          ],
          [
            5.5700046,
            43.3009642
          ]
        ]
      },
      "id": "way/90753323"
    },
    {
      "type": "Feature",
      "properties": {
        "@id": "way/90753330",
        "cycleway": "no",
        "embankment": "right",
        "highway": "secondary",
        "lanes": "1",
        "lit": "yes",
        "maxspeed": "80",
        "oneway": "yes",
        "ref": "D 96",
        "sidewalk": "right",
        "smoothness": "good",
        "source:maxspeed": "FR:rural",
        "surface": "asphalt"
      },
      "geometry": {
        "type": "LineString",
        "coordinates": [
          [
            5.5717108,
            43.3032781
          ],
          [
            5.5717638,
            43.3033512
          ],
          [
            5.5720095,
            43.303654
          ],
          [
            5.5721348,
            43.3037389
          ],
          [
            5.5722437,
            43.3038211
          ],
          [
            5.5723095,
            43.3038847
          ]
        ]
      },
      "id": "way/90753330"
    },
    {
      "type": "Feature",
      "properties": {
        "@id": "way/90753343",
        "cycleway": "no",
        "highway": "primary",
        "lit": "yes",
        "maxspeed": "50",
        "oneway": "yes",
        "ref": "D 96",
        "sidewalk": "right",
        "source:maxspeed": "FR:urban",
        "surface": "asphalt"
      },
      "geometry": {
        "type": "LineString",
        "coordinates": [
          [
            5.5826232,
            43.3174016
          ],
          [
            5.5826633,
            43.3175124
          ],
          [
            5.5827007,
            43.317587
          ],
          [
            5.5827456,
            43.3176677
          ],
          [
            5.5828381,
            43.3178211
          ]
        ]
      },
      "id": "way/90753343"
    },
    {
      "type": "Feature",
      "properties": {
        "@id": "way/90753357",
        "cycleway": "no",
        "destination": "Aubagne-Centre",
        "destination:symbol": "centre",
        "highway": "secondary",
        "lanes": "1",
        "lit": "yes",
        "maxspeed": "50",
        "oneway": "yes",
        "ref": "D 96",
        "sidewalk": "right",
        "smoothness": "excellent",
        "source:maxspeed": "FR:urban",
        "surface": "asphalt"
      },
      "geometry": {
        "type": "LineString",
        "coordinates": [
          [
            5.5700046,
            43.3009642
          ],
          [
            5.5699033,
            43.3008804
          ]
        ]
      },
      "id": "way/90753357"
    },
    {
      "type": "Feature",
      "properties": {
        "@id": "way/90753385",
        "cycleway": "no",
        "highway": "secondary",
        "lanes": "1",
        "lit": "yes",
        "maxspeed": "50",
        "name": "Avenue Roger Salengro",
        "oneway": "yes",
        "ref": "D 96",
        "sidewalk": "right",
        "source:maxspeed": "FR:urban",
        "surface": "asphalt"
      },
      "geometry": {
        "type": "LineString",
        "coordinates": [
          [
            5.5710386,
            43.3018186
          ],
          [
            5.5709257,
            43.3017337
          ],
          [
            5.5708624,
            43.3016861
          ],
          [
            5.5707499,
            43.3015984
          ],
          [
            5.5707352,
            43.301587
          ],
          [
            5.5706398,
            43.3015145
          ],
          [
            5.5705473,
            43.3014441
          ]
        ]
      },
      "id": "way/90753385"
    },
    {
      "type": "Feature",
      "properties": {
        "@id": "way/90753396",
        "cycleway": "lane",
        "highway": "secondary",
        "lanes": "2",
        "lit": "yes",
        "maxspeed": "50",
        "name": "Boulevard Claude Antonetti",
        "name:oc": "Baloard Glaudi Antonetti",
        "ref": "D 2",
        "smoothness": "excellent",
        "source:name:oc": "ieo-bdtopoc",
        "surface": "asphalt"
      },
      "geometry": {
        "type": "LineString",
        "coordinates": [
          [
            5.5160259,
            43.2869343
          ],
          [
            5.5161135,
            43.2869352
          ],
          [
            5.5163916,
            43.2869311
          ],
          [
            5.5166053,
            43.2869279
          ],
          [
            5.5176636,
            43.2869257
          ],
          [
            5.5179113,
            43.2869238
          ],
          [
            5.5183864,
            43.2869196
          ]
        ]
      },
      "id": "way/90753396"
    },
    {
      "type": "Feature",
      "properties": {
        "@id": "way/90753403",
        "cycleway": "no",
        "highway": "tertiary",
        "lit": "yes",
        "maxspeed": "50",
        "name": "Chemin de Longuelance",
        "ref": "D 44E",
        "sidewalk": "no",
        "source:maxspeed": "FR:urban",
        "surface": "asphalt"
      },
      "geometry": {
        "type": "LineString",
        "coordinates": [
          [
            5.5809259,
            43.3186714
          ],
          [
            5.5807326,
            43.3185629
          ],
          [
            5.5803,
            43.318295
          ],
          [
            5.580053,
            43.318115
          ],
          [
            5.579687,
            43.317814
          ],
          [
            5.579001,
            43.317207
          ],
          [
            5.5789693,
            43.3171759
          ],
          [
            5.5789,
            43.317108
          ],
          [
            5.578712,
            43.316898
          ],
          [
            5.578543,
            43.316685
          ],
          [
            5.5783084,
            43.3163596
          ],
          [
            5.578246,
            43.316273
          ],
          [
            5.578039,
            43.31596
          ],
          [
            5.577908,
            43.315735
          ],
          [
            5.5772968,
            43.3145534
          ],
          [
            5.5767084,
            43.3133262
          ],
          [
            5.576151,
            43.3122202
          ],
          [
            5.5754255,
            43.3107809
          ],
          [
            5.5746366,
            43.3091772
          ],
          [
            5.573729,
            43.307407
          ]
        ]
      },
      "id": "way/90753403"
    },
    {
      "type": "Feature",
      "properties": {
        "@id": "way/90753421",
        "cycleway": "lane",
        "highway": "primary",
        "maxspeed": "50",
        "oneway": "yes",
        "ref": "D 2",
        "surface": "asphalt"
      },
      "geometry": {
        "type": "LineString",
        "coordinates": [
          [
            5.508985,
            43.2874898
          ],
          [
            5.5088315,
            43.2875161
          ],
          [
            5.5087283,
            43.2875492
          ],
          [
            5.5085085,
            43.2876138
          ]
        ]
      },
      "id": "way/90753421"
    },
    {
      "type": "Feature",
      "properties": {
        "@id": "way/90753423",
        "cycleway": "no",
        "highway": "secondary",
        "lanes": "2",
        "lit": "yes",
        "maxspeed": "50",
        "name": "Avenue Roger Salengro",
        "ref": "D 96",
        "sidewalk": "both",
        "sidewalk:both:surface": "asphalt",
        "smoothness": "excellent",
        "source:maxspeed": "FR:urban",
        "surface": "asphalt"
      },
      "geometry": {
        "type": "LineString",
        "coordinates": [
          [
            5.5710386,
            43.3018186
          ],
          [
            5.571127,
            43.3019681
          ],
          [
            5.5712228,
            43.3021668
          ],
          [
            5.5713105,
            43.3023594
          ],
          [
            5.5715138,
            43.3027873
          ]
        ]
      },
      "id": "way/90753423"
    },
    {
      "type": "Feature",
      "properties": {
        "@id": "way/90753427",
        "cycleway": "no",
        "destination": "Aubagne",
        "highway": "primary",
        "maxspeed": "50",
        "oneway": "yes",
        "ref": "D 96",
        "sidewalk": "right",
        "source:maxspeed": "FR:urban",
        "surface": "asphalt"
      },
      "geometry": {
        "type": "LineString",
        "coordinates": [
          [
            5.5821793,
            43.317211
          ],
          [
            5.5820931,
            43.3170797
          ],
          [
            5.582015,
            43.3169661
          ]
        ]
      },
      "id": "way/90753427"
    },
    {
      "type": "Feature",
      "properties": {
        "@id": "way/90753438",
        "cycleway": "shoulder",
        "highway": "secondary",
        "maxspeed": "70",
        "ref": "D 7"
      },
      "geometry": {
        "type": "LineString",
        "coordinates": [
          [
            5.5825637,
            43.3800693
          ],
          [
            5.5827111,
            43.3800035
          ],
          [
            5.5827878,
            43.3799692
          ]
        ]
      },
      "id": "way/90753438"
    },
    {
      "type": "Feature",
      "properties": {
        "@id": "way/90753440",
        "cycleway": "no",
        "highway": "secondary",
        "lanes": "1",
        "lit": "yes",
        "maxspeed": "50",
        "oneway": "yes",
        "ref": "D 96",
        "sidewalk": "right",
        "smoothness": "excellent",
        "source:maxspeed": "FR:urban",
        "surface": "asphalt"
      },
      "geometry": {
        "type": "LineString",
        "coordinates": [
          [
            5.5696231,
            43.3004077
          ],
          [
            5.5697793,
            43.3005667
          ],
          [
            5.5698536,
            43.3006267
          ],
          [
            5.5701098,
            43.3008121
          ],
          [
            5.5701506,
            43.3008432
          ]
        ]
      },
      "id": "way/90753440"
    },
    {
      "type": "Feature",
      "properties": {
        "@id": "way/90753454",
        "cycleway": "shoulder",
        "highway": "secondary",
        "lanes": "2",
        "maxspeed": "80",
        "name": "Avenue de la Doulia",
        "ref": "D 7",
        "surface": "asphalt"
      },
      "geometry": {
        "type": "LineString",
        "coordinates": [
          [
            5.5921178,
            43.3775642
          ],
          [
            5.592236,
            43.3775586
          ],
          [
            5.5927447,
            43.3775483
          ],
          [
            5.5928976,
            43.3775532
          ],
          [
            5.5932147,
            43.3775635
          ],
          [
            5.59326,
            43.377565
          ],
          [
            5.593326,
            43.3775743
          ],
          [
            5.5937112,
            43.3776315
          ],
          [
            5.5937549,
            43.3776381
          ],
          [
            5.593774,
            43.377641
          ],
          [
            5.5943084,
            43.3777134
          ],
          [
            5.594394,
            43.377725
          ],
          [
            5.5946487,
            43.3777426
          ],
          [
            5.594727,
            43.377748
          ],
          [
            5.5950816,
            43.3777428
          ],
          [
            5.5951754,
            43.3777414
          ],
          [
            5.595408,
            43.377738
          ],
          [
            5.595749,
            43.377695
          ],
          [
            5.5969561,
            43.3774071
          ],
          [
            5.5971792,
            43.3773539
          ],
          [
            5.5974218,
            43.377296
          ]
        ]
      },
      "id": "way/90753454"
    },
    {
      "type": "Feature",
      "properties": {
        "@id": "way/112732676",
        "cycleway": "lane",
        "highway": "tertiary",
        "name": "Avenue William Booth",
        "name:etymology:wikidata": "Q309882",
        "name:oc": "Avenguda William Booth",
        "source": "Ortho HR 2020",
        "source:name:oc": "ieo-bdtopoc"
      },
      "geometry": {
        "type": "LineString",
        "coordinates": [
          [
            5.4483845,
            43.2965635
          ],
          [
            5.448443,
            43.2966325
          ],
          [
            5.4485987,
            43.2968203
          ],
          [
            5.4486592,
            43.2969062
          ],
          [
            5.4487789,
            43.2970705
          ],
          [
            5.4488357,
            43.2971418
          ],
          [
            5.4489988,
            43.2972989
          ],
          [
            5.4491141,
            43.2974043
          ],
          [
            5.4493271,
            43.2975616
          ],
          [
            5.4494278,
            43.2976346
          ],
          [
            5.449476,
            43.2976671
          ],
          [
            5.4497433,
            43.2978514
          ]
        ]
      },
      "id": "way/112732676"
    },
    {
      "type": "Feature",
      "properties": {
        "@id": "way/112765943",
        "cycleway": "lane",
        "highway": "secondary",
        "name": "Boulevard de la Cartonnerie",
        "name:oc": "Baloard de la Cartonariá",
        "ref": "D 2",
        "source:name:oc": "ieo-bdtopoc",
        "surface": "asphalt"
      },
      "geometry": {
        "type": "LineString",
        "coordinates": [
          [
            5.4577315,
            43.2926475
          ],
          [
            5.4580219,
            43.2925886
          ],
          [
            5.4580795,
            43.2925731
          ],
          [
            5.4582804,
            43.2925188
          ],
          [
            5.4585454,
            43.2924409
          ],
          [
            5.4590464,
            43.2922549
          ],
          [
            5.4591545,
            43.2922147
          ],
          [
            5.4595495,
            43.2920675
          ],
          [
            5.4596927,
            43.2920143
          ],
          [
            5.4597667,
            43.2919868
          ],
          [
            5.4600231,
            43.2918914
          ],
          [
            5.4602861,
            43.2917829
          ],
          [
            5.4610778,
            43.2914906
          ],
          [
            5.4617065,
            43.2912651
          ],
          [
            5.4617903,
            43.2912351
          ],
          [
            5.4621068,
            43.2911153
          ],
          [
            5.4623234,
            43.2910016
          ],
          [
            5.4626106,
            43.2908171
          ],
          [
            5.4627702,
            43.2906938
          ],
          [
            5.4629933,
            43.2905377
          ],
          [
            5.4630577,
            43.290493
          ],
          [
            5.4631123,
            43.2904583
          ],
          [
            5.4632419,
            43.2903748
          ]
        ]
      },
      "id": "way/112765943"
    },
    {
      "type": "Feature",
      "properties": {
        "@id": "way/114960022",
        "cycleway": "lane",
        "highway": "residential",
        "lanes": "2",
        "name": "Impasse Lapalma Marie Dalmasso",
        "name:oc": "Androna Lapalma Maria Dalmasso",
        "source": "BDOrtho IGN",
        "source:name:oc": "ieo-bdtopoc"
      },
      "geometry": {
        "type": "LineString",
        "coordinates": [
          [
            5.4883313,
            43.2985507
          ],
          [
            5.488843,
            43.2986898
          ],
          [
            5.4892795,
            43.2988133
          ],
          [
            5.4893602,
            43.2988551
          ]
        ]
      },
      "id": "way/114960022"
    },
    {
      "type": "Feature",
      "properties": {
        "@id": "way/119518278",
        "cycleway": "lane",
        "highway": "tertiary",
        "name": "Promenade du Grand Large",
        "name:oc": "Passejada de la Mar Desliura",
        "oneway": "yes",
        "oneway:bicycle": "no",
        "oneway:emergency": "no",
        "oneway:psv": "no",
        "source:name:oc": "ieo-bdtopoc"
      },
      "geometry": {
        "type": "LineString",
        "coordinates": [
          [
            5.3669617,
            43.2419786
          ],
          [
            5.3655748,
            43.2418914
          ],
          [
            5.365199,
            43.2418684
          ],
          [
            5.3647077,
            43.2418343
          ],
          [
            5.3646164,
            43.2418217
          ],
          [
            5.3644958,
            43.2418016
          ],
          [
            5.3643683,
            43.2417644
          ],
          [
            5.364207,
            43.2416992
          ],
          [
            5.3641384,
            43.2416672
          ],
          [
            5.3639872,
            43.2415821
          ],
          [
            5.3639204,
            43.2415444
          ],
          [
            5.3637522,
            43.2414519
          ]
        ]
      },
      "id": "way/119518278"
    },
    {
      "type": "Feature",
      "properties": {
        "@id": "way/119969496",
        "busway": "lane",
        "cycleway": "share_busway",
        "highway": "residential",
        "lanes": "2",
        "lit": "yes",
        "maxspeed": "30",
        "name": "Rue Sainte-Barbe",
        "name:etymology:wikidata": "Q192816",
        "name:oc": "Carriera de Santa Barba",
        "oneway": "yes",
        "sidewalk": "right",
        "source:name:oc": "ieo-bdtopoc",
        "surface": "asphalt"
      },
      "geometry": {
        "type": "LineString",
        "coordinates": [
          [
            5.3743213,
            43.2998628
          ],
          [
            5.3743676,
            43.2999112
          ],
          [
            5.3743895,
            43.2999867
          ]
        ]
      },
      "id": "way/119969496"
    },
    {
      "type": "Feature",
      "properties": {
        "@id": "way/119969497",
        "cycleway": "lane",
        "highway": "residential",
        "lanes": "2",
        "maxspeed": "30",
        "name": "Rue Sainte-Barbe",
        "name:etymology:wikidata": "Q192816",
        "name:oc": "Carriera de Santa Barba",
        "oneway": "yes",
        "source:name:oc": "ieo-bdtopoc",
        "surface": "asphalt"
      },
      "geometry": {
        "type": "LineString",
        "coordinates": [
          [
            5.3744627,
            43.3003725
          ],
          [
            5.3744043,
            43.3003325
          ],
          [
            5.3743678,
            43.3002204
          ],
          [
            5.3743046,
            43.3000028
          ],
          [
            5.3742806,
            43.299926
          ],
          [
            5.3743213,
            43.2998628
          ]
        ]
      },
      "id": "way/119969497"
    },
    {
      "type": "Feature",
      "properties": {
        "@id": "way/121291167",
        "cycleway": "no",
        "highway": "tertiary",
        "lane_markings": "no",
        "name": "Rue Breteuil",
        "name:etymology:wikidata": "Q613692",
        "name:oc": "Carriera Bretuelh",
        "oneway": "yes",
        "source:name:oc": "ieo-bdtopoc",
        "surface": "asphalt",
        "wikidata": "Q3447240",
        "wikipedia": "fr:Rue Breteuil"
      },
      "geometry": {
        "type": "LineString",
        "coordinates": [
          [
            5.3777793,
            43.285462
          ],
          [
            5.3778389,
            43.2853137
          ],
          [
            5.378094,
            43.2846796
          ],
          [
            5.3781234,
            43.2846069
          ],
          [
            5.3783694,
            43.2840139
          ],
          [
            5.378394,
            43.2839674
          ],
          [
            5.3784391,
            43.2838581
          ],
          [
            5.3788497,
            43.2828527
          ],
          [
            5.3788703,
            43.282806
          ]
        ]
      },
      "id": "way/121291167"
    },
    {
      "type": "Feature",
      "properties": {
        "@id": "way/123748256",
        "bicycle": "use_sidepath",
        "cycleway": "separate",
        "foot": "use_sidepath",
        "highway": "secondary",
        "lanes": "1",
        "loc_name": "La Corniche",
        "maxspeed": "50",
        "name": "Corniche du Président John Fitzgerald Kennedy",
        "name:etymology:wikidata": "Q9696",
        "name:oc": "Cornissa dau President John Fitzgerald Kennedy",
        "old_name": "Promenade de la Corniche;Chemin de la Corniche",
        "oneway": "yes",
        "sidewalk": "separate",
        "source:name:oc": "ieo-bdtopoc",
        "surface": "asphalt",
        "wikidata": "Q2997551",
        "wikipedia": "fr:Corniche Président John Fitzgerald Kennedy"
      },
      "geometry": {
        "type": "LineString",
        "coordinates": [
          [
            5.3543849,
            43.2786842
          ],
          [
            5.3544835,
            43.2785918
          ],
          [
            5.3545954,
            43.2784597
          ],
          [
            5.3546827,
            43.2783592
          ],
          [
            5.3547862,
            43.2782646
          ],
          [
            5.3549942,
            43.278096
          ],
          [
            5.3551447,
            43.2779768
          ],
          [
            5.3552719,
            43.2778859
          ],
          [
            5.3554479,
            43.277807
          ],
          [
            5.355673,
            43.2777158
          ],
          [
            5.3562919,
            43.2774716
          ],
          [
            5.3564825,
            43.2773818
          ],
          [
            5.3565694,
            43.2773291
          ],
          [
            5.3566167,
            43.2772979
          ],
          [
            5.3566603,
            43.2772691
          ],
          [
            5.3567744,
            43.2771894
          ],
          [
            5.3569626,
            43.2770657
          ],
          [
            5.3572845,
            43.2768421
          ],
          [
            5.3574487,
            43.2767461
          ],
          [
            5.3577158,
            43.2766396
          ],
          [
            5.3580158,
            43.2765255
          ],
          [
            5.3581344,
            43.2764727
          ],
          [
            5.3582497,
            43.2764043
          ],
          [
            5.3583429,
            43.2763352
          ],
          [
            5.3587838,
            43.2759183
          ],
          [
            5.3590833,
            43.2756548
          ],
          [
            5.3591823,
            43.2755875
          ],
          [
            5.3592887,
            43.2755494
          ],
          [
            5.3594098,
            43.2755299
          ],
          [
            5.3595832,
            43.2755094
          ],
          [
            5.3597164,
            43.2754808
          ],
          [
            5.3597969,
            43.2754494
          ],
          [
            5.3598219,
            43.2754384
          ],
          [
            5.3598839,
            43.2754028
          ],
          [
            5.3599567,
            43.2753424
          ],
          [
            5.3600324,
            43.2752321
          ]
        ]
      },
      "id": "way/123748256"
    },
    {
      "type": "Feature",
      "properties": {
        "@id": "way/124839920",
        "access": "private",
        "bicycle": "yes",
        "cycleway": "no",
        "highway": "residential",
        "lanes": "1",
        "name": "Avenue de Tahure",
        "name:oc": "Avenguda de Tahura",
        "oneway": "no",
        "source:name:oc": "ieo-bdtopoc",
        "surface": "asphalt"
      },
      "geometry": {
        "type": "LineString",
        "coordinates": [
          [
            5.400059,
            43.2650658
          ],
          [
            5.4006732,
            43.2652559
          ],
          [
            5.4019592,
            43.2656484
          ],
          [
            5.4025721,
            43.2658408
          ],
          [
            5.4030097,
            43.2659787
          ],
          [
            5.4030329,
            43.265986
          ],
          [
            5.4032544,
            43.266048
          ]
        ]
      },
      "id": "way/124839920"
    },
    {
      "type": "Feature",
      "properties": {
        "@id": "way/125506816",
        "cycleway": "no",
        "highway": "tertiary",
        "lanes": "2",
        "name": "Cours Pierre Puget",
        "name:etymology:wikidata": "Q371979",
        "name:oc": "Cors Pèire Puget",
        "oneway": "yes",
        "oneway:bicycle": "no",
        "smoothness": "good",
        "source:name:oc": "ieo-bdtopoc",
        "surface": "asphalt"
      },
      "geometry": {
        "type": "LineString",
        "coordinates": [
          [
            5.377945,
            43.2904582
          ],
          [
            5.377997,
            43.2905302
          ]
        ]
      },
      "id": "way/125506816"
    },
    {
      "type": "Feature",
      "properties": {
        "@id": "way/133415816",
        "bicycle": "yes",
        "cycleway": "no",
        "foot": "yes",
        "highway": "residential",
        "lanes": "2",
        "name": "Traverse Saint-Pons",
        "name:oc": "travèrsa de Sant Pons",
        "ref:FR:FANTOIR": "132128444S",
        "source:name:oc": "ieo-bdtopoc",
        "surface": "asphalt"
      },
      "geometry": {
        "type": "LineString",
        "coordinates": [
          [
            5.4454463,
            43.3150544
          ],
          [
            5.4454227,
            43.315019
          ],
          [
            5.4454106,
            43.3149696
          ],
          [
            5.4453471,
            43.3146161
          ],
          [
            5.445329,
            43.3145152
          ],
          [
            5.4453268,
            43.314503
          ],
          [
            5.4452773,
            43.3142273
          ],
          [
            5.4453059,
            43.3139938
          ],
          [
            5.4453378,
            43.3137326
          ],
          [
            5.4453883,
            43.3132536
          ],
          [
            5.445411,
            43.3130216
          ],
          [
            5.445485,
            43.312618
          ],
          [
            5.4454432,
            43.3125695
          ]
        ]
      },
      "id": "way/133415816"
    },
    {
      "type": "Feature",
      "properties": {
        "@id": "way/135876183",
        "cycleway": "no",
        "highway": "secondary",
        "lanes": "2",
        "lit": "yes",
        "maxspeed": "30",
        "name": "Avenue Roger Salengro",
        "ref": "D 96",
        "sidewalk": "both",
        "smoothness": "excellent",
        "source:maxspeed": "FR:zone30",
        "surface": "asphalt"
      },
      "geometry": {
        "type": "LineString",
        "coordinates": [
          [
            5.5689489,
            43.2975185
          ],
          [
            5.5689735,
            43.2976249
          ],
          [
            5.5689877,
            43.2976943
          ],
          [
            5.5689973,
            43.2977452
          ],
          [
            5.5690672,
            43.2980984
          ],
          [
            5.5691485,
            43.2985229
          ],
          [
            5.569154,
            43.2985548
          ],
          [
            5.5691662,
            43.2986257
          ],
          [
            5.5692476,
            43.299072
          ],
          [
            5.5692633,
            43.2991537
          ],
          [
            5.5692728,
            43.2992037
          ],
          [
            5.5692928,
            43.299311
          ],
          [
            5.5693782,
            43.299773
          ]
        ]
      },
      "id": "way/135876183"
    },
    {
      "type": "Feature",
      "properties": {
        "@id": "way/135993919",
        "cycleway": "lane",
        "highway": "tertiary",
        "lanes": "2",
        "name": "Avenue André Zénatti",
        "name:etymology:wikidata": "Q85705983",
        "name:oc": "Avenguda Andrieu Zenatti",
        "source:name:oc": "ieo-bdtopoc"
      },
      "geometry": {
        "type": "LineString",
        "coordinates": [
          [
            5.3835545,
            43.2467979
          ],
          [
            5.3834838,
            43.2468224
          ],
          [
            5.383239,
            43.2469071
          ]
        ]
      },
      "id": "way/135993919"
    },
    {
      "type": "Feature",
      "properties": {
        "@id": "way/139420422",
        "access": "yes",
        "bicycle": "yes",
        "cycleway": "no",
        "foot": "yes",
        "highway": "residential",
        "lanes": "2",
        "maxspeed": "50",
        "name": "Boulevard Merle",
        "name:oc": "Baloard Merle",
        "oneway": "no",
        "sidewalk": "both",
        "source:name:oc": "ieo-bdtopoc",
        "surface": "asphalt"
      },
      "geometry": {
        "type": "LineString",
        "coordinates": [
          [
            5.4131614,
            43.3006268
          ],
          [
            5.4130461,
            43.3006036
          ],
          [
            5.4127498,
            43.300544
          ]
        ]
      },
      "id": "way/139420422"
    },
    {
      "type": "Feature",
      "properties": {
        "@id": "way/139762712",
        "bicycle": "yes",
        "cycleway": "share_busway",
        "highway": "busway",
        "name": "Avenue Camille Pelletan",
        "name:etymology:wikidata": "Q2862434",
        "oneway": "yes",
        "source": "survey"
      },
      "geometry": {
        "type": "LineString",
        "coordinates": [
          [
            5.3731299,
            43.3052207
          ],
          [
            5.3731604,
            43.3053155
          ],
          [
            5.3731691,
            43.3053423
          ],
          [
            5.3732886,
            43.3057133
          ],
          [
            5.3734336,
            43.3061637
          ],
          [
            5.3734809,
            43.3063105
          ],
          [
            5.3734897,
            43.3063378
          ],
          [
            5.3735282,
            43.3064575
          ]
        ]
      },
      "id": "way/139762712"
    },
    {
      "type": "Feature",
      "properties": {
        "@id": "way/139896280",
        "access": "yes",
        "bicycle": "yes",
        "cycleway": "no",
        "foot": "yes",
        "highway": "tertiary",
        "lanes": "2",
        "maxspeed": "50",
        "name": "Rue du Docteur Cauvin",
        "name:oc": "Carriera  dau Doctor Cauvin",
        "oneway": "no",
        "sidewalk": "both",
        "source:name:oc": "ieo-bdtopoc",
        "surface": "asphalt"
      },
      "geometry": {
        "type": "LineString",
        "coordinates": [
          [
            5.4176132,
            43.2981107
          ],
          [
            5.4175586,
            43.2981032
          ]
        ]
      },
      "id": "way/139896280"
    },
    {
      "type": "Feature",
      "properties": {
        "@id": "way/140499119",
        "cycleway": "lane",
        "highway": "tertiary",
        "lanes": "2",
        "name": "Rue Charles Kaddouz",
        "name:oc": "Carriera Carles Kaddoz",
        "source:name:oc": "ieo-bdtopoc",
        "surface": "asphalt"
      },
      "geometry": {
        "type": "LineString",
        "coordinates": [
          [
            5.4348693,
            43.3158132
          ],
          [
            5.434799,
            43.3157656
          ],
          [
            5.4343265,
            43.3154675
          ],
          [
            5.4340483,
            43.3152808
          ],
          [
            5.4339223,
            43.3151939
          ],
          [
            5.4335919,
            43.3149841
          ],
          [
            5.4334816,
            43.3149141
          ],
          [
            5.4330552,
            43.3146487
          ],
          [
            5.4328619,
            43.3145322
          ],
          [
            5.4327516,
            43.3144694
          ],
          [
            5.4326595,
            43.3144064
          ],
          [
            5.4324916,
            43.3142851
          ],
          [
            5.4324084,
            43.3142027
          ],
          [
            5.4323836,
            43.3141797
          ],
          [
            5.4323449,
            43.314145
          ],
          [
            5.4320569,
            43.3138862
          ],
          [
            5.4318422,
            43.3136869
          ],
          [
            5.4317453,
            43.3136006
          ],
          [
            5.4316632,
            43.313527
          ],
          [
            5.4311836,
            43.3130923
          ],
          [
            5.4309303,
            43.3128748
          ],
          [
            5.4307905,
            43.3127657
          ],
          [
            5.4306715,
            43.3126568
          ],
          [
            5.4305863,
            43.3125779
          ],
          [
            5.4304208,
            43.312428
          ],
          [
            5.43031,
            43.3123276
          ],
          [
            5.4299833,
            43.3121157
          ],
          [
            5.4297912,
            43.3120055
          ],
          [
            5.4295698,
            43.3118953
          ],
          [
            5.4293175,
            43.3117959
          ],
          [
            5.4290393,
            43.3116882
          ],
          [
            5.4288166,
            43.3116007
          ],
          [
            5.4286963,
            43.3115548
          ],
          [
            5.4286683,
            43.3115441
          ]
        ]
      },
      "id": "way/140499119"
    },
    {
      "type": "Feature",
      "properties": {
        "@id": "way/142061929",
        "cycleway": "no",
        "highway": "secondary",
        "lit": "yes",
        "maxspeed": "50",
        "name": "Route d'Aubagne",
        "oneway": "yes",
        "ref": "D 41E",
        "sidewalk": "right",
        "source:maxspeed": "FR:urban"
      },
      "geometry": {
        "type": "LineString",
        "coordinates": [
          [
            5.5852116,
            43.2649054
          ],
          [
            5.5853462,
            43.264968
          ],
          [
            5.5854769,
            43.2649844
          ]
        ]
      },
      "id": "way/142061929"
    },
    {
      "type": "Feature",
      "properties": {
        "@id": "way/142063487",
        "cycleway": "lane",
        "highway": "tertiary",
        "lanes": "3",
        "lit": "yes",
        "name": "Avenue des Caillols",
        "name:oc": "Avenguda dei Calhòus",
        "oneway": "yes",
        "smoothness": "excellent",
        "source:name:oc": "ieo-bdtopoc",
        "surface": "asphalt"
      },
      "geometry": {
        "type": "LineString",
        "coordinates": [
          [
            5.425706,
            43.3039794
          ],
          [
            5.4256401,
            43.3039981
          ],
          [
            5.4253068,
            43.3040806
          ],
          [
            5.4251895,
            43.3041005
          ]
        ]
      },
      "id": "way/142063487"
    },
    {
      "type": "Feature",
      "properties": {
        "@id": "way/142237232",
        "cycleway": "lane",
        "highway": "residential",
        "lanes": "1",
        "name": "Avenue Jean Compadieu",
        "name:oc": "Avenguda Joan Compadieu",
        "oneway": "yes",
        "source:name:oc": "ieo-bdtopoc"
      },
      "geometry": {
        "type": "LineString",
        "coordinates": [
          [
            5.4324585,
            43.3206472
          ],
          [
            5.4322806,
            43.3205609
          ],
          [
            5.4322417,
            43.3205355
          ],
          [
            5.4322064,
            43.3204964
          ],
          [
            5.4321861,
            43.3204619
          ],
          [
            5.4321749,
            43.3204176
          ],
          [
            5.4321713,
            43.3203945
          ],
          [
            5.4321709,
            43.3203522
          ]
        ]
      },
      "id": "way/142237232"
    },
    {
      "type": "Feature",
      "properties": {
        "@id": "way/142237238",
        "cycleway": "lane",
        "highway": "residential",
        "lanes": "1",
        "maxspeed": "30",
        "name": "Avenue Jean Compadieu",
        "name:oc": "Avenguda Joan Compadieu",
        "oneway": "yes",
        "source:name:oc": "ieo-bdtopoc",
        "surface": "asphalt"
      },
      "geometry": {
        "type": "LineString",
        "coordinates": [
          [
            5.4322791,
            43.3203733
          ],
          [
            5.4322654,
            43.320401
          ],
          [
            5.4322595,
            43.3204282
          ],
          [
            5.4322681,
            43.3204562
          ],
          [
            5.4322933,
            43.3204872
          ],
          [
            5.4323195,
            43.320504
          ],
          [
            5.4325148,
            43.3205859
          ]
        ]
      },
      "id": "way/142237238"
    },
    {
      "type": "Feature",
      "properties": {
        "@id": "way/143399153",
        "cycleway": "no",
        "highway": "tertiary",
        "maxspeed": "50",
        "name": "Chemin de Longuelance",
        "ref": "D 44E",
        "sidewalk": "no",
        "source:maxspeed": "FR:urban",
        "surface": "asphalt"
      },
      "geometry": {
        "type": "LineString",
        "coordinates": [
          [
            5.582233,
            43.319477
          ],
          [
            5.582167,
            43.319408
          ],
          [
            5.581962,
            43.319279
          ],
          [
            5.581573,
            43.319057
          ],
          [
            5.5815125,
            43.3190201
          ],
          [
            5.581452,
            43.3189831
          ]
        ]
      },
      "id": "way/143399153"
    },
    {
      "type": "Feature",
      "properties": {
        "@id": "way/143967207",
        "cycleway": "track",
        "highway": "residential",
        "lanes": "2",
        "name": "Rue Gabriel Audisio",
        "name:oc": "Carriera Gabrièl Audisio",
        "oneway": "no",
        "ref:FR:FANTOIR": "132143827P",
        "source:name:oc": "ieo-bdtopoc"
      },
      "geometry": {
        "type": "LineString",
        "coordinates": [
          [
            5.4041339,
            43.3418203
          ],
          [
            5.4042251,
            43.3418007
          ],
          [
            5.4043221,
            43.3417899
          ],
          [
            5.4044198,
            43.3417887
          ],
          [
            5.4044928,
            43.3418
          ],
          [
            5.4045981,
            43.3418214
          ],
          [
            5.4046954,
            43.3418594
          ],
          [
            5.4047771,
            43.3419057
          ],
          [
            5.4048675,
            43.3419734
          ],
          [
            5.4049662,
            43.3420652
          ],
          [
            5.4050634,
            43.3421882
          ],
          [
            5.4051424,
            43.3422499
          ],
          [
            5.4052191,
            43.3422837
          ],
          [
            5.405298,
            43.3423074
          ],
          [
            5.4053815,
            43.3423194
          ],
          [
            5.4054342,
            43.3423247
          ]
        ]
      },
      "id": "way/143967207"
    },
    {
      "type": "Feature",
      "properties": {
        "@id": "way/146522394",
        "cycleway": "no",
        "destination": "Beaudinard",
        "highway": "tertiary",
        "lane_markings": "no",
        "lit": "yes",
        "name": "Route de Beaudinard",
        "oneway": "yes",
        "ref": "D 43",
        "surface": "asphalt"
      },
      "geometry": {
        "type": "LineString",
        "coordinates": [
          [
            5.575936,
            43.2981723
          ],
          [
            5.5758621,
            43.2982641
          ],
          [
            5.5758431,
            43.2984302
          ],
          [
            5.5758293,
            43.2985515
          ]
        ]
      },
      "id": "way/146522394"
    },
    {
      "type": "Feature",
      "properties": {
        "@id": "way/151730783",
        "cycleway": "lane",
        "highway": "tertiary",
        "lanes": "3",
        "lit": "yes",
        "name": "Avenue des Caillols",
        "name:oc": "Avenguda dei Calhòus",
        "oneway": "yes",
        "smoothness": "excellent",
        "source:name:oc": "ieo-bdtopoc",
        "surface": "asphalt"
      },
      "geometry": {
        "type": "LineString",
        "coordinates": [
          [
            5.4251956,
            43.3039131
          ],
          [
            5.4256249,
            43.3038127
          ],
          [
            5.4257123,
            43.3037872
          ]
        ]
      },
      "id": "way/151730783"
    },
    {
      "type": "Feature",
      "properties": {
        "@id": "way/152800317",
        "access": "yes",
        "bicycle": "yes",
        "cycleway": "no",
        "foot": "yes",
        "highway": "residential",
        "maxspeed": "50",
        "motor_vehicle": "yes",
        "name": "Rue Richard Mandin",
        "name:oc": "Carriera Ricard Mandin",
        "oneway": "no",
        "source:name:oc": "ieo-bdtopoc",
        "surface": "asphalt"
      },
      "geometry": {
        "type": "LineString",
        "coordinates": [
          [
            5.4244815,
            43.2677272
          ],
          [
            5.4246247,
            43.2678058
          ],
          [
            5.4249432,
            43.2679359
          ],
          [
            5.4250386,
            43.2679625
          ],
          [
            5.4251205,
            43.2679926
          ],
          [
            5.425742,
            43.268461
          ],
          [
            5.425819,
            43.2685183
          ]
        ]
      },
      "id": "way/152800317"
    },
    {
      "type": "Feature",
      "properties": {
        "@id": "way/155063606",
        "bicycle": "yes",
        "cycleway": "no",
        "foot": "yes",
        "highway": "residential",
        "maxspeed": "50",
        "name": "Boulevard de la Petite Rente",
        "name:oc": "Baloard de la Rendona",
        "oneway": "no",
        "source:name:oc": "ieo-bdtopoc"
      },
      "geometry": {
        "type": "LineString",
        "coordinates": [
          [
            5.4583325,
            43.2887342
          ],
          [
            5.4583426,
            43.288679
          ],
          [
            5.4583914,
            43.2879771
          ],
          [
            5.4583631,
            43.2874942
          ]
        ]
      },
      "id": "way/155063606"
    },
    {
      "type": "Feature",
      "properties": {
        "@id": "way/156861611",
        "access": "yes",
        "bicycle": "designated",
        "cycleway": "no",
        "foot": "yes",
        "highway": "residential",
        "lanes": "2",
        "maxspeed": "30",
        "motor_vehicle": "designated",
        "name": "Allée de la Pinède",
        "name:oc": "Andana de la Pineda",
        "oneway": "no",
        "source:name:oc": "ieo-bdtopoc",
        "surface": "asphalt"
      },
      "geometry": {
        "type": "LineString",
        "coordinates": [
          [
            5.5180172,
            43.2766313
          ],
          [
            5.5183999,
            43.2782609
          ]
        ]
      },
      "id": "way/156861611"
    },
    {
      "type": "Feature",
      "properties": {
        "@id": "way/159919025",
        "access": "yes",
        "bicycle": "yes",
        "cycleway": "no",
        "foot": "yes",
        "highway": "tertiary",
        "lanes": "2",
        "maxspeed": "50",
        "motor_vehicle": "yes",
        "name": "Chemin de la Queirade",
        "name:oc": "Camin de la Cairada",
        "oneway": "no",
        "source:name:oc": "ieo-bdtopoc",
        "surface": "asphalt"
      },
      "geometry": {
        "type": "LineString",
        "coordinates": [
          [
            5.5289489,
            43.2757818
          ],
          [
            5.5288836,
            43.2759691
          ],
          [
            5.5287949,
            43.2762119
          ],
          [
            5.5287212,
            43.2764749
          ],
          [
            5.5287089,
            43.2765612
          ],
          [
            5.5286701,
            43.2768774
          ],
          [
            5.5286591,
            43.2770086
          ],
          [
            5.5286729,
            43.2771233
          ],
          [
            5.5288091,
            43.2775426
          ],
          [
            5.5288139,
            43.2776285
          ],
          [
            5.5288704,
            43.2778486
          ],
          [
            5.5289129,
            43.2780167
          ],
          [
            5.5289642,
            43.2782393
          ],
          [
            5.5290036,
            43.2785134
          ],
          [
            5.5290265,
            43.2786748
          ],
          [
            5.5290558,
            43.2787367
          ],
          [
            5.5292362,
            43.2789901
          ],
          [
            5.5293744,
            43.2791443
          ]
        ]
      },
      "id": "way/159919025"
    },
    {
      "type": "Feature",
      "properties": {
        "@id": "way/160084620",
        "access": "yes",
        "bicycle": "yes",
        "cycleway": "no",
        "foot": "yes",
        "highway": "tertiary",
        "lanes": "2",
        "maxspeed": "50",
        "name": "Boulevard Jean-Jacques Rousseau",
        "name:oc": "Baloard Jean-Jacques Rousseau",
        "old_name": "Chemin de Cassis",
        "oneway": "no",
        "source:name:oc": "ieo-bdtopoc",
        "surface": "asphalt"
      },
      "geometry": {
        "type": "LineString",
        "coordinates": [
          [
            5.5222586,
            43.2769359
          ],
          [
            5.5223711,
            43.2769143
          ],
          [
            5.5224857,
            43.276889
          ],
          [
            5.5226995,
            43.2768417
          ],
          [
            5.5231941,
            43.2767119
          ],
          [
            5.5233032,
            43.276678
          ],
          [
            5.5235486,
            43.2765657
          ],
          [
            5.524022,
            43.2762689
          ],
          [
            5.5241615,
            43.2762093
          ],
          [
            5.5243435,
            43.2761451
          ],
          [
            5.5244297,
            43.2761234
          ],
          [
            5.5246555,
            43.2760928
          ],
          [
            5.5249633,
            43.2760524
          ],
          [
            5.5254462,
            43.2759994
          ],
          [
            5.5259264,
            43.2759447
          ],
          [
            5.5259961,
            43.2759359
          ],
          [
            5.5266609,
            43.2758693
          ],
          [
            5.5267381,
            43.2758658
          ],
          [
            5.5268772,
            43.2758578
          ],
          [
            5.5270296,
            43.2758423
          ],
          [
            5.5271616,
            43.2758129
          ],
          [
            5.527278,
            43.2757813
          ],
          [
            5.5275262,
            43.2757078
          ],
          [
            5.5281284,
            43.2755278
          ],
          [
            5.52849,
            43.2754278
          ]
        ]
      },
      "id": "way/160084620"
    },
    {
      "type": "Feature",
      "properties": {
        "@id": "way/161861448",
        "cycleway": "lane",
        "highway": "secondary",
        "name": "Avenue de la Marche pour l’égalité et contre le racisme",
        "name:oc": "Avenguda Alexandre Ansaldi",
        "old_name": "Avenue Alexandre Ansaldi",
        "ref": "D 4",
        "ref:FR:FANTOIR": "132140190L",
        "source": "BD Ortho IGN 2016",
        "source:name:oc": "ieo-bdtopoc"
      },
      "geometry": {
        "type": "LineString",
        "coordinates": [
          [
            5.4041419,
            43.3321314
          ],
          [
            5.4039882,
            43.3324343
          ],
          [
            5.4038621,
            43.3326649
          ],
          [
            5.4037867,
            43.3327752
          ],
          [
            5.4036716,
            43.3329095
          ],
          [
            5.4035461,
            43.3330104
          ],
          [
            5.4034147,
            43.3331025
          ],
          [
            5.4031762,
            43.3332554
          ]
        ]
      },
      "id": "way/161861448"
    },
    {
      "type": "Feature",
      "properties": {
        "@id": "way/162767513",
        "access": "yes",
        "bicycle": "yes",
        "cycleway": "no",
        "foot": "yes",
        "highway": "tertiary",
        "horse": "no",
        "name": "Boulevard de la Valbarelle",
        "name:oc": "Baloard de La Val Barèla",
        "old_ref": "N 8",
        "oneway": "yes",
        "ref": "D 8n",
        "source:name:oc": "ieo-bdtopoc",
        "surface": "asphalt"
      },
      "geometry": {
        "type": "LineString",
        "coordinates": [
          [
            5.4459637,
            43.2870201
          ],
          [
            5.4460425,
            43.2870287
          ],
          [
            5.446212,
            43.2870836
          ],
          [
            5.4462603,
            43.2871119
          ],
          [
            5.4463822,
            43.2871509
          ],
          [
            5.4465739,
            43.2871967
          ],
          [
            5.4466652,
            43.2872124
          ],
          [
            5.446788,
            43.2872341
          ],
          [
            5.4470328,
            43.287275
          ],
          [
            5.447509,
            43.2873725
          ],
          [
            5.4475145,
            43.287372
          ],
          [
            5.4477107,
            43.287415
          ],
          [
            5.447748,
            43.2874228
          ],
          [
            5.4478798,
            43.2874504
          ],
          [
            5.4480528,
            43.2874866
          ],
          [
            5.4481088,
            43.2874987
          ],
          [
            5.4483394,
            43.2875413
          ],
          [
            5.4485082,
            43.2875697
          ],
          [
            5.4487161,
            43.2876206
          ],
          [
            5.4488275,
            43.2876582
          ],
          [
            5.4488675,
            43.2876732
          ],
          [
            5.4490389,
            43.2877326
          ]
        ]
      },
      "id": "way/162767513"
    },
    {
      "type": "Feature",
      "properties": {
        "@id": "way/162767523",
        "access": "yes",
        "bicycle": "yes",
        "cycleway": "no",
        "foot": "yes",
        "highway": "tertiary",
        "horse": "no",
        "lanes": "2",
        "name": "Boulevard de la Valbarelle",
        "name:oc": "Baloard de La Val Barèla",
        "old_ref": "N 8",
        "oneway": "no",
        "ref": "D 8n",
        "source:name:oc": "ieo-bdtopoc",
        "surface": "asphalt"
      },
      "geometry": {
        "type": "LineString",
        "coordinates": [
          [
            5.4490389,
            43.2877326
          ],
          [
            5.4491744,
            43.2877719
          ],
          [
            5.4496818,
            43.2879307
          ],
          [
            5.4501801,
            43.2880867
          ],
          [
            5.4503869,
            43.2881311
          ],
          [
            5.4504611,
            43.2881476
          ],
          [
            5.4505507,
            43.2881656
          ],
          [
            5.4506229,
            43.2881799
          ],
          [
            5.450703,
            43.2881967
          ],
          [
            5.4508711,
            43.2882277
          ],
          [
            5.4515849,
            43.2883644
          ],
          [
            5.4525364,
            43.2885584
          ],
          [
            5.4532494,
            43.2885727
          ],
          [
            5.4536307,
            43.2885791
          ],
          [
            5.4537127,
            43.2885811
          ],
          [
            5.4541634,
            43.2885917
          ],
          [
            5.4542486,
            43.2885937
          ],
          [
            5.4546105,
            43.2885999
          ],
          [
            5.4547935,
            43.288603
          ],
          [
            5.4550405,
            43.2886104
          ],
          [
            5.4552704,
            43.2886205
          ],
          [
            5.4553684,
            43.2886217
          ],
          [
            5.4556094,
            43.2886246
          ]
        ]
      },
      "id": "way/162767523"
    },
    {
      "type": "Feature",
      "properties": {
        "@id": "way/164288022",
        "cycleway": "lane",
        "highway": "residential",
        "lanes": "2",
        "name": "Chemin de Morgiou",
        "name:etymology:wikidata": "Q2933600",
        "name:oc": "Camin de Morgiu",
        "source:name:oc": "ieo-bdtopoc",
        "surface": "asphalt"
      },
      "geometry": {
        "type": "LineString",
        "coordinates": [
          [
            5.4153816,
            43.2284395
          ],
          [
            5.4153052,
            43.2285848
          ],
          [
            5.4152923,
            43.2286118
          ],
          [
            5.4150959,
            43.2290352
          ],
          [
            5.4147254,
            43.229839
          ],
          [
            5.4145365,
            43.2301645
          ],
          [
            5.414398,
            43.2303786
          ]
        ]
      },
      "id": "way/164288022"
    },
    {
      "type": "Feature",
      "properties": {
        "@id": "way/165296414",
        "cycleway": "lane",
        "highway": "tertiary",
        "lanes": "1",
        "name": "Avenue André Zénatti",
        "name:etymology:wikidata": "Q85705983",
        "name:oc": "Avenguda Andrieu Zenatti",
        "source:name:oc": "ieo-bdtopoc"
      },
      "geometry": {
        "type": "LineString",
        "coordinates": [
          [
            5.3934668,
            43.2457932
          ],
          [
            5.3937764,
            43.2458044
          ],
          [
            5.3942028,
            43.2458174
          ]
        ]
      },
      "id": "way/165296414"
    },
    {
      "type": "Feature",
      "properties": {
        "@id": "way/169984982",
        "access": "yes",
        "bicycle": "yes",
        "cycleway": "no",
        "foot": "yes",
        "highway": "tertiary",
        "horse": "no",
        "lanes": "2",
        "lit": "yes",
        "maxspeed": "30",
        "maxweight:signed": "no",
        "name": "Boulevard de Saint-Marcel",
        "name:oc": "Baloard de Sant Marcèu",
        "old_ref": "N 8",
        "oneway": "no",
        "ref": "D 8n",
        "shoulder": "no",
        "sidewalk": "both",
        "source:name:oc": "ieo-bdtopoc",
        "surface": "asphalt"
      },
      "geometry": {
        "type": "LineString",
        "coordinates": [
          [
            5.4593413,
            43.2887653
          ],
          [
            5.4594779,
            43.2887695
          ],
          [
            5.4596968,
            43.2887763
          ],
          [
            5.4597314,
            43.2887774
          ],
          [
            5.460011,
            43.2887839
          ],
          [
            5.4600865,
            43.2887858
          ],
          [
            5.4602015,
            43.2887886
          ],
          [
            5.460677,
            43.2888004
          ],
          [
            5.4607484,
            43.2888022
          ],
          [
            5.4610959,
            43.2888127
          ],
          [
            5.4611482,
            43.2888151
          ],
          [
            5.4615359,
            43.2887646
          ],
          [
            5.4616965,
            43.2887359
          ],
          [
            5.4618479,
            43.2886923
          ],
          [
            5.4618748,
            43.2886846
          ],
          [
            5.4619241,
            43.2886676
          ],
          [
            5.4622525,
            43.2885543
          ],
          [
            5.4623441,
            43.2885245
          ],
          [
            5.4623919,
            43.2885088
          ],
          [
            5.462588,
            43.2884366
          ],
          [
            5.4627836,
            43.2883634
          ],
          [
            5.4630229,
            43.2882785
          ],
          [
            5.4633178,
            43.288174
          ],
          [
            5.4637078,
            43.2880426
          ],
          [
            5.4640067,
            43.2879396
          ],
          [
            5.4643616,
            43.2878174
          ],
          [
            5.4648094,
            43.2876595
          ],
          [
            5.46497,
            43.2876034
          ],
          [
            5.4650801,
            43.2875662
          ],
          [
            5.4652403,
            43.2875078
          ],
          [
            5.4657258,
            43.28734
          ],
          [
            5.4658903,
            43.2872797
          ],
          [
            5.4659642,
            43.2872536
          ],
          [
            5.4666399,
            43.2870143
          ],
          [
            5.4667319,
            43.286984
          ],
          [
            5.4670354,
            43.2868746
          ],
          [
            5.4671146,
            43.2868461
          ],
          [
            5.4677755,
            43.2866075
          ],
          [
            5.468004,
            43.2865221
          ],
          [
            5.468219,
            43.2864613
          ],
          [
            5.4682337,
            43.2864571
          ],
          [
            5.4686696,
            43.2863709
          ],
          [
            5.468986,
            43.2863329
          ],
          [
            5.469188,
            43.2863227
          ],
          [
            5.4694784,
            43.2863156
          ],
          [
            5.4700758,
            43.2863055
          ],
          [
            5.4702761,
            43.2863041
          ]
        ]
      },
      "id": "way/169984982"
    },
    {
      "type": "Feature",
      "properties": {
        "@id": "way/169984983",
        "access": "yes",
        "bicycle": "yes",
        "cycleway": "no",
        "foot": "yes",
        "highway": "tertiary",
        "horse": "no",
        "lanes": "2",
        "name": "Boulevard de la Barasse",
        "name:oc": "Baloard de la Barassa",
        "old_ref": "N 8",
        "oneway": "no",
        "ref": "D 8n",
        "source:name:oc": "ieo-bdtopoc",
        "surface": "asphalt"
      },
      "geometry": {
        "type": "LineString",
        "coordinates": [
          [
            5.4744698,
            43.2862582
          ],
          [
            5.4747627,
            43.286269
          ],
          [
            5.474858,
            43.2862725
          ],
          [
            5.4754387,
            43.2862698
          ],
          [
            5.476034,
            43.286258
          ],
          [
            5.4761548,
            43.2862561
          ],
          [
            5.4764841,
            43.2862484
          ],
          [
            5.4767116,
            43.2862369
          ],
          [
            5.4768067,
            43.2862316
          ],
          [
            5.4769174,
            43.2862227
          ],
          [
            5.4770594,
            43.2862094
          ],
          [
            5.4773176,
            43.2861801
          ],
          [
            5.4773738,
            43.2861719
          ],
          [
            5.4774455,
            43.2861614
          ],
          [
            5.4775662,
            43.2861438
          ],
          [
            5.4777859,
            43.2861115
          ],
          [
            5.4783241,
            43.2860356
          ],
          [
            5.4786761,
            43.2859833
          ],
          [
            5.4792227,
            43.2858841
          ]
        ]
      },
      "id": "way/169984983"
    },
    {
      "type": "Feature",
      "properties": {
        "@id": "way/169993739",
        "access": "yes",
        "bicycle": "yes",
        "cycleway": "no",
        "foot": "yes",
        "highway": "tertiary",
        "horse": "no",
        "lanes": "3",
        "lanes:backward": "2",
        "lanes:forward": "1",
        "name": "Boulevard de la Valbarelle",
        "name:oc": "Baloard de la Val Barèla",
        "old_ref": "N 8",
        "oneway": "no",
        "ref": "D 8n",
        "source": "Bing",
        "source:name:oc": "ieo-bdtopoc",
        "surface": "asphalt"
      },
      "geometry": {
        "type": "LineString",
        "coordinates": [
          [
            5.4424867,
            43.2858213
          ],
          [
            5.4425508,
            43.2858451
          ]
        ]
      },
      "id": "way/169993739"
    },
    {
      "type": "Feature",
      "properties": {
        "@id": "way/170368013",
        "cycleway": "no",
        "highway": "tertiary",
        "lit": "yes",
        "maxspeed": "80",
        "name": "Route de Beaudinard",
        "ref": "D 43",
        "sidewalk": "no",
        "source:maxspeed": "FR:rural",
        "surface": "asphalt"
      },
      "geometry": {
        "type": "LineString",
        "coordinates": [
          [
            5.5907177,
            43.3162581
          ],
          [
            5.5909095,
            43.3163025
          ],
          [
            5.5911456,
            43.3163876
          ],
          [
            5.5913361,
            43.3165161
          ],
          [
            5.5914422,
            43.3166088
          ],
          [
            5.5916314,
            43.3167741
          ],
          [
            5.5916809,
            43.3168173
          ],
          [
            5.5917738,
            43.3168984
          ],
          [
            5.5922298,
            43.3172918
          ],
          [
            5.5923193,
            43.3173535
          ],
          [
            5.5924046,
            43.3173942
          ],
          [
            5.5925507,
            43.3174316
          ],
          [
            5.5927081,
            43.3174392
          ],
          [
            5.5933127,
            43.3173577
          ],
          [
            5.5938493,
            43.31729
          ]
        ]
      },
      "id": "way/170368013"
    },
    {
      "type": "Feature",
      "properties": {
        "@id": "way/170368015",
        "cycleway": "no",
        "highway": "tertiary",
        "lit": "yes",
        "maxspeed": "80",
        "name": "Route de Beaudinard",
        "ref": "D 43",
        "sidewalk": "no",
        "source:maxspeed": "FR:rural",
        "surface": "asphalt"
      },
      "geometry": {
        "type": "LineString",
        "coordinates": [
          [
            5.5901799,
            43.3161087
          ],
          [
            5.5903643,
            43.3161628
          ]
        ]
      },
      "id": "way/170368015"
    },
    {
      "type": "Feature",
      "properties": {
        "@id": "way/170583233",
        "cycleway": "lane",
        "highway": "tertiary",
        "lanes": "2",
        "name": "Chemin Saint-Jean-du-Désert",
        "name:oc": "Camin de Sant Joan dau Desèrt",
        "source:name:oc": "ieo-bdtopoc"
      },
      "geometry": {
        "type": "LineString",
        "coordinates": [
          [
            5.4175722,
            43.2950612
          ],
          [
            5.4175956,
            43.2950652
          ],
          [
            5.4178136,
            43.2951022
          ],
          [
            5.4179494,
            43.2951253
          ],
          [
            5.4182382,
            43.2951836
          ],
          [
            5.4183814,
            43.2952174
          ],
          [
            5.4189655,
            43.2954094
          ],
          [
            5.4191232,
            43.29546
          ],
          [
            5.4191901,
            43.2954815
          ],
          [
            5.4192673,
            43.2955126
          ],
          [
            5.4193089,
            43.2955297
          ]
        ]
      },
      "id": "way/170583233"
    },
    {
      "type": "Feature",
      "properties": {
        "@id": "way/171145081",
        "cycleway": "no",
        "highway": "secondary",
        "lanes": "1",
        "lit": "yes",
        "maxspeed": "50",
        "oneway": "yes",
        "sidewalk": "both",
        "source:maxspeed": "FR:urban",
        "surface": "asphalt"
      },
      "geometry": {
        "type": "LineString",
        "coordinates": [
          [
            5.5914335,
            43.2982516
          ],
          [
            5.5912847,
            43.2982837
          ],
          [
            5.5911721,
            43.2983033
          ],
          [
            5.5910568,
            43.2983579
          ],
          [
            5.5909512,
            43.2984427
          ],
          [
            5.5909038,
            43.2985278
          ],
          [
            5.5908905,
            43.2986756
          ]
        ]
      },
      "id": "way/171145081"
    },
    {
      "type": "Feature",
      "properties": {
        "@id": "way/172425357",
        "access": "yes",
        "covered": "no",
        "cutting": "no",
        "cycleway": "lane",
        "embankment": "no",
        "ford": "no",
        "highway": "tertiary",
        "lanes": "2",
        "lit": "yes",
        "maxspeed": "30",
        "name": "Promenade du Grand Large",
        "name:oc": "Passejada de la Mar Desliura",
        "oneway": "no",
        "oneway:bicycle": "no",
        "smoothness": "good",
        "source:name:oc": "ieo-bdtopoc",
        "surface": "asphalt",
        "tunnel": "no"
      },
      "geometry": {
        "type": "LineString",
        "coordinates": [
          [
            5.3637522,
            43.2414519
          ],
          [
            5.363265,
            43.2411913
          ],
          [
            5.3632436,
            43.2411798
          ],
          [
            5.3630821,
            43.2410749
          ],
          [
            5.3629246,
            43.2409134
          ],
          [
            5.362814,
            43.2406529
          ],
          [
            5.3628,
            43.2404784
          ],
          [
            5.3627939,
            43.2404054
          ],
          [
            5.3627913,
            43.2403743
          ],
          [
            5.3628007,
            43.2402206
          ],
          [
            5.3628065,
            43.240126
          ],
          [
            5.3628192,
            43.2397189
          ],
          [
            5.3627927,
            43.2394289
          ],
          [
            5.3627703,
            43.2393263
          ],
          [
            5.3627648,
            43.2392947
          ],
          [
            5.3627584,
            43.2392531
          ],
          [
            5.3627785,
            43.2392033
          ],
          [
            5.3628127,
            43.2391662
          ],
          [
            5.3628556,
            43.2391437
          ],
          [
            5.362922,
            43.2391271
          ]
        ]
      },
      "id": "way/172425357"
    },
    {
      "type": "Feature",
      "properties": {
        "@id": "way/172495696",
        "access": "yes",
        "bicycle": "yes",
        "cycleway": "no",
        "foot": "yes",
        "highway": "residential",
        "lanes": "2",
        "maxspeed": "30",
        "motor_vehicle": "yes",
        "name": "Boulevard du Bocage",
        "name:oc": "Baloard dau Boscatge",
        "oneway": "no",
        "source:name:oc": "ieo-bdtopoc",
        "surface": "asphalt"
      },
      "geometry": {
        "type": "LineString",
        "coordinates": [
          [
            5.5196381,
            43.2778522
          ],
          [
            5.5195831,
            43.2775363
          ],
          [
            5.5196924,
            43.2772485
          ],
          [
            5.5197481,
            43.2770529
          ],
          [
            5.5198516,
            43.2767155
          ],
          [
            5.5198079,
            43.2762723
          ],
          [
            5.5197289,
            43.2759529
          ],
          [
            5.5196543,
            43.2758159
          ],
          [
            5.5195231,
            43.2757092
          ],
          [
            5.5194148,
            43.2755845
          ],
          [
            5.519357,
            43.2754237
          ],
          [
            5.5193531,
            43.2752955
          ],
          [
            5.5193711,
            43.2752212
          ],
          [
            5.519439,
            43.275108
          ],
          [
            5.519532,
            43.2750259
          ],
          [
            5.5196715,
            43.2749322
          ],
          [
            5.5199183,
            43.2747994
          ],
          [
            5.5201959,
            43.2746188
          ],
          [
            5.5204761,
            43.2744302
          ],
          [
            5.5206854,
            43.274276
          ],
          [
            5.5207962,
            43.2742644
          ],
          [
            5.5208811,
            43.2742662
          ],
          [
            5.5209965,
            43.2743248
          ],
          [
            5.5210368,
            43.2744166
          ],
          [
            5.5210984,
            43.2746275
          ],
          [
            5.5211735,
            43.2749322
          ],
          [
            5.521195,
            43.2752231
          ],
          [
            5.5211816,
            43.2753813
          ],
          [
            5.5211414,
            43.2755102
          ],
          [
            5.5210877,
            43.2755785
          ],
          [
            5.5209923,
            43.2756524
          ],
          [
            5.5210167,
            43.2757974
          ],
          [
            5.5210354,
            43.2759027
          ],
          [
            5.5210917,
            43.2760648
          ],
          [
            5.5212004,
            43.2762327
          ],
          [
            5.5213742,
            43.2764564
          ],
          [
            5.521431,
            43.2765286
          ],
          [
            5.5215056,
            43.2766644
          ],
          [
            5.521545,
            43.2767669
          ],
          [
            5.521584,
            43.2769963
          ]
        ]
      },
      "id": "way/172495696"
    },
    {
      "type": "Feature",
      "properties": {
        "@id": "way/172495697",
        "access": "yes",
        "bicycle": "yes",
        "cycleway": "no",
        "foot": "yes",
        "highway": "residential",
        "lanes": "2",
        "maxspeed": "30",
        "motor_vehicle": "yes",
        "name": "Boulevard du Bocage",
        "name:oc": "Baloard dau Boscatge",
        "oneway": "no",
        "source:name:oc": "ieo-bdtopoc",
        "surface": "asphalt"
      },
      "geometry": {
        "type": "LineString",
        "coordinates": [
          [
            5.5196543,
            43.2758159
          ],
          [
            5.5199949,
            43.2757824
          ],
          [
            5.5208746,
            43.2756672
          ],
          [
            5.5209923,
            43.2756524
          ]
        ]
      },
      "id": "way/172495697"
    },
    {
      "type": "Feature",
      "properties": {
        "@id": "way/176937646",
        "cycleway": "no",
        "embankment": "right",
        "highway": "secondary",
        "lanes": "1",
        "lit": "yes",
        "maxspeed": "50",
        "name": "Route de Gémenos",
        "oneway": "yes",
        "ref": "D 2",
        "sidewalk": "right",
        "source:maxspeed": "FR:urban",
        "surface": "asphalt"
      },
      "geometry": {
        "type": "LineString",
        "coordinates": [
          [
            5.5909857,
            43.2980512
          ],
          [
            5.5911126,
            43.2981126
          ],
          [
            5.5911817,
            43.2981505
          ],
          [
            5.5915422,
            43.2982026
          ],
          [
            5.5925968,
            43.2983332
          ]
        ]
      },
      "id": "way/176937646"
    },
    {
      "type": "Feature",
      "properties": {
        "@id": "way/177168333",
        "cycleway": "lane",
        "cycleway:both": "no",
        "highway": "secondary",
        "lanes": "2",
        "lit": "yes",
        "maxspeed": "50",
        "name": "Route de Gémenos",
        "ref": "D 2",
        "sidewalk": "no",
        "smoothness": "excellent",
        "source:maxspeed": "FR:urban",
        "surface": "asphalt"
      },
      "geometry": {
        "type": "LineString",
        "coordinates": [
          [
            5.5837642,
            43.2964266
          ],
          [
            5.5842488,
            43.2965336
          ],
          [
            5.5846428,
            43.2966583
          ],
          [
            5.5847763,
            43.2967206
          ],
          [
            5.5848487,
            43.2967587
          ],
          [
            5.5849267,
            43.2967997
          ],
          [
            5.5851263,
            43.2968948
          ],
          [
            5.5855994,
            43.2971203
          ]
        ]
      },
      "id": "way/177168333"
    },
    {
      "type": "Feature",
      "properties": {
        "@id": "way/177828416",
        "bicycle": "yes",
        "cycleway": "no",
        "foot": "yes",
        "highway": "residential",
        "lanes": "1",
        "maxspeed": "30",
        "name": "Allée Robert Govi",
        "oneway": "yes",
        "surface": "asphalt"
      },
      "geometry": {
        "type": "LineString",
        "coordinates": [
          [
            5.5713782,
            43.2959851
          ],
          [
            5.5713986,
            43.2960171
          ],
          [
            5.5716948,
            43.2965629
          ],
          [
            5.5717045,
            43.2965942
          ],
          [
            5.5716811,
            43.2966323
          ],
          [
            5.5716461,
            43.296646
          ],
          [
            5.5715945,
            43.2966472
          ],
          [
            5.5708018,
            43.2965238
          ],
          [
            5.5707496,
            43.2964991
          ],
          [
            5.5707335,
            43.296478
          ],
          [
            5.5706175,
            43.2962511
          ],
          [
            5.5706019,
            43.2962217
          ],
          [
            5.5705666,
            43.2961656
          ]
        ]
      },
      "id": "way/177828416"
    },
    {
      "type": "Feature",
      "properties": {
        "@id": "way/177922572",
        "access": "no",
        "bicycle": "no",
        "cycleway": "no",
        "foot": "no",
        "highway": "service",
        "motor_vehicle": "no"
      },
      "geometry": {
        "type": "LineString",
        "coordinates": [
          [
            5.5545286,
            43.2932314
          ],
          [
            5.5545286,
            43.2931573
          ],
          [
            5.5545367,
            43.2930635
          ],
          [
            5.5545823,
            43.2928312
          ],
          [
            5.5545501,
            43.2927258
          ],
          [
            5.5544803,
            43.2926555
          ],
          [
            5.5543623,
            43.2926048
          ],
          [
            5.554188,
            43.2925306
          ],
          [
            5.5540136,
            43.2924603
          ],
          [
            5.5539251,
            43.29239
          ],
          [
            5.5538768,
            43.2923236
          ],
          [
            5.5538902,
            43.2922221
          ],
          [
            5.5539063,
            43.2920679
          ],
          [
            5.5539841,
            43.2917633
          ],
          [
            5.5539895,
            43.2916091
          ],
          [
            5.5539224,
            43.2914861
          ],
          [
            5.5537293,
            43.2913963
          ],
          [
            5.5535907,
            43.2913652
          ],
          [
            5.553453,
            43.2913397
          ],
          [
            5.5532063,
            43.2913436
          ],
          [
            5.5530588,
            43.2913768
          ],
          [
            5.5528174,
            43.2915193
          ],
          [
            5.5527147,
            43.2916045
          ]
        ]
      },
      "id": "way/177922572"
    },
    {
      "type": "Feature",
      "properties": {
        "@id": "way/177922576",
        "access": "no",
        "bicycle": "no",
        "bridge": "yes",
        "cycleway": "no",
        "foot": "no",
        "highway": "service",
        "layer": "1",
        "motor_vehicle": "no"
      },
      "geometry": {
        "type": "LineString",
        "coordinates": [
          [
            5.5545769,
            43.2933505
          ],
          [
            5.5545286,
            43.2932314
          ]
        ]
      },
      "id": "way/177922576"
    },
    {
      "type": "Feature",
      "properties": {
        "@id": "way/177922581",
        "access": "no",
        "bicycle": "no",
        "cycleway": "no",
        "foot": "no",
        "highway": "service",
        "motor_vehicle": "no"
      },
      "geometry": {
        "type": "LineString",
        "coordinates": [
          [
            5.5547351,
            43.2944399
          ],
          [
            5.5547137,
            43.2945316
          ],
          [
            5.554703,
            43.2946058
          ],
          [
            5.5547834,
            43.2946585
          ],
          [
            5.5548719,
            43.2947034
          ],
          [
            5.5550034,
            43.2947405
          ],
          [
            5.5550838,
            43.2947659
          ],
          [
            5.5552206,
            43.2947776
          ],
          [
            5.5553172,
            43.2947249
          ],
          [
            5.5554191,
            43.2944984
          ],
          [
            5.5555586,
            43.2941919
          ],
          [
            5.5556471,
            43.2939655
          ]
        ]
      },
      "id": "way/177922581"
    },
    {
      "type": "Feature",
      "properties": {
        "@id": "way/179195262",
        "bicycle": "yes",
        "cycleway": "no",
        "foot": "yes",
        "highway": "residential",
        "name": "Avenue des Pégoulières",
        "name:oc": "Avenguda dei Pegolieras",
        "source:name:oc": "ieo-bdtopoc",
        "surface": "asphalt"
      },
      "geometry": {
        "type": "LineString",
        "coordinates": [
          [
            5.578366,
            43.383379
          ],
          [
            5.5784748,
            43.3834082
          ],
          [
            5.5785108,
            43.3834179
          ],
          [
            5.5788595,
            43.3834978
          ],
          [
            5.5789775,
            43.3834666
          ],
          [
            5.5791116,
            43.3833204
          ],
          [
            5.579162,
            43.3832541
          ],
          [
            5.5792242,
            43.3831722
          ],
          [
            5.5793718,
            43.3830748
          ],
          [
            5.5796909,
            43.3829578
          ],
          [
            5.5800396,
            43.3828292
          ],
          [
            5.580222,
            43.3827512
          ],
          [
            5.5802488,
            43.3826576
          ],
          [
            5.5803239,
            43.3824607
          ],
          [
            5.5803652,
            43.3824398
          ],
          [
            5.5804473,
            43.3823983
          ],
          [
            5.5806995,
            43.3822794
          ],
          [
            5.5808942,
            43.3821886
          ],
          [
            5.5810428,
            43.3821157
          ],
          [
            5.5812493,
            43.3819987
          ],
          [
            5.5814694,
            43.381867
          ],
          [
            5.5817402,
            43.3817492
          ],
          [
            5.5819574,
            43.3816498
          ],
          [
            5.5821123,
            43.3816053
          ],
          [
            5.5822015,
            43.3815796
          ],
          [
            5.5827353,
            43.3814373
          ],
          [
            5.5830171,
            43.3813523
          ],
          [
            5.5830518,
            43.3813418
          ],
          [
            5.5832288,
            43.3812599
          ]
        ]
      },
      "id": "way/179195262"
    },
    {
      "type": "Feature",
      "properties": {
        "@id": "way/182002398",
        "bicycle": "use_sidepath",
        "bridge": "yes",
        "cycleway": "separate",
        "foot": "use_sidepath",
        "highway": "secondary",
        "lanes": "1",
        "layer": "1",
        "loc_name": "La Corniche",
        "name": "Corniche du Président John Fitzgerald Kennedy",
        "name:etymology:wikidata": "Q9696",
        "name:oc": "Cornissa dau President John Fitzgerald Kennedy",
        "old_name": "Promenade de la Corniche;Chemin de la Corniche",
        "oneway": "yes",
        "sidewalk": "separate",
        "source:name:oc": "ieo-bdtopoc",
        "surface": "asphalt",
        "wikipedia": "fr:Corniche Président John Fitzgerald Kennedy"
      },
      "geometry": {
        "type": "LineString",
        "coordinates": [
          [
            5.3600324,
            43.2752321
          ],
          [
            5.3600594,
            43.2751607
          ],
          [
            5.3600786,
            43.2750589
          ],
          [
            5.3600973,
            43.2749685
          ],
          [
            5.3601285,
            43.2749051
          ],
          [
            5.3601619,
            43.2748528
          ],
          [
            5.3602027,
            43.2748
          ],
          [
            5.3603197,
            43.2747007
          ]
        ]
      },
      "id": "way/182002398"
    },
    {
      "type": "Feature",
      "properties": {
        "@id": "way/182002399",
        "bicycle": "use_sidepath",
        "cycleway": "separate",
        "foot": "use_sidepath",
        "highway": "secondary",
        "lanes": "1",
        "loc_name": "La Corniche",
        "maxspeed": "50",
        "name": "Corniche du Président John Fitzgerald Kennedy",
        "name:etymology:wikidata": "Q9696",
        "name:oc": "Cornissa dau President John Fitzgerald Kennedy",
        "old_name": "Promenade de la Corniche;Chemin de la Corniche",
        "oneway": "yes",
        "sidewalk": "separate",
        "source:name:oc": "ieo-bdtopoc",
        "surface": "asphalt",
        "wikidata": "Q2997551",
        "wikipedia": "fr:Corniche Président John Fitzgerald Kennedy"
      },
      "geometry": {
        "type": "LineString",
        "coordinates": [
          [
            5.3603197,
            43.2747007
          ],
          [
            5.3604183,
            43.2746463
          ],
          [
            5.3605423,
            43.2746033
          ],
          [
            5.3607661,
            43.2745531
          ],
          [
            5.3611953,
            43.2744625
          ],
          [
            5.3612757,
            43.2744455
          ],
          [
            5.3616364,
            43.2743719
          ],
          [
            5.3617316,
            43.2743448
          ],
          [
            5.3618277,
            43.2743055
          ],
          [
            5.3619582,
            43.2742289
          ],
          [
            5.3620591,
            43.2741383
          ],
          [
            5.362261,
            43.2739184
          ],
          [
            5.3623934,
            43.2737742
          ],
          [
            5.3626969,
            43.2734415
          ],
          [
            5.3627927,
            43.2733316
          ],
          [
            5.3628402,
            43.2732535
          ],
          [
            5.3628761,
            43.2731467
          ],
          [
            5.3628862,
            43.2730462
          ],
          [
            5.3628781,
            43.2729592
          ],
          [
            5.3628487,
            43.2728721
          ],
          [
            5.3627565,
            43.2726616
          ],
          [
            5.3627434,
            43.2726299
          ],
          [
            5.362697,
            43.272514
          ],
          [
            5.3626603,
            43.2724306
          ],
          [
            5.3626376,
            43.2723582
          ],
          [
            5.3626269,
            43.2722831
          ],
          [
            5.3626226,
            43.2722013
          ],
          [
            5.3626346,
            43.2721078
          ],
          [
            5.3627201,
            43.2717802
          ],
          [
            5.362737,
            43.2716894
          ],
          [
            5.3627768,
            43.2713013
          ],
          [
            5.3627935,
            43.2712214
          ],
          [
            5.3627998,
            43.2711943
          ],
          [
            5.3628346,
            43.2711205
          ]
        ]
      },
      "id": "way/182002399"
    },
    {
      "type": "Feature",
      "properties": {
        "@id": "way/185830640",
        "cycleway": "lane",
        "highway": "secondary",
        "name": "Boulevard Romain Rolland",
        "name:etymology:wikidata": "Q47162",
        "name:oc": "Baloard Roman Rolland",
        "source:name:oc": "ieo-bdtopoc"
      },
      "geometry": {
        "type": "LineString",
        "coordinates": [
          [
            5.4202156,
            43.277432
          ],
          [
            5.4202943,
            43.2774664
          ],
          [
            5.4203965,
            43.2775365
          ],
          [
            5.4204197,
            43.2775524
          ],
          [
            5.4206693,
            43.2777236
          ],
          [
            5.4208974,
            43.27788
          ]
        ]
      },
      "id": "way/185830640"
    },
    {
      "type": "Feature",
      "properties": {
        "@id": "way/195548874",
        "alt_name": "Boulevard des Océans",
        "cycleway": "lane",
        "highway": "residential",
        "lanes": "1",
        "name": "Boulevard de l'Océan",
        "name:oc": "Baloard de l’Ocean",
        "oneway": "yes",
        "source:name:oc": "ieo-bdtopoc",
        "surface": "asphalt"
      },
      "geometry": {
        "type": "LineString",
        "coordinates": [
          [
            5.3975024,
            43.2416935
          ],
          [
            5.3973609,
            43.2417141
          ],
          [
            5.3972031,
            43.2417375
          ]
        ]
      },
      "id": "way/195548874"
    },
    {
      "type": "Feature",
      "properties": {
        "@id": "way/200171063",
        "access": "no",
        "bicycle": "yes",
        "bus": "yes",
        "cycleway": "share_busway",
        "highway": "service",
        "psv": "yes",
        "service": "bus"
      },
      "geometry": {
        "type": "LineString",
        "coordinates": [
          [
            5.3718149,
            43.2962621
          ],
          [
            5.3718043,
            43.2963086
          ]
        ]
      },
      "id": "way/200171063"
    },
    {
      "type": "Feature",
      "properties": {
        "@id": "way/201390886",
        "cycleway": "no",
        "highway": "residential",
        "lane_markings": "no",
        "lit": "yes",
        "maxspeed": "50",
        "maxspeed:type": "sign",
        "name": "Rue des Vertus",
        "name:oc": "Carriera dei Vertuts",
        "oneway": "yes",
        "parking:both": "yes",
        "parking:both:orientation": "parallel",
        "parking:condition": "free",
        "smoothness": "good",
        "source:name:oc": "ieo-bdtopoc",
        "surface": "asphalt"
      },
      "geometry": {
        "type": "LineString",
        "coordinates": [
          [
            5.3927515,
            43.2883316
          ],
          [
            5.3927019,
            43.288444
          ],
          [
            5.392472,
            43.2889167
          ],
          [
            5.3924138,
            43.2890292
          ],
          [
            5.3921943,
            43.2894557
          ],
          [
            5.3921771,
            43.2894889
          ]
        ]
      },
      "id": "way/201390886"
    },
    {
      "type": "Feature",
      "properties": {
        "@id": "way/201390887",
        "cycleway": "no",
        "highway": "residential",
        "lane_markings": "no",
        "maxspeed": "50",
        "maxspeed:type": "sign",
        "name": "Rue des Vertus",
        "name:oc": "Carriera dei Vertuts",
        "oneway": "yes",
        "parking:condition": "free",
        "parking:lane:left": "no_stopping",
        "parking:lane:right": "parallel",
        "sidewalk:left": "separate",
        "source:name:oc": "ieo-bdtopoc",
        "surface": "asphalt"
      },
      "geometry": {
        "type": "LineString",
        "coordinates": [
          [
            5.3921771,
            43.2894889
          ],
          [
            5.3921608,
            43.2895564
          ],
          [
            5.392151,
            43.2898295
          ],
          [
            5.3921405,
            43.2903132
          ],
          [
            5.3921384,
            43.2903763
          ],
          [
            5.3921216,
            43.2909102
          ],
          [
            5.392117,
            43.290979
          ]
        ]
      },
      "id": "way/201390887"
    },
    {
      "type": "Feature",
      "properties": {
        "@id": "way/210781928",
        "bicycle": "yes",
        "cycleway": "no",
        "foot": "yes",
        "highway": "residential",
        "maxspeed": "30",
        "name": "Impasse Tronc",
        "name:oc": "Androna Tronc",
        "oneway": "no",
        "sidewalk": "no"
      },
      "geometry": {
        "type": "LineString",
        "coordinates": [
          [
            5.3311072,
            43.3562007
          ],
          [
            5.3321807,
            43.3562815
          ],
          [
            5.3322042,
            43.356386
          ],
          [
            5.3322343,
            43.3564928
          ],
          [
            5.3323851,
            43.3565884
          ],
          [
            5.3324972,
            43.3566013
          ],
          [
            5.3327111,
            43.3566252
          ]
        ]
      },
      "id": "way/210781928"
    },
    {
      "type": "Feature",
      "properties": {
        "@id": "way/228007323",
        "bicycle": "yes",
        "cycleway": "no",
        "foot": "yes",
        "highway": "unclassified",
        "lanes": "1",
        "name": "Impasse Mon-Rêve",
        "name:oc": "Androna Mon-Pantais",
        "source:name:oc": "ieo-bdtopoc"
      },
      "geometry": {
        "type": "LineString",
        "coordinates": [
          [
            5.4453471,
            43.3146161
          ],
          [
            5.4447325,
            43.31463
          ]
        ]
      },
      "id": "way/228007323"
    },
    {
      "type": "Feature",
      "properties": {
        "@id": "way/235004896",
        "cycleway": "shoulder",
        "highway": "secondary",
        "lanes": "2",
        "maxspeed": "70",
        "name": "Avenue de la Libération",
        "oneway": "no",
        "ref": "D 7",
        "surface": "asphalt"
      },
      "geometry": {
        "type": "LineString",
        "coordinates": [
          [
            5.577799,
            43.3820961
          ],
          [
            5.57807,
            43.3820704
          ],
          [
            5.5784454,
            43.3820348
          ],
          [
            5.5787237,
            43.381991
          ],
          [
            5.5789167,
            43.3819418
          ],
          [
            5.5791267,
            43.3818739
          ],
          [
            5.5793504,
            43.3818015
          ],
          [
            5.579393,
            43.3817852
          ],
          [
            5.5795258,
            43.3817344
          ],
          [
            5.5795566,
            43.3817226
          ],
          [
            5.5795982,
            43.3817067
          ],
          [
            5.5796376,
            43.3816917
          ],
          [
            5.5799269,
            43.3815811
          ],
          [
            5.5804064,
            43.3813979
          ],
          [
            5.5804666,
            43.3813748
          ],
          [
            5.5808662,
            43.3812221
          ],
          [
            5.5814288,
            43.3810071
          ],
          [
            5.5816168,
            43.380885
          ],
          [
            5.581697,
            43.3808099
          ],
          [
            5.5817296,
            43.3807793
          ],
          [
            5.5818775,
            43.3806445
          ],
          [
            5.5823238,
            43.3802236
          ],
          [
            5.5824441,
            43.3801397
          ],
          [
            5.5825637,
            43.3800693
          ]
        ]
      },
      "id": "way/235004896"
    },
    {
      "type": "Feature",
      "properties": {
        "@id": "way/235004900",
        "cycleway": "shoulder",
        "highway": "secondary",
        "lanes": "2",
        "maxspeed": "50",
        "name": "Avenue de la Libération",
        "note": "Vérifier les limites exactes de la limitation",
        "oneway": "no",
        "ref": "D 7",
        "surface": "asphalt"
      },
      "geometry": {
        "type": "LineString",
        "coordinates": [
          [
            5.5765851,
            43.3824867
          ],
          [
            5.5761238,
            43.3823536
          ],
          [
            5.5759784,
            43.3823008
          ],
          [
            5.5758932,
            43.3822334
          ],
          [
            5.5758583,
            43.3821824
          ]
        ]
      },
      "id": "way/235004900"
    },
    {
      "type": "Feature",
      "properties": {
        "@id": "way/235004908",
        "cycleway": "shoulder",
        "highway": "secondary",
        "lanes": "2",
        "maxspeed": "70",
        "ref": "D 7",
        "source:bicycle": "Collectif Vélos en Ville",
        "surface": "asphalt"
      },
      "geometry": {
        "type": "LineString",
        "coordinates": [
          [
            5.5618376,
            43.3855185
          ],
          [
            5.5620736,
            43.385561
          ],
          [
            5.5621077,
            43.3855671
          ],
          [
            5.56248,
            43.385596
          ],
          [
            5.5625784,
            43.3855894
          ],
          [
            5.562776,
            43.385576
          ],
          [
            5.56372,
            43.385376
          ],
          [
            5.564065,
            43.385375
          ],
          [
            5.5643347,
            43.3853978
          ],
          [
            5.564609,
            43.385421
          ],
          [
            5.564972,
            43.385426
          ],
          [
            5.565282,
            43.385393
          ],
          [
            5.5661487,
            43.3851429
          ],
          [
            5.5662634,
            43.3851098
          ],
          [
            5.5663555,
            43.3850832
          ],
          [
            5.5664955,
            43.3850428
          ],
          [
            5.5671875,
            43.3848432
          ],
          [
            5.5676939,
            43.3846988
          ],
          [
            5.5680801,
            43.3846461
          ],
          [
            5.5682844,
            43.3846448
          ],
          [
            5.5687114,
            43.3847478
          ],
          [
            5.5691254,
            43.3849378
          ],
          [
            5.5695024,
            43.3851588
          ],
          [
            5.5697014,
            43.3853258
          ],
          [
            5.5699344,
            43.3854718
          ],
          [
            5.5701511,
            43.3855473
          ],
          [
            5.5703212,
            43.3855744
          ],
          [
            5.5710873,
            43.3856275
          ],
          [
            5.5715694,
            43.385571
          ],
          [
            5.5716613,
            43.3855602
          ],
          [
            5.5728936,
            43.3852607
          ],
          [
            5.5731535,
            43.3851861
          ]
        ]
      },
      "id": "way/235004908"
    },
    {
      "type": "Feature",
      "properties": {
        "@id": "way/235004911",
        "cycleway": "shoulder",
        "highway": "secondary",
        "maxspeed": "50",
        "ref": "D 7",
        "source:bicycle": "Collectif Vélos en Ville",
        "source:maxspeed": "FR:urban",
        "surface": "asphalt"
      },
      "geometry": {
        "type": "LineString",
        "coordinates": [
          [
            5.5596886,
            43.3855071
          ],
          [
            5.5597764,
            43.3855059
          ],
          [
            5.5603093,
            43.3854988
          ],
          [
            5.5603909,
            43.3854977
          ],
          [
            5.5604947,
            43.3854963
          ],
          [
            5.560682,
            43.3854938
          ],
          [
            5.5609536,
            43.3854902
          ],
          [
            5.5610511,
            43.3854889
          ],
          [
            5.5613447,
            43.385485
          ],
          [
            5.5614869,
            43.3854831
          ],
          [
            5.5618376,
            43.3855185
          ]
        ]
      },
      "id": "way/235004911"
    },
    {
      "type": "Feature",
      "properties": {
        "@id": "way/235015214",
        "cycleway": "shoulder",
        "highway": "secondary",
        "maxspeed": "50",
        "ref": "D 908",
        "source:maxspeed": "FR:urban"
      },
      "geometry": {
        "type": "LineString",
        "coordinates": [
          [
            5.5543363,
            43.3841361
          ],
          [
            5.5546667,
            43.3840754
          ],
          [
            5.5548755,
            43.3840708
          ],
          [
            5.5549969,
            43.3840814
          ],
          [
            5.5551459,
            43.3841069
          ],
          [
            5.5552721,
            43.384149
          ],
          [
            5.555578,
            43.3842395
          ],
          [
            5.5557945,
            43.3842808
          ],
          [
            5.5558282,
            43.3842826
          ]
        ]
      },
      "id": "way/235015214"
    },
    {
      "type": "Feature",
      "properties": {
        "@id": "way/235503764",
        "cycleway": "lane",
        "highway": "secondary",
        "name": "Boulevard Romain Rolland",
        "name:etymology:wikidata": "Q47162",
        "name:oc": "Baloard Roman Rolland",
        "oneway": "no",
        "source:name:oc": "ieo-bdtopoc"
      },
      "geometry": {
        "type": "LineString",
        "coordinates": [
          [
            5.4210983,
            43.278022
          ],
          [
            5.4213012,
            43.2781561
          ],
          [
            5.421324,
            43.2781788
          ]
        ]
      },
      "id": "way/235503764"
    },
    {
      "type": "Feature",
      "properties": {
        "@id": "way/236123613",
        "cycleway": "lane",
        "highway": "secondary",
        "maxspeed": "70",
        "ref": "D 908",
        "source:maxspeed": "sign"
      },
      "geometry": {
        "type": "LineString",
        "coordinates": [
          [
            5.4976892,
            43.3641721
          ],
          [
            5.4980625,
            43.3642073
          ],
          [
            5.4982224,
            43.36423
          ],
          [
            5.4984996,
            43.364296
          ],
          [
            5.4989257,
            43.3644175
          ]
        ]
      },
      "id": "way/236123613"
    },
    {
      "type": "Feature",
      "properties": {
        "@id": "way/236123645",
        "cycleway": "shoulder",
        "highway": "secondary",
        "maxspeed": "50",
        "ref": "D 908",
        "source:maxspeed": "FR:urban"
      },
      "geometry": {
        "type": "LineString",
        "coordinates": [
          [
            5.5536805,
            43.3843344
          ],
          [
            5.5538935,
            43.3842483
          ],
          [
            5.5543363,
            43.3841361
          ]
        ]
      },
      "id": "way/236123645"
    },
    {
      "type": "Feature",
      "properties": {
        "@id": "way/236983390",
        "boundary": "political",
        "cycleway": "lane",
        "highway": "tertiary",
        "lanes": "2",
        "name": "Rue Saint-Jean du Désert",
        "name:oc": "Carriera de Sant Joan dau Desèrt",
        "political_division": "canton",
        "source:name:oc": "ieo-bdtopoc"
      },
      "geometry": {
        "type": "LineString",
        "coordinates": [
          [
            5.4351232,
            43.2975207
          ],
          [
            5.4351931,
            43.2975527
          ],
          [
            5.435298,
            43.2976105
          ],
          [
            5.4355323,
            43.297782
          ],
          [
            5.4360619,
            43.2982121
          ],
          [
            5.4361679,
            43.2983078
          ],
          [
            5.4362103,
            43.2983468
          ],
          [
            5.4363675,
            43.2984825
          ]
        ]
      },
      "id": "way/236983390"
    },
    {
      "type": "Feature",
      "properties": {
        "@id": "way/236983391",
        "boundary": "political",
        "cycleway": "lane",
        "highway": "tertiary",
        "lanes": "2",
        "name": "Rue Saint-Jean du Désert",
        "name:oc": "Carriera de Sant Joan dau Desèrt",
        "oneway": "yes",
        "political_division": "canton",
        "source:name:oc": "ieo-bdtopoc"
      },
      "geometry": {
        "type": "LineString",
        "coordinates": [
          [
            5.4343803,
            43.2971545
          ],
          [
            5.4345609,
            43.2972357
          ],
          [
            5.4348093,
            43.2973465
          ],
          [
            5.4348763,
            43.2973764
          ],
          [
            5.4349923,
            43.2974282
          ],
          [
            5.4351232,
            43.2975207
          ]
        ]
      },
      "id": "way/236983391"
    },
    {
      "type": "Feature",
      "properties": {
        "@id": "way/240439833",
        "cycleway": "no",
        "highway": "tertiary",
        "lit": "yes",
        "maxspeed": "50",
        "name": "Avenue de Toulon",
        "name:oc": "Avenguda de Tolon",
        "oneway": "yes",
        "source:name:oc": "ieo-bdtopoc"
      },
      "geometry": {
        "type": "LineString",
        "coordinates": [
          [
            5.3945543,
            43.284872
          ],
          [
            5.3947297,
            43.2848455
          ],
          [
            5.3948474,
            43.2848194
          ],
          [
            5.3950403,
            43.2847848
          ]
        ]
      },
      "id": "way/240439833"
    },
    {
      "type": "Feature",
      "properties": {
        "@id": "way/256288895",
        "access": "yes",
        "bicycle": "yes",
        "cycleway": "no",
        "foot": "yes",
        "highway": "residential",
        "maxspeed": "40",
        "motor_vehicle": "yes",
        "name": "Boulevard Jean-Jacques Rousseau",
        "name:oc": "Baloard Jean-Jacques Rousseau",
        "old_name": "Chemin de Cassis",
        "oneway": "no",
        "source:name:oc": "ieo-bdtopoc",
        "surface": "asphalt"
      },
      "geometry": {
        "type": "LineString",
        "coordinates": [
          [
            5.5288518,
            43.275364
          ],
          [
            5.5289518,
            43.2753247
          ],
          [
            5.5291074,
            43.2752413
          ],
          [
            5.5292413,
            43.2750779
          ],
          [
            5.5294715,
            43.2747982
          ],
          [
            5.5297529,
            43.2744654
          ],
          [
            5.5298352,
            43.2744079
          ],
          [
            5.5299489,
            43.2743722
          ],
          [
            5.5300487,
            43.2743671
          ],
          [
            5.5305899,
            43.2743815
          ]
        ]
      },
      "id": "way/256288895"
    },
    {
      "type": "Feature",
      "properties": {
        "@id": "way/264304784",
        "cycleway": "lane",
        "highway": "secondary",
        "lanes": "1",
        "name": "Avenue du Vallon Vert",
        "name:oc": "Avenguda dau Valon Vèrd",
        "oneway": "yes",
        "ref": "D 4 B",
        "source": "BD Ortho IGN",
        "source:name:oc": "ieo-bdtopoc",
        "source:ref": "Route 500"
      },
      "geometry": {
        "type": "LineString",
        "coordinates": [
          [
            5.4645119,
            43.3375676
          ],
          [
            5.4646696,
            43.3375779
          ],
          [
            5.4648465,
            43.3375984
          ],
          [
            5.4652255,
            43.3376707
          ]
        ]
      },
      "id": "way/264304784"
    },
    {
      "type": "Feature",
      "properties": {
        "@id": "way/265598791",
        "busway": "lane",
        "cycleway": "share_busway",
        "highway": "residential",
        "lanes": "2",
        "lit": "yes",
        "maxspeed": "30",
        "name": "Rue Sainte-Barbe",
        "name:etymology:wikidata": "Q192816",
        "name:oc": "Carriera de Santa Barba",
        "oneway": "yes",
        "sidewalk:left": "no",
        "sidewalk:right": "separate",
        "source:name:oc": "ieo-bdtopoc",
        "surface": "asphalt"
      },
      "geometry": {
        "type": "LineString",
        "coordinates": [
          [
            5.3743895,
            43.2999867
          ],
          [
            5.3744233,
            43.3000894
          ],
          [
            5.3744952,
            43.3003192
          ],
          [
            5.3744627,
            43.3003725
          ]
        ]
      },
      "id": "way/265598791"
    },
    {
      "type": "Feature",
      "properties": {
        "@id": "way/268250704",
        "cycleway": "lane",
        "highway": "secondary",
        "name": "Boulevard Romain Rolland",
        "name:etymology:wikidata": "Q47162",
        "name:oc": "Baloard Roman Rolland",
        "source:name:oc": "ieo-bdtopoc"
      },
      "geometry": {
        "type": "LineString",
        "coordinates": [
          [
            5.4208974,
            43.27788
          ],
          [
            5.4210983,
            43.278022
          ]
        ]
      },
      "id": "way/268250704"
    },
    {
      "type": "Feature",
      "properties": {
        "@id": "way/272757175",
        "cycleway": "lane",
        "highway": "secondary",
        "lanes": "2",
        "name": "Avenue Jean Lombard",
        "name:oc": "Avenguda Joan Lombard",
        "source:name:oc": "ieo-bdtopoc",
        "surface": "asphalt"
      },
      "geometry": {
        "type": "LineString",
        "coordinates": [
          [
            5.4332187,
            43.2889807
          ],
          [
            5.4333789,
            43.2889887
          ],
          [
            5.4336021,
            43.289004
          ],
          [
            5.4337509,
            43.2890078
          ],
          [
            5.4344574,
            43.2890156
          ],
          [
            5.4346101,
            43.2890273
          ],
          [
            5.4347612,
            43.2890478
          ],
          [
            5.4354002,
            43.28918
          ],
          [
            5.4358376,
            43.2892474
          ],
          [
            5.4361582,
            43.2892774
          ],
          [
            5.436402,
            43.2892996
          ],
          [
            5.4365478,
            43.2893027
          ],
          [
            5.4371039,
            43.2893145
          ],
          [
            5.4374725,
            43.2893172
          ],
          [
            5.4376911,
            43.2893178
          ]
        ]
      },
      "id": "way/272757175"
    },
    {
      "type": "Feature",
      "properties": {
        "@id": "way/306359722",
        "access": "no",
        "bicycle": "no",
        "cycleway": "no",
        "foot": "no",
        "highway": "service",
        "motor_vehicle": "no"
      },
      "geometry": {
        "type": "LineString",
        "coordinates": [
          [
            5.5527147,
            43.2916045
          ],
          [
            5.5524928,
            43.2914314
          ],
          [
            5.552246,
            43.2911386
          ],
          [
            5.5522192,
            43.2910683
          ],
          [
            5.5522675,
            43.2909434
          ],
          [
            5.5522943,
            43.2908379
          ],
          [
            5.5522353,
            43.2907286
          ],
          [
            5.5521388,
            43.2906271
          ],
          [
            5.5519403,
            43.2905685
          ],
          [
            5.5508674,
            43.2904201
          ]
        ]
      },
      "id": "way/306359722"
    },
    {
      "type": "Feature",
      "properties": {
        "@id": "way/306359723",
        "access": "no",
        "bicycle": "no",
        "cycleway": "no",
        "foot": "no",
        "highway": "service",
        "motor_vehicle": "no"
      },
      "geometry": {
        "type": "LineString",
        "coordinates": [
          [
            5.5556471,
            43.2939655
          ],
          [
            5.5556525,
            43.2939128
          ],
          [
            5.5557034,
            43.2937781
          ],
          [
            5.5557544,
            43.2936922
          ],
          [
            5.5558858,
            43.2936629
          ],
          [
            5.5559797,
            43.2936824
          ],
          [
            5.5560843,
            43.2937644
          ],
          [
            5.556087,
            43.293823
          ],
          [
            5.5560387,
            43.2938972
          ],
          [
            5.5559475,
            43.2939752
          ],
          [
            5.5558584,
            43.2940697
          ],
          [
            5.5556471,
            43.2939655
          ]
        ]
      },
      "id": "way/306359723"
    },
    {
      "type": "Feature",
      "properties": {
        "@id": "way/306359724",
        "access": "no",
        "bicycle": "no",
        "cycleway": "no",
        "foot": "no",
        "highway": "service",
        "motor_vehicle": "no"
      },
      "geometry": {
        "type": "LineString",
        "coordinates": [
          [
            5.5527147,
            43.2916045
          ],
          [
            5.5525867,
            43.2917106
          ],
          [
            5.5522595,
            43.2919371
          ],
          [
            5.5519974,
            43.2921795
          ],
          [
            5.5518974,
            43.2924232
          ],
          [
            5.551833,
            43.292552
          ],
          [
            5.5516023,
            43.2932841
          ],
          [
            5.5513448,
            43.2942212
          ],
          [
            5.5516157,
            43.2941021
          ],
          [
            5.5517632,
            43.2940221
          ],
          [
            5.5519215,
            43.2939225
          ],
          [
            5.5520717,
            43.2937878
          ],
          [
            5.5521414,
            43.2936766
          ],
          [
            5.5521924,
            43.2935321
          ],
          [
            5.5522165,
            43.2934423
          ],
          [
            5.5526591,
            43.2918453
          ],
          [
            5.5527147,
            43.2916045
          ]
        ]
      },
      "id": "way/306359724"
    },
    {
      "type": "Feature",
      "properties": {
        "@id": "way/306359728",
        "access": "no",
        "bicycle": "no",
        "cycleway": "no",
        "foot": "no",
        "highway": "service",
        "motor_vehicle": "no"
      },
      "geometry": {
        "type": "LineString",
        "coordinates": [
          [
            5.5556471,
            43.2939655
          ],
          [
            5.55553,
            43.2939079
          ],
          [
            5.5546788,
            43.2934891
          ],
          [
            5.5546091,
            43.2934364
          ],
          [
            5.5545769,
            43.2933505
          ]
        ]
      },
      "id": "way/306359728"
    },
    {
      "type": "Feature",
      "properties": {
        "@id": "way/323097646",
        "cycleway": "shoulder",
        "highway": "secondary",
        "lit": "yes",
        "maxspeed": "80",
        "name": "Chemin de Saint-Pierre",
        "ref": "D 43C",
        "sidewalk": "no",
        "source:bicycle": "Collectif Vélos en Ville",
        "source:maxspeed": "FR:rural",
        "surface": "asphalt"
      },
      "geometry": {
        "type": "LineString",
        "coordinates": [
          [
            5.5943366,
            43.318722
          ],
          [
            5.594272,
            43.3185255
          ],
          [
            5.5940768,
            43.3179214
          ],
          [
            5.5938493,
            43.31729
          ]
        ]
      },
      "id": "way/323097646"
    },
    {
      "type": "Feature",
      "properties": {
        "@id": "way/326376608",
        "access": "yes",
        "bicycle": "yes",
        "boundary": "political",
        "cycleway": "no",
        "foot": "yes",
        "highway": "secondary",
        "lanes": "2",
        "maxspeed": "50",
        "name": "Boulevard de la Blancarde",
        "name:etymology:wikidata": "Q3206691",
        "name:oc": "Baloard de La Blancarda",
        "oneway": "no",
        "political_division": "canton",
        "sidewalk:left": "separate",
        "sidewalk:right": "yes",
        "surface": "asphalt"
      },
      "geometry": {
        "type": "LineString",
        "coordinates": [
          [
            5.4044951,
            43.3033927
          ],
          [
            5.4043656,
            43.3033789
          ],
          [
            5.404331,
            43.3033746
          ]
        ]
      },
      "id": "way/326376608"
    },
    {
      "type": "Feature",
      "properties": {
        "@id": "way/326376609",
        "access": "yes",
        "bicycle": "yes",
        "cycleway": "no",
        "foot": "yes",
        "highway": "secondary",
        "lanes": "2",
        "maxspeed": "30",
        "name": "Boulevard de la Blancarde",
        "name:etymology:wikidata": "Q3206691",
        "name:oc": "Baloard de La Blancarda",
        "oneway": "no",
        "sidewalk": "both",
        "surface": "asphalt"
      },
      "geometry": {
        "type": "LineString",
        "coordinates": [
          [
            5.4039104,
            43.3033292
          ],
          [
            5.4037553,
            43.3033068
          ],
          [
            5.4036869,
            43.3032926
          ],
          [
            5.4036071,
            43.3032736
          ],
          [
            5.4035012,
            43.303255
          ],
          [
            5.4031886,
            43.3032166
          ],
          [
            5.4031365,
            43.3032095
          ],
          [
            5.403112,
            43.3032061
          ],
          [
            5.4030449,
            43.3031985
          ],
          [
            5.4029824,
            43.3031915
          ],
          [
            5.4029235,
            43.3031833
          ],
          [
            5.4026413,
            43.3031438
          ]
        ]
      },
      "id": "way/326376609"
    },
    {
      "type": "Feature",
      "properties": {
        "@id": "way/326399669",
        "cycleway": "lane",
        "highway": "tertiary",
        "lanes": "2",
        "maxspeed": "50",
        "name": "Boulevard Laveran",
        "name:oc": "Baloard Laveran",
        "source:name:oc": "ieo-bdtopoc",
        "surface": "asphalt"
      },
      "geometry": {
        "type": "LineString",
        "coordinates": [
          [
            5.4137329,
            43.327815
          ],
          [
            5.4137282,
            43.3276643
          ],
          [
            5.4136998,
            43.327159
          ],
          [
            5.4136968,
            43.327094
          ],
          [
            5.4136938,
            43.3270301
          ],
          [
            5.4136913,
            43.3269782
          ],
          [
            5.4136888,
            43.3269256
          ],
          [
            5.4136851,
            43.3268627
          ],
          [
            5.4136735,
            43.3267064
          ],
          [
            5.41366,
            43.3265007
          ],
          [
            5.4136478,
            43.326327
          ]
        ]
      },
      "id": "way/326399669"
    },
    {
      "type": "Feature",
      "properties": {
        "@id": "way/333672204",
        "cycleway": "track",
        "highway": "secondary",
        "lanes": "2",
        "lit": "yes",
        "maxspeed": "30",
        "name": "Avenue Alphonse Juin",
        "oneway:bicycle": "yes",
        "ref": "D 41e",
        "sidewalk": "both",
        "source:maxspeed": "FR:zone30",
        "surface": "asphalt",
        "zone:maxspeed": "FR:30"
      },
      "geometry": {
        "type": "LineString",
        "coordinates": [
          [
            5.5669472,
            43.2564176
          ],
          [
            5.5667978,
            43.2563293
          ],
          [
            5.566695,
            43.2562662
          ],
          [
            5.5664722,
            43.2561325
          ],
          [
            5.5663111,
            43.2560357
          ],
          [
            5.5660105,
            43.2558553
          ],
          [
            5.5659175,
            43.2557995
          ],
          [
            5.5657619,
            43.2556972
          ],
          [
            5.5656188,
            43.255603
          ],
          [
            5.5655502,
            43.2555638
          ],
          [
            5.5654634,
            43.255519
          ]
        ]
      },
      "id": "way/333672204"
    },
    {
      "type": "Feature",
      "properties": {
        "@id": "way/342847333",
        "cycleway": "shoulder",
        "highway": "primary",
        "lanes": "2",
        "name": "Avenue du 19 Mars 1962",
        "ref": "D 96",
        "source:bicycle": "Collectif Vélos en Ville",
        "surface": "asphalt"
      },
      "geometry": {
        "type": "LineString",
        "coordinates": [
          [
            5.5819719,
            43.4039946
          ],
          [
            5.5838199,
            43.4035156
          ],
          [
            5.5849675,
            43.4032182
          ],
          [
            5.5850172,
            43.4032053
          ],
          [
            5.5852801,
            43.4031372
          ],
          [
            5.5857951,
            43.4029501
          ],
          [
            5.5861384,
            43.4027755
          ],
          [
            5.5863444,
            43.4026071
          ],
          [
            5.5866019,
            43.4023577
          ],
          [
            5.586756,
            43.4021604
          ],
          [
            5.5867821,
            43.402127
          ]
        ]
      },
      "id": "way/342847333"
    },
    {
      "type": "Feature",
      "properties": {
        "@id": "way/356658906",
        "cycleway": "no",
        "highway": "secondary",
        "lanes": "2",
        "lit": "yes",
        "maxspeed": "70",
        "name": "Route de la Légion",
        "name:oc": "Rota de la Legion",
        "ref": "D 2",
        "sidewalk": "both",
        "source:maxspeed": "sign",
        "source:name:oc": "ieo-bdtopoc",
        "surface": "asphalt"
      },
      "geometry": {
        "type": "LineString",
        "coordinates": [
          [
            5.5223881,
            43.2880805
          ],
          [
            5.5227374,
            43.2880803
          ],
          [
            5.5228394,
            43.2880803
          ],
          [
            5.5232856,
            43.2880841
          ],
          [
            5.5234369,
            43.2880849
          ]
        ]
      },
      "id": "way/356658906"
    },
    {
      "type": "Feature",
      "properties": {
        "@id": "way/360120968",
        "cycleway": "share_busway",
        "highway": "busway",
        "name": "Avenue Roger Salengro",
        "name:etymology:wikidata": "Q1400172",
        "oneway": "yes",
        "source": "survey"
      },
      "geometry": {
        "type": "LineString",
        "coordinates": [
          [
            5.3741664,
            43.3089919
          ],
          [
            5.3741428,
            43.3090276
          ],
          [
            5.3741351,
            43.3090391
          ],
          [
            5.3740984,
            43.3090946
          ],
          [
            5.3736585,
            43.3097703
          ],
          [
            5.3735838,
            43.3098828
          ],
          [
            5.3735142,
            43.3099877
          ],
          [
            5.3734345,
            43.310117
          ],
          [
            5.3729153,
            43.3109355
          ],
          [
            5.372826,
            43.3110741
          ],
          [
            5.3727701,
            43.3111608
          ],
          [
            5.3727068,
            43.3112588
          ],
          [
            5.3726742,
            43.3113054
          ],
          [
            5.3725171,
            43.3115486
          ],
          [
            5.3723493,
            43.3118129
          ],
          [
            5.3722864,
            43.3119066
          ],
          [
            5.3722096,
            43.3119693
          ]
        ]
      },
      "id": "way/360120968"
    },
    {
      "type": "Feature",
      "properties": {
        "@id": "way/361674533",
        "cycleway": "no",
        "foot": "yes",
        "highway": "tertiary",
        "horse": "no",
        "lanes": "2",
        "name": "Boulevard de Saint-Loup",
        "name:oc": "Baloard de Sant Lop",
        "old_ref": "N 8",
        "oneway": "no",
        "ref": "D 8n",
        "source:name:oc": "ieo-bdtopoc",
        "surface": "asphalt"
      },
      "geometry": {
        "type": "LineString",
        "coordinates": [
          [
            5.4298257,
            43.282091
          ],
          [
            5.4299322,
            43.2821504
          ],
          [
            5.4301688,
            43.2822699
          ],
          [
            5.4302213,
            43.2822982
          ],
          [
            5.4303314,
            43.2823476
          ],
          [
            5.4303858,
            43.2823674
          ],
          [
            5.4305438,
            43.2824153
          ],
          [
            5.4307699,
            43.2824573
          ],
          [
            5.4310042,
            43.2824901
          ],
          [
            5.4311801,
            43.2825281
          ],
          [
            5.4312435,
            43.2825378
          ],
          [
            5.431353,
            43.282556
          ],
          [
            5.4317264,
            43.2826237
          ],
          [
            5.4320875,
            43.2827518
          ],
          [
            5.4321537,
            43.2827755
          ],
          [
            5.4323429,
            43.2828433
          ],
          [
            5.4325848,
            43.2829299
          ],
          [
            5.4326307,
            43.2829449
          ]
        ]
      },
      "id": "way/361674533"
    },
    {
      "type": "Feature",
      "properties": {
        "@id": "way/364298476",
        "cycleway": "shared_lane",
        "highway": "living_street",
        "oneway": "no"
      },
      "geometry": {
        "type": "LineString",
        "coordinates": [
          [
            5.4124937,
            43.3305101
          ],
          [
            5.4123817,
            43.3305526
          ],
          [
            5.4121837,
            43.3306283
          ],
          [
            5.4119515,
            43.3306851
          ],
          [
            5.4117778,
            43.3307228
          ],
          [
            5.4115897,
            43.3307376
          ],
          [
            5.4111571,
            43.33076
          ]
        ]
      },
      "id": "way/364298476"
    },
    {
      "type": "Feature",
      "properties": {
        "@id": "way/366469482",
        "cycleway": "lane",
        "highway": "secondary",
        "name": "Avenue de la Marche pour l’égalité et contre le racisme",
        "name:oc": "Avenguda Alexandre Ansaldi",
        "old_name": "Avenue Alexandre Ansaldi",
        "ref": "D 4",
        "ref:FR:FANTOIR": "132140190L",
        "source:name:oc": "ieo-bdtopoc"
      },
      "geometry": {
        "type": "LineString",
        "coordinates": [
          [
            5.4043336,
            43.3308955
          ],
          [
            5.4042604,
            43.3309491
          ],
          [
            5.4042177,
            43.3310022
          ],
          [
            5.404169,
            43.3310925
          ],
          [
            5.4041581,
            43.3311128
          ],
          [
            5.4041512,
            43.3311318
          ],
          [
            5.4041223,
            43.331211
          ],
          [
            5.4041132,
            43.3313261
          ],
          [
            5.4041377,
            43.3315204
          ],
          [
            5.4041948,
            43.3318466
          ],
          [
            5.4041835,
            43.3319682
          ],
          [
            5.4041419,
            43.3321314
          ]
        ]
      },
      "id": "way/366469482"
    },
    {
      "type": "Feature",
      "properties": {
        "@id": "way/369681277",
        "cycleway": "lane",
        "highway": "tertiary",
        "maxspeed": "50",
        "name": "Boulevard du Bosphore",
        "name:oc": "Baloard dau Bosfòr",
        "oneway": "yes",
        "source:name:oc": "ieo-bdtopoc"
      },
      "geometry": {
        "type": "LineString",
        "coordinates": [
          [
            5.3628627,
            43.3689239
          ],
          [
            5.3628902,
            43.3690323
          ],
          [
            5.3628726,
            43.369261
          ],
          [
            5.3628741,
            43.3693801
          ],
          [
            5.3628964,
            43.3695242
          ],
          [
            5.3629424,
            43.3696838
          ],
          [
            5.3630304,
            43.3698603
          ],
          [
            5.3631493,
            43.3700307
          ],
          [
            5.3635653,
            43.3704525
          ],
          [
            5.3637518,
            43.370621
          ],
          [
            5.3638274,
            43.370691
          ],
          [
            5.3638752,
            43.3707313
          ],
          [
            5.3639542,
            43.3707975
          ],
          [
            5.364117,
            43.3709558
          ],
          [
            5.3641856,
            43.3710095
          ]
        ]
      },
      "id": "way/369681277"
    },
    {
      "type": "Feature",
      "properties": {
        "@id": "way/374944625",
        "cycleway": "no",
        "highway": "secondary",
        "junction": "roundabout",
        "lane_markings": "no",
        "lit": "yes",
        "maxspeed:type": "FR:urban",
        "sidewalk": "right",
        "surface": "asphalt"
      },
      "geometry": {
        "type": "LineString",
        "coordinates": [
          [
            5.597329,
            43.2983176
          ],
          [
            5.5973153,
            43.2983504
          ],
          [
            5.5972932,
            43.2983808
          ],
          [
            5.5972635,
            43.2984074
          ],
          [
            5.5972273,
            43.2984294
          ],
          [
            5.597186,
            43.298446
          ],
          [
            5.597141,
            43.2984565
          ],
          [
            5.5970942,
            43.2984605
          ],
          [
            5.5970472,
            43.2984578
          ],
          [
            5.5970017,
            43.2984487
          ],
          [
            5.5969595,
            43.2984333
          ],
          [
            5.5969222,
            43.2984124
          ],
          [
            5.596891,
            43.2983866
          ],
          [
            5.5968673,
            43.2983569
          ],
          [
            5.5968495,
            43.2983165
          ],
          [
            5.5968453,
            43.2982742
          ],
          [
            5.5968513,
            43.2982423
          ],
          [
            5.5968652,
            43.2982117
          ],
          [
            5.5968865,
            43.2981835
          ],
          [
            5.5969143,
            43.2981585
          ],
          [
            5.596948,
            43.2981376
          ]
        ]
      },
      "id": "way/374944625"
    },
    {
      "type": "Feature",
      "properties": {
        "@id": "way/377783293",
        "cycleway": "lane",
        "highway": "secondary",
        "lanes": "2",
        "maxspeed": "70",
        "name": "Route de la Légion",
        "name:oc": "Rota de la Legion",
        "ref": "D 2",
        "source:name:oc": "ieo-bdtopoc",
        "surface": "asphalt"
      },
      "geometry": {
        "type": "LineString",
        "coordinates": [
          [
            5.5183864,
            43.2869196
          ],
          [
            5.5185176,
            43.2869186
          ],
          [
            5.518631,
            43.2869211
          ],
          [
            5.5187403,
            43.2869332
          ],
          [
            5.5187804,
            43.2869373
          ],
          [
            5.5188312,
            43.2869465
          ],
          [
            5.5190206,
            43.286983
          ],
          [
            5.5192164,
            43.2870348
          ],
          [
            5.5194685,
            43.2871285
          ],
          [
            5.5197334,
            43.2872405
          ],
          [
            5.5198601,
            43.287292
          ],
          [
            5.5203384,
            43.2874802
          ],
          [
            5.5207571,
            43.2876431
          ],
          [
            5.5211408,
            43.2877889
          ],
          [
            5.5211912,
            43.287809
          ],
          [
            5.5215967,
            43.2879494
          ],
          [
            5.5217852,
            43.2880027
          ],
          [
            5.5219784,
            43.2880413
          ],
          [
            5.5221842,
            43.2880715
          ],
          [
            5.5223881,
            43.2880805
          ]
        ]
      },
      "id": "way/377783293"
    },
    {
      "type": "Feature",
      "properties": {
        "@id": "way/378355987",
        "cycleway": "lane",
        "highway": "secondary",
        "name": "Chemin de Saint-Louis au Rove",
        "name:oc": "Camin de Sant Loís au Ròve",
        "ref": "D 4",
        "source": "Bing",
        "source:name:oc": "ieo-bdtopoc"
      },
      "geometry": {
        "type": "LineString",
        "coordinates": [
          [
            5.3487402,
            43.3547174
          ],
          [
            5.3484984,
            43.3547326
          ],
          [
            5.3481192,
            43.3547515
          ]
        ]
      },
      "id": "way/378355987"
    },
    {
      "type": "Feature",
      "properties": {
        "@id": "way/380634857",
        "cycleway": "lane",
        "highway": "tertiary",
        "name": "Rue André Suarès",
        "name:oc": "Carriera Andrieu Suarès",
        "oneway": "yes",
        "source:name:oc": "ieo-bdtopoc"
      },
      "geometry": {
        "type": "LineString",
        "coordinates": [
          [
            5.4407182,
            43.3210016
          ],
          [
            5.4408004,
            43.3209178
          ],
          [
            5.4408868,
            43.3208706
          ]
        ]
      },
      "id": "way/380634857"
    },
    {
      "type": "Feature",
      "properties": {
        "@id": "way/380634858",
        "cycleway": "lane",
        "highway": "tertiary",
        "name": "Rue de la Maurelle",
        "name:oc": "Carriera de La Maurèla",
        "oneway": "yes",
        "source:name:oc": "ieo-bdtopoc"
      },
      "geometry": {
        "type": "LineString",
        "coordinates": [
          [
            5.440619,
            43.3217637
          ],
          [
            5.4406084,
            43.3216463
          ],
          [
            5.4405895,
            43.321608
          ],
          [
            5.4405423,
            43.3215386
          ]
        ]
      },
      "id": "way/380634858"
    },
    {
      "type": "Feature",
      "properties": {
        "@id": "way/383653935",
        "bicycle": "yes",
        "cycleway": "no",
        "foot": "yes",
        "highway": "tertiary",
        "name": "Boulevard de la Comtesse",
        "name:oc": "Baloard de la Comtessa",
        "oneway": "no",
        "sidewalk": "both",
        "source:name:oc": "ieo-bdtopoc"
      },
      "geometry": {
        "type": "LineString",
        "coordinates": [
          [
            5.4474496,
            43.3140131
          ],
          [
            5.4474405,
            43.3141896
          ],
          [
            5.4474265,
            43.3146701
          ],
          [
            5.4474136,
            43.3150335
          ],
          [
            5.4474129,
            43.3150714
          ],
          [
            5.4474117,
            43.3151454
          ]
        ]
      },
      "id": "way/383653935"
    },
    {
      "type": "Feature",
      "properties": {
        "@id": "way/383762173",
        "bicycle": "yes",
        "cycleway": "no",
        "foot": "yes",
        "highway": "tertiary",
        "name": "Boulevard de la Comtesse",
        "name:oc": "Baloard de la Comtessa",
        "oneway": "no",
        "sidewalk": "both",
        "source:name:oc": "ieo-bdtopoc"
      },
      "geometry": {
        "type": "LineString",
        "coordinates": [
          [
            5.4474558,
            43.3138912
          ],
          [
            5.4474496,
            43.3140131
          ]
        ]
      },
      "id": "way/383762173"
    },
    {
      "type": "Feature",
      "properties": {
        "@id": "way/384041320",
        "boundary": "political",
        "cycleway": "lane",
        "highway": "tertiary",
        "lanes": "1",
        "name": "Rue Saint-Jean du Désert",
        "name:oc": "Carriera de Sant Joan dau Desèrt",
        "oneway": "yes",
        "political_division": "canton",
        "source:name:oc": "ieo-bdtopoc"
      },
      "geometry": {
        "type": "LineString",
        "coordinates": [
          [
            5.4365884,
            43.2986482
          ],
          [
            5.4366478,
            43.2987788
          ],
          [
            5.436676,
            43.2989283
          ]
        ]
      },
      "id": "way/384041320"
    },
    {
      "type": "Feature",
      "properties": {
        "@id": "way/385535524",
        "bicycle": "yes",
        "cycleway": "no",
        "foot": "yes",
        "highway": "residential",
        "lanes": "2",
        "name": "Boulevard Ernest Gasquy",
        "name:oc": "Baloard Ernest Gasqui",
        "oneway": "no",
        "sidewalk": "both",
        "source:name:oc": "ieo-bdtopoc"
      },
      "geometry": {
        "type": "LineString",
        "coordinates": [
          [
            5.4228089,
            43.3003962
          ],
          [
            5.422842,
            43.2999494
          ],
          [
            5.4228786,
            43.2995002
          ]
        ]
      },
      "id": "way/385535524"
    },
    {
      "type": "Feature",
      "properties": {
        "@id": "way/385535525",
        "bicycle": "yes",
        "cycleway": "no",
        "foot": "yes",
        "highway": "residential",
        "lanes": "2",
        "maxspeed": "30",
        "name": "Boulevard Ernest Gasquy",
        "name:oc": "Baloard Ernest Gasqui",
        "oneway": "no",
        "sidewalk": "both",
        "source:name:oc": "ieo-bdtopoc"
      },
      "geometry": {
        "type": "LineString",
        "coordinates": [
          [
            5.4226655,
            43.3024378
          ],
          [
            5.4226701,
            43.3023661
          ],
          [
            5.4226951,
            43.3019792
          ],
          [
            5.4227106,
            43.3017812
          ],
          [
            5.422729,
            43.3015268
          ],
          [
            5.4227434,
            43.3012898
          ],
          [
            5.4227575,
            43.3011339
          ],
          [
            5.4227607,
            43.3010422
          ],
          [
            5.4227998,
            43.3005199
          ],
          [
            5.4228089,
            43.3003962
          ]
        ]
      },
      "id": "way/385535525"
    },
    {
      "type": "Feature",
      "properties": {
        "@id": "way/387834360",
        "cycleway": "lane",
        "highway": "tertiary",
        "name": "Rue Raymond Teisseire",
        "name:oc": "Carriera Raimond Teissiera",
        "oneway": "no",
        "source:name:oc": "ieo-bdtopoc",
        "surface": "asphalt"
      },
      "geometry": {
        "type": "LineString",
        "coordinates": [
          [
            5.3959408,
            43.2754671
          ],
          [
            5.395992,
            43.2754302
          ],
          [
            5.3963416,
            43.2751638
          ]
        ]
      },
      "id": "way/387834360"
    },
    {
      "type": "Feature",
      "properties": {
        "@id": "way/388890736",
        "cycleway": "lane",
        "highway": "secondary",
        "name": "Boulevard Romain Rolland",
        "name:etymology:wikidata": "Q47162",
        "name:oc": "Baloard Roman Rolland",
        "oneway": "no",
        "source:name:oc": "ieo-bdtopoc"
      },
      "geometry": {
        "type": "LineString",
        "coordinates": [
          [
            5.4224762,
            43.2789353
          ],
          [
            5.4225163,
            43.278959
          ],
          [
            5.4227306,
            43.2790912
          ],
          [
            5.4227541,
            43.2791053
          ],
          [
            5.4228311,
            43.279145
          ],
          [
            5.4229429,
            43.279211
          ]
        ]
      },
      "id": "way/388890736"
    },
    {
      "type": "Feature",
      "properties": {
        "@id": "way/388890738",
        "cycleway": "lane",
        "highway": "secondary",
        "name": "Boulevard Romain Rolland",
        "name:etymology:wikidata": "Q47162",
        "name:oc": "Baloard Roman Rolland",
        "oneway": "no",
        "source:name:oc": "ieo-bdtopoc"
      },
      "geometry": {
        "type": "LineString",
        "coordinates": [
          [
            5.4241805,
            43.2797278
          ],
          [
            5.4242816,
            43.2797598
          ],
          [
            5.4246753,
            43.2798821
          ]
        ]
      },
      "id": "way/388890738"
    },
    {
      "type": "Feature",
      "properties": {
        "@id": "way/388890741",
        "cycleway": "lane",
        "highway": "secondary",
        "name": "Boulevard Romain Rolland",
        "name:etymology:wikidata": "Q47162",
        "name:oc": "Baloard Roman Rolland",
        "oneway": "yes",
        "source": "Bing",
        "source:name:oc": "ieo-bdtopoc"
      },
      "geometry": {
        "type": "LineString",
        "coordinates": [
          [
            5.4229429,
            43.279211
          ],
          [
            5.4231584,
            43.2793045
          ],
          [
            5.4232086,
            43.2793288
          ],
          [
            5.423229,
            43.2793386
          ],
          [
            5.4233012,
            43.2793736
          ],
          [
            5.4234363,
            43.2794389
          ],
          [
            5.4235533,
            43.2794901
          ],
          [
            5.4236458,
            43.2795213
          ],
          [
            5.423766,
            43.2795619
          ],
          [
            5.4238866,
            43.2796052
          ],
          [
            5.4241805,
            43.2797278
          ]
        ]
      },
      "id": "way/388890741"
    },
    {
      "type": "Feature",
      "properties": {
        "@id": "way/388890742",
        "cycleway": "lane",
        "highway": "secondary",
        "name": "Boulevard Romain Rolland",
        "name:etymology:wikidata": "Q47162",
        "name:oc": "Baloard Roman Rolland",
        "oneway": "yes",
        "source": "Bing",
        "source:name:oc": "ieo-bdtopoc",
        "traffic_signals:direction": "forward"
      },
      "geometry": {
        "type": "LineString",
        "coordinates": [
          [
            5.4241805,
            43.2797278
          ],
          [
            5.4238465,
            43.2796494
          ],
          [
            5.4236376,
            43.2795842
          ],
          [
            5.423615,
            43.2795768
          ],
          [
            5.4234739,
            43.2795326
          ],
          [
            5.4233872,
            43.2794966
          ],
          [
            5.4233046,
            43.2794516
          ],
          [
            5.4232088,
            43.2793995
          ],
          [
            5.4231847,
            43.2793863
          ],
          [
            5.4231165,
            43.2793492
          ],
          [
            5.4229429,
            43.279211
          ]
        ]
      },
      "id": "way/388890742"
    },
    {
      "type": "Feature",
      "properties": {
        "@id": "way/389162478",
        "access": "yes",
        "bicycle": "yes",
        "boundary": "political",
        "cycleway": "no",
        "foot": "yes",
        "highway": "tertiary",
        "horse": "no",
        "name": "Boulevard de Pont de Vivaux",
        "name:etymology:wikidata": "Q3396414",
        "name:oc": "Baloard dau Pònt dei Vivauts",
        "old_ref": "N 8",
        "oneway": "no",
        "political_division": "canton",
        "ref": "D 8n",
        "source": "Bing",
        "source:name:oc": "ieo-bdtopoc"
      },
      "geometry": {
        "type": "LineString",
        "coordinates": [
          [
            5.417246,
            43.279586
          ],
          [
            5.4173198,
            43.2795692
          ],
          [
            5.4173904,
            43.2795627
          ],
          [
            5.4174892,
            43.2795655
          ],
          [
            5.4175205,
            43.27957
          ],
          [
            5.4175625,
            43.2795768
          ],
          [
            5.4176061,
            43.2795858
          ],
          [
            5.4177525,
            43.2796207
          ],
          [
            5.4178527,
            43.2796465
          ],
          [
            5.4179381,
            43.2796715
          ],
          [
            5.4180568,
            43.279707
          ],
          [
            5.4182775,
            43.2797761
          ],
          [
            5.4183574,
            43.2798014
          ]
        ]
      },
      "id": "way/389162478"
    },
    {
      "type": "Feature",
      "properties": {
        "@id": "way/389216380",
        "cycleway": "lane",
        "highway": "secondary",
        "name": "Boulevard de la Pomme",
        "name:oc": "Baloard de La Poma",
        "ref": "D 2",
        "source:name:oc": "ieo-bdtopoc",
        "surface": "asphalt"
      },
      "geometry": {
        "type": "LineString",
        "coordinates": [
          [
            5.451426,
            43.2933912
          ],
          [
            5.4513325,
            43.2933698
          ],
          [
            5.4510303,
            43.2932853
          ],
          [
            5.4507384,
            43.2931736
          ],
          [
            5.4506232,
            43.2931248
          ],
          [
            5.4504036,
            43.293024
          ],
          [
            5.4501303,
            43.292874
          ],
          [
            5.4497327,
            43.2926217
          ],
          [
            5.4488927,
            43.2918534
          ],
          [
            5.4487709,
            43.2917701
          ],
          [
            5.448664,
            43.291715
          ],
          [
            5.4485143,
            43.2916465
          ],
          [
            5.4483776,
            43.2916044
          ],
          [
            5.4482143,
            43.291568
          ],
          [
            5.44794,
            43.2915383
          ],
          [
            5.4477949,
            43.2915351
          ],
          [
            5.4475397,
            43.2915522
          ],
          [
            5.447296,
            43.2916263
          ],
          [
            5.4471884,
            43.291669
          ],
          [
            5.4471054,
            43.2917018
          ],
          [
            5.4469101,
            43.2917793
          ],
          [
            5.44678,
            43.2918344
          ],
          [
            5.4465883,
            43.2919184
          ],
          [
            5.4465398,
            43.2919385
          ],
          [
            5.4465198,
            43.2919469
          ],
          [
            5.4464947,
            43.2919561
          ],
          [
            5.4464792,
            43.2919618
          ]
        ]
      },
      "id": "way/389216380"
    },
    {
      "type": "Feature",
      "properties": {
        "@id": "way/393235679",
        "cycleway": "lane",
        "highway": "secondary",
        "lanes": "2",
        "name": "Rue Saint-Pierre",
        "name:oc": "Carriera de Sant Pèire",
        "source:name:oc": "ieo-bdtopoc",
        "surface": "asphalt"
      },
      "geometry": {
        "type": "LineString",
        "coordinates": [
          [
            5.4184806,
            43.2906988
          ],
          [
            5.4187902,
            43.2906006
          ],
          [
            5.4189638,
            43.2905558
          ],
          [
            5.4190821,
            43.2905305
          ],
          [
            5.4191973,
            43.2905119
          ],
          [
            5.4193121,
            43.2904978
          ],
          [
            5.4194278,
            43.2904886
          ],
          [
            5.41982,
            43.2904859
          ],
          [
            5.4199605,
            43.2904862
          ],
          [
            5.4201792,
            43.2904866
          ],
          [
            5.4202098,
            43.2904864
          ],
          [
            5.4203783,
            43.2904854
          ],
          [
            5.4204373,
            43.2904851
          ],
          [
            5.4204749,
            43.2904849
          ],
          [
            5.420507,
            43.2904847
          ],
          [
            5.4209319,
            43.2904845
          ],
          [
            5.4215147,
            43.2904902
          ],
          [
            5.4216367,
            43.2904995
          ],
          [
            5.4219649,
            43.2905497
          ],
          [
            5.4221507,
            43.2905793
          ],
          [
            5.4223417,
            43.2906047
          ],
          [
            5.4224368,
            43.2906124
          ],
          [
            5.4224963,
            43.2906177
          ],
          [
            5.4226611,
            43.2906232
          ],
          [
            5.4227339,
            43.2906257
          ],
          [
            5.4229465,
            43.2906327
          ],
          [
            5.4230425,
            43.2906342
          ],
          [
            5.4231884,
            43.2906365
          ],
          [
            5.4234864,
            43.2906354
          ],
          [
            5.4239897,
            43.2906185
          ],
          [
            5.4241978,
            43.2905986
          ],
          [
            5.4244619,
            43.2905562
          ],
          [
            5.42463,
            43.290527
          ],
          [
            5.4248354,
            43.2904787
          ],
          [
            5.4250544,
            43.2904189
          ],
          [
            5.4251612,
            43.2903844
          ],
          [
            5.4253064,
            43.2903323
          ]
        ]
      },
      "id": "way/393235679"
    },
    {
      "type": "Feature",
      "properties": {
        "@id": "way/393235680",
        "cycleway": "lane",
        "highway": "secondary",
        "lanes": "3",
        "lanes:backward": "2",
        "name": "Rue Saint-Pierre",
        "name:oc": "Carriera de Sant Pèire",
        "source:name:oc": "ieo-bdtopoc",
        "surface": "asphalt"
      },
      "geometry": {
        "type": "LineString",
        "coordinates": [
          [
            5.4177265,
            43.2910101
          ],
          [
            5.4177955,
            43.2909881
          ],
          [
            5.4178077,
            43.2909836
          ]
        ]
      },
      "id": "way/393235680"
    },
    {
      "type": "Feature",
      "properties": {
        "@id": "way/393235684",
        "cycleway": "lane",
        "highway": "secondary",
        "lanes": "1",
        "name": "Rue Saint-Pierre",
        "name:oc": "Carriera de Sant Pèire",
        "oneway": "yes",
        "source": "Bing",
        "source:name:oc": "ieo-bdtopoc",
        "surface": "asphalt"
      },
      "geometry": {
        "type": "LineString",
        "coordinates": [
          [
            5.4184806,
            43.2906988
          ],
          [
            5.4182825,
            43.2908364
          ],
          [
            5.4180154,
            43.2909411
          ],
          [
            5.4179298,
            43.2909712
          ],
          [
            5.4178077,
            43.2909836
          ]
        ]
      },
      "id": "way/393235684"
    },
    {
      "type": "Feature",
      "properties": {
        "@id": "way/394895437",
        "access": "yes",
        "bicycle": "yes",
        "cycleway": "no",
        "foot": "yes",
        "highway": "tertiary",
        "horse": "no",
        "name": "Boulevard de Saint-Loup",
        "name:oc": "Baloard de Sant Lop",
        "old_ref": "N 8",
        "oneway": "yes",
        "ref": "D 8n",
        "source": "Bing",
        "source:name:oc": "ieo-bdtopoc"
      },
      "geometry": {
        "type": "LineString",
        "coordinates": [
          [
            5.4332397,
            43.2832564
          ],
          [
            5.4331818,
            43.2832615
          ],
          [
            5.433113,
            43.283248
          ],
          [
            5.4328787,
            43.2831593
          ],
          [
            5.4328147,
            43.2831364
          ],
          [
            5.4327651,
            43.2831187
          ],
          [
            5.4326889,
            43.2830712
          ],
          [
            5.4326494,
            43.2830106
          ],
          [
            5.432641,
            43.282981
          ],
          [
            5.4326307,
            43.2829449
          ]
        ]
      },
      "id": "way/394895437"
    },
    {
      "type": "Feature",
      "properties": {
        "@id": "way/394895438",
        "access": "yes",
        "bicycle": "yes",
        "cycleway": "no",
        "foot": "yes",
        "highway": "tertiary",
        "horse": "no",
        "lanes": "2",
        "name": "Boulevard de Saint-Loup",
        "name:oc": "Baloard de Sant Lop",
        "old_ref": "N 8",
        "oneway": "no",
        "ref": "D 8n",
        "source": "Bing",
        "source:name:oc": "ieo-bdtopoc",
        "surface": "asphalt"
      },
      "geometry": {
        "type": "LineString",
        "coordinates": [
          [
            5.4335477,
            43.2832923
          ],
          [
            5.4335773,
            43.2833064
          ],
          [
            5.4337163,
            43.2833607
          ],
          [
            5.4340402,
            43.2834831
          ],
          [
            5.434409,
            43.2836195
          ],
          [
            5.434524,
            43.2836624
          ],
          [
            5.4353624,
            43.2839652
          ],
          [
            5.4355133,
            43.2840223
          ],
          [
            5.435661,
            43.2840818
          ],
          [
            5.4357817,
            43.2841205
          ],
          [
            5.4359801,
            43.284193
          ],
          [
            5.4367795,
            43.2844853
          ],
          [
            5.4370699,
            43.2845993
          ],
          [
            5.4371661,
            43.2846356
          ],
          [
            5.437298,
            43.2846717
          ],
          [
            5.4373632,
            43.2846856
          ],
          [
            5.4376387,
            43.2847233
          ],
          [
            5.4378797,
            43.2847474
          ],
          [
            5.4380776,
            43.2847671
          ],
          [
            5.4384351,
            43.2848059
          ],
          [
            5.4386932,
            43.2848296
          ],
          [
            5.4394386,
            43.2849042
          ],
          [
            5.4396195,
            43.2849306
          ],
          [
            5.4397653,
            43.2849519
          ],
          [
            5.4400789,
            43.285008
          ],
          [
            5.4404224,
            43.2851176
          ],
          [
            5.440775,
            43.285232
          ],
          [
            5.4408313,
            43.2852489
          ],
          [
            5.4416522,
            43.2855402
          ],
          [
            5.4418699,
            43.2856106
          ],
          [
            5.4419721,
            43.2856436
          ],
          [
            5.4420359,
            43.2856668
          ]
        ]
      },
      "id": "way/394895438"
    },
    {
      "type": "Feature",
      "properties": {
        "@id": "way/394895442",
        "access": "yes",
        "bicycle": "yes",
        "cycleway": "no",
        "foot": "yes",
        "highway": "tertiary",
        "horse": "no",
        "name": "Boulevard de Saint-Loup",
        "name:oc": "Baloard de Sant Lop",
        "old_ref": "N 8",
        "oneway": "yes",
        "ref": "D 8n",
        "source": "Bing",
        "source:name:oc": "ieo-bdtopoc"
      },
      "geometry": {
        "type": "LineString",
        "coordinates": [
          [
            5.4328411,
            43.2830174
          ],
          [
            5.4329519,
            43.2830565
          ],
          [
            5.4331562,
            43.2831283
          ],
          [
            5.4331753,
            43.2831386
          ]
        ]
      },
      "id": "way/394895442"
    },
    {
      "type": "Feature",
      "properties": {
        "@id": "way/395832193",
        "access": "yes",
        "bicycle": "yes",
        "cycleway": "no",
        "foot": "yes",
        "highway": "tertiary",
        "horse": "no",
        "lanes": "2",
        "lit": "yes",
        "name": "Boulevard de la Valbarelle",
        "name:oc": "Baloard de La Val Barèla",
        "old_ref": "N 8",
        "oneway": "no",
        "ref": "D 8n",
        "source": "Bing",
        "source:name:oc": "ieo-bdtopoc",
        "surface": "asphalt"
      },
      "geometry": {
        "type": "LineString",
        "coordinates": [
          [
            5.4434976,
            43.2861689
          ],
          [
            5.4437609,
            43.2862564
          ],
          [
            5.4439139,
            43.2863078
          ],
          [
            5.4445571,
            43.2865339
          ],
          [
            5.4458494,
            43.2869715
          ],
          [
            5.4459456,
            43.2870041
          ],
          [
            5.4459637,
            43.2870201
          ]
        ]
      },
      "id": "way/395832193"
    },
    {
      "type": "Feature",
      "properties": {
        "@id": "way/396763809",
        "cycleway": "lane",
        "highway": "tertiary",
        "lanes": "3",
        "lanes:backward": "1",
        "lanes:forward": "2",
        "lit": "yes",
        "maxspeed:type": "FR:urban",
        "name": "Boulevard Paul Claudel",
        "name:etymology:wikidata": "Q295830",
        "name:oc": "Baloard Paul Claudel",
        "source:name:oc": "ieo-bdtopoc",
        "surface": "asphalt"
      },
      "geometry": {
        "type": "LineString",
        "coordinates": [
          [
            5.4216528,
            43.2696385
          ],
          [
            5.4217965,
            43.2697008
          ],
          [
            5.4219798,
            43.2697802
          ],
          [
            5.4220822,
            43.2698246
          ],
          [
            5.4222087,
            43.2698794
          ],
          [
            5.4226284,
            43.2700514
          ],
          [
            5.422885,
            43.2701961
          ]
        ]
      },
      "id": "way/396763809"
    },
    {
      "type": "Feature",
      "properties": {
        "@id": "way/397636798",
        "bicycle": "yes",
        "cycleway": "no",
        "highway": "residential",
        "lanes": "2",
        "maxspeed": "50",
        "name": "Rue François Mauriac",
        "name:etymology:wikidata": "Q81685",
        "name:oc": "Carriera Francés Mauriac",
        "oneway": "yes",
        "source": "BDOrtho IGN 2018",
        "source:name:oc": "ieo-bdtopoc",
        "surface": "asphalt"
      },
      "geometry": {
        "type": "LineString",
        "coordinates": [
          [
            5.4231913,
            43.270278
          ],
          [
            5.4232635,
            43.270197
          ],
          [
            5.4233243,
            43.2701693
          ]
        ]
      },
      "id": "way/397636798"
    },
    {
      "type": "Feature",
      "properties": {
        "@id": "way/397805345",
        "cycleway": "lane",
        "highway": "secondary",
        "name": "Boulevard Romain Rolland",
        "name:etymology:wikidata": "Q47162",
        "name:oc": "Baloard Roman Rolland",
        "oneway": "no",
        "source:name:oc": "ieo-bdtopoc",
        "surface": "asphalt"
      },
      "geometry": {
        "type": "LineString",
        "coordinates": [
          [
            5.4246753,
            43.2798821
          ],
          [
            5.4252927,
            43.2800878
          ],
          [
            5.4253341,
            43.2801019
          ],
          [
            5.4254193,
            43.2801333
          ]
        ]
      },
      "id": "way/397805345"
    },
    {
      "type": "Feature",
      "properties": {
        "@id": "way/398118465",
        "bicycle": "yes",
        "cycleway": "no",
        "highway": "residential",
        "lanes": "2",
        "maxspeed": "50",
        "name": "Rue François Mauriac",
        "name:etymology:wikidata": "Q81685",
        "name:oc": "Carriera Francés Mauriac",
        "oneway": "yes",
        "source": "BDOrtho IGN 2018",
        "source:name:oc": "ieo-bdtopoc",
        "surface": "asphalt"
      },
      "geometry": {
        "type": "LineString",
        "coordinates": [
          [
            5.4233243,
            43.2701693
          ],
          [
            5.4233237,
            43.2702148
          ],
          [
            5.4233174,
            43.2702464
          ],
          [
            5.4233015,
            43.2703251
          ]
        ]
      },
      "id": "way/398118465"
    },
    {
      "type": "Feature",
      "properties": {
        "@id": "way/398118466",
        "bicycle": "yes",
        "boundary": "political",
        "cycleway": "no",
        "highway": "residential",
        "lanes": "2",
        "maxspeed": "50",
        "name": "Rue François Mauriac",
        "name:etymology:wikidata": "Q81685",
        "name:oc": "Carriera Francés Mauriac",
        "oneway": "no",
        "political_division": "canton",
        "source:name:oc": "ieo-bdtopoc",
        "surface": "asphalt"
      },
      "geometry": {
        "type": "LineString",
        "coordinates": [
          [
            5.4233243,
            43.2701693
          ],
          [
            5.4233477,
            43.270152
          ],
          [
            5.4233729,
            43.270133
          ],
          [
            5.4233926,
            43.2701189
          ],
          [
            5.4235376,
            43.2700332
          ],
          [
            5.4236872,
            43.269952
          ],
          [
            5.4238268,
            43.2698818
          ],
          [
            5.4239991,
            43.2697976
          ],
          [
            5.4240894,
            43.2697538
          ],
          [
            5.4242833,
            43.2696454
          ],
          [
            5.4243739,
            43.2695887
          ],
          [
            5.424553,
            43.2694566
          ],
          [
            5.4246653,
            43.2693709
          ],
          [
            5.4249592,
            43.2691398
          ],
          [
            5.4249924,
            43.269114
          ],
          [
            5.4250333,
            43.2690842
          ],
          [
            5.42514,
            43.2690065
          ],
          [
            5.4252443,
            43.2689309
          ],
          [
            5.4255896,
            43.2686819
          ],
          [
            5.4256945,
            43.2686068
          ],
          [
            5.425819,
            43.2685183
          ],
          [
            5.426353,
            43.2681346
          ],
          [
            5.4265696,
            43.2679792
          ],
          [
            5.4267566,
            43.2678523
          ],
          [
            5.4268557,
            43.2677844
          ],
          [
            5.4270011,
            43.2676831
          ],
          [
            5.4270705,
            43.2676348
          ],
          [
            5.4271258,
            43.2675949
          ],
          [
            5.4273152,
            43.267449
          ]
        ]
      },
      "id": "way/398118466"
    },
    {
      "type": "Feature",
      "properties": {
        "@id": "way/401956785",
        "cycleway": "lane",
        "highway": "secondary",
        "lanes": "2",
        "maxspeed": "30",
        "name": "Rue Pierre Doize",
        "name:oc": "Carriera Pèire Doisa",
        "oneway": "no",
        "source:name:oc": "ieo-bdtopoc"
      },
      "geometry": {
        "type": "LineString",
        "coordinates": [
          [
            5.4282846,
            43.2787993
          ],
          [
            5.4283501,
            43.27891
          ],
          [
            5.4283636,
            43.2789323
          ],
          [
            5.4284854,
            43.2791223
          ],
          [
            5.4288074,
            43.2796245
          ],
          [
            5.4289907,
            43.2798996
          ],
          [
            5.4290137,
            43.2799342
          ],
          [
            5.4290475,
            43.2799849
          ],
          [
            5.429089,
            43.2800786
          ]
        ]
      },
      "id": "way/401956785"
    },
    {
      "type": "Feature",
      "properties": {
        "@id": "way/406748287",
        "cycleway": "shoulder",
        "highway": "primary",
        "lanes": "2",
        "lit": "no",
        "ref": "D 96",
        "source:bicycle": "Collectif Vélos en Ville",
        "surface": "asphalt"
      },
      "geometry": {
        "type": "LineString",
        "coordinates": [
          [
            5.5762995,
            43.4059599
          ],
          [
            5.5762017,
            43.4057382
          ],
          [
            5.5761165,
            43.4054132
          ],
          [
            5.576102,
            43.4051743
          ],
          [
            5.5761477,
            43.4050079
          ],
          [
            5.5762335,
            43.4048458
          ],
          [
            5.576431,
            43.4046899
          ],
          [
            5.5766026,
            43.4045839
          ],
          [
            5.5768601,
            43.4045028
          ]
        ]
      },
      "id": "way/406748287"
    },
    {
      "type": "Feature",
      "properties": {
        "@id": "way/416373324",
        "cycleway": "track",
        "highway": "secondary",
        "lanes": "2",
        "lit": "yes",
        "name": "Boulevard Françoise Duparc",
        "name:etymology:wikidata": "Q3086480",
        "name:oc": "Baloard Francesa Duparc",
        "oneway": "yes",
        "source:name:oc": "ieo-bdtopoc",
        "surface": "asphalt",
        "wikipedia": "fr:Boulevard Françoise-Duparc"
      },
      "geometry": {
        "type": "LineString",
        "coordinates": [
          [
            5.4006478,
            43.3029187
          ],
          [
            5.4006357,
            43.3028455
          ],
          [
            5.4006272,
            43.3027944
          ],
          [
            5.400672,
            43.3027415
          ]
        ]
      },
      "id": "way/416373324"
    },
    {
      "type": "Feature",
      "properties": {
        "@id": "way/418067581",
        "cycleway": "no",
        "highway": "secondary",
        "lanes": "1",
        "lit": "yes",
        "maxspeed": "50",
        "name": "Avenue Roger Salengro",
        "oneway": "yes",
        "ref": "D 96",
        "sidewalk": "right",
        "smoothness": "excellent",
        "source:maxspeed": "FR:urban",
        "surface": "asphalt"
      },
      "geometry": {
        "type": "LineString",
        "coordinates": [
          [
            5.5704011,
            43.301154
          ],
          [
            5.5704661,
            43.3012403
          ],
          [
            5.5705754,
            43.3013398
          ]
        ]
      },
      "id": "way/418067581"
    },
    {
      "type": "Feature",
      "properties": {
        "@id": "way/418067799",
        "cycleway": "no",
        "highway": "secondary",
        "lanes": "1",
        "lit": "yes",
        "maxspeed": "50",
        "oneway": "yes",
        "ref": "D 96",
        "sidewalk": "right",
        "smoothness": "excellent",
        "source:maxspeed": "FR:urban",
        "surface": "asphalt"
      },
      "geometry": {
        "type": "LineString",
        "coordinates": [
          [
            5.5699033,
            43.3008804
          ],
          [
            5.5698322,
            43.3007828
          ],
          [
            5.5697652,
            43.3006908
          ],
          [
            5.5696862,
            43.3005575
          ],
          [
            5.5696231,
            43.3004077
          ]
        ]
      },
      "id": "way/418067799"
    },
    {
      "type": "Feature",
      "properties": {
        "@id": "way/418079569",
        "cycleway": "no",
        "highway": "primary",
        "lit": "yes",
        "maxspeed": "80",
        "name": "Route Nationale 96",
        "ref": "D 96",
        "sidewalk": "no",
        "source:maxspeed": "FR:rural",
        "surface": "asphalt"
      },
      "geometry": {
        "type": "LineString",
        "coordinates": [
          [
            5.5953533,
            43.3260221
          ],
          [
            5.595141,
            43.3259621
          ],
          [
            5.594788,
            43.325877
          ],
          [
            5.5946783,
            43.3258504
          ],
          [
            5.5945684,
            43.3258375
          ],
          [
            5.5944396,
            43.3258284
          ],
          [
            5.5940453,
            43.3258186
          ],
          [
            5.5939621,
            43.3258055
          ],
          [
            5.5938931,
            43.3257889
          ],
          [
            5.5938403,
            43.3257706
          ],
          [
            5.5936481,
            43.3256672
          ],
          [
            5.592438,
            43.3249112
          ],
          [
            5.59193,
            43.3245499
          ],
          [
            5.5902308,
            43.3236272
          ],
          [
            5.5899795,
            43.323481
          ],
          [
            5.5893915,
            43.3230733
          ],
          [
            5.5883363,
            43.3223415
          ],
          [
            5.5883096,
            43.322323
          ],
          [
            5.5877412,
            43.3218127
          ],
          [
            5.5875722,
            43.3216029
          ],
          [
            5.5873838,
            43.321369
          ],
          [
            5.5873656,
            43.3213464
          ],
          [
            5.5871645,
            43.3211252
          ],
          [
            5.5870801,
            43.3210615
          ],
          [
            5.5869086,
            43.3209321
          ],
          [
            5.5865555,
            43.3207198
          ]
        ]
      },
      "id": "way/418079569"
    },
    {
      "type": "Feature",
      "properties": {
        "@id": "way/418080060",
        "cycleway": "shoulder",
        "highway": "primary",
        "lanes": "2",
        "maxspeed": "30",
        "name": "Avenue Charles de Gaulle",
        "ref": "D 96",
        "sidewalk": "no",
        "source:bicycle": "Collectiv Vélos en Ville",
        "source:maxspeed": "FR:urban",
        "surface": "asphalt"
      },
      "geometry": {
        "type": "LineString",
        "coordinates": [
          [
            5.5988356,
            43.3308313
          ],
          [
            5.5986547,
            43.3305958
          ],
          [
            5.5986222,
            43.3304902
          ],
          [
            5.5986505,
            43.3302842
          ],
          [
            5.5986981,
            43.3301171
          ]
        ]
      },
      "id": "way/418080060"
    },
    {
      "type": "Feature",
      "properties": {
        "@id": "way/422682031",
        "bicycle": "yes",
        "bus": "yes",
        "cycleway": "share_busway",
        "highway": "secondary",
        "lanes": "2",
        "name": "Quai de Rive-Neuve",
        "name:oc": "Cai de la Riba Nòva",
        "oneway": "yes",
        "sidewalk:right": "separate",
        "source:name:oc": "ieo-bdtopoc",
        "surface": "asphalt"
      },
      "geometry": {
        "type": "LineString",
        "coordinates": [
          [
            5.3661118,
            43.2923974
          ],
          [
            5.3659671,
            43.2924175
          ],
          [
            5.36588,
            43.2923891
          ]
        ]
      },
      "id": "way/422682031"
    },
    {
      "type": "Feature",
      "properties": {
        "@id": "way/422682033",
        "bicycle": "yes",
        "bus": "yes",
        "cycleway": "share_busway",
        "highway": "secondary",
        "lanes": "4",
        "lanes:backward": "2",
        "lanes:forward": "2",
        "lit": "yes",
        "maxspeed": "30",
        "name": "Quai de Rive-Neuve",
        "name:oc": "Cai de la Riba Nòva",
        "sidewalk": "both",
        "smoothness": "intermediate",
        "source:name:oc": "ieo-bdtopoc",
        "surface": "asphalt",
        "turn:lanes:backward": "left|through",
        "turn:lanes:forward": "left;through|through"
      },
      "geometry": {
        "type": "LineString",
        "coordinates": [
          [
            5.3661118,
            43.2923974
          ],
          [
            5.366315,
            43.2924423
          ]
        ]
      },
      "id": "way/422682033"
    },
    {
      "type": "Feature",
      "properties": {
        "@id": "way/423658706",
        "cycleway": "lane",
        "highway": "secondary",
        "name": "Avenue de la Marche pour l’égalité et contre le racisme",
        "name:oc": "Avenguda Alexandre Ansaldi",
        "old_name": "Avenue Alexandre Ansaldi",
        "oneway": "yes",
        "ref:FR:FANTOIR": "132140190L",
        "source:name:oc": "ieo-bdtopoc"
      },
      "geometry": {
        "type": "LineString",
        "coordinates": [
          [
            5.3992572,
            43.335642
          ],
          [
            5.3994302,
            43.3355874
          ],
          [
            5.3996903,
            43.3355218
          ]
        ]
      },
      "id": "way/423658706"
    },
    {
      "type": "Feature",
      "properties": {
        "@id": "way/423658707",
        "cycleway": "lane",
        "highway": "secondary",
        "name": "Avenue de la Marche pour l’égalité et contre le racisme",
        "name:oc": "Avenguda Alexandre Ansaldi",
        "old_name": "Avenue Alexandre Ansaldi",
        "ref": "D 4",
        "ref:FR:FANTOIR": "132140190L",
        "source": "BD Ortho IGN 2016",
        "source:name:oc": "ieo-bdtopoc"
      },
      "geometry": {
        "type": "LineString",
        "coordinates": [
          [
            5.4001559,
            43.3352906
          ],
          [
            5.4000068,
            43.3353744
          ],
          [
            5.3999151,
            43.3354226
          ],
          [
            5.3997481,
            43.3354969
          ],
          [
            5.3996903,
            43.3355218
          ]
        ]
      },
      "id": "way/423658707"
    },
    {
      "type": "Feature",
      "properties": {
        "@id": "way/423658708",
        "cycleway": "lane",
        "highway": "secondary",
        "name": "Avenue de la Marche pour l’égalité et contre le racisme",
        "name:oc": "Avenguda Alexandre Ansaldi",
        "old_name": "Avenue Alexandre Ansaldi",
        "ref": "D 4",
        "ref:FR:FANTOIR": "132140190L",
        "source:name:oc": "ieo-bdtopoc"
      },
      "geometry": {
        "type": "LineString",
        "coordinates": [
          [
            5.4001559,
            43.3352906
          ],
          [
            5.4002619,
            43.3352156
          ],
          [
            5.4006222,
            43.3349763
          ],
          [
            5.4006888,
            43.3349302
          ]
        ]
      },
      "id": "way/423658708"
    },
    {
      "type": "Feature",
      "properties": {
        "@id": "way/423658709",
        "cycleway": "lane",
        "highway": "secondary",
        "name": "Avenue de la Marche pour l’égalité et contre le racisme",
        "name:oc": "Avenguda Alexandre Ansaldi",
        "old_name": "Avenue Alexandre Ansaldi",
        "ref": "D 4",
        "ref:FR:FANTOIR": "132140190L",
        "source": "BD Ortho IGN 2016",
        "source:name:oc": "ieo-bdtopoc"
      },
      "geometry": {
        "type": "LineString",
        "coordinates": [
          [
            5.4031762,
            43.3332554
          ],
          [
            5.402951,
            43.333402
          ],
          [
            5.4029239,
            43.3334197
          ],
          [
            5.4029037,
            43.3334328
          ],
          [
            5.4028824,
            43.333447
          ],
          [
            5.402819,
            43.3334894
          ],
          [
            5.4025183,
            43.3336903
          ],
          [
            5.4020196,
            43.3340189
          ],
          [
            5.4019563,
            43.3340608
          ],
          [
            5.4013916,
            43.3344148
          ],
          [
            5.4009491,
            43.3347457
          ],
          [
            5.4007706,
            43.3348686
          ],
          [
            5.4007465,
            43.3348844
          ],
          [
            5.4006888,
            43.3349302
          ]
        ]
      },
      "id": "way/423658709"
    },
    {
      "type": "Feature",
      "properties": {
        "@id": "way/424045604",
        "cycleway": "track",
        "highway": "secondary",
        "name": "Avenue Joseph Roumanille",
        "name:oc": "Avenguda Josèp Romanilha",
        "oneway": "yes",
        "ref": "D 3"
      },
      "geometry": {
        "type": "LineString",
        "coordinates": [
          [
            5.6205946,
            43.1964512
          ],
          [
            5.6206929,
            43.1965235
          ],
          [
            5.6207927,
            43.196616
          ],
          [
            5.6209224,
            43.1967769
          ],
          [
            5.6210486,
            43.1969324
          ],
          [
            5.6211448,
            43.1970836
          ],
          [
            5.6211638,
            43.1971194
          ],
          [
            5.6212022,
            43.197206
          ]
        ]
      },
      "id": "way/424045604"
    },
    {
      "type": "Feature",
      "properties": {
        "@id": "way/424045608",
        "cycleway": "track",
        "highway": "secondary",
        "name": "Avenue Joseph Roumanille",
        "name:oc": "Avenguda Josèp Romanilha",
        "ref": "D 3",
        "traffic_calming": "table"
      },
      "geometry": {
        "type": "LineString",
        "coordinates": [
          [
            5.6202681,
            43.1961234
          ],
          [
            5.6200848,
            43.1959803
          ],
          [
            5.6199511,
            43.1958937
          ],
          [
            5.6198612,
            43.1958359
          ],
          [
            5.6196655,
            43.1957403
          ]
        ]
      },
      "id": "way/424045608"
    },
    {
      "type": "Feature",
      "properties": {
        "@id": "way/424630286",
        "access": "no",
        "bicycle": "yes",
        "bus": "yes",
        "cycleway": "share_busway",
        "highway": "service",
        "lanes": "2",
        "oneway": "no",
        "psv": "yes",
        "service": "busway"
      },
      "geometry": {
        "type": "LineString",
        "coordinates": [
          [
            5.4352757,
            43.337184
          ],
          [
            5.4351697,
            43.3370808
          ],
          [
            5.4351533,
            43.3370654
          ],
          [
            5.4345724,
            43.3364991
          ],
          [
            5.4340273,
            43.3359687
          ],
          [
            5.4337015,
            43.3356714
          ],
          [
            5.4336191,
            43.3355834
          ],
          [
            5.4335139,
            43.3354627
          ],
          [
            5.4334654,
            43.3353981
          ],
          [
            5.4334014,
            43.3353435
          ],
          [
            5.4333563,
            43.3353132
          ],
          [
            5.4333058,
            43.3352882
          ],
          [
            5.4332153,
            43.3352513
          ]
        ]
      },
      "id": "way/424630286"
    },
    {
      "type": "Feature",
      "properties": {
        "@id": "way/425990689",
        "bicycle": "yes",
        "bus": "yes",
        "busway": "opposite_lane",
        "cycleway": "opposite_share_busway",
        "highway": "secondary",
        "lane_markings": "no",
        "level": "0",
        "name": "Quai de Rive-Neuve",
        "name:oc": "Cai de la Riba Nòva",
        "oneway": "yes",
        "oneway:bicycle": "no",
        "oneway:bus": "no",
        "psv": "yes",
        "sidewalk": "both",
        "source:name:oc": "ieo-bdtopoc",
        "surface": "sett",
        "width": "7.5"
      },
      "geometry": {
        "type": "LineString",
        "coordinates": [
          [
            5.3715762,
            43.2934763
          ],
          [
            5.3715214,
            43.2934621
          ],
          [
            5.3712893,
            43.2934045
          ],
          [
            5.3712456,
            43.2933936
          ],
          [
            5.3711187,
            43.2933215
          ]
        ]
      },
      "id": "way/425990689"
    },
    {
      "type": "Feature",
      "properties": {
        "@id": "way/425990700",
        "cycleway": "lane",
        "highway": "unclassified",
        "surface": "asphalt"
      },
      "geometry": {
        "type": "LineString",
        "coordinates": [
          [
            5.3482447,
            43.3387822
          ],
          [
            5.3481833,
            43.3387702
          ]
        ]
      },
      "id": "way/425990700"
    },
    {
      "type": "Feature",
      "properties": {
        "@id": "way/427102503",
        "cycleway": "track",
        "highway": "residential",
        "lanes": "2",
        "name": "Boulevard Mirabeau",
        "name:etymology:wikidata": "Q218747",
        "name:oc": "Baloard Mirabèu",
        "oneway": "no",
        "sidewalk": "both",
        "source:name:oc": "ieo-bdtopoc",
        "surface": "asphalt"
      },
      "geometry": {
        "type": "LineString",
        "coordinates": [
          [
            5.3697095,
            43.3142737
          ],
          [
            5.3698361,
            43.3143123
          ],
          [
            5.3698647,
            43.314321
          ],
          [
            5.3703877,
            43.3144804
          ],
          [
            5.3704211,
            43.3144906
          ],
          [
            5.3704456,
            43.3144977
          ],
          [
            5.370533,
            43.3145382
          ]
        ]
      },
      "id": "way/427102503"
    },
    {
      "type": "Feature",
      "properties": {
        "@id": "way/430174466",
        "bicycle": "use_sidepath",
        "cycleway": "separate",
        "foot": "use_sidepath",
        "highway": "secondary",
        "lanes": "2",
        "maxspeed": "50",
        "name": "Promenade Georges Pompidou",
        "name:etymology:wikidata": "Q2185",
        "name:oc": "Passejada Jòrgi Pompidor",
        "oneway": "yes",
        "sidewalk": "separate",
        "source:name:oc": "ieo-bdtopoc",
        "surface": "asphalt"
      },
      "geometry": {
        "type": "LineString",
        "coordinates": [
          [
            5.3718875,
            43.2676396
          ],
          [
            5.372007,
            43.267508
          ],
          [
            5.3722502,
            43.2671943
          ],
          [
            5.3723289,
            43.267084
          ]
        ]
      },
      "id": "way/430174466"
    },
    {
      "type": "Feature",
      "properties": {
        "@id": "way/430637268",
        "cycleway": "lane",
        "highway": "tertiary",
        "maxspeed": "30",
        "name": "Promenade du Grand Large",
        "name:oc": "Passejada de la Mar Desliura",
        "oneway": "yes"
      },
      "geometry": {
        "type": "LineString",
        "coordinates": [
          [
            5.3673161,
            43.2420861
          ],
          [
            5.3671761,
            43.2420308
          ],
          [
            5.3669617,
            43.2419786
          ]
        ]
      },
      "id": "way/430637268"
    },
    {
      "type": "Feature",
      "properties": {
        "@id": "way/432098662",
        "cycleway": "lane",
        "highway": "tertiary",
        "name": "Rue Saint-Jean du Désert",
        "name:oc": "Carriera de Sant Joan dau Desèrt",
        "oneway": "yes",
        "source:name:oc": "ieo-bdtopoc"
      },
      "geometry": {
        "type": "LineString",
        "coordinates": [
          [
            5.433386,
            43.2958799
          ],
          [
            5.4334319,
            43.2959183
          ],
          [
            5.4334374,
            43.2959306
          ],
          [
            5.4334407,
            43.295938
          ],
          [
            5.433515,
            43.2961063
          ],
          [
            5.4335404,
            43.2961516
          ],
          [
            5.4336431,
            43.2963347
          ],
          [
            5.4336668,
            43.2963796
          ],
          [
            5.4337919,
            43.2965836
          ],
          [
            5.433861,
            43.296686
          ],
          [
            5.4339153,
            43.2967529
          ],
          [
            5.4341232,
            43.2969779
          ],
          [
            5.4341756,
            43.297032
          ],
          [
            5.4342256,
            43.2970658
          ]
        ]
      },
      "id": "way/432098662"
    },
    {
      "type": "Feature",
      "properties": {
        "@id": "way/432098668",
        "boundary": "political",
        "cycleway": "lane",
        "highway": "tertiary",
        "name": "Rue Saint-Jean du Désert",
        "name:oc": "Carriera de Sant Joan dau Desèrt",
        "political_division": "canton",
        "source:name:oc": "ieo-bdtopoc"
      },
      "geometry": {
        "type": "LineString",
        "coordinates": [
          [
            5.433342,
            43.2956148
          ],
          [
            5.4333314,
            43.2955611
          ],
          [
            5.4333057,
            43.2952663
          ],
          [
            5.4332939,
            43.2951567
          ],
          [
            5.4332892,
            43.2951182
          ]
        ]
      },
      "id": "way/432098668"
    },
    {
      "type": "Feature",
      "properties": {
        "@id": "way/432543209",
        "cycleway": "lane",
        "highway": "tertiary",
        "lane_markings": "no",
        "lit": "yes",
        "maxspeed:type": "FR:urban",
        "name": "Chemin du Puits de Brunet",
        "oneway": "yes",
        "ref": "D 141",
        "sidewalk": "right",
        "sidewalk:right:surface": "asphalt",
        "surface": "asphalt"
      },
      "geometry": {
        "type": "LineString",
        "coordinates": [
          [
            5.6005286,
            43.1873289
          ],
          [
            5.6004969,
            43.1873022
          ],
          [
            5.6004769,
            43.1872757
          ],
          [
            5.6004575,
            43.1872407
          ],
          [
            5.6004395,
            43.1871964
          ],
          [
            5.6004427,
            43.1871588
          ],
          [
            5.6004461,
            43.1871247
          ]
        ]
      },
      "id": "way/432543209"
    },
    {
      "type": "Feature",
      "properties": {
        "@id": "way/432626021",
        "bicycle": "yes",
        "cycleway": "crossing",
        "footway": "crossing",
        "highway": "footway",
        "lit": "yes",
        "segregated": "yes"
      },
      "geometry": {
        "type": "LineString",
        "coordinates": [
          [
            5.4010798,
            43.2925853
          ],
          [
            5.4011245,
            43.292574
          ],
          [
            5.4011715,
            43.2925633
          ],
          [
            5.4013084,
            43.2925304
          ],
          [
            5.4013467,
            43.2925212
          ],
          [
            5.4014112,
            43.2925057
          ]
        ]
      },
      "id": "way/432626021"
    },
    {
      "type": "Feature",
      "properties": {
        "@id": "way/432626022",
        "bicycle": "yes",
        "cycleway": "crossing",
        "footway": "crossing",
        "highway": "footway",
        "segregated": "yes"
      },
      "geometry": {
        "type": "LineString",
        "coordinates": [
          [
            5.4012888,
            43.2922435
          ],
          [
            5.4013035,
            43.2922764
          ],
          [
            5.401338,
            43.2923423
          ],
          [
            5.401351,
            43.2923667
          ],
          [
            5.4013608,
            43.2923857
          ]
        ]
      },
      "id": "way/432626022"
    },
    {
      "type": "Feature",
      "properties": {
        "@id": "way/432626024",
        "bicycle": "yes",
        "cycleway": "crossing",
        "footway": "crossing",
        "highway": "footway",
        "segregated": "yes"
      },
      "geometry": {
        "type": "LineString",
        "coordinates": [
          [
            5.4010188,
            43.2925077
          ],
          [
            5.4010018,
            43.292484
          ],
          [
            5.4009577,
            43.2924221
          ],
          [
            5.4009329,
            43.2923954
          ]
        ]
      },
      "id": "way/432626024"
    },
    {
      "type": "Feature",
      "properties": {
        "@id": "way/432736764",
        "cycleway": "lane",
        "highway": "secondary",
        "name": "Boulevard de la Pomme",
        "name:oc": "Baloard de La Poma",
        "oneway": "yes",
        "ref": "D 2",
        "source": "Bing",
        "source:name:oc": "ieo-bdtopoc",
        "surface": "asphalt"
      },
      "geometry": {
        "type": "LineString",
        "coordinates": [
          [
            5.4532476,
            43.2935146
          ],
          [
            5.452656,
            43.2935449
          ],
          [
            5.4524776,
            43.2935454
          ]
        ]
      },
      "id": "way/432736764"
    },
    {
      "type": "Feature",
      "properties": {
        "@id": "way/432861517",
        "bridge": "yes",
        "cycleway": "lane",
        "highway": "secondary",
        "layer": "1",
        "name": "Rue Léon Bancal",
        "name:oc": "Carriera Leon Brancal",
        "oneway": "yes",
        "ref": "D 2D",
        "source:name:oc": "ieo-bdtopoc",
        "surface": "asphalt"
      },
      "geometry": {
        "type": "LineString",
        "coordinates": [
          [
            5.4800839,
            43.2867997
          ],
          [
            5.4803203,
            43.2872847
          ],
          [
            5.4805523,
            43.2877721
          ]
        ]
      },
      "id": "way/432861517"
    },
    {
      "type": "Feature",
      "properties": {
        "@id": "way/432861518",
        "bridge": "yes",
        "cycleway": "lane",
        "highway": "secondary",
        "layer": "1",
        "name": "Rue Léon Bancal",
        "name:oc": "Carriera Leon Brancal",
        "oneway": "yes",
        "ref": "D 2D",
        "source:name:oc": "ieo-bdtopoc",
        "surface": "asphalt"
      },
      "geometry": {
        "type": "LineString",
        "coordinates": [
          [
            5.4804865,
            43.287776
          ],
          [
            5.4802506,
            43.2872896
          ],
          [
            5.4799739,
            43.2868034
          ]
        ]
      },
      "id": "way/432861518"
    },
    {
      "type": "Feature",
      "properties": {
        "@id": "way/434808523",
        "access": "yes",
        "bicycle": "yes",
        "cycleway": "no",
        "foot": "yes",
        "highway": "tertiary",
        "horse": "no",
        "lanes": "3",
        "lanes:backward": "2",
        "lanes:forward": "1",
        "name": "Boulevard de Saint-Loup",
        "name:oc": "Baloard de Sant Lop",
        "old_ref": "N 8",
        "oneway": "no",
        "ref": "D 8n",
        "source": "Bing",
        "source:name:oc": "ieo-bdtopoc",
        "surface": "asphalt"
      },
      "geometry": {
        "type": "LineString",
        "coordinates": [
          [
            5.4420359,
            43.2856668
          ],
          [
            5.4421663,
            43.2857118
          ],
          [
            5.4424102,
            43.2857947
          ],
          [
            5.4424433,
            43.2858064
          ],
          [
            5.4424867,
            43.2858213
          ]
        ]
      },
      "id": "way/434808523"
    },
    {
      "type": "Feature",
      "properties": {
        "@id": "way/434811649",
        "access": "yes",
        "bicycle": "yes",
        "cycleway": "no",
        "foot": "yes",
        "highway": "tertiary",
        "horse": "no",
        "lanes": "1",
        "name": "Boulevard de Saint-Loup",
        "name:oc": "Baloard de Sant Lop",
        "old_ref": "N 8",
        "oneway": "yes",
        "ref": "D 8n",
        "source": "Bing",
        "source:name:oc": "ieo-bdtopoc",
        "surface": "asphalt"
      },
      "geometry": {
        "type": "LineString",
        "coordinates": [
          [
            5.4331753,
            43.2831386
          ],
          [
            5.433503,
            43.2832513
          ],
          [
            5.4335477,
            43.2832923
          ]
        ]
      },
      "id": "way/434811649"
    },
    {
      "type": "Feature",
      "properties": {
        "@id": "way/434811650",
        "access": "yes",
        "bicycle": "yes",
        "cycleway": "no",
        "foot": "yes",
        "highway": "tertiary",
        "horse": "no",
        "name": "Boulevard de Saint-Loup",
        "name:oc": "Baloard de Sant Lop",
        "old_ref": "N 8",
        "oneway": "yes",
        "ref": "D 8n",
        "source": "Bing",
        "source:name:oc": "ieo-bdtopoc"
      },
      "geometry": {
        "type": "LineString",
        "coordinates": [
          [
            5.4326307,
            43.2829449
          ],
          [
            5.4327329,
            43.2829783
          ],
          [
            5.4328411,
            43.2830174
          ]
        ]
      },
      "id": "way/434811650"
    },
    {
      "type": "Feature",
      "properties": {
        "@id": "way/434811651",
        "access": "yes",
        "bicycle": "yes",
        "cycleway": "no",
        "foot": "yes",
        "highway": "tertiary",
        "horse": "no",
        "lanes": "1",
        "name": "Boulevard de Saint-Loup",
        "name:oc": "Baloard de Sant Lop",
        "old_ref": "N 8",
        "oneway": "yes",
        "ref": "D 8n",
        "source": "Bing",
        "source:name:oc": "ieo-bdtopoc",
        "surface": "asphalt"
      },
      "geometry": {
        "type": "LineString",
        "coordinates": [
          [
            5.4335477,
            43.2832923
          ],
          [
            5.4333403,
            43.2832614
          ],
          [
            5.4332397,
            43.2832564
          ]
        ]
      },
      "id": "way/434811651"
    },
    {
      "type": "Feature",
      "properties": {
        "@id": "way/435561819",
        "cycleway": "track",
        "highway": "secondary",
        "name": "Avenue Joseph Roumanille",
        "name:oc": "Avenguda Josèp Romanilha",
        "oneway": "yes",
        "ref": "D 3"
      },
      "geometry": {
        "type": "LineString",
        "coordinates": [
          [
            5.6213276,
            43.197683
          ],
          [
            5.6213723,
            43.1978301
          ],
          [
            5.6215168,
            43.198156
          ],
          [
            5.6215981,
            43.1983472
          ]
        ]
      },
      "id": "way/435561819"
    },
    {
      "type": "Feature",
      "properties": {
        "@id": "way/435705780",
        "access": "no",
        "bicycle": "yes",
        "cycleway": "track",
        "highway": "busway",
        "name": "Boulevard National",
        "name:oc": "Baloard Nacionau",
        "oneway": "yes",
        "psv": "designated"
      },
      "geometry": {
        "type": "LineString",
        "coordinates": [
          [
            5.3786627,
            43.3106262
          ],
          [
            5.3788082,
            43.3104909
          ],
          [
            5.3788642,
            43.3104388
          ],
          [
            5.3789707,
            43.3103362
          ]
        ]
      },
      "id": "way/435705780"
    },
    {
      "type": "Feature",
      "properties": {
        "@id": "way/436469868",
        "cycleway": "lane",
        "highway": "secondary",
        "name": "Avenue de la Marche pour l’égalité et contre le racisme",
        "name:oc": "Avenguda Alexandre Ansaldi",
        "old_name": "Avenue Alexandre Ansaldi",
        "oneway": "yes",
        "ref": "D 4",
        "ref:FR:FANTOIR": "132140190L",
        "source": "BD Ortho IGN 2016",
        "source:name:oc": "ieo-bdtopoc"
      },
      "geometry": {
        "type": "LineString",
        "coordinates": [
          [
            5.3996903,
            43.3355218
          ],
          [
            5.3993991,
            43.3356448
          ],
          [
            5.3991965,
            43.3357161
          ],
          [
            5.3989231,
            43.335794
          ],
          [
            5.3988916,
            43.3358032
          ]
        ]
      },
      "id": "way/436469868"
    },
    {
      "type": "Feature",
      "properties": {
        "@id": "way/437892784",
        "bicycle": "yes",
        "cycleway": "lane",
        "highway": "secondary",
        "oneway": "yes",
        "ref": "D 559 A"
      },
      "geometry": {
        "type": "LineString",
        "coordinates": [
          [
            5.585187,
            43.2261094
          ],
          [
            5.5852272,
            43.2261476
          ],
          [
            5.585331,
            43.2261999
          ]
        ]
      },
      "id": "way/437892784"
    },
    {
      "type": "Feature",
      "properties": {
        "@id": "way/437892785",
        "bicycle": "yes",
        "cycleway": "lane",
        "highway": "secondary",
        "lanes": "1",
        "oneway": "yes",
        "ref": "D 559A",
        "surface": "asphalt"
      },
      "geometry": {
        "type": "LineString",
        "coordinates": [
          [
            5.5800707,
            43.2222005
          ],
          [
            5.579893,
            43.222157
          ],
          [
            5.5798316,
            43.2221418
          ]
        ]
      },
      "id": "way/437892785"
    },
    {
      "type": "Feature",
      "properties": {
        "@id": "way/437892789",
        "bicycle": "yes",
        "cycleway": "lane",
        "destination": "A50 (Marseille);Aubagne;Carnoux;Roquefort",
        "highway": "secondary",
        "lanes": "1",
        "oneway": "yes",
        "ref": "D 559A",
        "surface": "asphalt"
      },
      "geometry": {
        "type": "LineString",
        "coordinates": [
          [
            5.5799396,
            43.2219276
          ],
          [
            5.5800707,
            43.2222005
          ]
        ]
      },
      "id": "way/437892789"
    },
    {
      "type": "Feature",
      "properties": {
        "@id": "way/437892791",
        "bicycle": "yes",
        "cycleway": "lane",
        "highway": "secondary",
        "lanes": "1",
        "oneway": "yes",
        "ref": "D 559 A",
        "surface": "asphalt"
      },
      "geometry": {
        "type": "LineString",
        "coordinates": [
          [
            5.5831314,
            43.2242053
          ],
          [
            5.5830868,
            43.2241951
          ],
          [
            5.5830385,
            43.2241745
          ],
          [
            5.5830023,
            43.224157
          ],
          [
            5.5829482,
            43.2241482
          ]
        ]
      },
      "id": "way/437892791"
    },
    {
      "type": "Feature",
      "properties": {
        "@id": "way/438015002",
        "boundary": "political",
        "cycleway": "lane",
        "highway": "tertiary",
        "name": "Rue Saint-Jean du Désert",
        "name:oc": "Carriera de Sant Joan dau Desèrt",
        "political_division": "canton",
        "source:name:oc": "ieo-bdtopoc"
      },
      "geometry": {
        "type": "LineString",
        "coordinates": [
          [
            5.433386,
            43.2958799
          ],
          [
            5.4333736,
            43.2958051
          ],
          [
            5.433342,
            43.2956148
          ]
        ]
      },
      "id": "way/438015002"
    },
    {
      "type": "Feature",
      "properties": {
        "@id": "way/438028575",
        "access": "yes",
        "bicycle": "yes",
        "cycleway": "no",
        "foot": "yes",
        "highway": "tertiary",
        "lanes": "2",
        "maxspeed": "50",
        "motor_vehicle": "yes",
        "name": "Boulevard Henri Saver",
        "name:oc": "Baloard Enrc Saver",
        "oneway": "no",
        "ref:FR:FANTOIR": "130050912E",
        "source:name:oc": "ieo-bdtopoc",
        "surface": "asphalt"
      },
      "geometry": {
        "type": "LineString",
        "coordinates": [
          [
            5.5304218,
            43.2791599
          ],
          [
            5.5303589,
            43.2796544
          ],
          [
            5.5303212,
            43.2799508
          ],
          [
            5.5302287,
            43.2807943
          ],
          [
            5.5300126,
            43.2826545
          ]
        ]
      },
      "id": "way/438028575"
    },
    {
      "type": "Feature",
      "properties": {
        "@id": "way/445289546",
        "access": "yes",
        "bicycle": "yes",
        "cycleway": "no",
        "highway": "residential",
        "lanes": "2",
        "lit": "yes",
        "maxspeed": "30",
        "name": "Boulevard de la Grotte Rolland",
        "name:oc": "Baloard de l'Espeluca Rolland",
        "oneway": "no",
        "sidewalk": "both",
        "source:name:oc": "ieo-bdtopoc",
        "surface": "asphalt"
      },
      "geometry": {
        "type": "LineString",
        "coordinates": [
          [
            5.3667081,
            43.2296153
          ],
          [
            5.3665681,
            43.2301661
          ],
          [
            5.3663278,
            43.2307775
          ],
          [
            5.3662976,
            43.2308529
          ],
          [
            5.3662112,
            43.2310688
          ],
          [
            5.3661042,
            43.2313448
          ],
          [
            5.3658974,
            43.2318861
          ],
          [
            5.3658059,
            43.2320718
          ],
          [
            5.3657054,
            43.2321936
          ],
          [
            5.3649546,
            43.2329275
          ],
          [
            5.3648152,
            43.2330574
          ],
          [
            5.3647627,
            43.2331168
          ],
          [
            5.3644532,
            43.2334225
          ],
          [
            5.3641935,
            43.2336691
          ],
          [
            5.3641339,
            43.2337257
          ],
          [
            5.3640855,
            43.2337747
          ],
          [
            5.3640613,
            43.2337977
          ],
          [
            5.3636751,
            43.2341645
          ],
          [
            5.3636436,
            43.2341944
          ],
          [
            5.3636081,
            43.2342281
          ],
          [
            5.3628272,
            43.2349819
          ],
          [
            5.362801,
            43.2350079
          ],
          [
            5.3627519,
            43.2350546
          ],
          [
            5.362371,
            43.2354169
          ],
          [
            5.3621055,
            43.2356684
          ],
          [
            5.3617871,
            43.2359707
          ],
          [
            5.3617645,
            43.2359922
          ],
          [
            5.3617036,
            43.2360438
          ]
        ]
      },
      "id": "way/445289546"
    },
    {
      "type": "Feature",
      "properties": {
        "@id": "way/453523285",
        "cycleway": "no",
        "highway": "residential",
        "lanes": "1",
        "name": "Avenue de la Martheline",
        "name:oc": "Avenguda de la Martelina",
        "oneway": "yes",
        "source:name:oc": "ieo-bdtopoc"
      },
      "geometry": {
        "type": "LineString",
        "coordinates": [
          [
            5.3969596,
            43.2471792
          ],
          [
            5.3970686,
            43.2471372
          ]
        ]
      },
      "id": "way/453523285"
    },
    {
      "type": "Feature",
      "properties": {
        "@id": "way/453523286",
        "cycleway": "no",
        "highway": "residential",
        "lanes": "1",
        "name": "Avenue de la Martheline",
        "name:oc": "Avenguda de la Martelina",
        "oneway": "yes",
        "source": "survey",
        "source:name:oc": "ieo-bdtopoc",
        "surface": "paving_stones"
      },
      "geometry": {
        "type": "LineString",
        "coordinates": [
          [
            5.3987535,
            43.2462726
          ],
          [
            5.3988217,
            43.2462375
          ]
        ]
      },
      "id": "way/453523286"
    },
    {
      "type": "Feature",
      "properties": {
        "@id": "way/453523288",
        "cycleway": "no",
        "highway": "residential",
        "lanes": "1",
        "name": "Avenue de la Martheline",
        "name:oc": "Avenguda de la Martelina",
        "oneway": "yes",
        "source": "survey",
        "source:name:oc": "ieo-bdtopoc",
        "surface": "paving_stones"
      },
      "geometry": {
        "type": "LineString",
        "coordinates": [
          [
            5.3989771,
            43.2463712
          ],
          [
            5.3988854,
            43.2464239
          ]
        ]
      },
      "id": "way/453523288"
    },
    {
      "type": "Feature",
      "properties": {
        "@id": "way/453523289",
        "cycleway": "no",
        "highway": "residential",
        "lanes": "1",
        "name": "Avenue de la Martheline",
        "name:oc": "Avenguda de la Martelina",
        "oneway": "yes",
        "source:name:oc": "ieo-bdtopoc"
      },
      "geometry": {
        "type": "LineString",
        "coordinates": [
          [
            5.3971411,
            43.2472284
          ],
          [
            5.3971008,
            43.2472511
          ],
          [
            5.3970657,
            43.2472899
          ]
        ]
      },
      "id": "way/453523289"
    },
    {
      "type": "Feature",
      "properties": {
        "@id": "way/453523294",
        "cycleway": "lane",
        "highway": "tertiary",
        "lanes": "2",
        "name": "Chemin du Roy d'Espagne",
        "name:oc": "Camin dau Rèi d’Espanha",
        "ref:FR:FANTOIR": "132097997U",
        "source:name:oc": "ieo-bdtopoc",
        "surface": "asphalt"
      },
      "geometry": {
        "type": "LineString",
        "coordinates": [
          [
            5.3962276,
            43.2444933
          ],
          [
            5.3961485,
            43.2445821
          ]
        ]
      },
      "id": "way/453523294"
    },
    {
      "type": "Feature",
      "properties": {
        "@id": "way/453523295",
        "cycleway": "lane",
        "highway": "tertiary",
        "lanes": "3",
        "lanes:both_ways": "1",
        "name": "Chemin du Roy d'Espagne",
        "name:oc": "Camin Dau Rèi d'Espanha",
        "ref:FR:FANTOIR": "132097997U",
        "source:name:oc": "ieo-bdtopoc",
        "surface": "asphalt"
      },
      "geometry": {
        "type": "LineString",
        "coordinates": [
          [
            5.3964158,
            43.2441876
          ],
          [
            5.396401,
            43.2442158
          ],
          [
            5.3963076,
            43.2444036
          ],
          [
            5.3962916,
            43.2444216
          ],
          [
            5.3962276,
            43.2444933
          ]
        ]
      },
      "id": "way/453523295"
    },
    {
      "type": "Feature",
      "properties": {
        "@id": "way/456223258",
        "bicycle": "designated",
        "cycleway": "traffic_island",
        "cycleway:surface": "asphalt",
        "foot": "designated",
        "footway": "traffic_island",
        "footway:surface": "asphalt",
        "highway": "footway",
        "lit": "yes",
        "segregated": "yes",
        "surface": "asphalt"
      },
      "geometry": {
        "type": "LineString",
        "coordinates": [
          [
            5.3781016,
            43.303923
          ],
          [
            5.3781732,
            43.3039962
          ]
        ]
      },
      "id": "way/456223258"
    },
    {
      "type": "Feature",
      "properties": {
        "@id": "way/509647289",
        "access": "yes",
        "bicycle": "yes",
        "cycleway": "no",
        "foot": "yes",
        "highway": "tertiary",
        "horse": "no",
        "lanes": "1",
        "name": "Boulevard de la Barasse",
        "name:oc": "Baloard de la Barassa",
        "old_ref": "N 8",
        "oneway": "yes",
        "ref": "D 8n",
        "source:name:oc": "ieo-bdtopoc",
        "surface": "asphalt"
      },
      "geometry": {
        "type": "LineString",
        "coordinates": [
          [
            5.4792227,
            43.2858841
          ],
          [
            5.4793693,
            43.2858541
          ],
          [
            5.4794489,
            43.2858328
          ],
          [
            5.4795195,
            43.2858421
          ]
        ]
      },
      "id": "way/509647289"
    },
    {
      "type": "Feature",
      "properties": {
        "@id": "way/513087663",
        "cycleway": "no",
        "cycleway:both": "no",
        "highway": "primary",
        "lanes": "2",
        "lit": "yes",
        "maxspeed": "30",
        "ref": "D 96",
        "sidewalk": "left",
        "source:maxspeed": "sign",
        "surface": "asphalt"
      },
      "geometry": {
        "type": "LineString",
        "coordinates": [
          [
            5.5772809,
            43.3116217
          ],
          [
            5.577398,
            43.3118944
          ],
          [
            5.5775389,
            43.3120949
          ],
          [
            5.5777225,
            43.3123058
          ],
          [
            5.5780036,
            43.3126278
          ],
          [
            5.5780697,
            43.3127249
          ],
          [
            5.5782221,
            43.3130608
          ],
          [
            5.578318,
            43.313253
          ],
          [
            5.5783773,
            43.3133584
          ],
          [
            5.5784012,
            43.3134009
          ],
          [
            5.578418,
            43.3134317
          ],
          [
            5.5784368,
            43.3134662
          ],
          [
            5.5787173,
            43.3139794
          ],
          [
            5.578978,
            43.314427
          ],
          [
            5.579134,
            43.314628
          ],
          [
            5.5792647,
            43.3147311
          ],
          [
            5.579305,
            43.3147643
          ],
          [
            5.5796291,
            43.3150509
          ]
        ]
      },
      "id": "way/513087663"
    },
    {
      "type": "Feature",
      "properties": {
        "@id": "way/513119490",
        "bridge": "yes",
        "cycleway": "no",
        "highway": "tertiary",
        "layer": "1",
        "lit": "yes",
        "maxspeed": "30",
        "name": "Route de Beaudinard",
        "ref": "D 43",
        "sidewalk": "both",
        "source:maxspeed": "sign",
        "surface": "asphalt"
      },
      "geometry": {
        "type": "LineString",
        "coordinates": [
          [
            5.5898154,
            43.315888
          ],
          [
            5.58998,
            43.3159898
          ]
        ]
      },
      "id": "way/513119490"
    },
    {
      "type": "Feature",
      "properties": {
        "@id": "way/513120880",
        "cycleway": "no",
        "highway": "tertiary",
        "lit": "yes",
        "maxspeed": "30",
        "name": "Route de Beaudinard",
        "ref": "D 43",
        "sidewalk": "both",
        "source:maxspeed": "sign",
        "surface": "asphalt"
      },
      "geometry": {
        "type": "LineString",
        "coordinates": [
          [
            5.5883526,
            43.3148626
          ],
          [
            5.5884416,
            43.3150884
          ]
        ]
      },
      "id": "way/513120880"
    },
    {
      "type": "Feature",
      "properties": {
        "@id": "way/513140161",
        "bridge": "yes",
        "cycleway": "no",
        "highway": "tertiary",
        "layer": "-1",
        "lit": "yes",
        "maxspeed": "80",
        "name": "Route de Beaudinard",
        "ref": "D 43",
        "sidewalk": "no",
        "source:maxspeed": "FR:rural",
        "surface": "asphalt"
      },
      "geometry": {
        "type": "LineString",
        "coordinates": [
          [
            5.5903643,
            43.3161628
          ],
          [
            5.5907177,
            43.3162581
          ]
        ]
      },
      "id": "way/513140161"
    },
    {
      "type": "Feature",
      "properties": {
        "@id": "way/538040683",
        "cycleway": "shoulder",
        "highway": "primary",
        "lanes": "2",
        "lit": "yes",
        "maxspeed": "70",
        "name": "Allée de l'Huveaune",
        "ref": "D 96",
        "sidewalk": "no",
        "source:bicycle": "Collectiv Vélos en Ville",
        "source:maxspeed": "sign",
        "surface": "asphalt"
      },
      "geometry": {
        "type": "LineString",
        "coordinates": [
          [
            5.6010639,
            43.3362829
          ],
          [
            5.6011153,
            43.3359519
          ],
          [
            5.6011224,
            43.3356468
          ],
          [
            5.6010636,
            43.3354405
          ],
          [
            5.6008892,
            43.3351914
          ],
          [
            5.6006791,
            43.3349011
          ],
          [
            5.6004942,
            43.3344503
          ],
          [
            5.6004165,
            43.3342363
          ],
          [
            5.6003646,
            43.3339245
          ],
          [
            5.6002718,
            43.3335377
          ],
          [
            5.600074,
            43.3332723
          ],
          [
            5.5998419,
            43.332945
          ],
          [
            5.5996831,
            43.3324861
          ],
          [
            5.5995984,
            43.332157
          ],
          [
            5.5994927,
            43.3317205
          ],
          [
            5.599317,
            43.3313971
          ]
        ]
      },
      "id": "way/538040683"
    },
    {
      "type": "Feature",
      "properties": {
        "@id": "way/540006320",
        "cycleway": "lane",
        "highway": "residential",
        "lane_markings": "no",
        "name": "Avenue Jean Compadieu",
        "name:oc": "Avenguda Joan Compadieu",
        "oneway": "yes",
        "source:name:oc": "ieo-bdtopoc",
        "surface": "asphalt"
      },
      "geometry": {
        "type": "LineString",
        "coordinates": [
          [
            5.4325498,
            43.3207075
          ],
          [
            5.4325094,
            43.3206757
          ],
          [
            5.4324585,
            43.3206472
          ]
        ]
      },
      "id": "way/540006320"
    },
    {
      "type": "Feature",
      "properties": {
        "@id": "way/554552151",
        "cycleway": "no",
        "highway": "tertiary",
        "lit": "yes",
        "maxspeed": "50",
        "name": "Chemin de Longuelance",
        "ref": "D 44E",
        "sidewalk": "no",
        "source:maxspeed": "FR:urban",
        "surface": "asphalt"
      },
      "geometry": {
        "type": "LineString",
        "coordinates": [
          [
            5.581452,
            43.3189831
          ],
          [
            5.5809259,
            43.3186714
          ]
        ]
      },
      "id": "way/554552151"
    },
    {
      "type": "Feature",
      "properties": {
        "@id": "way/554562748",
        "cycleway": "no",
        "highway": "secondary",
        "lanes": "2",
        "lit": "yes",
        "maxspeed": "50",
        "name": "Avenue Roger Salengro",
        "ref": "D 96",
        "sidewalk": "right",
        "smoothness": "excellent",
        "source:maxspeed": "FR:urban",
        "surface": "asphalt"
      },
      "geometry": {
        "type": "LineString",
        "coordinates": [
          [
            5.5715138,
            43.3027873
          ],
          [
            5.5715265,
            43.3028207
          ],
          [
            5.5716868,
            43.3032186
          ],
          [
            5.5717108,
            43.3032781
          ]
        ]
      },
      "id": "way/554562748"
    },
    {
      "type": "Feature",
      "properties": {
        "@id": "way/557483660",
        "cycleway": "no",
        "highway": "secondary",
        "lanes": "2",
        "lit": "yes",
        "maxspeed": "50",
        "name": "Avenue Roger Salengro",
        "oneway": "yes",
        "ref": "D 96",
        "sidewalk": "right",
        "smoothness": "excellent",
        "source:maxspeed": "FR:urban",
        "surface": "asphalt"
      },
      "geometry": {
        "type": "LineString",
        "coordinates": [
          [
            5.5703006,
            43.3012641
          ],
          [
            5.5702508,
            43.3012218
          ],
          [
            5.5701502,
            43.3011279
          ],
          [
            5.5701069,
            43.3010864
          ]
        ]
      },
      "id": "way/557483660"
    },
    {
      "type": "Feature",
      "properties": {
        "@id": "way/557483665",
        "cycleway": "no",
        "highway": "unclassified",
        "lanes": "1",
        "lit": "yes",
        "name": "Traverse de la Bastidonne",
        "sidewalk": "no",
        "surface": "asphalt"
      },
      "geometry": {
        "type": "LineString",
        "coordinates": [
          [
            5.5233336,
            43.287377
          ],
          [
            5.5238889,
            43.2873645
          ],
          [
            5.5247035,
            43.2873456
          ],
          [
            5.524968,
            43.2873402
          ],
          [
            5.5254221,
            43.28733
          ],
          [
            5.5255656,
            43.2873012
          ],
          [
            5.5256841,
            43.2872281
          ],
          [
            5.5259125,
            43.2871054
          ],
          [
            5.5260703,
            43.2870988
          ]
        ]
      },
      "id": "way/557483665"
    },
    {
      "type": "Feature",
      "properties": {
        "@id": "way/561345349",
        "cycleway": "no",
        "highway": "secondary",
        "lit": "yes",
        "maxspeed": "50",
        "name": "Avenue de Garlaban",
        "oneway": "yes",
        "ref": "D 43a",
        "sidewalk": "right",
        "source:maxspeed": "FR:urban",
        "surface": "asphalt"
      },
      "geometry": {
        "type": "LineString",
        "coordinates": [
          [
            5.5723481,
            43.2999563
          ],
          [
            5.5724831,
            43.299839
          ],
          [
            5.5726446,
            43.2997128
          ]
        ]
      },
      "id": "way/561345349"
    },
    {
      "type": "Feature",
      "properties": {
        "@id": "way/561351392",
        "cycleway": "no",
        "highway": "secondary",
        "lit": "yes",
        "maxspeed": "50",
        "name": "Avenue de Garlaban",
        "oneway": "yes",
        "ref": "D 43a",
        "sidewalk": "right",
        "source:maxspeed": "FR:urban",
        "surface": "asphalt"
      },
      "geometry": {
        "type": "LineString",
        "coordinates": [
          [
            5.572878,
            43.2995853
          ],
          [
            5.5730626,
            43.2995067
          ],
          [
            5.5732046,
            43.2994278
          ]
        ]
      },
      "id": "way/561351392"
    },
    {
      "type": "Feature",
      "properties": {
        "@id": "way/566444885",
        "cycleway": "no",
        "embankment": "right",
        "highway": "secondary",
        "lit": "yes",
        "maxspeed": "50",
        "name": "Route de Gémenos",
        "oneway": "yes",
        "ref": "D 2",
        "sidewalk": "no",
        "source:maxspeed": "FR:urban",
        "surface": "asphalt"
      },
      "geometry": {
        "type": "LineString",
        "coordinates": [
          [
            5.5865787,
            43.2973998
          ],
          [
            5.5868094,
            43.2974452
          ],
          [
            5.5869463,
            43.2974627
          ],
          [
            5.5871628,
            43.2974951
          ],
          [
            5.5877755,
            43.2975915
          ]
        ]
      },
      "id": "way/566444885"
    },
    {
      "type": "Feature",
      "properties": {
        "@id": "way/566819907",
        "cycleway": "no",
        "embankment": "right",
        "highway": "secondary",
        "lanes": "2",
        "lit": "yes",
        "maxspeed": "50",
        "name": "Route de Gémenos",
        "oneway": "yes",
        "ref": "D 2",
        "sidewalk": "right",
        "source:maxspeed": "FR:urban",
        "surface": "asphalt"
      },
      "geometry": {
        "type": "LineString",
        "coordinates": [
          [
            5.5925968,
            43.2983332
          ],
          [
            5.5927568,
            43.2983526
          ],
          [
            5.592983,
            43.29838
          ],
          [
            5.5933457,
            43.2984043
          ],
          [
            5.5935567,
            43.2984166
          ]
        ]
      },
      "id": "way/566819907"
    },
    {
      "type": "Feature",
      "properties": {
        "@id": "way/566819909",
        "cycleway": "no",
        "highway": "secondary",
        "lanes": "2",
        "lit": "yes",
        "maxspeed": "50",
        "name": "Route de Gémenos",
        "oneway": "yes",
        "ref": "D 2",
        "sidewalk": "right",
        "source:maxspeed": "FR:urban",
        "surface": "asphalt"
      },
      "geometry": {
        "type": "LineString",
        "coordinates": [
          [
            5.5935567,
            43.2984166
          ],
          [
            5.5939039,
            43.2984309
          ],
          [
            5.5944493,
            43.2984319
          ],
          [
            5.5946042,
            43.2984232
          ],
          [
            5.5949146,
            43.298415
          ],
          [
            5.5951092,
            43.2983989
          ],
          [
            5.5955761,
            43.2983737
          ],
          [
            5.5967046,
            43.2982869
          ],
          [
            5.5968453,
            43.2982742
          ]
        ]
      },
      "id": "way/566819909"
    },
    {
      "type": "Feature",
      "properties": {
        "@id": "way/566819912",
        "cycleway": "no",
        "destination": "Gémenos",
        "highway": "secondary",
        "lit": "yes",
        "maxspeed": "50",
        "name": "Route de Gémenos",
        "oneway": "yes",
        "ref": "D 2",
        "sidewalk": "right",
        "source:maxspeed": "FR:urban",
        "surface": "asphalt"
      },
      "geometry": {
        "type": "LineString",
        "coordinates": [
          [
            5.5973003,
            43.2981928
          ],
          [
            5.5974241,
            43.2982251
          ],
          [
            5.5975077,
            43.2982258
          ],
          [
            5.5976887,
            43.2982205
          ]
        ]
      },
      "id": "way/566819912"
    },
    {
      "type": "Feature",
      "properties": {
        "@id": "way/566819924",
        "cycleway": "no",
        "highway": "secondary",
        "lit": "yes",
        "maxspeed": "50",
        "name": "Route de Gémenos",
        "oneway": "yes",
        "ref": "D 2",
        "sidewalk": "right",
        "source:maxspeed": "FR:urban",
        "surface": "asphalt"
      },
      "geometry": {
        "type": "LineString",
        "coordinates": [
          [
            5.5976888,
            43.2982698
          ],
          [
            5.5975233,
            43.2982735
          ],
          [
            5.5974297,
            43.2982961
          ],
          [
            5.597329,
            43.2983176
          ]
        ]
      },
      "id": "way/566819924"
    },
    {
      "type": "Feature",
      "properties": {
        "@id": "way/592594432",
        "cycleway": "lane",
        "highway": "tertiary",
        "lane_markings": "yes",
        "lanes": "2",
        "lanes:backward": "1",
        "lanes:forward": "1",
        "maxspeed": "30",
        "name": "Rue Verdillon",
        "name:etymology:wikidata": "Q15695497",
        "name:oc": "Carriera Verdilhon",
        "source:name:oc": "ieo-bdtopoc",
        "surface": "asphalt"
      },
      "geometry": {
        "type": "LineString",
        "coordinates": [
          [
            5.4242466,
            43.2754947
          ],
          [
            5.4243854,
            43.2754553
          ],
          [
            5.4249351,
            43.275298
          ],
          [
            5.425076,
            43.2752588
          ]
        ]
      },
      "id": "way/592594432"
    },
    {
      "type": "Feature",
      "properties": {
        "@id": "way/606832630",
        "cycleway": "no",
        "highway": "secondary",
        "lanes": "3",
        "lit": "yes",
        "maxspeed": "50",
        "name": "Route de Gémenos",
        "oneway": "yes",
        "ref": "D 2",
        "sidewalk": "right",
        "source:maxspeed": "FR:urban",
        "surface": "asphalt"
      },
      "geometry": {
        "type": "LineString",
        "coordinates": [
          [
            5.5922065,
            43.2983641
          ],
          [
            5.5914335,
            43.2982516
          ]
        ]
      },
      "id": "way/606832630"
    },
    {
      "type": "Feature",
      "properties": {
        "@id": "way/606832634",
        "cycleway": "no",
        "highway": "secondary",
        "lanes": "2",
        "lit": "yes",
        "maxspeed": "50",
        "name": "Route de Gémenos",
        "oneway": "yes",
        "ref": "D 2",
        "sidewalk": "right",
        "source:maxspeed": "FR:urban",
        "surface": "asphalt"
      },
      "geometry": {
        "type": "LineString",
        "coordinates": [
          [
            5.5914335,
            43.2982516
          ],
          [
            5.5911655,
            43.2982138
          ],
          [
            5.5910004,
            43.2982139
          ],
          [
            5.5909642,
            43.2982139
          ]
        ]
      },
      "id": "way/606832634"
    },
    {
      "type": "Feature",
      "properties": {
        "@id": "way/606832656",
        "cycleway": "no",
        "highway": "secondary",
        "lit": "yes",
        "maxspeed": "80",
        "name": "Chemin de Saint-Pierre",
        "oneway": "yes",
        "ref": "D 43C",
        "sidewalk": "right",
        "source:maxspeed": "FR:rural",
        "surface": "asphalt"
      },
      "geometry": {
        "type": "LineString",
        "coordinates": [
          [
            5.5913289,
            43.300982
          ],
          [
            5.591306,
            43.3008742
          ],
          [
            5.5912685,
            43.3007005
          ],
          [
            5.591239,
            43.3006302
          ],
          [
            5.5911801,
            43.3005698
          ],
          [
            5.5911376,
            43.3005325
          ]
        ]
      },
      "id": "way/606832656"
    },
    {
      "type": "Feature",
      "properties": {
        "@id": "way/606832660",
        "cycleway": "shoulder",
        "highway": "secondary",
        "lanes": "2",
        "maxspeed": "80",
        "name": "Chemin de Saint-Pierre",
        "ref": "D 43C",
        "sidewalk": "no",
        "source:bicycle": "Collectif Vélos en Ville",
        "source:maxspeed": "FR:rural",
        "surface": "asphalt"
      },
      "geometry": {
        "type": "LineString",
        "coordinates": [
          [
            5.592235,
            43.3064863
          ],
          [
            5.592177,
            43.3056288
          ]
        ]
      },
      "id": "way/606832660"
    },
    {
      "type": "Feature",
      "properties": {
        "@id": "way/606832664",
        "cycleway": "lane",
        "highway": "secondary",
        "layer": "-1",
        "maxspeed": "80",
        "name": "Chemin de Saint-Pierre",
        "ref": "D 43C",
        "sidewalk": "no",
        "source:maxspeed": "FR:rural",
        "surface": "asphalt"
      },
      "geometry": {
        "type": "LineString",
        "coordinates": [
          [
            5.5922407,
            43.3065709
          ],
          [
            5.592235,
            43.3064863
          ]
        ]
      },
      "id": "way/606832664"
    },
    {
      "type": "Feature",
      "properties": {
        "@id": "way/606832669",
        "cycleway": "shoulder",
        "highway": "secondary",
        "lanes": "2",
        "maxspeed": "80",
        "name": "Chemin de Saint-Pierre",
        "ref": "D 43C",
        "sidewalk": "no",
        "source:bicycle": "Collectif Vélos en Ville",
        "source:maxspeed": "FR:rural",
        "surface": "asphalt"
      },
      "geometry": {
        "type": "LineString",
        "coordinates": [
          [
            5.5927922,
            43.3082702
          ],
          [
            5.5927418,
            43.3081204
          ],
          [
            5.5926533,
            43.3079433
          ],
          [
            5.5924381,
            43.3076062
          ],
          [
            5.5923155,
            43.3072721
          ],
          [
            5.5922826,
            43.3069711
          ],
          [
            5.5922407,
            43.3065709
          ]
        ]
      },
      "id": "way/606832669"
    },
    {
      "type": "Feature",
      "properties": {
        "@id": "way/606838902",
        "cycleway": "shoulder",
        "highway": "secondary",
        "lanes": "2",
        "lit": "yes",
        "maxspeed": "80",
        "name": "Chemin de Saint-Pierre",
        "ref": "D 43C",
        "sidewalk": "no",
        "source:bicycle": "Collectif Vélos en Ville",
        "source:maxspeed": "FR:rural",
        "surface": "asphalt"
      },
      "geometry": {
        "type": "LineString",
        "coordinates": [
          [
            5.5937424,
            43.3163683
          ],
          [
            5.5937446,
            43.316104
          ],
          [
            5.5937645,
            43.3157385
          ],
          [
            5.593818,
            43.3149153
          ],
          [
            5.5938441,
            43.3145595
          ],
          [
            5.5938294,
            43.3142931
          ],
          [
            5.5937569,
            43.314051
          ],
          [
            5.593612,
            43.313806
          ],
          [
            5.5935766,
            43.3137519
          ],
          [
            5.593217,
            43.313202
          ],
          [
            5.593096,
            43.312956
          ],
          [
            5.5930384,
            43.312714
          ],
          [
            5.5930159,
            43.3124353
          ],
          [
            5.5930291,
            43.3119598
          ],
          [
            5.5930472,
            43.3112276
          ],
          [
            5.5930573,
            43.3108171
          ],
          [
            5.5930584,
            43.3105614
          ],
          [
            5.5930546,
            43.3104682
          ],
          [
            5.5930087,
            43.3101784
          ],
          [
            5.592879,
            43.3098248
          ],
          [
            5.5928216,
            43.3096537
          ],
          [
            5.592775,
            43.3094689
          ],
          [
            5.5927644,
            43.3093251
          ],
          [
            5.5927735,
            43.3089939
          ]
        ]
      },
      "id": "way/606838902"
    },
    {
      "type": "Feature",
      "properties": {
        "@id": "way/606838903",
        "cycleway": "shoulder",
        "highway": "secondary",
        "lanes": "3",
        "lanes:backward": "2",
        "lanes:forward": "1",
        "lit": "yes",
        "maxspeed": "80",
        "name": "Chemin de Saint-Pierre",
        "ref": "D 43C",
        "sidewalk": "no",
        "source:bicycle": "Collectif Vélos en Ville",
        "source:maxspeed": "FR:rural",
        "surface": "asphalt"
      },
      "geometry": {
        "type": "LineString",
        "coordinates": [
          [
            5.5938493,
            43.31729
          ],
          [
            5.5937675,
            43.3168157
          ],
          [
            5.5937406,
            43.3165838
          ],
          [
            5.5937424,
            43.3163683
          ]
        ]
      },
      "id": "way/606838903"
    },
    {
      "type": "Feature",
      "properties": {
        "@id": "way/606838908",
        "cycleway": "no",
        "highway": "tertiary",
        "lit": "yes",
        "maxspeed": "30",
        "name": "Route de Beaudinard",
        "name:oc": "Rota de Beu Dinnar",
        "ref": "D 43",
        "sidewalk": "both",
        "source:maxspeed": "sign",
        "source:name:oc": "ieo-bdtopoc",
        "surface": "asphalt"
      },
      "geometry": {
        "type": "LineString",
        "coordinates": [
          [
            5.5897863,
            43.3158671
          ],
          [
            5.5898154,
            43.315888
          ]
        ]
      },
      "id": "way/606838908"
    },
    {
      "type": "Feature",
      "properties": {
        "@id": "way/606838909",
        "cycleway": "no",
        "highway": "tertiary",
        "lit": "yes",
        "maxspeed": "30",
        "name": "Route de Beaudinard",
        "ref": "D 43",
        "sidewalk": "both",
        "source:maxspeed": "sign",
        "surface": "asphalt",
        "traffic_calming": "table"
      },
      "geometry": {
        "type": "LineString",
        "coordinates": [
          [
            5.5894965,
            43.3157981
          ],
          [
            5.5895993,
            43.3158127
          ],
          [
            5.5896802,
            43.3158282
          ],
          [
            5.5897863,
            43.3158671
          ]
        ]
      },
      "id": "way/606838909"
    },
    {
      "type": "Feature",
      "properties": {
        "@id": "way/606838911",
        "cycleway": "no",
        "highway": "tertiary",
        "lit": "yes",
        "maxspeed": "30",
        "name": "Route de Beaudinard",
        "ref": "D 43",
        "sidewalk": "both",
        "source:maxspeed": "sign",
        "surface": "asphalt"
      },
      "geometry": {
        "type": "LineString",
        "coordinates": [
          [
            5.5884991,
            43.3152589
          ],
          [
            5.5885174,
            43.3153986
          ],
          [
            5.5884886,
            43.3155987
          ],
          [
            5.5884906,
            43.3156426
          ],
          [
            5.5885302,
            43.3156883
          ],
          [
            5.5885898,
            43.3157183
          ],
          [
            5.5886716,
            43.3157427
          ],
          [
            5.5887969,
            43.3157593
          ],
          [
            5.5893195,
            43.3157882
          ],
          [
            5.5894965,
            43.3157981
          ]
        ]
      },
      "id": "way/606838911"
    },
    {
      "type": "Feature",
      "properties": {
        "@id": "way/606838912",
        "cycleway": "no",
        "embankment": "yes",
        "highway": "tertiary",
        "lit": "yes",
        "maxspeed": "30",
        "name": "Route de Napollon",
        "ref": "D 43F",
        "sidewalk": "no",
        "source:maxspeed": "sign",
        "surface": "asphalt"
      },
      "geometry": {
        "type": "LineString",
        "coordinates": [
          [
            5.5879854,
            43.3151401
          ],
          [
            5.5878452,
            43.3152461
          ],
          [
            5.5877243,
            43.3153311
          ],
          [
            5.5875219,
            43.3155495
          ]
        ]
      },
      "id": "way/606838912"
    },
    {
      "type": "Feature",
      "properties": {
        "@id": "way/606838913",
        "cycleway": "no",
        "embankment": "yes",
        "highway": "tertiary",
        "lit": "yes",
        "maxspeed": "50",
        "name": "Route de Napollon",
        "ref": "D 43F",
        "sidewalk": "no",
        "source:maxspeed": "FR:urban",
        "surface": "asphalt"
      },
      "geometry": {
        "type": "LineString",
        "coordinates": [
          [
            5.5875219,
            43.3155495
          ],
          [
            5.587277,
            43.315907
          ]
        ]
      },
      "id": "way/606838913"
    },
    {
      "type": "Feature",
      "properties": {
        "@id": "way/608112376",
        "cycleway": "shoulder",
        "highway": "primary",
        "lanes": "2",
        "maxspeed": "80",
        "name": "Route Saint-Vincent",
        "ref": "D 96",
        "sidewalk": "no",
        "source:maxspeed": "FR:rural",
        "surface": "asphalt"
      },
      "geometry": {
        "type": "LineString",
        "coordinates": [
          [
            5.6116524,
            43.3618679
          ],
          [
            5.6116023,
            43.3617445
          ],
          [
            5.6114805,
            43.3616338
          ],
          [
            5.6113372,
            43.3615707
          ],
          [
            5.6105213,
            43.3612852
          ],
          [
            5.6101176,
            43.3611227
          ],
          [
            5.6096218,
            43.3608871
          ],
          [
            5.6093116,
            43.3607091
          ],
          [
            5.6090741,
            43.3605274
          ],
          [
            5.6087976,
            43.3602395
          ],
          [
            5.6087095,
            43.3601197
          ],
          [
            5.6086217,
            43.359929
          ],
          [
            5.6085677,
            43.3596922
          ],
          [
            5.608595,
            43.3594847
          ],
          [
            5.6086948,
            43.3592434
          ],
          [
            5.6088408,
            43.3590204
          ],
          [
            5.6090418,
            43.3588174
          ],
          [
            5.6093738,
            43.3585724
          ],
          [
            5.6099318,
            43.3582224
          ],
          [
            5.6100178,
            43.3581179
          ],
          [
            5.6100805,
            43.3579837
          ],
          [
            5.6100882,
            43.3579
          ],
          [
            5.6100669,
            43.3577979
          ],
          [
            5.6098913,
            43.3575077
          ],
          [
            5.6097998,
            43.3572974
          ],
          [
            5.6097416,
            43.3569852
          ],
          [
            5.6096776,
            43.3559713
          ],
          [
            5.6096366,
            43.3558393
          ],
          [
            5.609585,
            43.3557434
          ],
          [
            5.6094854,
            43.3556218
          ],
          [
            5.6093843,
            43.3555397
          ],
          [
            5.6092631,
            43.3554663
          ],
          [
            5.6086391,
            43.3550964
          ],
          [
            5.6076064,
            43.3544841
          ],
          [
            5.6071864,
            43.3542731
          ],
          [
            5.6064504,
            43.3540081
          ],
          [
            5.6062144,
            43.3538791
          ],
          [
            5.6060409,
            43.3537016
          ]
        ]
      },
      "id": "way/608112376"
    },
    {
      "type": "Feature",
      "properties": {
        "@id": "way/608116685",
        "cycleway": "no",
        "highway": "primary",
        "lanes": "2",
        "maxheight": "4.3",
        "maxspeed": "50",
        "name": "Route Saint-Vincent",
        "ref": "D 96",
        "sidewalk": "right",
        "source:maxspeed": "FR:urban",
        "surface": "asphalt"
      },
      "geometry": {
        "type": "LineString",
        "coordinates": [
          [
            5.6056989,
            43.3531224
          ],
          [
            5.6056665,
            43.3530543
          ]
        ]
      },
      "id": "way/608116685"
    },
    {
      "type": "Feature",
      "properties": {
        "@id": "way/609530740",
        "cycleway": "lane",
        "highway": "tertiary",
        "name": "Rue de la Maurelle",
        "name:oc": "Carriera de La Maurèla",
        "oneway": "yes",
        "source:name:oc": "ieo-bdtopoc"
      },
      "geometry": {
        "type": "LineString",
        "coordinates": [
          [
            5.4405423,
            43.3215386
          ],
          [
            5.4405123,
            43.3215031
          ],
          [
            5.4404919,
            43.3214471
          ]
        ]
      },
      "id": "way/609530740"
    },
    {
      "type": "Feature",
      "properties": {
        "@id": "way/610021542",
        "cycleway": "shoulder",
        "highway": "primary",
        "lanes": "2",
        "lit": "yes",
        "maxspeed": "50",
        "name": "Allée de l'Huveaune",
        "ref": "D 96",
        "sidewalk": "no",
        "source:bicycle": "Collectiv Vélos en Ville",
        "source:maxspeed": "FR:urban",
        "surface": "asphalt"
      },
      "geometry": {
        "type": "LineString",
        "coordinates": [
          [
            5.601198,
            43.3379956
          ],
          [
            5.6010728,
            43.3377712
          ],
          [
            5.6009925,
            43.3375805
          ],
          [
            5.6009611,
            43.3373798
          ],
          [
            5.6009225,
            43.3371679
          ],
          [
            5.600914,
            43.3369945
          ],
          [
            5.6009311,
            43.3368247
          ],
          [
            5.6009654,
            43.3366066
          ],
          [
            5.6010639,
            43.3362829
          ]
        ]
      },
      "id": "way/610021542"
    },
    {
      "type": "Feature",
      "properties": {
        "@id": "way/612047878",
        "cycleway": "track",
        "highway": "secondary",
        "lanes": "1",
        "lit": "yes",
        "maxspeed": "50",
        "oneway": "yes",
        "oneway:bicycle": "yes",
        "ref": "D 41 E",
        "sidewalk": "right",
        "source:maxspeed": "FR:urban",
        "surface": "asphalt"
      },
      "geometry": {
        "type": "LineString",
        "coordinates": [
          [
            5.5591015,
            43.25359
          ],
          [
            5.5588555,
            43.2535397
          ],
          [
            5.558773,
            43.2535144
          ],
          [
            5.5587341,
            43.2534912
          ],
          [
            5.5586991,
            43.2534561
          ],
          [
            5.5586647,
            43.2534026
          ],
          [
            5.558658,
            43.2533729
          ],
          [
            5.5586662,
            43.2533248
          ],
          [
            5.5587823,
            43.2530853
          ],
          [
            5.5587869,
            43.2530542
          ],
          [
            5.558779,
            43.2530241
          ],
          [
            5.5587485,
            43.2529849
          ],
          [
            5.5586592,
            43.2529331
          ],
          [
            5.5585032,
            43.2528654
          ]
        ]
      },
      "id": "way/612047878"
    },
    {
      "type": "Feature",
      "properties": {
        "@id": "way/612047879",
        "cycleway": "track",
        "highway": "secondary",
        "lanes": "1",
        "lit": "yes",
        "maxspeed": "50",
        "oneway": "yes",
        "oneway:bicycle": "yes",
        "ref": "D 41 E",
        "sidewalk": "right",
        "source:maxspeed": "FR:urban",
        "source:width": "ARCore",
        "surface": "asphalt",
        "width": "4.2"
      },
      "geometry": {
        "type": "LineString",
        "coordinates": [
          [
            5.5585032,
            43.2528654
          ],
          [
            5.5587283,
            43.2529103
          ],
          [
            5.5588187,
            43.2529611
          ],
          [
            5.558847,
            43.2530048
          ],
          [
            5.5588641,
            43.2530779
          ],
          [
            5.5588482,
            43.2531275
          ],
          [
            5.5587497,
            43.2533096
          ],
          [
            5.5587407,
            43.2533428
          ],
          [
            5.5587393,
            43.253376
          ],
          [
            5.5587487,
            43.2534101
          ],
          [
            5.5587653,
            43.2534346
          ],
          [
            5.5588243,
            43.2534723
          ],
          [
            5.5588763,
            43.2534914
          ],
          [
            5.5591015,
            43.25359
          ]
        ]
      },
      "id": "way/612047879"
    },
    {
      "type": "Feature",
      "properties": {
        "@id": "way/612079797",
        "cycleway": "track",
        "highway": "secondary",
        "lit": "yes",
        "maxspeed": "30",
        "name": "Avenue du Mail",
        "oneway:bicycle": "yes",
        "ref": "D 41 E",
        "sidewalk": "both",
        "source:maxspeed": "FR:zone30",
        "surface": "asphalt",
        "traffic_calming": "table",
        "zone:maxspeed": "FR:30"
      },
      "geometry": {
        "type": "LineString",
        "coordinates": [
          [
            5.5650447,
            43.2553603
          ],
          [
            5.5648882,
            43.2553123
          ],
          [
            5.5646234,
            43.2552322
          ],
          [
            5.5644779,
            43.2551876
          ],
          [
            5.5641084,
            43.2550788
          ]
        ]
      },
      "id": "way/612079797"
    },
    {
      "type": "Feature",
      "properties": {
        "@id": "way/612079798",
        "cycleway": "track",
        "highway": "secondary",
        "lanes": "2",
        "lit": "yes",
        "maxspeed": "50",
        "name": "Avenue du Mail",
        "oneway:bicycle": "yes",
        "ref": "D 41 E",
        "sidewalk": "both",
        "source:maxspeed": "FR:urban",
        "surface": "asphalt"
      },
      "geometry": {
        "type": "LineString",
        "coordinates": [
          [
            5.5641084,
            43.2550788
          ],
          [
            5.5636594,
            43.2549453
          ],
          [
            5.5633704,
            43.2548594
          ],
          [
            5.5632578,
            43.2548259
          ],
          [
            5.5631108,
            43.2547822
          ],
          [
            5.5623293,
            43.2545498
          ],
          [
            5.5620634,
            43.2544707
          ],
          [
            5.5613646,
            43.2542629
          ],
          [
            5.5610168,
            43.2541595
          ],
          [
            5.5608905,
            43.254122
          ],
          [
            5.5603035,
            43.2539474
          ],
          [
            5.5601477,
            43.2539011
          ],
          [
            5.5599085,
            43.25383
          ],
          [
            5.5597402,
            43.2537799
          ],
          [
            5.5596491,
            43.2537528
          ],
          [
            5.5594913,
            43.2537059
          ],
          [
            5.5591015,
            43.25359
          ]
        ]
      },
      "id": "way/612079798"
    },
    {
      "type": "Feature",
      "properties": {
        "@id": "way/613127272",
        "cycleway": "no",
        "highway": "secondary",
        "lit": "yes",
        "maxspeed": "50",
        "oneway": "yes",
        "ref": "D 41e",
        "sidewalk": "right",
        "source:maxspeed": "FR:urban",
        "surface": "asphalt"
      },
      "geometry": {
        "type": "LineString",
        "coordinates": [
          [
            5.5741007,
            43.2608408
          ],
          [
            5.5742643,
            43.2610255
          ]
        ]
      },
      "id": "way/613127272"
    },
    {
      "type": "Feature",
      "properties": {
        "@id": "way/613127273",
        "cycleway": "no",
        "highway": "secondary",
        "lit": "yes",
        "maxspeed": "50",
        "oneway": "yes",
        "ref": "D 41e",
        "sidewalk": "right",
        "source:maxspeed": "FR:urban",
        "surface": "asphalt"
      },
      "geometry": {
        "type": "LineString",
        "coordinates": [
          [
            5.5742643,
            43.2610255
          ],
          [
            5.5740247,
            43.2609677
          ]
        ]
      },
      "id": "way/613127273"
    },
    {
      "type": "Feature",
      "properties": {
        "@id": "way/613127276",
        "cycleway": "no",
        "highway": "secondary",
        "lanes": "2",
        "lit": "yes",
        "maxspeed": "50",
        "ref": "D 41e",
        "sidewalk": "left",
        "source:maxspeed": "FR:urban",
        "surface": "asphalt"
      },
      "geometry": {
        "type": "LineString",
        "coordinates": [
          [
            5.5748955,
            43.2612428
          ],
          [
            5.5750484,
            43.26128
          ],
          [
            5.5752069,
            43.2613041
          ],
          [
            5.5757988,
            43.2613574
          ],
          [
            5.5766518,
            43.2614218
          ],
          [
            5.5772986,
            43.2614948
          ],
          [
            5.5774231,
            43.2615139
          ]
        ]
      },
      "id": "way/613127276"
    },
    {
      "type": "Feature",
      "properties": {
        "@id": "way/613127280",
        "cycleway": "no",
        "highway": "secondary",
        "lanes": "2",
        "lit": "yes",
        "maxspeed": "50",
        "ref": "D 41e",
        "source:maxspeed": "FR:urban",
        "surface": "asphalt"
      },
      "geometry": {
        "type": "LineString",
        "coordinates": [
          [
            5.5774231,
            43.2615139
          ],
          [
            5.5776683,
            43.2615576
          ],
          [
            5.5784405,
            43.261756
          ],
          [
            5.5790972,
            43.2619667
          ]
        ]
      },
      "id": "way/613127280"
    },
    {
      "type": "Feature",
      "properties": {
        "@id": "way/613127282",
        "cycleway": "no",
        "highway": "secondary",
        "lit": "yes",
        "maxspeed": "50",
        "oneway": "yes",
        "ref": "D 41e",
        "sidewalk": "no",
        "source:maxspeed": "FR:urban",
        "surface": "asphalt"
      },
      "geometry": {
        "type": "LineString",
        "coordinates": [
          [
            5.5797223,
            43.2621676
          ],
          [
            5.5798637,
            43.2621704
          ]
        ]
      },
      "id": "way/613127282"
    },
    {
      "type": "Feature",
      "properties": {
        "@id": "way/613127283",
        "cycleway": "no",
        "highway": "secondary",
        "lit": "yes",
        "maxspeed": "50",
        "oneway": "yes",
        "ref": "D 41e",
        "sidewalk": "no",
        "source:maxspeed": "FR:urban",
        "surface": "asphalt"
      },
      "geometry": {
        "type": "LineString",
        "coordinates": [
          [
            5.5803004,
            43.2624299
          ],
          [
            5.5802272,
            43.2623924
          ],
          [
            5.5799049,
            43.2622677
          ],
          [
            5.5798349,
            43.2622456
          ],
          [
            5.5797223,
            43.2621676
          ]
        ]
      },
      "id": "way/613127283"
    },
    {
      "type": "Feature",
      "properties": {
        "@id": "way/613127290",
        "cycleway": "no",
        "highway": "secondary",
        "lit": "yes",
        "maxspeed": "50",
        "name": "Route d'Aubagne",
        "oneway": "yes",
        "ref": "D 41e",
        "sidewalk": "no",
        "source:maxspeed": "FR:urban",
        "surface": "asphalt"
      },
      "geometry": {
        "type": "LineString",
        "coordinates": [
          [
            5.5806813,
            43.2623945
          ],
          [
            5.5808554,
            43.2624986
          ],
          [
            5.5813574,
            43.2626567
          ],
          [
            5.5818201,
            43.2628505
          ],
          [
            5.5819668,
            43.2629153
          ],
          [
            5.58206,
            43.2629866
          ]
        ]
      },
      "id": "way/613127290"
    },
    {
      "type": "Feature",
      "properties": {
        "@id": "way/613127291",
        "cycleway": "no",
        "highway": "secondary",
        "lit": "yes",
        "maxspeed": "50",
        "name": "Avenue d'Aubagne",
        "oneway": "yes",
        "ref": "D 41e",
        "sidewalk": "right",
        "source:maxspeed": "FR:urban",
        "surface": "asphalt"
      },
      "geometry": {
        "type": "LineString",
        "coordinates": [
          [
            5.58206,
            43.2629866
          ],
          [
            5.5819302,
            43.2629554
          ],
          [
            5.5817522,
            43.2628844
          ]
        ]
      },
      "id": "way/613127291"
    },
    {
      "type": "Feature",
      "properties": {
        "@id": "way/613127292",
        "cycleway": "no",
        "highway": "secondary",
        "lit": "yes",
        "maxspeed": "50",
        "name": "Route d'Aubagne",
        "oneway": "yes",
        "ref": "D 41e",
        "sidewalk": "no",
        "source:maxspeed": "FR:urban",
        "surface": "asphalt"
      },
      "geometry": {
        "type": "LineString",
        "coordinates": [
          [
            5.5817522,
            43.2628844
          ],
          [
            5.5815742,
            43.2628133
          ],
          [
            5.5809133,
            43.2626023
          ],
          [
            5.5806168,
            43.2625347
          ]
        ]
      },
      "id": "way/613127292"
    },
    {
      "type": "Feature",
      "properties": {
        "@id": "way/613127294",
        "cycleway": "no",
        "highway": "secondary",
        "lit": "yes",
        "maxspeed": "50",
        "name": "Route d'Aubagne",
        "ref": "D 41e",
        "sidewalk": "both",
        "source:maxspeed": "FR:urban",
        "surface": "asphalt"
      },
      "geometry": {
        "type": "LineString",
        "coordinates": [
          [
            5.5849092,
            43.2647419
          ],
          [
            5.5852116,
            43.2649054
          ]
        ]
      },
      "id": "way/613127294"
    },
    {
      "type": "Feature",
      "properties": {
        "@id": "way/613127295",
        "cycleway": "no",
        "highway": "secondary",
        "lit": "yes",
        "maxspeed": "50",
        "name": "Route d'Aubagne",
        "oneway": "yes",
        "ref": "D 41E",
        "sidewalk": "right",
        "source:maxspeed": "FR:urban"
      },
      "geometry": {
        "type": "LineString",
        "coordinates": [
          [
            5.5854411,
            43.2650944
          ],
          [
            5.5853307,
            43.2650086
          ],
          [
            5.5852116,
            43.2649054
          ]
        ]
      },
      "id": "way/613127295"
    },
    {
      "type": "Feature",
      "properties": {
        "@id": "way/614044978",
        "cycleway": "no",
        "highway": "secondary",
        "lit": "yes",
        "name": "Route de la Ciotat",
        "oneway": "yes",
        "ref": "D 559 A",
        "sidewalk": "right",
        "surface": "asphalt"
      },
      "geometry": {
        "type": "LineString",
        "coordinates": [
          [
            5.5858411,
            43.2651694
          ],
          [
            5.5858899,
            43.2653107
          ],
          [
            5.5861622,
            43.2657833
          ],
          [
            5.5862072,
            43.265869
          ],
          [
            5.5863245,
            43.2660853
          ]
        ]
      },
      "id": "way/614044978"
    },
    {
      "type": "Feature",
      "properties": {
        "@id": "way/614044979",
        "cycleway": "no",
        "highway": "secondary",
        "lanes": "2",
        "layer": "-1",
        "name": "Route de la Ciotat",
        "name:oc": "Rota de La Ciutat",
        "oneway": "yes",
        "ref": "D 559 A",
        "source:name:oc": "ieo-bdtopoc",
        "surface": "asphalt",
        "tunnel": "yes"
      },
      "geometry": {
        "type": "LineString",
        "coordinates": [
          [
            5.5871627,
            43.267042
          ],
          [
            5.5874096,
            43.26708
          ],
          [
            5.5875856,
            43.2670849
          ]
        ]
      },
      "id": "way/614044979"
    },
    {
      "type": "Feature",
      "properties": {
        "@id": "way/614044980",
        "cycleway": "no",
        "highway": "secondary",
        "name": "Route de la Ciotat",
        "oneway": "yes",
        "ref": "D 559 A",
        "surface": "asphalt"
      },
      "geometry": {
        "type": "LineString",
        "coordinates": [
          [
            5.5875856,
            43.2670849
          ],
          [
            5.5877524,
            43.2670823
          ]
        ]
      },
      "id": "way/614044980"
    },
    {
      "type": "Feature",
      "properties": {
        "@id": "way/614044983",
        "cycleway": "no",
        "highway": "secondary",
        "name": "Route de la Ciotat",
        "oneway": "yes",
        "ref": "D 559 A",
        "sidewalk": "no",
        "surface": "asphalt"
      },
      "geometry": {
        "type": "LineString",
        "coordinates": [
          [
            5.5863245,
            43.2660853
          ],
          [
            5.5865934,
            43.2666036
          ],
          [
            5.5867049,
            43.2667537
          ],
          [
            5.586855,
            43.2668768
          ],
          [
            5.5870259,
            43.2669842
          ],
          [
            5.5871627,
            43.267042
          ]
        ]
      },
      "id": "way/614044983"
    },
    {
      "type": "Feature",
      "properties": {
        "@id": "way/614044986",
        "cycleway": "no",
        "highway": "secondary",
        "lit": "yes",
        "name": "Route de la Ciotat",
        "oneway": "yes",
        "ref": "D 559 A",
        "sidewalk": "right"
      },
      "geometry": {
        "type": "LineString",
        "coordinates": [
          [
            5.5862806,
            43.2661879
          ],
          [
            5.5862286,
            43.2660926
          ],
          [
            5.5860934,
            43.2658449
          ],
          [
            5.5857843,
            43.2653372
          ],
          [
            5.5857038,
            43.265233
          ]
        ]
      },
      "id": "way/614044986"
    },
    {
      "type": "Feature",
      "properties": {
        "@id": "way/615913364",
        "access": "yes",
        "covered": "no",
        "cycleway": "no",
        "flood_prone": "no",
        "highway": "residential",
        "lanes": "1",
        "lit": "yes",
        "name": "Boulevard Piot",
        "name:oc": "Baloard Piòt",
        "oneway": "yes",
        "oneway:bicycle": "no",
        "source:name:oc": "ieo-bdtopoc",
        "surface": "asphalt"
      },
      "geometry": {
        "type": "LineString",
        "coordinates": [
          [
            5.3747654,
            43.2395175
          ],
          [
            5.3748328,
            43.2394297
          ],
          [
            5.3749189,
            43.2393674
          ]
        ]
      },
      "id": "way/615913364"
    },
    {
      "type": "Feature",
      "properties": {
        "@id": "way/615990207",
        "cycleway": "no",
        "highway": "secondary",
        "name": "Route de la Ciotat",
        "oneway": "yes",
        "ref": "D 559 A",
        "surface": "asphalt"
      },
      "geometry": {
        "type": "LineString",
        "coordinates": [
          [
            5.5877524,
            43.2670823
          ],
          [
            5.5879024,
            43.2670647
          ],
          [
            5.5882801,
            43.266965
          ],
          [
            5.5885209,
            43.2669247
          ]
        ]
      },
      "id": "way/615990207"
    },
    {
      "type": "Feature",
      "properties": {
        "@id": "way/615991538",
        "bicycle": "yes",
        "cycleway": "lane",
        "highway": "secondary",
        "name": "Route de la Ciotat",
        "ref": "D 559 A",
        "surface": "asphalt"
      },
      "geometry": {
        "type": "LineString",
        "coordinates": [
          [
            5.5839536,
            43.2825846
          ],
          [
            5.5839469,
            43.2827338
          ],
          [
            5.5839054,
            43.2828501
          ],
          [
            5.5838216,
            43.2829817
          ],
          [
            5.5837567,
            43.2830589
          ]
        ]
      },
      "id": "way/615991538"
    },
    {
      "type": "Feature",
      "properties": {
        "@id": "way/631801873",
        "cycleway": "no",
        "highway": "secondary",
        "lanes": "1",
        "lit": "yes",
        "maxspeed": "50",
        "name": "Avenue Roger Salengro",
        "oneway": "yes",
        "ref": "D 96",
        "sidewalk": "right",
        "source:maxspeed": "FR:urban",
        "surface": "asphalt"
      },
      "geometry": {
        "type": "LineString",
        "coordinates": [
          [
            5.5705754,
            43.3013398
          ],
          [
            5.5706479,
            43.3014058
          ],
          [
            5.5707828,
            43.3015266
          ],
          [
            5.5708008,
            43.3015418
          ],
          [
            5.5708559,
            43.3015889
          ],
          [
            5.5710386,
            43.3018186
          ]
        ]
      },
      "id": "way/631801873"
    },
    {
      "type": "Feature",
      "properties": {
        "@id": "way/631801874",
        "cycleway": "no",
        "highway": "secondary",
        "lanes": "1",
        "lit": "yes",
        "maxspeed": "50",
        "name": "Avenue Roger Salengro",
        "oneway": "yes",
        "ref": "D 96",
        "sidewalk": "right",
        "source:maxspeed": "FR:urban",
        "surface": "asphalt"
      },
      "geometry": {
        "type": "LineString",
        "coordinates": [
          [
            5.5705473,
            43.3014441
          ],
          [
            5.5703006,
            43.3012641
          ]
        ]
      },
      "id": "way/631801874"
    },
    {
      "type": "Feature",
      "properties": {
        "@id": "way/631813143",
        "cycleway": "no",
        "highway": "tertiary",
        "lane_markings": "no",
        "lit": "yes",
        "name": "Route de Beaudinard",
        "oneway": "yes",
        "ref": "D 43",
        "surface": "asphalt"
      },
      "geometry": {
        "type": "LineString",
        "coordinates": [
          [
            5.5758293,
            43.2985515
          ],
          [
            5.5757839,
            43.2984347
          ],
          [
            5.57568,
            43.2981675
          ],
          [
            5.5756736,
            43.2981511
          ]
        ]
      },
      "id": "way/631813143"
    },
    {
      "type": "Feature",
      "properties": {
        "@id": "way/631847973",
        "cycleway": "no",
        "highway": "secondary",
        "junction": "roundabout",
        "lanes": "1",
        "lit": "yes",
        "maxspeed": "50",
        "sidewalk": "right",
        "smoothness": "excellent",
        "source:maxspeed": "FR:urban",
        "surface": "asphalt"
      },
      "geometry": {
        "type": "LineString",
        "coordinates": [
          [
            5.5702502,
            43.3008516
          ],
          [
            5.5703025,
            43.3008766
          ],
          [
            5.5703396,
            43.3009133
          ],
          [
            5.5703567,
            43.3009572
          ]
        ]
      },
      "id": "way/631847973"
    },
    {
      "type": "Feature",
      "properties": {
        "@id": "way/631847974",
        "cycleway": "no",
        "highway": "secondary",
        "junction": "roundabout",
        "lanes": "1",
        "lit": "yes",
        "maxspeed": "50",
        "sidewalk": "right",
        "smoothness": "excellent",
        "source:maxspeed": "FR:urban",
        "surface": "asphalt"
      },
      "geometry": {
        "type": "LineString",
        "coordinates": [
          [
            5.5703455,
            43.3010164
          ],
          [
            5.5703065,
            43.3010601
          ],
          [
            5.570247,
            43.3010889
          ],
          [
            5.5701766,
            43.3010982
          ],
          [
            5.5701069,
            43.3010864
          ]
        ]
      },
      "id": "way/631847974"
    },
    {
      "type": "Feature",
      "properties": {
        "@id": "way/631884717",
        "cycleway": "no",
        "highway": "secondary",
        "junction": "roundabout",
        "lanes": "1",
        "lit": "yes",
        "maxspeed": "50",
        "sidewalk": "right",
        "smoothness": "excellent",
        "source:maxspeed": "FR:urban",
        "surface": "asphalt"
      },
      "geometry": {
        "type": "LineString",
        "coordinates": [
          [
            5.5703567,
            43.3009572
          ],
          [
            5.5703559,
            43.3009873
          ],
          [
            5.5703455,
            43.3010164
          ]
        ]
      },
      "id": "way/631884717"
    },
    {
      "type": "Feature",
      "properties": {
        "@id": "way/631925872",
        "cycleway": "no",
        "highway": "secondary",
        "lanes": "2",
        "lit": "yes",
        "maxspeed": "70",
        "name": "Route de la Légion",
        "name:oc": "Rota de la Legion",
        "ref": "D 2",
        "sidewalk": "both",
        "smoothness": "good",
        "source:maxspeed": "sign",
        "source:name:oc": "ieo-bdtopoc",
        "surface": "asphalt"
      },
      "geometry": {
        "type": "LineString",
        "coordinates": [
          [
            5.5234369,
            43.2880849
          ],
          [
            5.5241035,
            43.2881179
          ],
          [
            5.5242362,
            43.288127
          ]
        ]
      },
      "id": "way/631925872"
    },
    {
      "type": "Feature",
      "properties": {
        "@id": "way/631926637",
        "cycleway": "no",
        "highway": "secondary",
        "junction": "roundabout",
        "lanes": "1",
        "lit": "yes",
        "maxspeed": "50",
        "sidewalk": "right",
        "smoothness": "excellent",
        "source:maxspeed": "FR:urban",
        "surface": "asphalt"
      },
      "geometry": {
        "type": "LineString",
        "coordinates": [
          [
            5.5477807,
            43.2886575
          ],
          [
            5.5477471,
            43.2886823
          ],
          [
            5.5477219,
            43.2886933
          ],
          [
            5.5476742,
            43.2887031
          ],
          [
            5.5476225,
            43.2887008
          ],
          [
            5.5475959,
            43.2886924
          ],
          [
            5.5475736,
            43.2886854
          ],
          [
            5.5475355,
            43.288659
          ],
          [
            5.5475199,
            43.2886397
          ],
          [
            5.5475062,
            43.2885986
          ],
          [
            5.5475089,
            43.2885725
          ]
        ]
      },
      "id": "way/631926637"
    },
    {
      "type": "Feature",
      "properties": {
        "@id": "way/634863359",
        "cycleway": "no",
        "highway": "secondary",
        "junction": "roundabout",
        "lit": "yes",
        "maxspeed:type": "FR:urban",
        "sidewalk": "right",
        "surface": "asphalt"
      },
      "geometry": {
        "type": "LineString",
        "coordinates": [
          [
            5.596948,
            43.2981376
          ],
          [
            5.5969869,
            43.2981212
          ],
          [
            5.5970294,
            43.2981102
          ],
          [
            5.5970739,
            43.2981051
          ],
          [
            5.5971189,
            43.2981061
          ],
          [
            5.5971629,
            43.298113
          ]
        ]
      },
      "id": "way/634863359"
    },
    {
      "type": "Feature",
      "properties": {
        "@id": "way/634863362",
        "cycleway": "no",
        "highway": "secondary",
        "junction": "roundabout",
        "lane_markings": "no",
        "lit": "yes",
        "maxspeed:type": "FR:urban",
        "sidewalk": "right",
        "surface": "asphalt"
      },
      "geometry": {
        "type": "LineString",
        "coordinates": [
          [
            5.5971629,
            43.298113
          ],
          [
            5.5972043,
            43.2981257
          ],
          [
            5.5972418,
            43.2981436
          ],
          [
            5.5972741,
            43.2981663
          ],
          [
            5.5973003,
            43.2981928
          ]
        ]
      },
      "id": "way/634863362"
    },
    {
      "type": "Feature",
      "properties": {
        "@id": "way/634863364",
        "cycleway": "no",
        "highway": "secondary",
        "junction": "roundabout",
        "lane_markings": "no",
        "lit": "yes",
        "maxspeed:type": "FR:urban",
        "sidewalk": "right",
        "surface": "asphalt"
      },
      "geometry": {
        "type": "LineString",
        "coordinates": [
          [
            5.5973003,
            43.2981928
          ],
          [
            5.5973237,
            43.2982323
          ],
          [
            5.5973335,
            43.2982747
          ],
          [
            5.597329,
            43.2983176
          ]
        ]
      },
      "id": "way/634863364"
    },
    {
      "type": "Feature",
      "properties": {
        "@id": "way/635363903",
        "cycleway": "no",
        "highway": "primary",
        "junction": "roundabout",
        "lit": "yes",
        "maxspeed": "50",
        "sidewalk": "right",
        "source:maxspeed": "FR:urban",
        "surface": "asphalt"
      },
      "geometry": {
        "type": "LineString",
        "coordinates": [
          [
            5.5826232,
            43.3174016
          ],
          [
            5.5825696,
            43.3174391
          ],
          [
            5.5825036,
            43.3174641
          ],
          [
            5.5824306,
            43.3174744
          ]
        ]
      },
      "id": "way/635363903"
    },
    {
      "type": "Feature",
      "properties": {
        "@id": "way/635363904",
        "cycleway": "no",
        "highway": "primary",
        "junction": "roundabout",
        "lit": "yes",
        "maxspeed": "50",
        "sidewalk": "right",
        "source:maxspeed": "FR:urban",
        "surface": "asphalt"
      },
      "geometry": {
        "type": "LineString",
        "coordinates": [
          [
            5.5821793,
            43.317211
          ],
          [
            5.5822133,
            43.3171693
          ],
          [
            5.5822607,
            43.3171351
          ],
          [
            5.5823186,
            43.3171109
          ]
        ]
      },
      "id": "way/635363904"
    },
    {
      "type": "Feature",
      "properties": {
        "@id": "way/635363905",
        "cycleway": "no",
        "highway": "primary",
        "junction": "roundabout",
        "lit": "yes",
        "maxspeed": "50",
        "sidewalk": "right",
        "source:maxspeed": "FR:urban",
        "surface": "asphalt"
      },
      "geometry": {
        "type": "LineString",
        "coordinates": [
          [
            5.5824306,
            43.3174744
          ],
          [
            5.5823637,
            43.3174704
          ],
          [
            5.5823005,
            43.3174541
          ],
          [
            5.5822451,
            43.3174266
          ],
          [
            5.5821939,
            43.3173812
          ],
          [
            5.5821644,
            43.3173265
          ],
          [
            5.5821594,
            43.3172679
          ],
          [
            5.5821793,
            43.317211
          ]
        ]
      },
      "id": "way/635363905"
    },
    {
      "type": "Feature",
      "properties": {
        "@id": "way/635372174",
        "cycleway": "no",
        "highway": "secondary",
        "junction": "roundabout",
        "lanes": "1",
        "lit": "yes",
        "maxspeed": "50",
        "sidewalk": "right",
        "smoothness": "excellent",
        "source:maxspeed": "FR:urban",
        "surface": "asphalt"
      },
      "geometry": {
        "type": "LineString",
        "coordinates": [
          [
            5.5700046,
            43.3009642
          ],
          [
            5.5700172,
            43.3009219
          ],
          [
            5.5700483,
            43.300885
          ],
          [
            5.5700946,
            43.3008578
          ],
          [
            5.5701506,
            43.3008432
          ]
        ]
      },
      "id": "way/635372174"
    },
    {
      "type": "Feature",
      "properties": {
        "@id": "way/635372178",
        "cycleway": "no",
        "highway": "secondary",
        "junction": "roundabout",
        "lanes": "1",
        "lit": "yes",
        "maxspeed": "50",
        "sidewalk": "right",
        "smoothness": "excellent",
        "source:maxspeed": "FR:urban",
        "surface": "asphalt"
      },
      "geometry": {
        "type": "LineString",
        "coordinates": [
          [
            5.5701506,
            43.3008432
          ],
          [
            5.5702012,
            43.3008421
          ],
          [
            5.5702502,
            43.3008516
          ]
        ]
      },
      "id": "way/635372178"
    },
    {
      "type": "Feature",
      "properties": {
        "@id": "way/635733446",
        "cycleway": "lane",
        "highway": "primary",
        "lanes": "2",
        "maxspeed": "50",
        "old_ref": "N 8",
        "ref": "D 8N",
        "surface": "asphalt"
      },
      "geometry": {
        "type": "LineString",
        "coordinates": [
          [
            5.6921906,
            43.2737711
          ],
          [
            5.6914875,
            43.2735724
          ]
        ]
      },
      "id": "way/635733446"
    },
    {
      "type": "Feature",
      "properties": {
        "@id": "way/635736862",
        "cycleway": "lane",
        "highway": "primary",
        "maxspeed": "80",
        "old_ref": "N 8",
        "oneway": "yes",
        "ref": "D 8N"
      },
      "geometry": {
        "type": "LineString",
        "coordinates": [
          [
            5.682372,
            43.2709992
          ],
          [
            5.6830178,
            43.2711211
          ],
          [
            5.6831143,
            43.2711481
          ],
          [
            5.6835834,
            43.2712815
          ],
          [
            5.6836856,
            43.2713141
          ],
          [
            5.6840805,
            43.2714403
          ],
          [
            5.6842121,
            43.2714824
          ],
          [
            5.6845113,
            43.2716034
          ]
        ]
      },
      "id": "way/635736862"
    },
    {
      "type": "Feature",
      "properties": {
        "@id": "way/635736863",
        "cycleway": "lane",
        "highway": "primary",
        "maxspeed": "80",
        "old_ref": "N 8",
        "ref": "D 8N"
      },
      "geometry": {
        "type": "LineString",
        "coordinates": [
          [
            5.682372,
            43.2709992
          ],
          [
            5.6820597,
            43.2709589
          ],
          [
            5.6819839,
            43.2709497
          ],
          [
            5.6814796,
            43.2709995
          ],
          [
            5.6810464,
            43.2711578
          ],
          [
            5.6804719,
            43.2714362
          ],
          [
            5.6799433,
            43.2716676
          ],
          [
            5.6795135,
            43.2717135
          ],
          [
            5.6791679,
            43.2716316
          ],
          [
            5.6788959,
            43.2714623
          ],
          [
            5.678729,
            43.2712255
          ],
          [
            5.6785978,
            43.2707191
          ],
          [
            5.6785178,
            43.2704226
          ],
          [
            5.6783903,
            43.2701975
          ],
          [
            5.6782424,
            43.2700465
          ],
          [
            5.6773519,
            43.2694639
          ],
          [
            5.6768846,
            43.2691742
          ]
        ]
      },
      "id": "way/635736863"
    },
    {
      "type": "Feature",
      "properties": {
        "@id": "way/635736865",
        "cycleway": "lane",
        "highway": "primary",
        "maxspeed": "80",
        "old_ref": "N 8",
        "oneway": "yes",
        "ref": "D 8N"
      },
      "geometry": {
        "type": "LineString",
        "coordinates": [
          [
            5.6845113,
            43.2716034
          ],
          [
            5.684189,
            43.2715328
          ],
          [
            5.6836531,
            43.2713776
          ],
          [
            5.6835378,
            43.2713441
          ],
          [
            5.6834527,
            43.2713199
          ],
          [
            5.6828353,
            43.2711404
          ],
          [
            5.682372,
            43.2709992
          ]
        ]
      },
      "id": "way/635736865"
    },
    {
      "type": "Feature",
      "properties": {
        "@id": "way/635755293",
        "bicycle": "yes",
        "cycleway": "lane",
        "highway": "secondary",
        "name": "Avenue du Chemin de Jouques",
        "oneway": "yes",
        "ref": "D 42E",
        "surface": "asphalt"
      },
      "geometry": {
        "type": "LineString",
        "coordinates": [
          [
            5.6212421,
            43.2811115
          ],
          [
            5.62127,
            43.2810175
          ],
          [
            5.6212759,
            43.2809479
          ],
          [
            5.6212588,
            43.280845
          ]
        ]
      },
      "id": "way/635755293"
    },
    {
      "type": "Feature",
      "properties": {
        "@id": "way/635755294",
        "bicycle": "yes",
        "cycleway": "lane",
        "highway": "secondary",
        "name": "Avenue du Chemin de Jouques",
        "oneway": "yes",
        "ref": "D 42E",
        "surface": "asphalt"
      },
      "geometry": {
        "type": "LineString",
        "coordinates": [
          [
            5.6212588,
            43.280845
          ],
          [
            5.6213125,
            43.2809429
          ],
          [
            5.6213533,
            43.2809972
          ],
          [
            5.6214188,
            43.2810889
          ]
        ]
      },
      "id": "way/635755294"
    },
    {
      "type": "Feature",
      "properties": {
        "@id": "way/642215300",
        "cycleway": "shoulder",
        "highway": "secondary",
        "lanes": "2",
        "maxspeed": "80",
        "ref": "D 908",
        "source:bicycle": "Colletif Vélos en Ville",
        "source:maxspeed": "sign",
        "surface": "asphalt"
      },
      "geometry": {
        "type": "LineString",
        "coordinates": [
          [
            5.5506985,
            43.3909747
          ],
          [
            5.550667,
            43.390834
          ],
          [
            5.550678,
            43.390649
          ],
          [
            5.550768,
            43.390337
          ],
          [
            5.550951,
            43.389989
          ],
          [
            5.5510117,
            43.3899192
          ],
          [
            5.551348,
            43.389533
          ],
          [
            5.5518279,
            43.3891382
          ],
          [
            5.5524138,
            43.3884701
          ],
          [
            5.553413,
            43.387747
          ],
          [
            5.553733,
            43.387557
          ],
          [
            5.554257,
            43.387303
          ],
          [
            5.555005,
            43.387004
          ],
          [
            5.5556646,
            43.3868234
          ],
          [
            5.556203,
            43.386676
          ],
          [
            5.556971,
            43.386388
          ],
          [
            5.5570929,
            43.3863193
          ],
          [
            5.55731,
            43.386197
          ],
          [
            5.5581481,
            43.3856509
          ],
          [
            5.558486,
            43.3855533
          ],
          [
            5.5588086,
            43.3855402
          ]
        ]
      },
      "id": "way/642215300"
    },
    {
      "type": "Feature",
      "properties": {
        "@id": "way/642234657",
        "cycleway": "shoulder",
        "highway": "secondary",
        "lanes": "2",
        "maxspeed:backward": "30",
        "maxspeed:forward": "80",
        "name": "Avenue de la Doulia",
        "ref": "D 7",
        "surface": "asphalt"
      },
      "geometry": {
        "type": "LineString",
        "coordinates": [
          [
            5.5974218,
            43.377296
          ],
          [
            5.5976128,
            43.3772504
          ],
          [
            5.5977121,
            43.3772267
          ]
        ]
      },
      "id": "way/642234657"
    },
    {
      "type": "Feature",
      "properties": {
        "@id": "way/642235699",
        "cycleway": "shoulder",
        "highway": "secondary",
        "maxspeed:backward": "30",
        "maxspeed:forward": "50",
        "name": "Avenue de la Doulia",
        "ref": "D 7",
        "surface": "asphalt"
      },
      "geometry": {
        "type": "LineString",
        "coordinates": [
          [
            5.5977121,
            43.3772267
          ],
          [
            5.5981748,
            43.3771597
          ],
          [
            5.5984079,
            43.377126
          ]
        ]
      },
      "id": "way/642235699"
    },
    {
      "type": "Feature",
      "properties": {
        "@id": "way/642237429",
        "cycleway": "shoulder",
        "highway": "secondary",
        "lanes": "2",
        "maxspeed": "30",
        "name": "Avenue de la Doulia",
        "ref": "D 7",
        "surface": "asphalt"
      },
      "geometry": {
        "type": "LineString",
        "coordinates": [
          [
            5.603464,
            43.3765846
          ],
          [
            5.6033653,
            43.3765864
          ],
          [
            5.6032747,
            43.3765971
          ],
          [
            5.6030812,
            43.3766347
          ],
          [
            5.6025434,
            43.3767394
          ],
          [
            5.6021129,
            43.3768232
          ],
          [
            5.601657,
            43.376912
          ],
          [
            5.6012738,
            43.3769647
          ],
          [
            5.6011412,
            43.3769747
          ],
          [
            5.6009555,
            43.3769886
          ],
          [
            5.6005227,
            43.3770097
          ],
          [
            5.6000308,
            43.3770326
          ],
          [
            5.5994605,
            43.3770694
          ],
          [
            5.5993786,
            43.3770748
          ],
          [
            5.5990243,
            43.3770899
          ],
          [
            5.5987598,
            43.3771042
          ],
          [
            5.5984079,
            43.377126
          ]
        ]
      },
      "id": "way/642237429"
    },
    {
      "type": "Feature",
      "properties": {
        "@id": "way/648707795",
        "cycleway": "lane",
        "highway": "tertiary",
        "name": "Avenue de la Fourragère",
        "name:oc": "Avenguda de La Pasturiera",
        "oneway": "no",
        "source:name:oc": "ieo-bdtopoc"
      },
      "geometry": {
        "type": "LineString",
        "coordinates": [
          [
            5.4296515,
            43.3022264
          ],
          [
            5.4295253,
            43.3022693
          ],
          [
            5.4293648,
            43.3023844
          ],
          [
            5.429247,
            43.3025265
          ],
          [
            5.429223,
            43.3025623
          ],
          [
            5.4290526,
            43.3028256
          ],
          [
            5.4288752,
            43.3031415
          ]
        ]
      },
      "id": "way/648707795"
    },
    {
      "type": "Feature",
      "properties": {
        "@id": "way/652763467",
        "access": "yes",
        "bicycle": "yes",
        "boundary": "political",
        "cycleway": "no",
        "foot": "yes",
        "highway": "unclassified",
        "lanes": "1",
        "maxspeed": "50",
        "name": "Boulevard Louis Botinelly",
        "name:oc": "Baloard Loís Botinelli",
        "oneway": "yes",
        "political_division": "canton",
        "sidewalk": "both",
        "source:name:oc": "ieo-bdtopoc",
        "surface": "asphalt"
      },
      "geometry": {
        "type": "LineString",
        "coordinates": [
          [
            5.4044177,
            43.3027225
          ],
          [
            5.4043529,
            43.3032571
          ],
          [
            5.4043503,
            43.303279
          ],
          [
            5.404331,
            43.3033746
          ]
        ]
      },
      "id": "way/652763467"
    },
    {
      "type": "Feature",
      "properties": {
        "@id": "way/666540140",
        "cycleway": "lane",
        "highway": "primary",
        "lanes": "2",
        "maxspeed": "50",
        "maxweight": "3.5",
        "old_ref": "N 8",
        "ref": "D 8N",
        "surface": "asphalt"
      },
      "geometry": {
        "type": "LineString",
        "coordinates": [
          [
            5.700013,
            43.2758933
          ],
          [
            5.6996911,
            43.2758163
          ],
          [
            5.6995561,
            43.2757846
          ],
          [
            5.6986844,
            43.2755825
          ],
          [
            5.698627,
            43.2755656
          ],
          [
            5.6981641,
            43.2754459
          ],
          [
            5.6980924,
            43.2754289
          ],
          [
            5.697738,
            43.2753306
          ],
          [
            5.6976657,
            43.2753106
          ],
          [
            5.697605,
            43.2752938
          ],
          [
            5.6972011,
            43.2751818
          ],
          [
            5.6961533,
            43.2748867
          ],
          [
            5.6944736,
            43.2744186
          ]
        ]
      },
      "id": "way/666540140"
    },
    {
      "type": "Feature",
      "properties": {
        "@id": "way/675420936",
        "access": "yes",
        "bicycle": "yes",
        "cycleway": "no",
        "foot": "yes",
        "highway": "secondary",
        "lanes": "2",
        "maxspeed": "50",
        "name": "Avenue de Saint-Barnabé",
        "name:oc": "Avenguda de Sant Barnabèu",
        "oneway": "no",
        "sidewalk": "both",
        "source:name:oc": "ieo-bdtopoc",
        "surface": "asphalt"
      },
      "geometry": {
        "type": "LineString",
        "coordinates": [
          [
            5.4114831,
            43.3041395
          ],
          [
            5.4111795,
            43.3041162
          ],
          [
            5.4109796,
            43.3040973
          ],
          [
            5.4109283,
            43.3040923
          ],
          [
            5.4109105,
            43.3040907
          ],
          [
            5.4107679,
            43.3040783
          ],
          [
            5.4106212,
            43.3040652
          ],
          [
            5.4102892,
            43.3040427
          ],
          [
            5.4098918,
            43.3040096
          ],
          [
            5.4098141,
            43.3040096
          ],
          [
            5.4097345,
            43.3040196
          ],
          [
            5.409571,
            43.3040558
          ],
          [
            5.4094522,
            43.3041008
          ],
          [
            5.4090931,
            43.3043366
          ],
          [
            5.4089624,
            43.3044149
          ],
          [
            5.4088844,
            43.3044616
          ],
          [
            5.4087871,
            43.3045088
          ],
          [
            5.408657,
            43.304552
          ],
          [
            5.4084608,
            43.3045878
          ],
          [
            5.4083466,
            43.3046058
          ],
          [
            5.4082167,
            43.3046152
          ],
          [
            5.4080938,
            43.3046146
          ],
          [
            5.4080361,
            43.3046107
          ],
          [
            5.4079485,
            43.3046013
          ],
          [
            5.4078377,
            43.3045799
          ],
          [
            5.4076958,
            43.304538
          ],
          [
            5.407594,
            43.3044936
          ],
          [
            5.4075265,
            43.3044492
          ],
          [
            5.407441,
            43.3043644
          ],
          [
            5.4074068,
            43.3043205
          ],
          [
            5.4073971,
            43.3043039
          ],
          [
            5.4073212,
            43.3041232
          ],
          [
            5.4072858,
            43.304035
          ],
          [
            5.4072133,
            43.3039105
          ],
          [
            5.4071367,
            43.3038476
          ],
          [
            5.4071027,
            43.3038266
          ]
        ]
      },
      "id": "way/675420936"
    },
    {
      "type": "Feature",
      "properties": {
        "@id": "way/675420937",
        "access": "yes",
        "bicycle": "yes",
        "cycleway": "no",
        "foot": "yes",
        "highway": "secondary",
        "lanes": "2",
        "maxspeed": "50",
        "name": "Avenue de Saint-Barnabé",
        "name:oc": "Avenguda de Sant Barnabèu",
        "oneway": "no",
        "sidewalk": "both",
        "source:name:oc": "ieo-bdtopoc",
        "surface": "asphalt"
      },
      "geometry": {
        "type": "LineString",
        "coordinates": [
          [
            5.4117057,
            43.3041567
          ],
          [
            5.4114831,
            43.3041395
          ]
        ]
      },
      "id": "way/675420937"
    },
    {
      "type": "Feature",
      "properties": {
        "@id": "way/675420940",
        "access": "yes",
        "bicycle": "yes",
        "cycleway": "no",
        "foot": "yes",
        "highway": "secondary",
        "lanes": "2",
        "maxspeed": "50",
        "name": "Avenue de Saint-Barnabé",
        "name:oc": "Avenguda de Sant Barnabèu",
        "oneway": "no",
        "sidewalk": "both",
        "source:name:oc": "ieo-bdtopoc",
        "surface": "asphalt"
      },
      "geometry": {
        "type": "LineString",
        "coordinates": [
          [
            5.4117889,
            43.3041645
          ],
          [
            5.4117057,
            43.3041567
          ]
        ]
      },
      "id": "way/675420940"
    },
    {
      "type": "Feature",
      "properties": {
        "@id": "way/678898282",
        "cycleway": "lane",
        "highway": "primary",
        "name": "Route des Hauts du Camp",
        "old_ref": "N 8",
        "ref": "D N8",
        "source": "BING"
      },
      "geometry": {
        "type": "LineString",
        "coordinates": [
          [
            5.7508194,
            43.2572069
          ],
          [
            5.7502879,
            43.2583798
          ],
          [
            5.7500624,
            43.2588577
          ],
          [
            5.7496121,
            43.2598137
          ],
          [
            5.7483624,
            43.262517
          ],
          [
            5.748282,
            43.2628042
          ],
          [
            5.7482986,
            43.2630274
          ],
          [
            5.7483118,
            43.2631492
          ],
          [
            5.7483554,
            43.2633203
          ],
          [
            5.7485255,
            43.2636768
          ],
          [
            5.7487202,
            43.263985
          ]
        ]
      },
      "id": "way/678898282"
    },
    {
      "type": "Feature",
      "properties": {
        "@id": "way/678924551",
        "bicycle": "yes",
        "cycleway": "lane",
        "highway": "secondary",
        "lanes": "2",
        "name": "Avenue du Chemin de Jouques",
        "ref": "D 42E",
        "surface": "asphalt"
      },
      "geometry": {
        "type": "LineString",
        "coordinates": [
          [
            5.6200682,
            43.2779871
          ],
          [
            5.6203507,
            43.2785171
          ],
          [
            5.6207533,
            43.2793154
          ],
          [
            5.620859,
            43.2796015
          ],
          [
            5.6209356,
            43.2798088
          ],
          [
            5.6210194,
            43.2800527
          ],
          [
            5.621048,
            43.2801372
          ],
          [
            5.6211444,
            43.2804609
          ],
          [
            5.621209,
            43.2806778
          ],
          [
            5.6212588,
            43.280845
          ]
        ]
      },
      "id": "way/678924551"
    },
    {
      "type": "Feature",
      "properties": {
        "@id": "way/679480974",
        "cycleway": "shoulder",
        "highway": "secondary",
        "name": "Grand'Route",
        "ref": "D 7"
      },
      "geometry": {
        "type": "LineString",
        "coordinates": [
          [
            5.5340074,
            43.4032104
          ],
          [
            5.5341012,
            43.4030989
          ],
          [
            5.5342036,
            43.4029773
          ],
          [
            5.5347677,
            43.4021544
          ],
          [
            5.5349855,
            43.4019731
          ],
          [
            5.535296,
            43.4017874
          ],
          [
            5.5356621,
            43.4016501
          ],
          [
            5.5360928,
            43.4016
          ],
          [
            5.5371037,
            43.4014544
          ],
          [
            5.5373159,
            43.4014478
          ],
          [
            5.5374806,
            43.4014426
          ],
          [
            5.5379556,
            43.4015301
          ],
          [
            5.5387409,
            43.4017799
          ],
          [
            5.5391631,
            43.4018329
          ]
        ]
      },
      "id": "way/679480974"
    },
    {
      "type": "Feature",
      "properties": {
        "@id": "way/680347641",
        "cycleway": "shoulder",
        "highway": "primary",
        "lanes": "2",
        "lit": "no",
        "ref": "D 96",
        "source:bicycle": "Collectif Vélos en Ville",
        "surface": "asphalt"
      },
      "geometry": {
        "type": "LineString",
        "coordinates": [
          [
            5.5765134,
            43.4144794
          ],
          [
            5.5765656,
            43.4143231
          ],
          [
            5.5766033,
            43.4142101
          ],
          [
            5.5766512,
            43.4141115
          ],
          [
            5.577315,
            43.412933
          ],
          [
            5.5774278,
            43.4126345
          ],
          [
            5.5774352,
            43.412615
          ],
          [
            5.5775382,
            43.4123656
          ],
          [
            5.577624,
            43.41211
          ],
          [
            5.5776621,
            43.411777
          ],
          [
            5.5778386,
            43.4102332
          ],
          [
            5.577793,
            43.4100732
          ],
          [
            5.5777243,
            43.4099235
          ],
          [
            5.5776299,
            43.4098113
          ],
          [
            5.577278,
            43.4095245
          ],
          [
            5.5771493,
            43.4093998
          ],
          [
            5.5770892,
            43.409275
          ],
          [
            5.5770806,
            43.4090942
          ],
          [
            5.5771235,
            43.4089134
          ],
          [
            5.5774524,
            43.4084666
          ],
          [
            5.5775468,
            43.4082795
          ],
          [
            5.5775554,
            43.4081049
          ],
          [
            5.5774867,
            43.4079241
          ],
          [
            5.5771491,
            43.4074004
          ],
          [
            5.5768827,
            43.4069799
          ],
          [
            5.5766451,
            43.4066049
          ],
          [
            5.5766028,
            43.4065381
          ],
          [
            5.5764236,
            43.4062157
          ],
          [
            5.5762995,
            43.4059599
          ]
        ]
      },
      "id": "way/680347641"
    },
    {
      "type": "Feature",
      "properties": {
        "@id": "way/683414252",
        "cycleway": "no",
        "highway": "secondary",
        "lit": "yes",
        "maxspeed": "50",
        "ref": "D 41e",
        "source:maxspeed": "FR:urban",
        "surface": "asphalt"
      },
      "geometry": {
        "type": "LineString",
        "coordinates": [
          [
            5.5790972,
            43.2619667
          ],
          [
            5.5797223,
            43.2621676
          ]
        ]
      },
      "id": "way/683414252"
    },
    {
      "type": "Feature",
      "properties": {
        "@id": "way/683414407",
        "cycleway": "no",
        "highway": "secondary",
        "lit": "yes",
        "maxspeed": "50",
        "oneway": "yes",
        "ref": "D 41e",
        "sidewalk": "no",
        "source:maxspeed": "FR:urban",
        "surface": "asphalt"
      },
      "geometry": {
        "type": "LineString",
        "coordinates": [
          [
            5.5798637,
            43.2621704
          ],
          [
            5.5801811,
            43.2622617
          ],
          [
            5.5803049,
            43.2622906
          ],
          [
            5.5804012,
            43.2623031
          ]
        ]
      },
      "id": "way/683414407"
    },
    {
      "type": "Feature",
      "properties": {
        "@id": "way/683415391",
        "cycleway": "no",
        "highway": "secondary",
        "name": "Route de la Ciotat",
        "oneway": "yes",
        "ref": "D 559 A",
        "surface": "asphalt"
      },
      "geometry": {
        "type": "LineString",
        "coordinates": [
          [
            5.5864332,
            43.2664618
          ],
          [
            5.5862806,
            43.2661879
          ]
        ]
      },
      "id": "way/683415391"
    },
    {
      "type": "Feature",
      "properties": {
        "@id": "way/683531265",
        "cycleway": "shoulder",
        "highway": "secondary",
        "lanes": "2",
        "maxspeed": "80",
        "name": "Chemin de Saint-Pierre",
        "ref": "D 43C",
        "sidewalk": "no",
        "source:bicycle": "Collectif Vélos en Ville",
        "source:maxspeed": "FR:rural",
        "surface": "asphalt"
      },
      "geometry": {
        "type": "LineString",
        "coordinates": [
          [
            5.592177,
            43.3056288
          ],
          [
            5.5921565,
            43.305439
          ],
          [
            5.5921008,
            43.3050002
          ],
          [
            5.5919686,
            43.3041639
          ],
          [
            5.5918272,
            43.3033948
          ],
          [
            5.59165,
            43.3024363
          ]
        ]
      },
      "id": "way/683531265"
    },
    {
      "type": "Feature",
      "properties": {
        "@id": "way/683531266",
        "cycleway": "shoulder",
        "highway": "secondary",
        "lanes": "2",
        "lit": "yes",
        "maxspeed": "80",
        "name": "Chemin de Saint-Pierre",
        "ref": "D 43C",
        "sidewalk": "no",
        "source:bicycle": "Collectif Vélos en Ville",
        "source:maxspeed": "FR:rural",
        "surface": "asphalt"
      },
      "geometry": {
        "type": "LineString",
        "coordinates": [
          [
            5.5927735,
            43.3089939
          ],
          [
            5.5928101,
            43.3086433
          ],
          [
            5.5928104,
            43.3083895
          ],
          [
            5.5927922,
            43.3082702
          ]
        ]
      },
      "id": "way/683531266"
    },
    {
      "type": "Feature",
      "properties": {
        "@id": "way/684944492",
        "access": "yes",
        "covered": "no",
        "cycleway": "lane",
        "highway": "tertiary",
        "lanes": "2",
        "lit": "yes",
        "maxheight": "4.1",
        "maxspeed": "50",
        "name": "Boulevard Jean-Eugène Cabassud",
        "name:oc": "Baloard Joan-Eugèni Cabassud",
        "oneway": "yes",
        "source:name:oc": "ieo-bdtopoc",
        "surface": "asphalt",
        "toll": "no"
      },
      "geometry": {
        "type": "LineString",
        "coordinates": [
          [
            5.4129034,
            43.2838628
          ],
          [
            5.4129023,
            43.2839927
          ],
          [
            5.4129108,
            43.2842366
          ],
          [
            5.4129202,
            43.2845125
          ],
          [
            5.4129217,
            43.2847524
          ],
          [
            5.4129233,
            43.2850114
          ],
          [
            5.4129262,
            43.285238
          ],
          [
            5.4129272,
            43.2853117
          ],
          [
            5.4129328,
            43.2853852
          ],
          [
            5.4129326,
            43.2854552
          ],
          [
            5.4129266,
            43.2855863
          ],
          [
            5.4129189,
            43.2857532
          ],
          [
            5.4129088,
            43.2858818
          ],
          [
            5.4128924,
            43.2859606
          ],
          [
            5.4128213,
            43.2861452
          ],
          [
            5.4126848,
            43.2864996
          ],
          [
            5.4125939,
            43.2867497
          ],
          [
            5.4125846,
            43.2867722
          ],
          [
            5.4125205,
            43.2869069
          ]
        ]
      },
      "id": "way/684944492"
    },
    {
      "type": "Feature",
      "properties": {
        "@id": "way/712545981",
        "cycleway": "lane",
        "highway": "primary",
        "lanes": "2",
        "maxspeed": "80",
        "old_ref": "N 8",
        "ref": "D 8N",
        "surface": "asphalt"
      },
      "geometry": {
        "type": "LineString",
        "coordinates": [
          [
            5.6914875,
            43.2735724
          ],
          [
            5.6881407,
            43.2726296
          ],
          [
            5.6874065,
            43.2724227
          ],
          [
            5.6852382,
            43.2718119
          ],
          [
            5.6851941,
            43.2717993
          ],
          [
            5.6845113,
            43.2716034
          ]
        ]
      },
      "id": "way/712545981"
    },
    {
      "type": "Feature",
      "properties": {
        "@id": "way/716805204",
        "cycleway": "shoulder",
        "highway": "secondary",
        "maxspeed": "70",
        "ref": "D 7",
        "surface": "asphalt"
      },
      "geometry": {
        "type": "LineString",
        "coordinates": [
          [
            5.5827878,
            43.3799692
          ],
          [
            5.5829074,
            43.3799202
          ],
          [
            5.5836436,
            43.3796599
          ],
          [
            5.5839108,
            43.379568
          ],
          [
            5.5841086,
            43.3795
          ]
        ]
      },
      "id": "way/716805204"
    },
    {
      "type": "Feature",
      "properties": {
        "@id": "way/737406292",
        "cycleway": "no",
        "highway": "secondary",
        "lanes": "2",
        "lit": "yes",
        "maxspeed": "30",
        "name": "Avenue Roger Salengro",
        "ref": "D 96",
        "sidewalk": "both",
        "smoothness": "good",
        "source:maxspeed": "FR:zone30",
        "surface": "asphalt"
      },
      "geometry": {
        "type": "LineString",
        "coordinates": [
          [
            5.5693782,
            43.299773
          ],
          [
            5.5694001,
            43.2999022
          ],
          [
            5.5694353,
            43.3000439
          ],
          [
            5.5695092,
            43.3002116
          ]
        ]
      },
      "id": "way/737406292"
    },
    {
      "type": "Feature",
      "properties": {
        "@id": "way/738054278",
        "cycleway": "no",
        "highway": "secondary",
        "lanes": "2",
        "lit": "yes",
        "maxspeed": "50",
        "name": "Avenue Roger Salengro",
        "ref": "D 96",
        "sidewalk": "both",
        "smoothness": "excellent",
        "source:maxspeed": "FR:urban",
        "surface": "asphalt"
      },
      "geometry": {
        "type": "LineString",
        "coordinates": [
          [
            5.5695092,
            43.3002116
          ],
          [
            5.5695685,
            43.3003097
          ],
          [
            5.5696231,
            43.3004077
          ]
        ]
      },
      "id": "way/738054278"
    },
    {
      "type": "Feature",
      "properties": {
        "@id": "way/739531071",
        "bicycle": "designated",
        "cycleway": "sidewalk",
        "foot": "designated",
        "highway": "path",
        "oneway": "yes",
        "segregated": "yes"
      },
      "geometry": {
        "type": "LineString",
        "coordinates": [
          [
            5.4499099,
            43.3528222
          ],
          [
            5.449947,
            43.3529256
          ],
          [
            5.4497418,
            43.3532582
          ],
          [
            5.4494642,
            43.3536161
          ],
          [
            5.4493992,
            43.3536525
          ],
          [
            5.4493558,
            43.3536768
          ]
        ]
      },
      "id": "way/739531071"
    },
    {
      "type": "Feature",
      "properties": {
        "@id": "way/739531072",
        "bicycle": "designated",
        "cycleway": "sidewalk",
        "foot": "designated",
        "highway": "path",
        "oneway": "no",
        "segregated": "yes"
      },
      "geometry": {
        "type": "LineString",
        "coordinates": [
          [
            5.4518695,
            43.3514497
          ],
          [
            5.4518232,
            43.3514531
          ],
          [
            5.4518513,
            43.3516306
          ],
          [
            5.4519063,
            43.3516648
          ],
          [
            5.4519398,
            43.3516911
          ],
          [
            5.4517427,
            43.3518549
          ],
          [
            5.4515724,
            43.3519836
          ],
          [
            5.45139,
            43.3521036
          ],
          [
            5.4510882,
            43.3522723
          ],
          [
            5.4507409,
            43.3524693
          ],
          [
            5.4506068,
            43.3525336
          ],
          [
            5.4503989,
            43.3526019
          ],
          [
            5.4502621,
            43.3526409
          ],
          [
            5.450106,
            43.352644
          ]
        ]
      },
      "id": "way/739531072"
    },
    {
      "type": "Feature",
      "properties": {
        "@id": "way/739531075",
        "bicycle": "designated",
        "cycleway": "sidewalk",
        "foot": "designated",
        "highway": "path",
        "oneway": "yes",
        "segregated": "yes"
      },
      "geometry": {
        "type": "LineString",
        "coordinates": [
          [
            5.4493174,
            43.3536623
          ],
          [
            5.4493394,
            43.3535722
          ],
          [
            5.4496211,
            43.3532084
          ],
          [
            5.4497927,
            43.3529451
          ],
          [
            5.4499099,
            43.3527364
          ],
          [
            5.4499239,
            43.3526259
          ]
        ]
      },
      "id": "way/739531075"
    },
    {
      "type": "Feature",
      "properties": {
        "@id": "way/748815225",
        "cycleway": "lane",
        "highway": "tertiary",
        "name": "Rue Saint-Jean du Désert",
        "name:oc": "Carriera de Sant Joan dau Desèrt",
        "oneway": "yes",
        "source:name:oc": "ieo-bdtopoc"
      },
      "geometry": {
        "type": "LineString",
        "coordinates": [
          [
            5.4332892,
            43.2951182
          ],
          [
            5.4332475,
            43.2949461
          ],
          [
            5.4332441,
            43.2948994
          ]
        ]
      },
      "id": "way/748815225"
    },
    {
      "type": "Feature",
      "properties": {
        "@id": "way/762014864",
        "cycleway": "lane",
        "highway": "secondary",
        "name": "Avenue de la Marche pour l’égalité et contre le racisme",
        "name:oc": "Avenguda Alexandre Ansaldi",
        "old_name": "Avenue Alexandre Ansaldi",
        "oneway": "yes",
        "ref": "D 4",
        "ref:FR:FANTOIR": "132140190L",
        "source": "BD Ortho IGN 2016",
        "source:name:oc": "ieo-bdtopoc"
      },
      "geometry": {
        "type": "LineString",
        "coordinates": [
          [
            5.3985913,
            43.3358863
          ],
          [
            5.3983532,
            43.3359522
          ],
          [
            5.3982223,
            43.3359793
          ],
          [
            5.3976288,
            43.3361148
          ]
        ]
      },
      "id": "way/762014864"
    },
    {
      "type": "Feature",
      "properties": {
        "@id": "way/806131558",
        "check_date": "2024-10-12",
        "check_date:surface": "2024-10-12",
        "cycleway": "lane",
        "highway": "tertiary",
        "lanes": "2",
        "mapillary": "1215975242165009",
        "maxspeed": "30",
        "name": "Rue Charles Kaddouz",
        "name:oc": "Carriera Carles Kaddoz",
        "source": "Mapillary Traffic Signs",
        "source:name:oc": "ieo-bdtopoc",
        "surface": "asphalt"
      },
      "geometry": {
        "type": "LineString",
        "coordinates": [
          [
            5.4363201,
            43.3167373
          ],
          [
            5.4361249,
            43.3166147
          ],
          [
            5.4359552,
            43.3165064
          ],
          [
            5.4356848,
            43.316322
          ],
          [
            5.4355408,
            43.3162379
          ],
          [
            5.4354117,
            43.3161573
          ],
          [
            5.4352736,
            43.3160743
          ],
          [
            5.435211,
            43.3160339
          ],
          [
            5.4350822,
            43.3159507
          ],
          [
            5.4348693,
            43.3158132
          ]
        ]
      },
      "id": "way/806131558"
    },
    {
      "type": "Feature",
      "properties": {
        "@id": "way/815663951",
        "cycleway": "lane",
        "highway": "tertiary",
        "name": "Avenue Louis Malosse",
        "name:oc": "Avenguda Loís Malòsa",
        "source": "Ortho HR 2020",
        "source:name:oc": "ieo-bdtopoc"
      },
      "geometry": {
        "type": "LineString",
        "coordinates": [
          [
            5.4500696,
            43.2985961
          ],
          [
            5.4500834,
            43.2986554
          ],
          [
            5.4501051,
            43.2987485
          ],
          [
            5.4501249,
            43.2988333
          ],
          [
            5.4501535,
            43.2989641
          ],
          [
            5.4501951,
            43.2991669
          ],
          [
            5.4503198,
            43.2997488
          ],
          [
            5.4503251,
            43.2998972
          ],
          [
            5.4503131,
            43.3000074
          ],
          [
            5.4502782,
            43.3001168
          ],
          [
            5.4502546,
            43.3001676
          ],
          [
            5.4502004,
            43.3002846
          ],
          [
            5.4500153,
            43.3006273
          ],
          [
            5.449974,
            43.3007037
          ],
          [
            5.4498893,
            43.3008605
          ],
          [
            5.4498423,
            43.3009854
          ],
          [
            5.4497954,
            43.3011689
          ],
          [
            5.44977,
            43.3013456
          ],
          [
            5.4497485,
            43.3015123
          ],
          [
            5.4497458,
            43.301533
          ],
          [
            5.4497432,
            43.3015506
          ],
          [
            5.4497169,
            43.3017311
          ],
          [
            5.4496759,
            43.3020356
          ],
          [
            5.4496318,
            43.3023411
          ],
          [
            5.4496263,
            43.3023732
          ],
          [
            5.4496218,
            43.3024121
          ],
          [
            5.4496197,
            43.302427
          ],
          [
            5.4496157,
            43.3024492
          ],
          [
            5.4496126,
            43.3024722
          ],
          [
            5.4495808,
            43.3026895
          ],
          [
            5.4495594,
            43.3028613
          ],
          [
            5.4495701,
            43.3029764
          ],
          [
            5.4496063,
            43.303157
          ],
          [
            5.4496137,
            43.3031736
          ],
          [
            5.4496484,
            43.3032387
          ]
        ]
      },
      "id": "way/815663951"
    },
    {
      "type": "Feature",
      "properties": {
        "@id": "way/815663959",
        "cycleway": "lane",
        "highway": "residential",
        "name": "Avenue Jean-Pierre Franceschi",
        "name:etymology:wikidata": "Q29476469",
        "name:oc": "Avenguda Joan-Pèire Franceschi",
        "oneway": "yes",
        "source": "Ortho HR 2020",
        "source:name:oc": "ieo-bdtopoc"
      },
      "geometry": {
        "type": "LineString",
        "coordinates": [
          [
            5.4498095,
            43.2982957
          ],
          [
            5.4496627,
            43.2982931
          ],
          [
            5.4494492,
            43.2982893
          ]
        ]
      },
      "id": "way/815663959"
    },
    {
      "type": "Feature",
      "properties": {
        "@id": "way/815663961",
        "cycleway": "lane",
        "highway": "residential",
        "name": "Avenue Jean-Pierre Franceschi",
        "name:etymology:wikidata": "Q29476469",
        "name:oc": "Avenguda Joan-Pèire Franceschi",
        "oneway": "yes",
        "source": "Ortho HR 2020",
        "source:name:oc": "ieo-bdtopoc"
      },
      "geometry": {
        "type": "LineString",
        "coordinates": [
          [
            5.4494492,
            43.2982893
          ],
          [
            5.4496372,
            43.2982252
          ],
          [
            5.4497846,
            43.2981748
          ]
        ]
      },
      "id": "way/815663961"
    },
    {
      "type": "Feature",
      "properties": {
        "@id": "way/819828378",
        "access": "yes",
        "bicycle": "yes",
        "cycleway": "no",
        "foot": "yes",
        "highway": "tertiary",
        "lanes": "2",
        "maxspeed": "30",
        "name": "Boulevard Jean-Jacques Rousseau",
        "name:oc": "Baloard Jean-Jacques Rousseau",
        "old_name": "Chemin de Cassis",
        "oneway": "no",
        "source:name:oc": "ieo-bdtopoc",
        "surface": "asphalt"
      },
      "geometry": {
        "type": "LineString",
        "coordinates": [
          [
            5.5175815,
            43.278521
          ],
          [
            5.5178797,
            43.2784129
          ],
          [
            5.5181686,
            43.278328
          ],
          [
            5.5182458,
            43.2783053
          ],
          [
            5.5182902,
            43.2782925
          ],
          [
            5.5183334,
            43.2782801
          ],
          [
            5.5183999,
            43.2782609
          ],
          [
            5.5189097,
            43.2781015
          ],
          [
            5.5191782,
            43.2780202
          ],
          [
            5.519355,
            43.2779512
          ],
          [
            5.5196381,
            43.2778522
          ],
          [
            5.5201704,
            43.2776388
          ],
          [
            5.5202729,
            43.2775997
          ],
          [
            5.520928,
            43.2773136
          ]
        ]
      },
      "id": "way/819828378"
    },
    {
      "type": "Feature",
      "properties": {
        "@id": "way/819828379",
        "access": "yes",
        "bicycle": "yes",
        "cycleway": "no",
        "foot": "yes",
        "highway": "tertiary",
        "lanes": "2",
        "maxspeed": "50",
        "name": "Boulevard Jean-Jacques Rousseau",
        "name:oc": "Baloard Jean-Jacques Rousseau",
        "old_name": "Chemin de Cassis",
        "oneway": "no",
        "source:name:oc": "ieo-bdtopoc",
        "surface": "asphalt"
      },
      "geometry": {
        "type": "LineString",
        "coordinates": [
          [
            5.5161771,
            43.2802919
          ],
          [
            5.516215,
            43.2800993
          ],
          [
            5.5162938,
            43.2799453
          ],
          [
            5.5164335,
            43.2797594
          ],
          [
            5.51735,
            43.2786813
          ],
          [
            5.5174452,
            43.2785976
          ],
          [
            5.5175815,
            43.278521
          ]
        ]
      },
      "id": "way/819828379"
    },
    {
      "type": "Feature",
      "properties": {
        "@id": "way/820195305",
        "access": "yes",
        "bicycle": "yes",
        "cycleway": "no",
        "foot": "yes",
        "highway": "tertiary",
        "lanes": "1",
        "maxspeed": "50",
        "motor_vehicle": "yes",
        "name": "Chemin de la Queirade",
        "name:oc": "Camin de la Cairada",
        "oneway": "yes",
        "source:name:oc": "ieo-bdtopoc",
        "surface": "asphalt"
      },
      "geometry": {
        "type": "LineString",
        "coordinates": [
          [
            5.5289598,
            43.2754183
          ],
          [
            5.5290011,
            43.2755249
          ],
          [
            5.5290037,
            43.2755523
          ],
          [
            5.5290139,
            43.2756432
          ],
          [
            5.5289489,
            43.2757818
          ]
        ]
      },
      "id": "way/820195305"
    },
    {
      "type": "Feature",
      "properties": {
        "@id": "way/820195306",
        "access": "yes",
        "bicycle": "yes",
        "cycleway": "no",
        "foot": "yes",
        "highway": "tertiary",
        "lanes": "1",
        "maxspeed": "50",
        "name": "Boulevard Jean-Jacques Rousseau",
        "name:oc": "Baloard Jean-Jacques Rousseau",
        "old_name": "Chemin de Cassis",
        "oneway": "yes",
        "source:name:oc": "ieo-bdtopoc",
        "surface": "asphalt"
      },
      "geometry": {
        "type": "LineString",
        "coordinates": [
          [
            5.52849,
            43.2754278
          ],
          [
            5.5286492,
            43.2753807
          ],
          [
            5.528699,
            43.2753719
          ],
          [
            5.5288518,
            43.275364
          ],
          [
            5.5289015,
            43.2753738
          ],
          [
            5.5289598,
            43.2754183
          ]
        ]
      },
      "id": "way/820195306"
    },
    {
      "type": "Feature",
      "properties": {
        "@id": "way/820195307",
        "access": "yes",
        "bicycle": "yes",
        "cycleway": "no",
        "foot": "yes",
        "highway": "tertiary",
        "lanes": "1",
        "maxspeed": "50",
        "motor_vehicle": "yes",
        "name": "Chemin de la Queirade",
        "name:oc": "Camin de la Cairada",
        "oneway": "yes",
        "source:name:oc": "ieo-bdtopoc",
        "surface": "asphalt"
      },
      "geometry": {
        "type": "LineString",
        "coordinates": [
          [
            5.5289489,
            43.2757818
          ],
          [
            5.5289367,
            43.2756441
          ],
          [
            5.5289065,
            43.2755435
          ],
          [
            5.5288509,
            43.2754419
          ]
        ]
      },
      "id": "way/820195307"
    },
    {
      "type": "Feature",
      "properties": {
        "@id": "way/820195308",
        "access": "yes",
        "bicycle": "yes",
        "cycleway": "no",
        "foot": "yes",
        "highway": "tertiary",
        "lanes": "1",
        "maxspeed": "50",
        "name": "Boulevard Jean-Jacques Rousseau",
        "name:oc": "Baloard Jean-Jacques Rousseau",
        "old_name": "Chemin de Cassis",
        "oneway": "yes",
        "source:name:oc": "ieo-bdtopoc",
        "surface": "asphalt"
      },
      "geometry": {
        "type": "LineString",
        "coordinates": [
          [
            5.5288509,
            43.2754419
          ],
          [
            5.5287804,
            43.2754112
          ],
          [
            5.5286564,
            43.2754078
          ],
          [
            5.52849,
            43.2754278
          ]
        ]
      },
      "id": "way/820195308"
    },
    {
      "type": "Feature",
      "properties": {
        "@id": "way/820195309",
        "access": "yes",
        "bicycle": "yes",
        "cycleway": "no",
        "foot": "yes",
        "highway": "residential",
        "lanes": "1",
        "maxspeed": "30",
        "motor_vehicle": "yes",
        "name": "Boulevard du Bocage",
        "name:oc": "Baloard dau Boscatge",
        "oneway": "yes",
        "source:name:oc": "ieo-bdtopoc",
        "surface": "asphalt"
      },
      "geometry": {
        "type": "LineString",
        "coordinates": [
          [
            5.5215308,
            43.2771151
          ],
          [
            5.521584,
            43.2769963
          ]
        ]
      },
      "id": "way/820195309"
    },
    {
      "type": "Feature",
      "properties": {
        "@id": "way/820195312",
        "access": "yes",
        "bicycle": "yes",
        "cycleway": "no",
        "foot": "yes",
        "highway": "residential",
        "lanes": "1",
        "maxspeed": "30",
        "motor_vehicle": "yes",
        "name": "Boulevard du Bocage",
        "name:oc": "Baloard dau Boscatge",
        "oneway": "yes",
        "source:name:oc": "ieo-bdtopoc",
        "surface": "asphalt"
      },
      "geometry": {
        "type": "LineString",
        "coordinates": [
          [
            5.521584,
            43.2769963
          ],
          [
            5.5216697,
            43.2770759
          ]
        ]
      },
      "id": "way/820195312"
    },
    {
      "type": "Feature",
      "properties": {
        "@id": "way/820195313",
        "access": "yes",
        "bicycle": "yes",
        "cycleway": "no",
        "foot": "yes",
        "highway": "tertiary",
        "lanes": "1",
        "maxspeed": "50",
        "name": "Boulevard Jean-Jacques Rousseau",
        "name:oc": "Baloard Jean-Jacques Rousseau",
        "old_name": "Chemin de Cassis",
        "oneway": "yes",
        "source:name:oc": "ieo-bdtopoc",
        "surface": "asphalt"
      },
      "geometry": {
        "type": "LineString",
        "coordinates": [
          [
            5.5212366,
            43.2771984
          ],
          [
            5.5215308,
            43.2771151
          ],
          [
            5.5216697,
            43.2770759
          ],
          [
            5.5222586,
            43.2769359
          ]
        ]
      },
      "id": "way/820195313"
    },
    {
      "type": "Feature",
      "properties": {
        "@id": "way/820195314",
        "access": "yes",
        "bicycle": "yes",
        "cycleway": "no",
        "foot": "yes",
        "highway": "tertiary",
        "lanes": "2",
        "maxspeed": "50",
        "name": "Boulevard Jean-Jacques Rousseau",
        "name:oc": "Baloard Jean-Jacques Rousseau",
        "old_name": "Chemin de Cassis",
        "oneway": "no",
        "source:name:oc": "ieo-bdtopoc",
        "surface": "asphalt"
      },
      "geometry": {
        "type": "LineString",
        "coordinates": [
          [
            5.520928,
            43.2773136
          ],
          [
            5.5212366,
            43.2771984
          ]
        ]
      },
      "id": "way/820195314"
    },
    {
      "type": "Feature",
      "properties": {
        "@id": "way/820195315",
        "access": "yes",
        "bicycle": "yes",
        "cycleway": "no",
        "foot": "yes",
        "highway": "tertiary",
        "lanes": "1",
        "maxspeed": "50",
        "name": "Boulevard Jean-Jacques Rousseau",
        "name:oc": "Baloard Jean-Jacques Rousseau",
        "old_name": "Chemin de Cassis",
        "oneway": "yes",
        "source:name:oc": "ieo-bdtopoc",
        "surface": "asphalt"
      },
      "geometry": {
        "type": "LineString",
        "coordinates": [
          [
            5.5222586,
            43.2769359
          ],
          [
            5.5220307,
            43.2770862
          ],
          [
            5.5219455,
            43.2771184
          ],
          [
            5.5217008,
            43.2771619
          ],
          [
            5.5215697,
            43.2771865
          ],
          [
            5.5214862,
            43.2771941
          ],
          [
            5.5212366,
            43.2771984
          ]
        ]
      },
      "id": "way/820195315"
    },
    {
      "type": "Feature",
      "properties": {
        "@id": "way/830656776",
        "cycleway": "lane",
        "highway": "residential",
        "lanes": "2",
        "lit": "yes",
        "maxspeed:type": "FR:urban",
        "name": "Boulevard Paul Claudel",
        "name:etymology:wikidata": "Q295830",
        "name:oc": "Baloard Paul Claudel",
        "sidewalk": "both",
        "source:name:oc": "ieo-bdtopoc",
        "surface": "asphalt"
      },
      "geometry": {
        "type": "LineString",
        "coordinates": [
          [
            5.4123638,
            43.2682909
          ],
          [
            5.4124757,
            43.2683405
          ],
          [
            5.4125915,
            43.2683663
          ],
          [
            5.4127374,
            43.2683772
          ],
          [
            5.4128674,
            43.2683702
          ],
          [
            5.4130255,
            43.2683548
          ],
          [
            5.4134077,
            43.2683215
          ]
        ]
      },
      "id": "way/830656776"
    },
    {
      "type": "Feature",
      "properties": {
        "@id": "way/830656779",
        "cycleway": "lane",
        "highway": "residential",
        "lanes": "2",
        "lit": "yes",
        "maxspeed:type": "FR:urban",
        "name": "Boulevard Paul Claudel",
        "name:etymology:wikidata": "Q295830",
        "name:oc": "Baloard Paul Claudel",
        "sidewalk": "both",
        "source:name:oc": "ieo-bdtopoc",
        "surface": "asphalt"
      },
      "geometry": {
        "type": "LineString",
        "coordinates": [
          [
            5.4112655,
            43.2676296
          ],
          [
            5.4113659,
            43.2676537
          ],
          [
            5.4114932,
            43.2677113
          ],
          [
            5.4115543,
            43.2677508
          ],
          [
            5.4118105,
            43.2679268
          ]
        ]
      },
      "id": "way/830656779"
    },
    {
      "type": "Feature",
      "properties": {
        "@id": "way/835757738",
        "bicycle": "yes",
        "cycleway": "lane",
        "highway": "primary",
        "name": "Route du Vaisseau",
        "old_ref": "N 8",
        "oneway": "yes",
        "ref": "D 8N"
      },
      "geometry": {
        "type": "LineString",
        "coordinates": [
          [
            5.6337338,
            43.2747951
          ],
          [
            5.6341299,
            43.2746495
          ],
          [
            5.6349366,
            43.2744376
          ],
          [
            5.6350457,
            43.274426
          ]
        ]
      },
      "id": "way/835757738"
    },
    {
      "type": "Feature",
      "properties": {
        "@id": "way/835757741",
        "bicycle": "yes",
        "cycleway": "lane",
        "highway": "primary",
        "name": "Route du Vaisseau",
        "old_ref": "N 8",
        "oneway": "yes",
        "ref": "D 8N"
      },
      "geometry": {
        "type": "LineString",
        "coordinates": [
          [
            5.6354472,
            43.2743251
          ],
          [
            5.6355727,
            43.2742786
          ],
          [
            5.6362164,
            43.2741154
          ],
          [
            5.6364069,
            43.2740686
          ],
          [
            5.6364432,
            43.2740607
          ]
        ]
      },
      "id": "way/835757741"
    },
    {
      "type": "Feature",
      "properties": {
        "@id": "way/835757742",
        "bicycle": "yes",
        "cycleway": "lane",
        "highway": "primary",
        "lanes": "2",
        "name": "Route du Vaisseau",
        "old_ref": "N 8",
        "oneway": "yes",
        "ref": "D 8N",
        "surface": "asphalt",
        "turn:lanes": "left||"
      },
      "geometry": {
        "type": "LineString",
        "coordinates": [
          [
            5.6364432,
            43.2740607
          ],
          [
            5.6371245,
            43.2739341
          ],
          [
            5.6371872,
            43.2739237
          ]
        ]
      },
      "id": "way/835757742"
    },
    {
      "type": "Feature",
      "properties": {
        "@id": "way/839000262",
        "crossing": "marked",
        "cycleway": "crossing",
        "highway": "cycleway",
        "surface": "concrete"
      },
      "geometry": {
        "type": "LineString",
        "coordinates": [
          [
            5.3657462,
            43.3060894
          ],
          [
            5.3657043,
            43.3060953
          ],
          [
            5.3655568,
            43.3061167
          ],
          [
            5.3654516,
            43.3061306
          ]
        ]
      },
      "id": "way/839000262"
    },
    {
      "type": "Feature",
      "properties": {
        "@id": "way/849490041",
        "access": "yes",
        "bicycle": "yes",
        "cycleway": "no",
        "foot": "yes",
        "highway": "tertiary",
        "horse": "no",
        "maxspeed": "30",
        "name": "Boulevard de Saint-Marcel",
        "name:oc": "Baloard de Sant Marcèu",
        "old_ref": "N 8",
        "oneway": "no",
        "ref": "D 8n",
        "source:name:oc": "ieo-bdtopoc"
      },
      "geometry": {
        "type": "LineString",
        "coordinates": [
          [
            5.4702761,
            43.2863041
          ],
          [
            5.4708167,
            43.2862965
          ],
          [
            5.4712663,
            43.2862906
          ],
          [
            5.471512,
            43.2862883
          ],
          [
            5.4715508,
            43.2862877
          ],
          [
            5.4716086,
            43.2862867
          ],
          [
            5.4717755,
            43.2862838
          ],
          [
            5.4719075,
            43.2862816
          ],
          [
            5.4730129,
            43.2862662
          ]
        ]
      },
      "id": "way/849490041"
    },
    {
      "type": "Feature",
      "properties": {
        "@id": "way/849490042",
        "access": "yes",
        "bicycle": "yes",
        "cycleway": "no",
        "foot": "yes",
        "highway": "tertiary",
        "horse": "no",
        "lanes": "2",
        "name": "Boulevard de Saint-Marcel",
        "name:oc": "Baloard de Sant Marcèu",
        "old_ref": "N 8",
        "oneway": "no",
        "ref": "D 8n",
        "source:name:oc": "ieo-bdtopoc",
        "surface": "asphalt"
      },
      "geometry": {
        "type": "LineString",
        "coordinates": [
          [
            5.4556094,
            43.2886246
          ],
          [
            5.4557861,
            43.2886296
          ],
          [
            5.4558652,
            43.2886318
          ],
          [
            5.4563799,
            43.2886464
          ],
          [
            5.4566961,
            43.2886583
          ],
          [
            5.4569363,
            43.2886716
          ],
          [
            5.4571839,
            43.2886828
          ],
          [
            5.4577978,
            43.2887107
          ],
          [
            5.4583325,
            43.2887342
          ],
          [
            5.4591696,
            43.2887599
          ],
          [
            5.4593413,
            43.2887653
          ]
        ]
      },
      "id": "way/849490042"
    },
    {
      "type": "Feature",
      "properties": {
        "@id": "way/849490043",
        "access": "yes",
        "bicycle": "yes",
        "cycleway": "no",
        "foot": "yes",
        "highway": "tertiary",
        "horse": "no",
        "name": "Boulevard de Saint-Marcel",
        "name:oc": "Baloard de Sant Marcèu",
        "old_ref": "N 8",
        "oneway": "no",
        "ref": "D 8n",
        "source:name:oc": "ieo-bdtopoc"
      },
      "geometry": {
        "type": "LineString",
        "coordinates": [
          [
            5.4730129,
            43.2862662
          ],
          [
            5.4730233,
            43.286266
          ],
          [
            5.4732064,
            43.2862632
          ],
          [
            5.4734493,
            43.2862593
          ],
          [
            5.4738033,
            43.2862538
          ],
          [
            5.4741199,
            43.2862488
          ],
          [
            5.4744698,
            43.2862582
          ]
        ]
      },
      "id": "way/849490043"
    },
    {
      "type": "Feature",
      "properties": {
        "@id": "way/852385303",
        "cycleway": "lane",
        "highway": "residential",
        "maxspeed": "30",
        "name": "Rue Urbain V",
        "name:etymology:wikidata": "Q133046",
        "name:oc": "Carriera Urban V",
        "oneway": "yes",
        "source:name:oc": "ieo-bdtopoc"
      },
      "geometry": {
        "type": "LineString",
        "coordinates": [
          [
            5.3672879,
            43.3150943
          ],
          [
            5.3674032,
            43.3151326
          ],
          [
            5.3680443,
            43.315332
          ],
          [
            5.3681708,
            43.3153711
          ]
        ]
      },
      "id": "way/852385303"
    },
    {
      "type": "Feature",
      "properties": {
        "@id": "way/875719782",
        "crossing": "marked",
        "cycleway": "crossing",
        "highway": "cycleway",
        "source": "Bing"
      },
      "geometry": {
        "type": "LineString",
        "coordinates": [
          [
            5.4289549,
            43.2724127
          ],
          [
            5.4288635,
            43.2724581
          ]
        ]
      },
      "id": "way/875719782"
    },
    {
      "type": "Feature",
      "properties": {
        "@id": "way/877541611",
        "access": "no",
        "cycleway": "lane",
        "highway": "tertiary",
        "maxspeed": "50",
        "name": "Avenue Elzeard Rougier",
        "oneway": "no",
        "ref": "D 2",
        "surface": "asphalt"
      },
      "geometry": {
        "type": "LineString",
        "coordinates": [
          [
            5.5694299,
            43.2939281
          ],
          [
            5.5698621,
            43.293904
          ],
          [
            5.5701305,
            43.2939237
          ],
          [
            5.5701638,
            43.2939258
          ],
          [
            5.570417,
            43.2939422
          ],
          [
            5.5711748,
            43.2939851
          ],
          [
            5.5714792,
            43.2940007
          ],
          [
            5.571656,
            43.2940188
          ],
          [
            5.5717756,
            43.2940505
          ],
          [
            5.5719017,
            43.2940932
          ],
          [
            5.5720182,
            43.2941457
          ],
          [
            5.5729356,
            43.2947073
          ],
          [
            5.5730429,
            43.2947523
          ],
          [
            5.5731475,
            43.2947894
          ],
          [
            5.573238,
            43.2948074
          ],
          [
            5.5733529,
            43.2948131
          ],
          [
            5.5735557,
            43.2947855
          ]
        ]
      },
      "id": "way/877541611"
    },
    {
      "type": "Feature",
      "properties": {
        "@id": "way/877907157",
        "bicycle": "yes",
        "cycleway": "shoulder",
        "highway": "secondary",
        "name": "Route d'Aubagne",
        "ref": "D 559 A",
        "source:bicycle": "Collectif Vélos en Ville"
      },
      "geometry": {
        "type": "LineString",
        "coordinates": [
          [
            5.5829592,
            43.2514011
          ],
          [
            5.5828896,
            43.2515032
          ],
          [
            5.5827872,
            43.2516716
          ],
          [
            5.5827212,
            43.2518481
          ],
          [
            5.5826905,
            43.2520193
          ],
          [
            5.5826596,
            43.2522692
          ],
          [
            5.5826739,
            43.2526629
          ],
          [
            5.5826919,
            43.2530071
          ],
          [
            5.5827774,
            43.2532989
          ],
          [
            5.58289,
            43.2535513
          ],
          [
            5.5829302,
            43.2536138
          ],
          [
            5.583025,
            43.2537611
          ],
          [
            5.583149,
            43.2538642
          ],
          [
            5.5832815,
            43.2539283
          ],
          [
            5.5834133,
            43.2539744
          ],
          [
            5.5835696,
            43.2539971
          ],
          [
            5.5838213,
            43.2540249
          ],
          [
            5.5839797,
            43.2540585
          ],
          [
            5.5842822,
            43.2541361
          ],
          [
            5.5845356,
            43.2542011
          ],
          [
            5.5847027,
            43.2542326
          ],
          [
            5.5852048,
            43.2542702
          ],
          [
            5.5858272,
            43.2542937
          ],
          [
            5.5868489,
            43.2543322
          ],
          [
            5.5874655,
            43.2543494
          ],
          [
            5.5876293,
            43.254363
          ],
          [
            5.5877887,
            43.2543881
          ],
          [
            5.5879252,
            43.2544446
          ],
          [
            5.5880688,
            43.2545314
          ],
          [
            5.5882743,
            43.2547177
          ],
          [
            5.5884265,
            43.2548171
          ],
          [
            5.5885657,
            43.2548873
          ],
          [
            5.5887376,
            43.2549587
          ],
          [
            5.5893523,
            43.2551351
          ],
          [
            5.5905037,
            43.2554487
          ],
          [
            5.5907196,
            43.2555194
          ],
          [
            5.5908178,
            43.2555585
          ],
          [
            5.5909088,
            43.2556113
          ],
          [
            5.5910049,
            43.2557179
          ],
          [
            5.5911486,
            43.2559353
          ],
          [
            5.5914882,
            43.2564844
          ],
          [
            5.5915941,
            43.2566707
          ]
        ]
      },
      "id": "way/877907157"
    },
    {
      "type": "Feature",
      "properties": {
        "@id": "way/878580342",
        "cycleway": "track",
        "highway": "tertiary",
        "maxspeed:type": "FR:urban",
        "name": "Chemin du Puits de Brunet",
        "oneway": "yes",
        "ref": "D 141",
        "surface": "asphalt"
      },
      "geometry": {
        "type": "LineString",
        "coordinates": [
          [
            5.6004408,
            43.1868547
          ],
          [
            5.6002781,
            43.1865703
          ],
          [
            5.6002279,
            43.186489
          ],
          [
            5.5999195,
            43.1859796
          ],
          [
            5.5998407,
            43.1858585
          ],
          [
            5.5998274,
            43.1858325
          ],
          [
            5.5997791,
            43.1857501
          ],
          [
            5.5996248,
            43.185483
          ],
          [
            5.5995249,
            43.1853085
          ],
          [
            5.5995002,
            43.1852572
          ],
          [
            5.5994269,
            43.1850757
          ]
        ]
      },
      "id": "way/878580342"
    },
    {
      "type": "Feature",
      "properties": {
        "@id": "way/878620493",
        "cycleway": "track",
        "highway": "secondary",
        "lanes": "2",
        "name": "Avenue Joseph Roumanille",
        "name:oc": "Avenguda Josèp Romanilha",
        "oneway": "yes",
        "ref": "D 3",
        "turn:lanes": "slight_left|"
      },
      "geometry": {
        "type": "LineString",
        "coordinates": [
          [
            5.6212786,
            43.1973261
          ],
          [
            5.6212739,
            43.19741
          ],
          [
            5.6212798,
            43.1975232
          ],
          [
            5.6213276,
            43.197683
          ]
        ]
      },
      "id": "way/878620493"
    },
    {
      "type": "Feature",
      "properties": {
        "@id": "way/881589989",
        "cycleway": "track",
        "highway": "secondary",
        "lanes": "3",
        "lit": "yes",
        "name": "Boulevard Françoise Duparc",
        "name:etymology:wikidata": "Q3086480",
        "name:oc": "Baloard Francesa Duparc",
        "oneway": "yes",
        "source:name:oc": "ieo-bdtopoc",
        "surface": "asphalt",
        "wikidata": "Q2921817",
        "wikipedia": "fr:Boulevard Françoise-Duparc"
      },
      "geometry": {
        "type": "LineString",
        "coordinates": [
          [
            5.400672,
            43.3027415
          ],
          [
            5.4006942,
            43.3027651
          ],
          [
            5.4007167,
            43.3027966
          ],
          [
            5.4007225,
            43.30283
          ],
          [
            5.4007259,
            43.3028483
          ],
          [
            5.4007417,
            43.3029349
          ]
        ]
      },
      "id": "way/881589989"
    },
    {
      "type": "Feature",
      "properties": {
        "@id": "way/884697590",
        "access": "yes",
        "bicycle": "yes",
        "covered": "no",
        "cycleway": "no",
        "cycleway:left": "lane",
        "cycleway:right": "lane",
        "foot": "yes",
        "highway": "tertiary",
        "horse": "yes",
        "lanes": "2",
        "lanes:backward": "2",
        "lit": "yes",
        "maxspeed": "50",
        "motor_vehicle": "yes",
        "name": "Avenue d'Outre Mer",
        "name:oc": "Avenguda d’Otramar",
        "ref:FR:FANTOIR": "132086720K",
        "source:name:oc": "ieo-bdtopoc",
        "surface": "asphalt"
      },
      "geometry": {
        "type": "LineString",
        "coordinates": [
          [
            5.3636624,
            43.2394998
          ],
          [
            5.3638123,
            43.2395785
          ],
          [
            5.3638985,
            43.239622
          ],
          [
            5.3639398,
            43.2396354
          ],
          [
            5.3641327,
            43.2396978
          ],
          [
            5.3644195,
            43.2397718
          ],
          [
            5.3644713,
            43.2397852
          ],
          [
            5.3646449,
            43.23983
          ],
          [
            5.3649786,
            43.2399057
          ],
          [
            5.3653536,
            43.2399753
          ],
          [
            5.3656071,
            43.2400071
          ]
        ]
      },
      "id": "way/884697590"
    },
    {
      "type": "Feature",
      "properties": {
        "@id": "way/884697592",
        "cycleway": "crossing",
        "highway": "cycleway",
        "lit": "yes",
        "oneway": "yes",
        "source": "BDOrtho IGN 2018",
        "surface": "asphalt"
      },
      "geometry": {
        "type": "LineString",
        "coordinates": [
          [
            5.3664994,
            43.240066
          ],
          [
            5.3664957,
            43.2400465
          ],
          [
            5.3664854,
            43.2399917
          ]
        ]
      },
      "id": "way/884697592"
    },
    {
      "type": "Feature",
      "properties": {
        "@id": "way/886151561",
        "bicycle": "yes",
        "cycleway": "crossing",
        "footway": "crossing",
        "highway": "footway",
        "lit": "yes",
        "segregated": "yes"
      },
      "geometry": {
        "type": "LineString",
        "coordinates": [
          [
            5.3999439,
            43.2914096
          ],
          [
            5.3999922,
            43.2913925
          ],
          [
            5.4000205,
            43.2913796
          ],
          [
            5.4001065,
            43.2913459
          ],
          [
            5.4001996,
            43.2913094
          ],
          [
            5.4002176,
            43.2913024
          ],
          [
            5.4002989,
            43.2912705
          ]
        ]
      },
      "id": "way/886151561"
    },
    {
      "type": "Feature",
      "properties": {
        "@id": "way/886151562",
        "bicycle": "yes",
        "cycleway": "crossing",
        "footway": "crossing",
        "highway": "footway",
        "lit": "yes",
        "segregated": "yes"
      },
      "geometry": {
        "type": "LineString",
        "coordinates": [
          [
            5.4011589,
            43.2921856
          ],
          [
            5.4011304,
            43.2922024
          ],
          [
            5.4010862,
            43.2922285
          ],
          [
            5.4009947,
            43.2922828
          ],
          [
            5.4009443,
            43.2923177
          ],
          [
            5.4009148,
            43.2923355
          ]
        ]
      },
      "id": "way/886151562"
    },
    {
      "type": "Feature",
      "properties": {
        "@id": "way/886151563",
        "bicycle": "yes",
        "cycleway": "crossing",
        "footway": "crossing",
        "highway": "footway",
        "lit": "yes",
        "segregated": "yes"
      },
      "geometry": {
        "type": "LineString",
        "coordinates": [
          [
            5.3998089,
            43.2900049
          ],
          [
            5.3998448,
            43.2900128
          ],
          [
            5.3998875,
            43.2900222
          ],
          [
            5.399987,
            43.2900441
          ],
          [
            5.4000438,
            43.2900567
          ],
          [
            5.4000988,
            43.2900687
          ]
        ]
      },
      "id": "way/886151563"
    },
    {
      "type": "Feature",
      "properties": {
        "@id": "way/886151564",
        "bicycle": "yes",
        "cycleway": "crossing",
        "cycleway:surface": "asphalt",
        "cycleway:width": "1",
        "footway": "crossing",
        "footway:surface": "asphalt",
        "highway": "footway",
        "lit": "yes",
        "segregated": "yes",
        "surface": "asphalt"
      },
      "geometry": {
        "type": "LineString",
        "coordinates": [
          [
            5.3997122,
            43.290268
          ],
          [
            5.3997209,
            43.2902377
          ],
          [
            5.3997419,
            43.2901657
          ],
          [
            5.3997475,
            43.2901382
          ]
        ]
      },
      "id": "way/886151564"
    },
    {
      "type": "Feature",
      "properties": {
        "@id": "way/886151566",
        "bicycle": "yes",
        "cycleway": "crossing",
        "cycleway:surface": "asphalt",
        "cycleway:width": "1",
        "footway": "crossing",
        "footway:surface": "asphalt",
        "highway": "footway",
        "lit": "yes",
        "segregated": "yes",
        "surface": "asphalt"
      },
      "geometry": {
        "type": "LineString",
        "coordinates": [
          [
            5.4001028,
            43.2905104
          ],
          [
            5.4000437,
            43.2904988
          ],
          [
            5.3999859,
            43.2904874
          ],
          [
            5.39985,
            43.2904573
          ],
          [
            5.399785,
            43.2904432
          ],
          [
            5.3997347,
            43.2904329
          ]
        ]
      },
      "id": "way/886151566"
    },
    {
      "type": "Feature",
      "properties": {
        "@id": "way/886151570",
        "bicycle": "yes",
        "cycleway": "crossing",
        "footway": "crossing",
        "highway": "footway",
        "lit": "yes",
        "segregated": "yes"
      },
      "geometry": {
        "type": "LineString",
        "coordinates": [
          [
            5.4001074,
            43.2902143
          ],
          [
            5.4001066,
            43.2902461
          ],
          [
            5.4001091,
            43.2902776
          ]
        ]
      },
      "id": "way/886151570"
    },
    {
      "type": "Feature",
      "properties": {
        "@id": "way/886151571",
        "bicycle": "yes",
        "cycleway": "crossing",
        "footway": "crossing",
        "highway": "footway",
        "lit": "yes",
        "segregated": "yes"
      },
      "geometry": {
        "type": "LineString",
        "coordinates": [
          [
            5.4000057,
            43.2891253
          ],
          [
            5.4000369,
            43.2891284
          ],
          [
            5.4000719,
            43.289132
          ],
          [
            5.4001716,
            43.2891419
          ],
          [
            5.4002309,
            43.2891478
          ],
          [
            5.4002804,
            43.2891528
          ]
        ]
      },
      "id": "way/886151571"
    },
    {
      "type": "Feature",
      "properties": {
        "@id": "way/886151572",
        "bicycle": "yes",
        "cycleway": "crossing",
        "footway": "crossing",
        "highway": "footway",
        "lit": "yes",
        "segregated": "yes"
      },
      "geometry": {
        "type": "LineString",
        "coordinates": [
          [
            5.4000906,
            43.2888747
          ],
          [
            5.4001259,
            43.2888789
          ],
          [
            5.4002357,
            43.2888911
          ],
          [
            5.4002816,
            43.2888965
          ],
          [
            5.4003321,
            43.2889023
          ]
        ]
      },
      "id": "way/886151572"
    },
    {
      "type": "Feature",
      "properties": {
        "@id": "way/886982779",
        "cycleway": "lane",
        "highway": "residential",
        "lanes": "2",
        "lit": "yes",
        "maxspeed:type": "FR:urban",
        "name": "Boulevard Paul Claudel",
        "name:etymology:wikidata": "Q295830",
        "name:oc": "Baloard Paul Claudel",
        "source:name:oc": "ieo-bdtopoc",
        "surface": "asphalt"
      },
      "geometry": {
        "type": "LineString",
        "coordinates": [
          [
            5.4193059,
            43.2684758
          ],
          [
            5.4193521,
            43.268498
          ],
          [
            5.4195359,
            43.2685863
          ],
          [
            5.419668,
            43.2686497
          ],
          [
            5.4196984,
            43.2686643
          ],
          [
            5.4198601,
            43.2687471
          ],
          [
            5.4200207,
            43.2688308
          ]
        ]
      },
      "id": "way/886982779"
    },
    {
      "type": "Feature",
      "properties": {
        "@id": "way/887451929",
        "cycleway": "lane",
        "highway": "tertiary",
        "lanes": "2",
        "lanes:bus": "1",
        "maxspeed": "50",
        "name": "Boulevard Paul Peytral",
        "name:etymology:wikidata": "Q179491",
        "name:oc": "Baloard Paul Peitral",
        "oneway": "yes",
        "source:name:oc": "ieo-bdtopoc",
        "surface": "asphalt"
      },
      "geometry": {
        "type": "LineString",
        "coordinates": [
          [
            5.379443,
            43.2903392
          ],
          [
            5.3794785,
            43.2903764
          ],
          [
            5.3795298,
            43.290403
          ],
          [
            5.3796251,
            43.290433
          ],
          [
            5.3808014,
            43.2907676
          ]
        ]
      },
      "id": "way/887451929"
    },
    {
      "type": "Feature",
      "properties": {
        "@id": "way/889143887",
        "cycleway": "crossing",
        "highway": "cycleway"
      },
      "geometry": {
        "type": "LineString",
        "coordinates": [
          [
            5.4140123,
            43.3295942
          ],
          [
            5.4139272,
            43.3296036
          ],
          [
            5.4138854,
            43.3296082
          ],
          [
            5.4138196,
            43.3296175
          ]
        ]
      },
      "id": "way/889143887"
    },
    {
      "type": "Feature",
      "properties": {
        "@id": "way/889497658",
        "cycleway": "lane",
        "highway": "secondary",
        "name": "Avenue de la Marche pour l’égalité et contre le racisme",
        "name:oc": "Avenguda Alexandre Ansaldi",
        "old_name": "Avenue Alexandre Ansaldi",
        "oneway": "yes",
        "ref": "D 4",
        "ref:FR:FANTOIR": "132140190L",
        "source": "BD Ortho IGN 2016",
        "source:name:oc": "ieo-bdtopoc"
      },
      "geometry": {
        "type": "LineString",
        "coordinates": [
          [
            5.3987853,
            43.3357528
          ],
          [
            5.3988574,
            43.3357354
          ],
          [
            5.3992572,
            43.335642
          ]
        ]
      },
      "id": "way/889497658"
    },
    {
      "type": "Feature",
      "properties": {
        "@id": "way/889497659",
        "cycleway": "lane",
        "highway": "secondary",
        "name": "Avenue de la Marche pour l’égalité et contre le racisme",
        "name:oc": "Avenguda Alexandre Ansaldi",
        "old_name": "Avenue Alexandre Ansaldi",
        "oneway": "yes",
        "ref": "D 4",
        "ref:FR:FANTOIR": "132140190L",
        "source": "BD Ortho IGN 2016",
        "source:name:oc": "ieo-bdtopoc"
      },
      "geometry": {
        "type": "LineString",
        "coordinates": [
          [
            5.3982208,
            43.3359007
          ],
          [
            5.3983239,
            43.3358759
          ],
          [
            5.3985503,
            43.3358163
          ]
        ]
      },
      "id": "way/889497659"
    },
    {
      "type": "Feature",
      "properties": {
        "@id": "way/892365861",
        "access": "no",
        "bicycle": "yes",
        "cycleway": "track",
        "highway": "busway",
        "name": "Boulevard National",
        "name:oc": "Baloard Nacionau",
        "oneway": "yes",
        "psv": "designated",
        "surface": "asphalt"
      },
      "geometry": {
        "type": "LineString",
        "coordinates": [
          [
            5.3796656,
            43.3097322
          ],
          [
            5.3797622,
            43.3095961
          ],
          [
            5.37977,
            43.3095889
          ]
        ]
      },
      "id": "way/892365861"
    },
    {
      "type": "Feature",
      "properties": {
        "@id": "way/896969190",
        "cycleway": "lane",
        "highway": "residential",
        "lanes": "3",
        "lanes:backward": "1",
        "lanes:forward": "2",
        "lit": "yes",
        "maxspeed:type": "FR:urban",
        "name": "Boulevard Paul Claudel",
        "name:etymology:wikidata": "Q295830",
        "name:oc": "Baloard Paul Claudel",
        "source:name:oc": "ieo-bdtopoc",
        "surface": "asphalt",
        "turn:lanes:forward": "through;left|through;right"
      },
      "geometry": {
        "type": "LineString",
        "coordinates": [
          [
            5.4200207,
            43.2688308
          ],
          [
            5.4201586,
            43.268903
          ],
          [
            5.4201851,
            43.2689153
          ],
          [
            5.4202132,
            43.2689301
          ],
          [
            5.4204116,
            43.269036
          ]
        ]
      },
      "id": "way/896969190"
    },
    {
      "type": "Feature",
      "properties": {
        "@id": "way/906512828",
        "bicycle": "yes",
        "cycleway": "lane",
        "highway": "secondary",
        "lanes": "2",
        "maxspeed": "50",
        "name": "Rue de la République",
        "note": "Vérifier les limites exactes de la limitation",
        "oneway": "no",
        "ref": "D 7",
        "surface": "asphalt"
      },
      "geometry": {
        "type": "LineString",
        "coordinates": [
          [
            5.5776199,
            43.3844126
          ],
          [
            5.5776999,
            43.3843421
          ]
        ]
      },
      "id": "way/906512828"
    },
    {
      "type": "Feature",
      "properties": {
        "@id": "way/912428244",
        "cycleway": "lane",
        "highway": "cycleway",
        "oneway:bicycle": "no",
        "surface": "asphalt"
      },
      "geometry": {
        "type": "LineString",
        "coordinates": [
          [
            5.3713777,
            43.3132394
          ],
          [
            5.3704939,
            43.3129677
          ],
          [
            5.3696807,
            43.3127447
          ],
          [
            5.3688659,
            43.3125126
          ],
          [
            5.3687984,
            43.3124086
          ]
        ]
      },
      "id": "way/912428244"
    },
    {
      "type": "Feature",
      "properties": {
        "@id": "way/931689725",
        "access": "yes",
        "bicycle": "yes",
        "cycleway": "no",
        "foot": "yes",
        "highway": "secondary",
        "lit": "yes",
        "maxspeed": "30",
        "name": "Boulevard de la Blancarde",
        "name:etymology:wikidata": "Q3206691",
        "name:oc": "Baloard de La Blancarda",
        "oneway": "yes",
        "sidewalk": "both",
        "source:name:oc": "ieo-bdtopoc",
        "surface": "asphalt"
      },
      "geometry": {
        "type": "LineString",
        "coordinates": [
          [
            5.4026413,
            43.3031438
          ],
          [
            5.4025652,
            43.3031492
          ],
          [
            5.4023544,
            43.3031202
          ],
          [
            5.4022824,
            43.3031103
          ],
          [
            5.4022158,
            43.3030847
          ]
        ]
      },
      "id": "way/931689725"
    },
    {
      "type": "Feature",
      "properties": {
        "@id": "way/931689726",
        "access": "yes",
        "bicycle": "yes",
        "cycleway": "no",
        "foot": "yes",
        "highway": "secondary",
        "lanes": "2",
        "maxheight": "4",
        "maxspeed": "30",
        "name": "Boulevard de la Blancarde",
        "name:etymology:wikidata": "Q3206691",
        "name:oc": "Baloard de La Blancarda",
        "oneway": "no",
        "sidewalk": "both",
        "surface": "asphalt"
      },
      "geometry": {
        "type": "LineString",
        "coordinates": [
          [
            5.404331,
            43.3033746
          ],
          [
            5.4042608,
            43.3033687
          ],
          [
            5.4039104,
            43.3033292
          ]
        ]
      },
      "id": "way/931689726"
    },
    {
      "type": "Feature",
      "properties": {
        "@id": "way/931690133",
        "access": "yes",
        "bicycle": "yes",
        "boundary": "political",
        "cycleway": "no",
        "foot": "yes",
        "highway": "residential",
        "maxspeed": "50",
        "name": "Boulevard Louis Botinelly",
        "name:oc": "Baloard Loís Botinelli",
        "oneway": "yes",
        "political_division": "canton",
        "sidewalk": "both",
        "source:name:oc": "ieo-bdtopoc"
      },
      "geometry": {
        "type": "LineString",
        "coordinates": [
          [
            5.4044706,
            43.3023317
          ],
          [
            5.4044177,
            43.3027225
          ]
        ]
      },
      "id": "way/931690133"
    },
    {
      "type": "Feature",
      "properties": {
        "@id": "way/936686846",
        "cycleway": "lane",
        "highway": "tertiary",
        "lanes": "1",
        "name": "Avenue de la Fourragère",
        "name:oc": "Avenguda de La Pasturiera",
        "oneway": "yes",
        "source:name:oc": "ieo-bdtopoc"
      },
      "geometry": {
        "type": "LineString",
        "coordinates": [
          [
            5.4305825,
            43.2999315
          ],
          [
            5.4305918,
            43.2999504
          ],
          [
            5.4305857,
            43.3000445
          ]
        ]
      },
      "id": "way/936686846"
    },
    {
      "type": "Feature",
      "properties": {
        "@id": "way/940018839",
        "bicycle": "yes",
        "cycleway": "crossing",
        "footway": "crossing",
        "highway": "footway",
        "segregated": "yes"
      },
      "geometry": {
        "type": "LineString",
        "coordinates": [
          [
            5.4270713,
            43.2951075
          ],
          [
            5.4270868,
            43.2951
          ],
          [
            5.4271284,
            43.2950797
          ],
          [
            5.4271636,
            43.2950647
          ],
          [
            5.4271831,
            43.2950564
          ]
        ]
      },
      "id": "way/940018839"
    },
    {
      "type": "Feature",
      "properties": {
        "@id": "way/940018841",
        "bicycle": "yes",
        "cycleway": "crossing",
        "footway": "crossing",
        "highway": "footway",
        "segregated": "yes"
      },
      "geometry": {
        "type": "LineString",
        "coordinates": [
          [
            5.4333299,
            43.2948984
          ],
          [
            5.4332441,
            43.2948994
          ],
          [
            5.4331885,
            43.2949
          ]
        ]
      },
      "id": "way/940018841"
    },
    {
      "type": "Feature",
      "properties": {
        "@id": "way/940018842",
        "cycleway": "lane",
        "highway": "tertiary",
        "name": "Rue Saint-Jean du Désert",
        "name:oc": "Carriera de Sant Joan dau Desèrt",
        "oneway": "yes",
        "source:name:oc": "ieo-bdtopoc"
      },
      "geometry": {
        "type": "LineString",
        "coordinates": [
          [
            5.4333299,
            43.2948984
          ],
          [
            5.4333267,
            43.2949451
          ],
          [
            5.4332892,
            43.2951182
          ]
        ]
      },
      "id": "way/940018842"
    },
    {
      "type": "Feature",
      "properties": {
        "@id": "way/942780658",
        "bicycle": "yes",
        "cycleway": "crossing",
        "cycleway:surface": "asphalt",
        "cycleway:width": "1.4",
        "footway": "crossing",
        "footway:surface": "asphalt",
        "highway": "footway",
        "lit": "yes",
        "name": "Boulevard Jean Moulin",
        "name:etymology:wikidata": "Q632",
        "name:oc": "Baloard Joan Molin",
        "segregated": "yes",
        "source:name:oc": "ieo-bdtopoc",
        "surface": "asphalt"
      },
      "geometry": {
        "type": "LineString",
        "coordinates": [
          [
            5.3999895,
            43.2890101
          ],
          [
            5.3999953,
            43.2889683
          ],
          [
            5.4000017,
            43.2889221
          ],
          [
            5.4000036,
            43.2889084
          ],
          [
            5.400041,
            43.288891
          ]
        ]
      },
      "id": "way/942780658"
    },
    {
      "type": "Feature",
      "properties": {
        "@id": "way/945355013",
        "bicycle": "yes",
        "cycleway": "crossing",
        "footway": "crossing",
        "highway": "footway",
        "lit": "yes",
        "segregated": "yes"
      },
      "geometry": {
        "type": "LineString",
        "coordinates": [
          [
            5.400115,
            43.2903511
          ],
          [
            5.4001167,
            43.2903716
          ],
          [
            5.4001163,
            43.2904048
          ]
        ]
      },
      "id": "way/945355013"
    },
    {
      "type": "Feature",
      "properties": {
        "@id": "way/945989605",
        "cycleway": "no",
        "highway": "tertiary",
        "lanes": "2",
        "name": "Rue Breteuil",
        "name:etymology:wikidata": "Q613692",
        "name:oc": "Carriera Bretuelh",
        "oneway": "yes",
        "source:name:oc": "ieo-bdtopoc",
        "surface": "asphalt",
        "wikidata": "Q3447240",
        "wikipedia": "fr:Rue Breteuil"
      },
      "geometry": {
        "type": "LineString",
        "coordinates": [
          [
            5.3776656,
            43.2857686
          ],
          [
            5.3777077,
            43.2856646
          ],
          [
            5.3777793,
            43.285462
          ]
        ]
      },
      "id": "way/945989605"
    },
    {
      "type": "Feature",
      "properties": {
        "@id": "way/1013192799",
        "cycleway": "no",
        "highway": "secondary",
        "junction": "roundabout",
        "lit": "yes",
        "maxspeed": "50",
        "source:maxspeed": "FR:urban",
        "surface": "asphalt"
      },
      "geometry": {
        "type": "LineString",
        "coordinates": [
          [
            5.5806168,
            43.2625347
          ],
          [
            5.580575,
            43.262554
          ],
          [
            5.5805278,
            43.2625649
          ],
          [
            5.5804699,
            43.2625661
          ],
          [
            5.5804142,
            43.2625548
          ],
          [
            5.5803655,
            43.262532
          ],
          [
            5.5803284,
            43.2624996
          ]
        ]
      },
      "id": "way/1013192799"
    },
    {
      "type": "Feature",
      "properties": {
        "@id": "way/1013192800",
        "cycleway": "no",
        "highway": "secondary",
        "junction": "roundabout",
        "lit": "yes",
        "maxspeed": "50",
        "source:maxspeed": "FR:urban",
        "surface": "asphalt"
      },
      "geometry": {
        "type": "LineString",
        "coordinates": [
          [
            5.5804625,
            43.2622878
          ],
          [
            5.5805008,
            43.2622861
          ],
          [
            5.5805471,
            43.2622916
          ],
          [
            5.5805901,
            43.262305
          ],
          [
            5.5806275,
            43.2623255
          ],
          [
            5.5806612,
            43.2623572
          ],
          [
            5.5806813,
            43.2623945
          ]
        ]
      },
      "id": "way/1013192800"
    },
    {
      "type": "Feature",
      "properties": {
        "@id": "way/1013192801",
        "cycleway": "no",
        "highway": "secondary",
        "junction": "roundabout",
        "lit": "yes",
        "maxspeed": "50",
        "source:maxspeed": "FR:urban",
        "surface": "asphalt"
      },
      "geometry": {
        "type": "LineString",
        "coordinates": [
          [
            5.5806813,
            43.2623945
          ],
          [
            5.5806862,
            43.2624331
          ],
          [
            5.5806764,
            43.2624712
          ],
          [
            5.5806527,
            43.262506
          ],
          [
            5.5806168,
            43.2625347
          ]
        ]
      },
      "id": "way/1013192801"
    },
    {
      "type": "Feature",
      "properties": {
        "@id": "way/1013192802",
        "cycleway": "no",
        "highway": "secondary",
        "junction": "roundabout",
        "lit": "yes",
        "maxspeed": "50",
        "sidewalk": "right",
        "source:maxspeed": "FR:urban",
        "surface": "asphalt"
      },
      "geometry": {
        "type": "LineString",
        "coordinates": [
          [
            5.5740247,
            43.2609677
          ],
          [
            5.5739831,
            43.2609858
          ],
          [
            5.5739368,
            43.2609961
          ],
          [
            5.5738884,
            43.2609979
          ],
          [
            5.5738248,
            43.2609868
          ],
          [
            5.5737696,
            43.2609613
          ],
          [
            5.5737287,
            43.260924
          ],
          [
            5.5737066,
            43.2608792
          ],
          [
            5.5737057,
            43.2608316
          ]
        ]
      },
      "id": "way/1013192802"
    },
    {
      "type": "Feature",
      "properties": {
        "@id": "way/1013192803",
        "cycleway": "no",
        "highway": "secondary",
        "junction": "roundabout",
        "lit": "yes",
        "maxspeed": "50",
        "sidewalk": "right",
        "source:maxspeed": "FR:urban",
        "surface": "asphalt"
      },
      "geometry": {
        "type": "LineString",
        "coordinates": [
          [
            5.5737057,
            43.2608316
          ],
          [
            5.5737212,
            43.2607934
          ],
          [
            5.5737504,
            43.2607598
          ],
          [
            5.573791,
            43.2607333
          ],
          [
            5.57384,
            43.2607157
          ]
        ]
      },
      "id": "way/1013192803"
    },
    {
      "type": "Feature",
      "properties": {
        "@id": "way/1013192804",
        "cycleway": "no",
        "highway": "secondary",
        "junction": "roundabout",
        "lit": "yes",
        "maxspeed": "50",
        "sidewalk": "right",
        "source:maxspeed": "FR:urban",
        "surface": "asphalt"
      },
      "geometry": {
        "type": "LineString",
        "coordinates": [
          [
            5.5741007,
            43.2608408
          ],
          [
            5.5740988,
            43.2608767
          ],
          [
            5.5740848,
            43.2609113
          ],
          [
            5.5740596,
            43.2609422
          ],
          [
            5.5740247,
            43.2609677
          ]
        ]
      },
      "id": "way/1013192804"
    },
    {
      "type": "Feature",
      "properties": {
        "@id": "way/1014362170",
        "access": "yes",
        "bicycle": "yes",
        "cycleway": "no",
        "foot": "yes",
        "highway": "residential",
        "horse": "yes",
        "maxspeed": "30",
        "name": "Chemin des Graviers",
        "oneway": "no",
        "sidewalk": "no",
        "surface": "asphalt"
      },
      "geometry": {
        "type": "LineString",
        "coordinates": [
          [
            5.6166234,
            43.2874603
          ],
          [
            5.6169375,
            43.2876886
          ],
          [
            5.6175727,
            43.2882259
          ],
          [
            5.6176938,
            43.2883298
          ],
          [
            5.6182608,
            43.2888162
          ],
          [
            5.6187743,
            43.2892568
          ],
          [
            5.6188665,
            43.289332
          ],
          [
            5.6196326,
            43.2899565
          ],
          [
            5.6200989,
            43.2903399
          ],
          [
            5.6201184,
            43.290356
          ],
          [
            5.6202935,
            43.2905
          ],
          [
            5.6207827,
            43.2909249
          ],
          [
            5.6211865,
            43.2912533
          ],
          [
            5.6214951,
            43.2914871
          ],
          [
            5.6216067,
            43.2915621
          ],
          [
            5.6216573,
            43.291597
          ]
        ]
      },
      "id": "way/1014362170"
    },
    {
      "type": "Feature",
      "properties": {
        "@id": "way/1020214041",
        "cycleway": "crossing",
        "highway": "cycleway",
        "oneway": "yes"
      },
      "geometry": {
        "type": "LineString",
        "coordinates": [
          [
            5.3913162,
            43.2522429
          ],
          [
            5.3912768,
            43.2522183
          ],
          [
            5.3912131,
            43.2521837
          ]
        ]
      },
      "id": "way/1020214041"
    },
    {
      "type": "Feature",
      "properties": {
        "@id": "way/1020214044",
        "cycleway": "crossing",
        "highway": "cycleway",
        "oneway": "yes"
      },
      "geometry": {
        "type": "LineString",
        "coordinates": [
          [
            5.3909719,
            43.2520583
          ],
          [
            5.3909336,
            43.252029
          ],
          [
            5.3908896,
            43.2519922
          ]
        ]
      },
      "id": "way/1020214044"
    },
    {
      "type": "Feature",
      "properties": {
        "@id": "way/1022351748",
        "bicycle": "yes",
        "cycleway": "crossing",
        "footway": "crossing",
        "highway": "footway",
        "segregated": "yes"
      },
      "geometry": {
        "type": "LineString",
        "coordinates": [
          [
            5.4014513,
            43.2926171
          ],
          [
            5.4014568,
            43.2926395
          ],
          [
            5.4014602,
            43.2926534
          ]
        ]
      },
      "id": "way/1022351748"
    },
    {
      "type": "Feature",
      "properties": {
        "@id": "way/1026646565",
        "cycleway": "shoulder",
        "highway": "secondary",
        "lanes": "2",
        "maxspeed": "50",
        "name": "Avenue de la Libération",
        "note": "Vérifier les limites exactes de la limitation",
        "oneway": "no",
        "ref": "D 7",
        "surface": "asphalt"
      },
      "geometry": {
        "type": "LineString",
        "coordinates": [
          [
            5.5764823,
            43.3817888
          ],
          [
            5.5765901,
            43.3818416
          ],
          [
            5.5767391,
            43.3819753
          ]
        ]
      },
      "id": "way/1026646565"
    },
    {
      "type": "Feature",
      "properties": {
        "@id": "way/1026646566",
        "cycleway": "shoulder",
        "highway": "secondary",
        "lanes": "2",
        "maxspeed": "50",
        "name": "Avenue de la Libération",
        "note": "Vérifier les limites exactes de la limitation",
        "oneway": "no",
        "ref": "D 7",
        "surface": "asphalt"
      },
      "geometry": {
        "type": "LineString",
        "coordinates": [
          [
            5.5767391,
            43.3819753
          ],
          [
            5.5767932,
            43.3820238
          ],
          [
            5.5769687,
            43.3821058
          ],
          [
            5.5770966,
            43.3821295
          ],
          [
            5.5772169,
            43.3821332
          ],
          [
            5.5776005,
            43.3821149
          ],
          [
            5.577799,
            43.3820961
          ]
        ]
      },
      "id": "way/1026646566"
    },
    {
      "type": "Feature",
      "properties": {
        "@id": "way/1026646567",
        "cycleway": "shoulder",
        "highway": "secondary",
        "lanes": "2",
        "maxspeed": "50",
        "name": "Avenue de la Libération",
        "note": "Vérifier les limites exactes de la limitation",
        "oneway": "no",
        "ref": "D 7",
        "surface": "asphalt"
      },
      "geometry": {
        "type": "LineString",
        "coordinates": [
          [
            5.5758583,
            43.3821824
          ],
          [
            5.5758054,
            43.382104
          ],
          [
            5.5757979,
            43.382022
          ],
          [
            5.5758355,
            43.3819364
          ],
          [
            5.5758982,
            43.3818599
          ],
          [
            5.5759609,
            43.3818088
          ],
          [
            5.5760611,
            43.3817633
          ],
          [
            5.5761414,
            43.3817432
          ],
          [
            5.5762592,
            43.3817378
          ],
          [
            5.576352,
            43.3817523
          ],
          [
            5.5764823,
            43.3817888
          ]
        ]
      },
      "id": "way/1026646567"
    },
    {
      "type": "Feature",
      "properties": {
        "@id": "way/1030921082",
        "bicycle": "yes",
        "cycleway": "crossing",
        "footway": "crossing",
        "highway": "footway",
        "segregated": "yes"
      },
      "geometry": {
        "type": "LineString",
        "coordinates": [
          [
            5.3502152,
            43.3363168
          ],
          [
            5.3502453,
            43.336352
          ],
          [
            5.3502698,
            43.3363845
          ]
        ]
      },
      "id": "way/1030921082"
    },
    {
      "type": "Feature",
      "properties": {
        "@id": "way/1052678982",
        "bicycle": "yes",
        "bridge": "yes",
        "cycleway": "crossing",
        "footway": "crossing",
        "highway": "footway",
        "layer": "1",
        "segregated": "yes",
        "surface": "asphalt"
      },
      "geometry": {
        "type": "LineString",
        "coordinates": [
          [
            5.3480404,
            43.3386385
          ],
          [
            5.3480072,
            43.3387359
          ],
          [
            5.347986,
            43.3387974
          ]
        ]
      },
      "id": "way/1052678982"
    },
    {
      "type": "Feature",
      "properties": {
        "@id": "way/1052678983",
        "bicycle": "yes",
        "cycleway": "crossing",
        "footway": "crossing",
        "highway": "footway",
        "segregated": "yes"
      },
      "geometry": {
        "type": "LineString",
        "coordinates": [
          [
            5.3504232,
            43.3363253
          ],
          [
            5.3504398,
            43.3363542
          ],
          [
            5.3504683,
            43.3363989
          ]
        ]
      },
      "id": "way/1052678983"
    },
    {
      "type": "Feature",
      "properties": {
        "@id": "way/1056917500",
        "cycleway": "lane",
        "highway": "tertiary",
        "lane_markings": "yes",
        "lanes": "2",
        "lanes:backward": "1",
        "lanes:forward": "1",
        "name": "Rue Pierre Doize",
        "name:etymology:wikidata": "Q16798453",
        "name:oc": "Carriera Pèire Doisa",
        "source:name:oc": "ieo-bdtopoc"
      },
      "geometry": {
        "type": "LineString",
        "coordinates": [
          [
            5.4263068,
            43.2753615
          ],
          [
            5.4263576,
            43.2751788
          ],
          [
            5.4263806,
            43.2750907
          ],
          [
            5.4263852,
            43.2750704
          ],
          [
            5.4264005,
            43.2750148
          ],
          [
            5.4264256,
            43.2748976
          ]
        ]
      },
      "id": "way/1056917500"
    },
    {
      "type": "Feature",
      "properties": {
        "@id": "way/1059614891",
        "cycleway": "track",
        "highway": "secondary",
        "lanes": "2",
        "lit": "yes",
        "maxspeed": "30",
        "name": "Avenue du Mail",
        "oneway:bicycle": "yes",
        "ref": "D 41e",
        "sidewalk": "both",
        "source:maxspeed": "FR:zone30",
        "surface": "asphalt",
        "zone:maxspeed": "FR:30"
      },
      "geometry": {
        "type": "LineString",
        "coordinates": [
          [
            5.5654634,
            43.255519
          ],
          [
            5.5653572,
            43.2554751
          ],
          [
            5.5652395,
            43.25542
          ],
          [
            5.5650447,
            43.2553603
          ]
        ]
      },
      "id": "way/1059614891"
    },
    {
      "type": "Feature",
      "properties": {
        "@id": "way/1090554155",
        "cycleway": "lane",
        "highway": "tertiary",
        "name": "Rue Antoine Pons",
        "name:etymology:wikidata": "Q2856632",
        "name:oc": "Carriera Antòni Pons",
        "oneway": "yes",
        "oneway:bicycle": "no",
        "source": "Bing 2013",
        "source:bicycle": "Collectif Vélos en Ville",
        "source:name:oc": "ieo-bdtopoc",
        "surface": "asphalt"
      },
      "geometry": {
        "type": "LineString",
        "coordinates": [
          [
            5.4014808,
            43.2974455
          ],
          [
            5.4011719,
            43.2974303
          ],
          [
            5.4011345,
            43.2974285
          ],
          [
            5.4010952,
            43.297427
          ]
        ]
      },
      "id": "way/1090554155"
    },
    {
      "type": "Feature",
      "properties": {
        "@id": "way/1100877139",
        "cycleway": "lane",
        "highway": "residential",
        "lanes": "1",
        "maxspeed": "30",
        "name": "Avenue Jean Compadieu",
        "name:oc": "Avenguda Joan Compadieu",
        "oneway": "yes",
        "source:name:oc": "ieo-bdtopoc"
      },
      "geometry": {
        "type": "LineString",
        "coordinates": [
          [
            5.4350125,
            43.3179334
          ],
          [
            5.4341385,
            43.3187263
          ],
          [
            5.4336877,
            43.3191268
          ],
          [
            5.4335597,
            43.3192388
          ],
          [
            5.4335105,
            43.3192842
          ],
          [
            5.4327873,
            43.3199143
          ],
          [
            5.4326486,
            43.3200384
          ]
        ]
      },
      "id": "way/1100877139"
    },
    {
      "type": "Feature",
      "properties": {
        "@id": "way/1109047224",
        "bicycle": "yes",
        "boundary": "political",
        "cycleway": "no",
        "highway": "residential",
        "lanes": "2",
        "maxspeed": "50",
        "name": "Rue François Mauriac",
        "name:etymology:wikidata": "Q81685",
        "name:oc": "Carriera Francés Mauriac",
        "oneway": "no",
        "political_division": "canton",
        "source:name:oc": "ieo-bdtopoc",
        "surface": "asphalt"
      },
      "geometry": {
        "type": "LineString",
        "coordinates": [
          [
            5.4273082,
            43.2672054
          ],
          [
            5.4271737,
            43.2670329
          ],
          [
            5.4269525,
            43.2667636
          ]
        ]
      },
      "id": "way/1109047224"
    },
    {
      "type": "Feature",
      "properties": {
        "@id": "way/1109047226",
        "bicycle": "yes",
        "cycleway": "no",
        "highway": "residential",
        "lanes": "2",
        "maxspeed": "50",
        "name": "Rue François Mauriac",
        "name:etymology:wikidata": "Q81685",
        "name:oc": "Carriera Francés Mauriac",
        "oneway": "yes",
        "source:name:oc": "ieo-bdtopoc",
        "surface": "asphalt"
      },
      "geometry": {
        "type": "LineString",
        "coordinates": [
          [
            5.4273152,
            43.267449
          ],
          [
            5.4273294,
            43.2674123
          ],
          [
            5.4273319,
            43.2673776
          ],
          [
            5.4273328,
            43.2673426
          ],
          [
            5.4273282,
            43.2672819
          ],
          [
            5.4273115,
            43.2672408
          ],
          [
            5.4273082,
            43.2672054
          ]
        ]
      },
      "id": "way/1109047226"
    },
    {
      "type": "Feature",
      "properties": {
        "@id": "way/1109047227",
        "bicycle": "yes",
        "cycleway": "no",
        "highway": "residential",
        "lanes": "2",
        "maxspeed": "50",
        "name": "Rue François Mauriac",
        "name:etymology:wikidata": "Q81685",
        "name:oc": "Carriera Francés Mauriac",
        "oneway": "yes",
        "source:name:oc": "ieo-bdtopoc",
        "surface": "asphalt"
      },
      "geometry": {
        "type": "LineString",
        "coordinates": [
          [
            5.4273082,
            43.2672054
          ],
          [
            5.4273499,
            43.2672235
          ],
          [
            5.4273708,
            43.2672551
          ],
          [
            5.4273905,
            43.2672945
          ],
          [
            5.427394,
            43.2673218
          ],
          [
            5.4273938,
            43.2673477
          ],
          [
            5.427391,
            43.2673846
          ],
          [
            5.4273586,
            43.2674245
          ],
          [
            5.4273152,
            43.267449
          ]
        ]
      },
      "id": "way/1109047227"
    },
    {
      "type": "Feature",
      "properties": {
        "@id": "way/1132152497",
        "cycleway": "track",
        "highway": "secondary",
        "maxspeed": "50",
        "name": "Avenue Joseph Roumanille",
        "name:oc": "Avenguda Josèp Romanilha",
        "ref": "D 3"
      },
      "geometry": {
        "type": "LineString",
        "coordinates": [
          [
            5.6196655,
            43.1957403
          ],
          [
            5.6194136,
            43.1956157
          ],
          [
            5.6193463,
            43.195588
          ]
        ]
      },
      "id": "way/1132152497"
    },
    {
      "type": "Feature",
      "properties": {
        "@id": "way/1132152500",
        "cycleway": "track",
        "highway": "secondary",
        "maxspeed": "50",
        "name": "Avenue Joseph Roumanille",
        "name:oc": "Avenguda Josèp Romanilha",
        "ref": "D 3",
        "surface": "asphalt"
      },
      "geometry": {
        "type": "LineString",
        "coordinates": [
          [
            5.6184163,
            43.1946981
          ],
          [
            5.61836,
            43.1945365
          ]
        ]
      },
      "id": "way/1132152500"
    },
    {
      "type": "Feature",
      "properties": {
        "@id": "way/1133533933",
        "crossing": "uncontrolled",
        "cycleway": "crossing",
        "highway": "cycleway",
        "oneway": "yes"
      },
      "geometry": {
        "type": "LineString",
        "coordinates": [
          [
            5.429627,
            43.3119669
          ],
          [
            5.429543,
            43.3119297
          ],
          [
            5.429447,
            43.3118871
          ]
        ]
      },
      "id": "way/1133533933"
    },
    {
      "type": "Feature",
      "properties": {
        "@id": "way/1133533935",
        "crossing": "uncontrolled",
        "cycleway": "crossing",
        "highway": "cycleway",
        "oneway": "yes"
      },
      "geometry": {
        "type": "LineString",
        "coordinates": [
          [
            5.42931,
            43.3117559
          ],
          [
            5.429366,
            43.3117764
          ],
          [
            5.4294379,
            43.3118027
          ]
        ]
      },
      "id": "way/1133533935"
    },
    {
      "type": "Feature",
      "properties": {
        "@id": "way/1133533937",
        "crossing": "uncontrolled",
        "cycleway": "crossing",
        "highway": "cycleway",
        "oneway": "yes"
      },
      "geometry": {
        "type": "LineString",
        "coordinates": [
          [
            5.4305914,
            43.3125282
          ],
          [
            5.4306318,
            43.312566
          ],
          [
            5.430688,
            43.3126186
          ]
        ]
      },
      "id": "way/1133533937"
    },
    {
      "type": "Feature",
      "properties": {
        "@id": "way/1133533939",
        "crossing": "uncontrolled",
        "cycleway": "crossing",
        "highway": "cycleway",
        "oneway": "yes"
      },
      "geometry": {
        "type": "LineString",
        "coordinates": [
          [
            5.4309682,
            43.3129416
          ],
          [
            5.430922,
            43.312908
          ],
          [
            5.4308836,
            43.31288
          ],
          [
            5.4307806,
            43.3128051
          ]
        ]
      },
      "id": "way/1133533939"
    },
    {
      "type": "Feature",
      "properties": {
        "@id": "way/1133533941",
        "crossing": "uncontrolled",
        "cycleway": "crossing",
        "highway": "cycleway",
        "oneway": "yes"
      },
      "geometry": {
        "type": "LineString",
        "coordinates": [
          [
            5.43177,
            43.3136704
          ],
          [
            5.4317083,
            43.3136159
          ],
          [
            5.4316464,
            43.3135611
          ]
        ]
      },
      "id": "way/1133533941"
    },
    {
      "type": "Feature",
      "properties": {
        "@id": "way/1133533943",
        "crossing": "uncontrolled",
        "cycleway": "crossing",
        "highway": "cycleway",
        "oneway": "yes"
      },
      "geometry": {
        "type": "LineString",
        "coordinates": [
          [
            5.4318214,
            43.3136127
          ],
          [
            5.43183,
            43.3136207
          ],
          [
            5.4318796,
            43.3136628
          ],
          [
            5.4319156,
            43.3136934
          ],
          [
            5.4319379,
            43.3137136
          ]
        ]
      },
      "id": "way/1133533943"
    },
    {
      "type": "Feature",
      "properties": {
        "@id": "way/1133533945",
        "crossing": "uncontrolled",
        "cycleway": "crossing",
        "highway": "cycleway",
        "oneway": "yes"
      },
      "geometry": {
        "type": "LineString",
        "coordinates": [
          [
            5.4324122,
            43.3141417
          ],
          [
            5.4324464,
            43.314176
          ],
          [
            5.4324807,
            43.3142058
          ]
        ]
      },
      "id": "way/1133533945"
    },
    {
      "type": "Feature",
      "properties": {
        "@id": "way/1133533947",
        "crossing": "uncontrolled",
        "cycleway": "crossing",
        "highway": "cycleway",
        "oneway": "yes"
      },
      "geometry": {
        "type": "LineString",
        "coordinates": [
          [
            5.4327014,
            43.3144813
          ],
          [
            5.4326124,
            43.3144226
          ],
          [
            5.4325,
            43.3143483
          ]
        ]
      },
      "id": "way/1133533947"
    },
    {
      "type": "Feature",
      "properties": {
        "@id": "way/1133533949",
        "crossing": "uncontrolled",
        "cycleway": "crossing",
        "highway": "cycleway",
        "oneway": "yes",
        "surface": "asphalt"
      },
      "geometry": {
        "type": "LineString",
        "coordinates": [
          [
            5.4328869,
            43.3144757
          ],
          [
            5.4329177,
            43.3144956
          ],
          [
            5.4329631,
            43.314525
          ],
          [
            5.4329753,
            43.3145327
          ]
        ]
      },
      "id": "way/1133533949"
    },
    {
      "type": "Feature",
      "properties": {
        "@id": "way/1133533951",
        "crossing": "uncontrolled",
        "cycleway": "crossing",
        "highway": "cycleway",
        "oneway": "yes"
      },
      "geometry": {
        "type": "LineString",
        "coordinates": [
          [
            5.4340669,
            43.3153459
          ],
          [
            5.4340496,
            43.3153344
          ],
          [
            5.4339999,
            43.3152959
          ],
          [
            5.4339794,
            43.31528
          ],
          [
            5.4339166,
            43.3152287
          ]
        ]
      },
      "id": "way/1133533951"
    },
    {
      "type": "Feature",
      "properties": {
        "@id": "way/1133533953",
        "crossing": "uncontrolled",
        "cycleway": "crossing",
        "highway": "cycleway",
        "oneway": "yes"
      },
      "geometry": {
        "type": "LineString",
        "coordinates": [
          [
            5.4348493,
            43.3157536
          ],
          [
            5.4349021,
            43.3157874
          ],
          [
            5.43497,
            43.3158309
          ]
        ]
      },
      "id": "way/1133533953"
    },
    {
      "type": "Feature",
      "properties": {
        "@id": "way/1133533955",
        "crossing": "uncontrolled",
        "cycleway": "crossing",
        "highway": "cycleway",
        "oneway": "yes"
      },
      "geometry": {
        "type": "LineString",
        "coordinates": [
          [
            5.4356595,
            43.3162692
          ],
          [
            5.4357152,
            43.3163043
          ],
          [
            5.435786,
            43.3163488
          ]
        ]
      },
      "id": "way/1133533955"
    },
    {
      "type": "Feature",
      "properties": {
        "@id": "way/1133533957",
        "crossing": "uncontrolled",
        "cycleway": "crossing",
        "highway": "cycleway",
        "oneway": "yes"
      },
      "geometry": {
        "type": "LineString",
        "coordinates": [
          [
            5.4361356,
            43.3166628
          ],
          [
            5.4360757,
            43.3166242
          ],
          [
            5.4360371,
            43.3165993
          ],
          [
            5.4359531,
            43.3165452
          ]
        ]
      },
      "id": "way/1133533957"
    },
    {
      "type": "Feature",
      "properties": {
        "@id": "way/1133533966",
        "crossing": "uncontrolled",
        "cycleway": "crossing",
        "highway": "cycleway"
      },
      "geometry": {
        "type": "LineString",
        "coordinates": [
          [
            5.4256555,
            43.3085147
          ],
          [
            5.4257059,
            43.3084883
          ],
          [
            5.4257596,
            43.3084616
          ]
        ]
      },
      "id": "way/1133533966"
    },
    {
      "type": "Feature",
      "properties": {
        "@id": "way/1175823314",
        "cycleway": "shoulder",
        "highway": "secondary",
        "maxspeed": "70",
        "ref": "D 908",
        "source:maxspeed": "survey(2013-08) 70 en montée sûr dans la descente pas sûr"
      },
      "geometry": {
        "type": "LineString",
        "coordinates": [
          [
            5.5528644,
            43.3847753
          ],
          [
            5.5530098,
            43.3847107
          ],
          [
            5.5534567,
            43.3844534
          ],
          [
            5.5535902,
            43.3843824
          ],
          [
            5.5536805,
            43.3843344
          ]
        ]
      },
      "id": "way/1175823314"
    },
    {
      "type": "Feature",
      "properties": {
        "@id": "way/1186522049",
        "access": "yes",
        "bicycle": "yes",
        "cycleway": "no",
        "foot": "yes",
        "highway": "tertiary",
        "lanes": "2",
        "maxspeed": "50",
        "name": "Boulevard Jean-Jacques Rousseau",
        "name:oc": "Baloard Jean-Jacques Rousseau",
        "old_name": "Chemin de Cassis",
        "oneway": "no",
        "source:name:oc": "ieo-bdtopoc",
        "surface": "asphalt"
      },
      "geometry": {
        "type": "LineString",
        "coordinates": [
          [
            5.5161391,
            43.2810987
          ],
          [
            5.5161426,
            43.2810444
          ],
          [
            5.516146,
            43.280991
          ],
          [
            5.5161542,
            43.280861
          ],
          [
            5.5161619,
            43.2807476
          ],
          [
            5.5161628,
            43.2807348
          ],
          [
            5.5161739,
            43.2803858
          ],
          [
            5.5161771,
            43.2802919
          ]
        ]
      },
      "id": "way/1186522049"
    },
    {
      "type": "Feature",
      "properties": {
        "@id": "way/1193930060",
        "bicycle": "yes",
        "cycleway": "lane",
        "highway": "primary",
        "lanes": "2",
        "maxspeed": "70",
        "name": "Route de La Gineste",
        "name:etymology:wikidata": "Q2982177",
        "name:oc": "Rota de La Ginèsta",
        "ref": "D 559",
        "source:name:oc": "ieo-bdtopoc",
        "surface": "asphalt"
      },
      "geometry": {
        "type": "LineString",
        "coordinates": [
          [
            5.4539075,
            43.2468619
          ],
          [
            5.454219,
            43.2468238
          ],
          [
            5.4543679,
            43.2467939
          ],
          [
            5.454539,
            43.246746
          ],
          [
            5.4549097,
            43.2466067
          ],
          [
            5.455076,
            43.246561
          ]
        ]
      },
      "id": "way/1193930060"
    },
    {
      "type": "Feature",
      "properties": {
        "@id": "way/1203133338",
        "access": "no",
        "bicycle": "yes",
        "covered": "no",
        "cycleway": "share_busway",
        "highway": "unclassified",
        "lanes": "1",
        "oneway": "yes",
        "psv": "yes"
      },
      "geometry": {
        "type": "LineString",
        "coordinates": [
          [
            5.3503313,
            43.3364166
          ],
          [
            5.3501527,
            43.336484
          ],
          [
            5.3500302,
            43.3365405
          ],
          [
            5.3497726,
            43.3367296
          ]
        ]
      },
      "id": "way/1203133338"
    },
    {
      "type": "Feature",
      "properties": {
        "@id": "way/1203133339",
        "bicycle": "designated",
        "cycleway": "crossing",
        "foot": "designated",
        "highway": "path",
        "path": "crossing",
        "segregated": "yes"
      },
      "geometry": {
        "type": "LineString",
        "coordinates": [
          [
            5.3494639,
            43.3367087
          ],
          [
            5.3495062,
            43.3366789
          ],
          [
            5.3495769,
            43.3366281
          ],
          [
            5.3496146,
            43.3365977
          ]
        ]
      },
      "id": "way/1203133339"
    },
    {
      "type": "Feature",
      "properties": {
        "@id": "way/1209334206",
        "cycleway": "lane",
        "highway": "unclassified",
        "name": "Chemin du Cap Janet",
        "name:oc": "Camin dau Cap de Joanet",
        "source:bicycle": "Collectif Vélos en Ville",
        "source:name:oc": "ieo-bdtopoc",
        "surface": "asphalt"
      },
      "geometry": {
        "type": "LineString",
        "coordinates": [
          [
            5.349186,
            43.3390135
          ],
          [
            5.3492528,
            43.3389352
          ],
          [
            5.3493096,
            43.3387708
          ],
          [
            5.3493362,
            43.3386414
          ],
          [
            5.3493838,
            43.3384872
          ],
          [
            5.3494482,
            43.3383365
          ],
          [
            5.3495762,
            43.3381185
          ],
          [
            5.3496895,
            43.33798
          ],
          [
            5.3498076,
            43.3378664
          ],
          [
            5.3499263,
            43.3377752
          ],
          [
            5.3500664,
            43.337686
          ]
        ]
      },
      "id": "way/1209334206"
    },
    {
      "type": "Feature",
      "properties": {
        "@id": "way/1232131956",
        "cycleway": "lane",
        "highway": "secondary",
        "lanes": "1",
        "name": "Avenue du Vallon Vert",
        "name:oc": "Avenguda dau Valon Vèrd",
        "oneway": "yes",
        "ref": "D 4 B",
        "source": "BD Ortho IGN",
        "source:name:oc": "ieo-bdtopoc",
        "source:ref": "Route 500"
      },
      "geometry": {
        "type": "LineString",
        "coordinates": [
          [
            5.4652051,
            43.3377193
          ],
          [
            5.4651183,
            43.3377018
          ],
          [
            5.4649464,
            43.3376658
          ],
          [
            5.4648437,
            43.3376467
          ],
          [
            5.4646539,
            43.3376233
          ],
          [
            5.4645181,
            43.337617
          ]
        ]
      },
      "id": "way/1232131956"
    },
    {
      "type": "Feature",
      "properties": {
        "@id": "way/1237215906",
        "bicycle": "use_sidepath",
        "cycleway": "separate",
        "highway": "secondary",
        "lanes": "1",
        "loc_name": "La Corniche",
        "maxspeed": "50",
        "name": "Corniche du Président John Fitzgerald Kennedy",
        "name:etymology:wikidata": "Q9696",
        "name:oc": "Cornissa dau President John Fitzgerald Kennedy",
        "old_name": "Promenade de la Corniche",
        "oneway": "yes",
        "source:name:oc": "ieo-bdtopoc",
        "surface": "asphalt",
        "wikidata": "Q2997551",
        "wikipedia": "fr:Corniche Président John Fitzgerald Kennedy"
      },
      "geometry": {
        "type": "LineString",
        "coordinates": [
          [
            5.3548397,
            43.2783181
          ],
          [
            5.3547121,
            43.2784512
          ],
          [
            5.3545696,
            43.2786364
          ],
          [
            5.3545106,
            43.2786994
          ],
          [
            5.3544607,
            43.2787379
          ]
        ]
      },
      "id": "way/1237215906"
    },
    {
      "type": "Feature",
      "properties": {
        "@id": "way/1237215909",
        "bicycle": "use_sidepath",
        "cycleway": "separate",
        "highway": "secondary",
        "lanes": "2",
        "loc_name": "La Corniche",
        "maxspeed": "50",
        "name": "Corniche du Président John Fitzgerald Kennedy",
        "name:etymology:wikidata": "Q9696",
        "name:oc": "Cornissa dau President John Fitzgerald Kennedy",
        "old_name": "Promenade de la Corniche",
        "oneway": "yes",
        "source:name:oc": "ieo-bdtopoc",
        "surface": "asphalt",
        "turn:lanes": "merge_to_right|none",
        "wikidata": "Q2997551",
        "wikipedia": "fr:Corniche Président John Fitzgerald Kennedy"
      },
      "geometry": {
        "type": "LineString",
        "coordinates": [
          [
            5.3552004,
            43.2780129
          ],
          [
            5.3549189,
            43.2782432
          ],
          [
            5.3548397,
            43.2783181
          ]
        ]
      },
      "id": "way/1237215909"
    },
    {
      "type": "Feature",
      "properties": {
        "@id": "way/1237227370",
        "bicycle": "use_sidepath",
        "bridge": "yes",
        "cycleway": "separate",
        "foot": "use_sidepath",
        "highway": "secondary",
        "lanes": "2",
        "layer": "1",
        "loc_name": "La Corniche",
        "maxspeed": "50",
        "name": "Corniche du Président John Fitzgerald Kennedy",
        "name:etymology:wikidata": "Q9696",
        "name:oc": "Cornissa dau President John Fitzgerald Kennedy",
        "old_name": "Promenade de la Corniche;Chemin de la Corniche",
        "oneway": "yes",
        "sidewalk": "separate",
        "source:name:oc": "ieo-bdtopoc",
        "surface": "asphalt",
        "turn:lanes": "left|none",
        "wikidata": "Q2997551",
        "wikipedia": "fr:Corniche Président John Fitzgerald Kennedy"
      },
      "geometry": {
        "type": "LineString",
        "coordinates": [
          [
            5.3658008,
            43.2699521
          ],
          [
            5.3659546,
            43.2698899
          ],
          [
            5.3660624,
            43.2698297
          ]
        ]
      },
      "id": "way/1237227370"
    },
    {
      "type": "Feature",
      "properties": {
        "@id": "way/1237227375",
        "bicycle": "use_sidepath",
        "cycleway": "separate",
        "foot": "use_sidepath",
        "highway": "secondary",
        "lanes": "1",
        "loc_name": "La Corniche",
        "maxspeed": "50",
        "name": "Corniche du Président John Fitzgerald Kennedy",
        "name:etymology:wikidata": "Q9696",
        "name:oc": "Cornissa dau President John Fitzgerald Kennedy",
        "old_name": "Promenade de la Corniche;Chemin de la Corniche",
        "oneway": "yes",
        "sidewalk": "separate",
        "source:name:oc": "ieo-bdtopoc",
        "surface": "asphalt",
        "wikidata": "Q2997551",
        "wikipedia": "fr:Corniche Président John Fitzgerald Kennedy"
      },
      "geometry": {
        "type": "LineString",
        "coordinates": [
          [
            5.3629673,
            43.2709109
          ],
          [
            5.3630209,
            43.2708556
          ],
          [
            5.3631764,
            43.2707139
          ],
          [
            5.3633602,
            43.2705623
          ],
          [
            5.3634895,
            43.2704789
          ],
          [
            5.3636177,
            43.2704144
          ],
          [
            5.3637629,
            43.2703614
          ],
          [
            5.3638918,
            43.2703279
          ],
          [
            5.3646093,
            43.2701948
          ]
        ]
      },
      "id": "way/1237227375"
    },
    {
      "type": "Feature",
      "properties": {
        "@id": "way/1237227382",
        "bicycle": "use_sidepath",
        "cycleway": "separate",
        "foot": "use_sidepath",
        "highway": "secondary",
        "lanes": "2",
        "loc_name": "La Corniche",
        "maxspeed": "50",
        "name": "Corniche du Président John Fitzgerald Kennedy",
        "name:etymology:wikidata": "Q9696",
        "name:oc": "Cornissa dau President John Fitzgerald Kennedy",
        "old_name": "Promenade de la Corniche;Chemin de la Corniche",
        "oneway": "yes",
        "sidewalk": "separate",
        "source:name:oc": "ieo-bdtopoc",
        "surface": "asphalt",
        "turn:lanes": "left|none",
        "wikidata": "Q2997551",
        "wikipedia": "fr:Corniche Président John Fitzgerald Kennedy"
      },
      "geometry": {
        "type": "LineString",
        "coordinates": [
          [
            5.3628346,
            43.2711205
          ],
          [
            5.3628603,
            43.2710683
          ],
          [
            5.3629059,
            43.2709922
          ],
          [
            5.3629673,
            43.2709109
          ]
        ]
      },
      "id": "way/1237227382"
    },
    {
      "type": "Feature",
      "properties": {
        "@id": "way/1237227383",
        "bicycle": "use_sidepath",
        "cycleway": "separate",
        "foot": "use_sidepath",
        "highway": "secondary",
        "lanes": "1",
        "loc_name": "La Corniche",
        "maxspeed": "50",
        "name": "Corniche du Président John Fitzgerald Kennedy",
        "name:etymology:wikidata": "Q9696",
        "name:oc": "Cornissa dau President John Fitzgerald Kennedy",
        "old_name": "Promenade de la Corniche;Chemin de la Corniche",
        "oneway": "yes",
        "sidewalk": "separate",
        "source:name:oc": "ieo-bdtopoc",
        "surface": "asphalt",
        "wikidata": "Q2997551",
        "wikipedia": "fr:Corniche Président John Fitzgerald Kennedy"
      },
      "geometry": {
        "type": "LineString",
        "coordinates": [
          [
            5.3660937,
            43.2698093
          ],
          [
            5.3661961,
            43.2697428
          ],
          [
            5.3662293,
            43.2697175
          ],
          [
            5.3662607,
            43.2696956
          ],
          [
            5.3663733,
            43.2696205
          ],
          [
            5.3665076,
            43.2695411
          ],
          [
            5.3666894,
            43.2694508
          ],
          [
            5.3668891,
            43.2693711
          ],
          [
            5.3671528,
            43.2692845
          ],
          [
            5.3672142,
            43.2692636
          ],
          [
            5.3681136,
            43.2689682
          ],
          [
            5.3683817,
            43.2688834
          ],
          [
            5.36849,
            43.2688627
          ],
          [
            5.3685704,
            43.2688525
          ],
          [
            5.3687434,
            43.2688487
          ],
          [
            5.3689452,
            43.2688669
          ],
          [
            5.369158,
            43.2688937
          ],
          [
            5.3693411,
            43.2689089
          ],
          [
            5.3694918,
            43.2689003
          ],
          [
            5.3696148,
            43.2688793
          ],
          [
            5.3697461,
            43.2688443
          ],
          [
            5.3702484,
            43.2686851
          ],
          [
            5.3703483,
            43.2686538
          ],
          [
            5.3703937,
            43.2686397
          ],
          [
            5.3704413,
            43.2686249
          ],
          [
            5.3705171,
            43.2686019
          ],
          [
            5.370642,
            43.2685526
          ],
          [
            5.3708587,
            43.2684526
          ],
          [
            5.3709916,
            43.2683792
          ],
          [
            5.3710947,
            43.2683087
          ],
          [
            5.3716022,
            43.2679155
          ],
          [
            5.3717021,
            43.2678319
          ],
          [
            5.3717882,
            43.2677402
          ],
          [
            5.3718001,
            43.2677274
          ],
          [
            5.3718875,
            43.2676396
          ]
        ]
      },
      "id": "way/1237227383"
    },
    {
      "type": "Feature",
      "properties": {
        "@id": "way/1237789945",
        "cycleway": "no",
        "highway": "living_street",
        "lane_markings": "no",
        "lit": "yes",
        "maxweight": "12",
        "name": "Rue Montgrand",
        "name:etymology:wikidata": "Q3164170",
        "name:oc": "Carriera Montgrand",
        "oneway": "yes",
        "oneway:bicycle": "no",
        "source:name:oc": "ieo-bdtopoc",
        "surface": "asphalt"
      },
      "geometry": {
        "type": "LineString",
        "coordinates": [
          [
            5.3770611,
            43.2913564
          ],
          [
            5.3755955,
            43.2910496
          ],
          [
            5.3755741,
            43.2910407
          ],
          [
            5.3755344,
            43.2910241
          ]
        ]
      },
      "id": "way/1237789945"
    },
    {
      "type": "Feature",
      "properties": {
        "@id": "way/1238377103",
        "cycleway": "lane",
        "highway": "secondary",
        "lanes": "4",
        "lanes:backward": "2",
        "lanes:forward": "2",
        "name": "Boulevard des Dames",
        "name:etymology:wikidata": "Q3485951",
        "name:oc": "Baloard dei Nòblei Dònas",
        "old_name": "Lices de la Joliette;Lices de la Concorde",
        "source:name:oc": "ieo-bdtopoc",
        "surface": "asphalt",
        "traffic_signals:direction": "forward",
        "wikidata": "Q2922043",
        "wikipedia": "fr:Boulevard des Dames"
      },
      "geometry": {
        "type": "LineString",
        "coordinates": [
          [
            5.3709613,
            43.3021541
          ],
          [
            5.3708674,
            43.3021744
          ],
          [
            5.3698472,
            43.3023934
          ],
          [
            5.3697655,
            43.3024109
          ],
          [
            5.3696458,
            43.3024339
          ]
        ]
      },
      "id": "way/1238377103"
    },
    {
      "type": "Feature",
      "properties": {
        "@id": "way/1250228211",
        "crossing": "uncontrolled",
        "crossing:island": "no",
        "crossing:markings": "pictograms",
        "cycleway": "crossing",
        "highway": "cycleway",
        "oneway": "no"
      },
      "geometry": {
        "type": "LineString",
        "coordinates": [
          [
            5.4033528,
            43.2505621
          ],
          [
            5.4034066,
            43.2505256
          ],
          [
            5.4034502,
            43.2505062
          ]
        ]
      },
      "id": "way/1250228211"
    },
    {
      "type": "Feature",
      "properties": {
        "@id": "way/1250228212",
        "crossing": "uncontrolled",
        "crossing:island": "no",
        "crossing:markings": "pictograms",
        "cycleway": "crossing",
        "highway": "cycleway",
        "oneway": "no"
      },
      "geometry": {
        "type": "LineString",
        "coordinates": [
          [
            5.4035755,
            43.2504788
          ],
          [
            5.4036462,
            43.2504181
          ]
        ]
      },
      "id": "way/1250228212"
    },
    {
      "type": "Feature",
      "properties": {
        "@id": "way/1252978414",
        "crossing": "uncontrolled",
        "crossing:island": "no",
        "crossing:markings": "pictograms",
        "cycleway": "crossing",
        "highway": "cycleway",
        "source": "survey 2018-09-13",
        "surface": "asphalt",
        "tactile_paving": "no"
      },
      "geometry": {
        "type": "LineString",
        "coordinates": [
          [
            5.4037016,
            43.2504241
          ],
          [
            5.4036462,
            43.2504181
          ]
        ]
      },
      "id": "way/1252978414"
    },
    {
      "type": "Feature",
      "properties": {
        "@id": "way/1278510680",
        "access": "yes",
        "bicycle": "yes",
        "cycleway": "no",
        "foot": "yes",
        "highway": "tertiary",
        "horse": "no",
        "lanes": "3",
        "lanes:backward": "2",
        "lanes:forward": "1",
        "lit": "yes",
        "name": "Boulevard de la Valbarelle",
        "name:oc": "Baloard de La Val Barèla",
        "old_ref": "N 8",
        "oneway": "no",
        "ref": "D 8n",
        "source": "Bing",
        "source:name:oc": "ieo-bdtopoc",
        "surface": "asphalt"
      },
      "geometry": {
        "type": "LineString",
        "coordinates": [
          [
            5.4426363,
            43.2858783
          ],
          [
            5.4427784,
            43.2859245
          ],
          [
            5.4428131,
            43.2859363
          ],
          [
            5.4431774,
            43.2860606
          ],
          [
            5.4434976,
            43.2861689
          ]
        ]
      },
      "id": "way/1278510680"
    },
    {
      "type": "Feature",
      "properties": {
        "@id": "way/1305280499",
        "cycleway": "shoulder",
        "highway": "secondary",
        "name": "Grand'Route",
        "ref": "D 7"
      },
      "geometry": {
        "type": "LineString",
        "coordinates": [
          [
            5.5425725,
            43.4008383
          ],
          [
            5.542802,
            43.400615
          ],
          [
            5.543,
            43.40037
          ],
          [
            5.543123,
            43.400104
          ],
          [
            5.543174,
            43.39971
          ],
          [
            5.5430107,
            43.3990337
          ]
        ]
      },
      "id": "way/1305280499"
    },
    {
      "type": "Feature",
      "properties": {
        "@id": "way/1305280500",
        "cycleway": "shoulder",
        "highway": "secondary",
        "lanes": "1",
        "name": "Grand'Route",
        "oneway": "yes",
        "ref": "D 7"
      },
      "geometry": {
        "type": "LineString",
        "coordinates": [
          [
            5.5425725,
            43.4008383
          ],
          [
            5.5424158,
            43.400942
          ],
          [
            5.5422482,
            43.4010261
          ],
          [
            5.5420625,
            43.4011117
          ],
          [
            5.5413378,
            43.4014278
          ],
          [
            5.5410176,
            43.4015675
          ],
          [
            5.5407896,
            43.4016625
          ],
          [
            5.5406049,
            43.401728
          ],
          [
            5.5403572,
            43.4017905
          ],
          [
            5.5401336,
            43.4018295
          ],
          [
            5.5399155,
            43.4018606
          ],
          [
            5.5397398,
            43.4018745
          ],
          [
            5.5395697,
            43.4018787
          ],
          [
            5.5391631,
            43.4018329
          ]
        ]
      },
      "id": "way/1305280500"
    },
    {
      "type": "Feature",
      "properties": {
        "@id": "way/1305280501",
        "cycleway": "shoulder",
        "highway": "secondary",
        "lanes": "1",
        "name": "Grand'Route",
        "oneway": "yes",
        "ref": "D 7"
      },
      "geometry": {
        "type": "LineString",
        "coordinates": [
          [
            5.5391631,
            43.4018329
          ],
          [
            5.5394894,
            43.401832
          ],
          [
            5.5397808,
            43.4018143
          ],
          [
            5.5400342,
            43.4017828
          ],
          [
            5.5402741,
            43.4017385
          ],
          [
            5.5404787,
            43.4016853
          ],
          [
            5.5406495,
            43.4016282
          ],
          [
            5.5409664,
            43.4015008
          ],
          [
            5.541642,
            43.4012293
          ],
          [
            5.5423177,
            43.4009577
          ],
          [
            5.5425725,
            43.4008383
          ]
        ]
      },
      "id": "way/1305280501"
    },
    {
      "type": "Feature",
      "properties": {
        "@id": "way/1314198997",
        "access": "no",
        "bicycle": "yes",
        "bus": "yes",
        "cycleway": "share_busway",
        "highway": "service",
        "level": "0",
        "name": "Quai des Belges",
        "name:oc": "Cai dei Bèlgas",
        "psv": "yes",
        "source:name:oc": "ieo-bdtopoc"
      },
      "geometry": {
        "type": "LineString",
        "coordinates": [
          [
            5.3742135,
            43.2958013
          ],
          [
            5.3742315,
            43.295716
          ]
        ]
      },
      "id": "way/1314198997"
    },
    {
      "type": "Feature",
      "properties": {
        "@id": "way/1329705003",
        "cycleway": "lane",
        "highway": "tertiary",
        "name": "Rue Urbain V",
        "name:etymology:wikidata": "Q133046",
        "name:oc": "Carriera Urban V",
        "oneway": "yes",
        "source:name:oc": "ieo-bdtopoc"
      },
      "geometry": {
        "type": "LineString",
        "coordinates": [
          [
            5.3681708,
            43.3153711
          ],
          [
            5.3682893,
            43.3154077
          ],
          [
            5.3688939,
            43.3155945
          ]
        ]
      },
      "id": "way/1329705003"
    },
    {
      "type": "Feature",
      "properties": {
        "@id": "way/1329848220",
        "crossing": "uncontrolled",
        "crossing:markings": "yes",
        "cycleway": "crossing",
        "highway": "cycleway",
        "oneway": "yes",
        "surface": "asphalt"
      },
      "geometry": {
        "type": "LineString",
        "coordinates": [
          [
            5.6104955,
            43.1750244
          ],
          [
            5.610398,
            43.1750284
          ]
        ]
      },
      "id": "way/1329848220"
    },
    {
      "type": "Feature",
      "properties": {
        "@id": "way/1330711115",
        "bicycle": "yes",
        "cycleway": "crossing",
        "footway": "sidewalk",
        "highway": "footway",
        "lit": "yes",
        "segregated": "yes"
      },
      "geometry": {
        "type": "LineString",
        "coordinates": [
          [
            5.400041,
            43.288891
          ],
          [
            5.4000698,
            43.2888736
          ],
          [
            5.4000906,
            43.2888747
          ]
        ]
      },
      "id": "way/1330711115"
    },
    {
      "type": "Feature",
      "properties": {
        "@id": "way/1335714615",
        "cycleway": "lane",
        "highway": "tertiary",
        "lane_markings": "yes",
        "lanes": "2",
        "lanes:backward": "1",
        "lanes:forward": "1",
        "maxspeed": "30",
        "name": "Rue Verdillon",
        "name:etymology:wikidata": "Q15695497",
        "name:oc": "Carriera Verdilhon",
        "source:name:oc": "ieo-bdtopoc",
        "surface": "asphalt"
      },
      "geometry": {
        "type": "LineString",
        "coordinates": [
          [
            5.425076,
            43.2752588
          ],
          [
            5.4251886,
            43.2752274
          ],
          [
            5.4252945,
            43.2751978
          ],
          [
            5.4253842,
            43.2751729
          ],
          [
            5.4254155,
            43.2751641
          ],
          [
            5.4254324,
            43.2751594
          ],
          [
            5.4255394,
            43.2751276
          ]
        ]
      },
      "id": "way/1335714615"
    },
    {
      "type": "Feature",
      "properties": {
        "@id": "way/1342403118",
        "bicycle": "use_sidepath",
        "cycleway": "separate",
        "foot": "use_sidepath",
        "highway": "secondary",
        "lanes": "1",
        "loc_name": "La Corniche",
        "maxspeed": "50",
        "name": "Corniche du Président John Fitzgerald Kennedy",
        "name:etymology:wikidata": "Q9696",
        "name:oc": "Cornissa dau President John Fitzgerald Kennedy",
        "old_name": "Promenade de la Corniche;Chemin de la Corniche",
        "oneway": "yes",
        "sidewalk": "separate",
        "source:name:oc": "ieo-bdtopoc",
        "surface": "asphalt",
        "wikidata": "Q2997551",
        "wikipedia": "fr:Corniche Président John Fitzgerald Kennedy"
      },
      "geometry": {
        "type": "LineString",
        "coordinates": [
          [
            5.3650909,
            43.2701054
          ],
          [
            5.365099,
            43.2701039
          ],
          [
            5.3651742,
            43.27009
          ],
          [
            5.3654083,
            43.2700452
          ],
          [
            5.3656164,
            43.2700071
          ]
        ]
      },
      "id": "way/1342403118"
    },
    {
      "type": "Feature",
      "properties": {
        "@id": "way/1342403119",
        "bicycle": "use_sidepath",
        "bridge": "yes",
        "cycleway": "separate",
        "foot": "use_sidepath",
        "highway": "secondary",
        "lanes": "1",
        "layer": "1",
        "loc_name": "La Corniche",
        "maxspeed": "50",
        "name": "Corniche du Président John Fitzgerald Kennedy",
        "name:etymology:wikidata": "Q9696",
        "name:oc": "Cornissa dau President John Fitzgerald Kennedy",
        "old_name": "Promenade de la Corniche;Chemin de la Corniche",
        "oneway": "yes",
        "sidewalk": "separate",
        "source:name:oc": "ieo-bdtopoc",
        "surface": "asphalt",
        "wikidata": "Q2997551",
        "wikipedia": "fr:Corniche Président John Fitzgerald Kennedy"
      },
      "geometry": {
        "type": "LineString",
        "coordinates": [
          [
            5.3646093,
            43.2701948
          ],
          [
            5.3649916,
            43.2701238
          ],
          [
            5.3650909,
            43.2701054
          ]
        ]
      },
      "id": "way/1342403119"
    },
    {
      "type": "Feature",
      "properties": {
        "@id": "way/1342403120",
        "bicycle": "use_sidepath",
        "cycleway": "separate",
        "foot": "use_sidepath",
        "highway": "secondary",
        "lanes": "2",
        "loc_name": "La Corniche",
        "maxspeed": "50",
        "name": "Corniche du Président John Fitzgerald Kennedy",
        "name:etymology:wikidata": "Q9696",
        "name:oc": "Cornissa dau President John Fitzgerald Kennedy",
        "old_name": "Promenade de la Corniche;Chemin de la Corniche",
        "oneway": "yes",
        "sidewalk": "separate",
        "source:name:oc": "ieo-bdtopoc",
        "surface": "asphalt",
        "turn:lanes": "left|none",
        "wikidata": "Q2997551",
        "wikipedia": "fr:Corniche Président John Fitzgerald Kennedy"
      },
      "geometry": {
        "type": "LineString",
        "coordinates": [
          [
            5.3656164,
            43.2700071
          ],
          [
            5.3657765,
            43.2699619
          ],
          [
            5.3658008,
            43.2699521
          ]
        ]
      },
      "id": "way/1342403120"
    },
    {
      "type": "Feature",
      "properties": {
        "@id": "way/1342403121",
        "bicycle": "use_sidepath",
        "bridge": "yes",
        "cycleway": "separate",
        "foot": "use_sidepath",
        "highway": "secondary",
        "lanes": "1",
        "layer": "1",
        "loc_name": "La Corniche",
        "maxspeed": "50",
        "name": "Corniche du Président John Fitzgerald Kennedy",
        "name:etymology:wikidata": "Q9696",
        "name:oc": "Cornissa dau President John Fitzgerald Kennedy",
        "old_name": "Promenade de la Corniche;Chemin de la Corniche",
        "oneway": "yes",
        "sidewalk": "separate",
        "source:name:oc": "ieo-bdtopoc",
        "surface": "asphalt",
        "wikidata": "Q2997551",
        "wikipedia": "fr:Corniche Président John Fitzgerald Kennedy"
      },
      "geometry": {
        "type": "LineString",
        "coordinates": [
          [
            5.3660624,
            43.2698297
          ],
          [
            5.3660937,
            43.2698093
          ]
        ]
      },
      "id": "way/1342403121"
    },
    {
      "type": "Feature",
      "properties": {
        "@id": "way/1365034503",
        "bicycle": "yes",
        "cycleway": "lane",
        "highway": "tertiary",
        "maxspeed": "30",
        "name": "Place Caire",
        "name:oc": "Plaça Caire",
        "oneway": "yes"
      },
      "geometry": {
        "type": "LineString",
        "coordinates": [
          [
            5.4187321,
            43.3038771
          ],
          [
            5.4186926,
            43.3039268
          ]
        ]
      },
      "id": "way/1365034503"
    },
    {
      "type": "Feature",
      "properties": {
        "@id": "way/1365034504",
        "access": "yes",
        "bicycle": "yes",
        "cycleway": "no",
        "foot": "yes",
        "highway": "residential",
        "lanes": "2",
        "maxspeed": "50",
        "name": "Avenue de Garlaban",
        "name:oc": "Avenguda de Garlaban",
        "oneway": "no",
        "sidewalk": "both",
        "source:name:oc": "ieo-bdtopoc"
      },
      "geometry": {
        "type": "LineString",
        "coordinates": [
          [
            5.4228786,
            43.2995002
          ],
          [
            5.4228784,
            43.2993783
          ],
          [
            5.422854,
            43.2992635
          ],
          [
            5.4227861,
            43.2991599
          ],
          [
            5.4227273,
            43.2990938
          ],
          [
            5.4226198,
            43.299015
          ],
          [
            5.4224863,
            43.298957
          ],
          [
            5.4223875,
            43.2989329
          ],
          [
            5.4221626,
            43.2989107
          ],
          [
            5.4218555,
            43.2989016
          ],
          [
            5.4217764,
            43.2988993
          ],
          [
            5.4217248,
            43.2988967
          ]
        ]
      },
      "id": "way/1365034504"
    },
    {
      "type": "Feature",
      "properties": {
        "@id": "way/1412529376",
        "access": "yes",
        "bicycle": "yes",
        "cycleway": "no",
        "foot": "yes",
        "highway": "residential",
        "maxspeed": "30",
        "name": "Traverse Saint-Pons",
        "name:oc": "Travèrsa de Sant Pons",
        "oneway": "yes",
        "ref:FR:FANTOIR": "132128444S",
        "source:name:oc": "ieo-bdtopoc",
        "surface": "asphalt"
      },
      "geometry": {
        "type": "LineString",
        "coordinates": [
          [
            5.4455192,
            43.3177627
          ],
          [
            5.445503,
            43.3178891
          ]
        ]
      },
      "id": "way/1412529376"
    },
    {
      "type": "Feature",
      "properties": {
        "@id": "way/1412529377",
        "access": "yes",
        "bicycle": "yes",
        "cycleway": "no",
        "foot": "yes",
        "highway": "residential",
        "maxspeed": "30",
        "name": "Traverse Saint-Pons",
        "name:oc": "Travèrsa de Sant Pons",
        "oneway": "yes",
        "ref:FR:FANTOIR": "132128444S",
        "source:name:oc": "ieo-bdtopoc",
        "surface": "asphalt"
      },
      "geometry": {
        "type": "LineString",
        "coordinates": [
          [
            5.445503,
            43.3178891
          ],
          [
            5.4454905,
            43.3179992
          ],
          [
            5.4454644,
            43.3181033
          ]
        ]
      },
      "id": "way/1412529377"
    },
    {
      "type": "Feature",
      "properties": {
        "@id": "way/1425230430",
        "cycleway": "shoulder",
        "highway": "primary",
        "lanes": "2",
        "lit": "yes",
        "maxspeed": "30",
        "name": "Allée de l'Huveaune",
        "ref": "D 96",
        "sidewalk": "no",
        "source:bicycle": "Collectiv Vélos en Ville",
        "source:maxspeed": "sign",
        "surface": "asphalt"
      },
      "geometry": {
        "type": "LineString",
        "coordinates": [
          [
            5.599317,
            43.3313971
          ],
          [
            5.5990673,
            43.3311053
          ],
          [
            5.5988356,
            43.3308313
          ]
        ]
      },
      "id": "way/1425230430"
    },
    {
      "type": "Feature",
      "properties": {
        "@id": "way/1426682397",
        "cycleway": "lane",
        "highway": "tertiary",
        "lane_markings": "yes",
        "lanes": "2",
        "lanes:backward": "1",
        "lanes:forward": "1",
        "maxspeed": "30",
        "name": "Rue Verdillon",
        "name:etymology:wikidata": "Q15695497",
        "name:oc": "Carriera Verdilhon",
        "source:name:oc": "ieo-bdtopoc",
        "surface": "asphalt"
      },
      "geometry": {
        "type": "LineString",
        "coordinates": [
          [
            5.4255394,
            43.2751276
          ],
          [
            5.4257185,
            43.2750775
          ]
        ]
      },
      "id": "way/1426682397"
    },
    {
      "type": "Feature",
      "properties": {
        "@id": "way/1426887261",
        "access": "yes",
        "bicycle": "yes",
        "cycleway": "no",
        "foot": "yes",
        "highway": "tertiary",
        "horse": "no",
        "lanes": "3",
        "lanes:backward": "2",
        "lanes:forward": "1",
        "name": "Boulevard de la Valbarelle",
        "name:oc": "Baloard de Lla Val Barèla",
        "old_ref": "N 8",
        "oneway": "no",
        "ref": "D 8n",
        "source": "Bing",
        "source:name:oc": "ieo-bdtopoc",
        "surface": "asphalt"
      },
      "geometry": {
        "type": "LineString",
        "coordinates": [
          [
            5.4425508,
            43.2858451
          ],
          [
            5.4426363,
            43.2858783
          ]
        ]
      },
      "id": "way/1426887261"
    }
  ]
}